fold,arm,call,equity,gross_exposure,gross_fraction,term_a_per_position,term_b_gross_headroom,term_c_cash,notional,case
2,dlinear,0,100000.0,0.0,0.0,10000.0,50000.0,100000.0,10000.0,UNCONSTRAINED
2,dlinear,1,99997.00039992003,9998.000399864,0.09998300308888061,9999.700039992003,40000.49980009601,89999.00000005602,9999.700039992003,UNCONSTRAINED
2,dlinear,2,99994.00088981606,19995.70089971574,0.19996900535812256,9999.400088981607,30001.29954519229,79998.29999010032,9999.400088981607,UNCONSTRAINED
2,dlinear,3,99991.0014696854,29993.10150853257,0.29995800689750746,9999.100146968542,20002.39922631013,69997.89996115284,9999.100146968542,UNCONSTRAINED
2,dlinear,4,99988.00213952537,39990.20223522665,0.3999500077961701,9998.800213952538,10003.798834536035,59997.79990429872,9998.800213952538,UNCONSTRAINED
2,dlinear,5,99005.51364227396,29618.083925642924,0.29915590390913765,9900.551364227396,19884.672895494055,69387.42971663104,9900.551364227396,UNCONSTRAINED
2,dlinear,6,99002.54387280766,39516.65557519409,0.3991478807449902,9900.254387280766,9984.616361209737,59485.888297613565,9900.254387280766,UNCONSTRAINED
2,dlinear,7,98403.45346633327,39124.821628306025,0.39759602178689574,9840.345346633329,10076.905104860612,59278.63183802725,9840.345346633329,UNCONSTRAINED
2,dlinear,8,98290.16513032172,19864.98650022807,0.20210553592914743,9829.016513032173,29280.09606493279,78425.17863009365,9829.016513032173,UNCONSTRAINED
2,dlinear,9,98287.21681844986,29692.037603022993,0.30209460155808776,9828.721681844987,19451.570806201937,68595.17921542686,9828.721681844987,UNCONSTRAINED
2,dlinear,10,98284.26859501557,39518.79393353889,0.4020866665486185,9828.426859501558,9623.340363968899,58765.474661476685,9623.340363968899,REDUCED_BY_GROSS
2,dlinear,11,98281.38197776303,49140.21001428021,0.4999951061473534,9828.138197776303,0.4809746013052063,49141.17196348282,0.4809746013052063,REDUCED_BY_GROSS
2,dlinear,12,98281.38197776303,49140.21001428021,0.4999951061473534,9828.138197776303,0.4809746013052063,49141.17196348282,0.4809746013052063,REDUCED_BY_GROSS
2,dlinear,13,97795.97283551708,20521.09910287799,0.2098358297165508,9779.597283551708,28376.88731488055,77274.8737326391,9779.597283551708,UNCONSTRAINED
2,dlinear,14,97793.03934743773,30298.74085794789,0.3098251272291778,9779.303934743773,18597.778815770977,67494.29848948984,9779.303934743773,UNCONSTRAINED
2,dlinear,15,97790.10594735126,40076.08932293433,0.4098174241115016,9779.010594735126,8818.963650741302,57714.01662441693,8818.963650741302,REDUCED_BY_GROSS
2,dlinear,16,97787.46061094417,48893.28953325146,0.4999954925486574,9778.746061094416,0.4407722206233302,48894.17107769271,0.4407722206233302,REDUCED_BY_GROSS
2,dlinear,17,97787.46061094417,48893.28953325146,0.4999954925486574,9778.746061094416,0.4407722206233302,48894.17107769271,0.4407722206233302,REDUCED_BY_GROSS
2,dlinear,18,97787.46061094417,48893.28953325146,0.4999954925486574,9778.746061094416,0.4407722206233302,48894.17107769271,0.4407722206233302,REDUCED_BY_GROSS
2,dlinear,19,96409.19998158525,20002.259943425026,0.20747252282194625,9640.919998158524,28202.340047367597,76406.94003816022,9640.919998158524,UNCONSTRAINED
2,dlinear,20,96406.30809114549,29641.252143127687,0.3074617494438635,9640.63080911455,18561.901902445057,66765.0559480178,9640.63080911455,UNCONSTRAINED
2,dlinear,21,96403.41628745088,39279.955211613815,0.40745397543268397,9640.341628745087,8921.752932111624,57123.46107583706,8921.752932111624,REDUCED_BY_GROSS
2,dlinear,22,97054.18351148511,48853.36754301384,0.5033617900379603,9705.418351148512,-326.27578727128275,48200.815968471274,0.0,BLOCKED_BY_GROSS
2,dlinear,23,97054.18351148511,48853.36754301384,0.5033617900379603,9705.418351148512,-326.27578727128275,48200.815968471274,0.0,BLOCKED_BY_GROSS
2,dlinear,24,97819.83444695186,39017.67239970538,0.39887281163683463,9781.983444695186,9892.244823770554,58802.162047246486,9781.983444695186,UNCONSTRAINED
2,dlinear,25,97279.85535204702,28442.281114687947,0.2923758573834007,9727.985535204702,20197.64656133556,68837.57423735908,9727.985535204702,UNCONSTRAINED
2,dlinear,26,98531.2349144064,39422.61901079745,0.4001027597496741,9853.123491440641,9842.998446405756,59108.61590360896,9842.998446405756,REDUCED_BY_GROSS
2,dlinear,27,99020.95374046417,0.0,0.0,9902.095374046417,49510.47687023209,99020.95374046417,9902.095374046417,UNCONSTRAINED
2,dlinear,28,98718.09930582311,0.0,0.0,9871.809930582313,49359.049652911555,98718.09930582311,9871.809930582313,UNCONSTRAINED
2,dlinear,29,98715.13815763738,9869.835963329391,0.09998300308883053,9871.51381576374,39487.7331154893,88845.302194308,9871.51381576374,UNCONSTRAINED
2,dlinear,30,98712.17709827435,19739.37587082694,0.19996900535559173,9871.217709827435,29616.712678310232,78972.8012274474,9871.217709827435,UNCONSTRAINED
2,dlinear,31,98709.21612773117,29608.619731807208,0.29995800689464724,9870.921612773118,19745.988332058376,69100.59639592396,9870.921612773118,UNCONSTRAINED
2,dlinear,32,98525.57804895645,29726.02140428165,0.3017086729449186,9852.557804895645,19536.767620196573,68799.5566446748,9852.557804895645,UNCONSTRAINED
2,dlinear,33,98522.6226756385,39576.60909156354,0.4017007263586536,9852.26226756385,9684.702246255707,58946.01358407496,9684.702246255707,REDUCED_BY_GROSS
2,dlinear,34,99443.55506451448,30125.082069465716,0.3029364954815013,9944.35550645145,19596.695462791526,69318.47299504877,9944.35550645145,UNCONSTRAINED
2,dlinear,35,99306.49902752393,30292.172988347927,0.30503716559328214,9930.649902752393,19361.076525414035,69014.326039176,9930.649902752393,UNCONSTRAINED
2,dlinear,36,98512.78697705589,29860.096189498563,0.30310883597733485,9851.27869770559,19396.297299029382,68652.69078755732,9851.27869770559,UNCONSTRAINED
2,dlinear,37,98509.83198741895,39709.40502536704,0.4031009313916856,9850.983198741895,9545.51096834243,58800.426962051904,9545.51096834243,REDUCED_BY_GROSS
2,dlinear,38,97856.1937425948,20149.218060853942,0.20590641522247763,9785.61937425948,28778.878810443457,77706.97568174085,9785.61937425948,UNCONSTRAINED
2,dlinear,39,97853.25844812904,29932.88070256742,0.3058955948660056,9785.325844812904,18993.7485214971,67920.37774556162,9785.325844812904,UNCONSTRAINED
2,dlinear,40,97850.32324171037,39716.24987353675,0.40588777387509967,9785.032324171038,9208.911747318438,58134.073368173624,9208.911747318438,REDUCED_BY_GROSS
2,dlinear,41,97661.21698431563,39249.67034816754,0.4018961831539641,9766.121698431563,9580.938143990272,58411.54663614809,9580.938143990272,REDUCED_BY_GROSS
2,dlinear,42,97658.34308603348,48828.69268721054,0.4999950966216396,9765.834308603347,0.47885580619913526,48829.65039882294,0.47885580619913526,REDUCED_BY_GROSS
2,dlinear,43,97658.34308603348,48828.69268721054,0.4999950966216396,9765.834308603347,0.47885580619913526,48829.65039882294,0.47885580619913526,REDUCED_BY_GROSS
2,dlinear,44,97658.34308603348,48828.69268721054,0.4999950966216396,9765.834308603347,0.47885580619913526,48829.65039882294,0.47885580619913526,REDUCED_BY_GROSS
2,dlinear,45,97658.34308603348,48828.69268721054,0.4999950966216396,9765.834308603347,0.47885580619913526,48829.65039882294,0.47885580619913526,REDUCED_BY_GROSS
2,dlinear,46,97658.34308603348,48828.69268721054,0.4999950966216396,9765.834308603347,0.47885580619913526,48829.65039882294,0.47885580619913526,REDUCED_BY_GROSS
2,dlinear,47,97720.63647940334,38733.2449346243,0.3963670963480486,9772.063647940335,10127.07330507737,58987.39154477904,9772.063647940335,UNCONSTRAINED
2,dlinear,48,97717.70525111337,48503.35456058092,0.4963619892212756,9771.770525111337,355.49806497576355,49214.35069053245,355.49806497576355,REDUCED_BY_GROSS
2,dlinear,49,97717.59861591103,48858.781539898846,0.49999981816932754,9771.759861591103,0.01776805667032022,48858.81707601219,0.01776805667032022,REDUCED_BY_GROSS
2,dlinear,50,97717.59861591103,48858.781539898846,0.49999981816932754,9771.759861591103,0.01776805667032022,48858.81707601219,0.01776805667032022,REDUCED_BY_GROSS
2,dlinear,51,97654.03125072183,48795.214174709654,0.49967434574646885,9765.403125072184,31.801450651262712,48858.81707601218,31.801450651262712,REDUCED_BY_GROSS
2,dlinear,52,97654.02171155848,48827.00926625259,0.49999998372287574,9765.402171155849,0.0015895266478764825,48827.01244530589,0.0015895266478764825,REDUCED_BY_GROSS
2,dlinear,53,97654.02171155848,48827.00926625259,0.49999998372287574,9765.402171155849,0.0015895266478764825,48827.01244530589,0.0015895266478764825,REDUCED_BY_GROSS
2,dlinear,54,98270.8605276689,49443.84808236303,0.5031384462990608,9827.08605276689,-308.4178185285782,48827.012445305874,0.0,BLOCKED_BY_GROSS
2,dlinear,55,98270.8605276689,49443.84808236303,0.5031384462990608,9827.08605276689,-308.4178185285782,48827.012445305874,0.0,BLOCKED_BY_GROSS
2,dlinear,56,98270.8605276689,49443.84808236303,0.5031384462990608,9827.08605276689,-308.4178185285782,48827.012445305874,0.0,BLOCKED_BY_GROSS
2,dlinear,57,98838.05333229699,49980.20889994927,0.5056777952911928,9883.805333229699,-561.1822338007769,48857.844432347716,0.0,BLOCKED_BY_GROSS
2,dlinear,58,99097.29316593488,29928.96752435447,0.3020159942637331,9909.72931659349,19619.679058612972,69168.32564158042,9909.72931659349,UNCONSTRAINED
2,dlinear,59,99094.32064344983,39836.715291327746,0.4020080568962553,9909.432064344983,9710.445030397168,59257.60535212208,9710.445030397168,REDUCED_BY_GROSS
2,dlinear,60,98436.1822828831,10439.711287538434,0.10605562960108599,9843.618228288311,38778.37985390312,87996.47099534467,9843.618228288311,UNCONSTRAINED
2,dlinear,61,99688.37460702939,372.97122391469037,0.00374137130216978,9968.83746070294,49471.2160796,99315.4033831147,9968.83746070294,UNCONSTRAINED
2,dlinear,62,99685.38435446503,10339.815315539752,0.10372448661855031,9968.538435446504,39502.87686169276,89345.56903892528,9968.538435446504,UNCONSTRAINED
2,dlinear,63,99682.39419159624,20306.360441805115,0.20371060111954103,9968.239419159625,29534.836653993003,79376.03374979112,9968.239419159625,UNCONSTRAINED
2,dlinear,64,99678.7625362067,29903.384722866595,0.29999755175536685,9967.87625362067,19935.996545236758,69775.3778133401,9967.87625362067,UNCONSTRAINED
2,dlinear,65,100030.93647058876,40224.4316984405,0.4021199152750844,10003.093647058877,9791.036536853877,59806.504772148255,9791.036536853877,REDUCED_BY_GROSS
2,dlinear,66,100027.99955119085,50013.51041953878,0.49999510780922507,10002.799955119086,0.48935605664155446,50014.489131652066,0.48935605664155446,REDUCED_BY_GROSS
2,dlinear,67,99360.27225758348,39681.42432543686,0.39936911829877014,9936.02722575835,9998.711803354876,59678.847932146615,9936.02722575835,UNCONSTRAINED
2,dlinear,68,100310.44797585621,10062.245606901812,0.10031104246811559,10031.044797585622,40092.97838102629,90248.2023689544,10031.044797585622,UNCONSTRAINED
2,dlinear,69,100307.43906357852,20091.284596594778,0.20029705457698094,10030.743906357853,30062.434935194484,80216.15446698375,10030.743906357853,UNCONSTRAINED
3,dlinear,0,100000.0,0.0,0.0,10000.0,50000.0,100000.0,10000.0,UNCONSTRAINED
3,dlinear,1,99694.15116377072,0.0,0.0,9969.415116377073,49847.07558188536,99694.15116377072,9969.415116377073,UNCONSTRAINED
3,dlinear,2,99389.23776264681,0.0,0.0,9938.92377626468,49694.618881323404,99389.23776264681,9938.92377626468,UNCONSTRAINED
3,dlinear,3,99670.19013152947,10220.870037516586,0.10254691020483302,9967.019013152947,39614.22502824815,89449.32009401289,9967.019013152947,UNCONSTRAINED
3,dlinear,4,99800.17870982982,0.0,0.0,9980.017870982983,49900.08935491491,99800.17870982982,9980.017870982983,UNCONSTRAINED
3,dlinear,5,101173.73614202565,0.0,0.0,10117.373614202566,50586.868071012825,101173.73614202565,10117.373614202566,UNCONSTRAINED
3,dlinear,6,101170.70133455542,10115.350544089437,0.0999830030893982,10117.070133455542,40470.00012318827,91055.35079046598,10117.070133455542,UNCONSTRAINED
3,dlinear,7,100978.68475614344,10232.763378311802,0.10133587502177534,10097.868475614345,40256.57899975992,90745.92137783163,10097.868475614345,UNCONSTRAINED
3,dlinear,8,102369.05134219982,0.0,0.0,10236.905134219982,51184.52567109991,102369.05134219982,10236.905134219982,UNCONSTRAINED
3,dlinear,9,102246.08841888473,10114.965901406424,0.09892765638101615,10224.608841888474,41008.07830803594,92131.1225174783,10224.608841888474,UNCONSTRAINED
3,dlinear,10,103134.27464137855,0.0,0.0,10313.427464137856,51567.137320689275,103134.27464137855,10313.427464137856,UNCONSTRAINED
3,dlinear,11,103435.86404636306,10616.048211850579,0.10263411351300887,10343.586404636306,41101.88381133095,92819.81583451248,10343.586404636306,UNCONSTRAINED
3,dlinear,12,102792.43337139107,10288.97492330661,0.10009467220347185,10279.243337139109,41107.24176238893,92503.45844808446,10279.243337139109,UNCONSTRAINED
3,dlinear,13,102414.23355150814,10192.022536731618,0.09951763718082848,10241.423355150815,41015.09423902245,92222.21101477652,10241.423355150815,UNCONSTRAINED
3,dlinear,14,102743.82142336036,10798.176105804148,0.10509805802637802,10274.382142336037,40573.73460587603,91945.64531755622,10274.382142336037,UNCONSTRAINED
3,dlinear,15,102936.68695905682,10372.530109852965,0.10076611571905991,10293.668695905682,41095.813369675445,92564.15684920386,10293.668695905682,UNCONSTRAINED
3,dlinear,16,104212.8959776839,10428.934364124832,0.10007335720099439,10421.289597768391,41677.51362471712,93783.96161355908,10421.289597768391,UNCONSTRAINED
4,dlinear,0,100000.0,0.0,0.0,10000.0,50000.0,100000.0,10000.0,UNCONSTRAINED
4,dlinear,1,99662.58088072027,0.0,0.0,9966.258088072027,49831.290440360135,99662.58088072027,9966.258088072027,UNCONSTRAINED
4,dlinear,2,99906.2936005471,10210.967433518566,0.10220544737997016,9990.62936005471,39742.17936675498,89695.32616702853,9990.62936005471,UNCONSTRAINED
4,dlinear,3,100560.76087239287,10279.432146399335,0.10222110550101621,10056.076087239288,40000.9482897971,90281.32872599353,10056.076087239288,UNCONSTRAINED
4,dlinear,4,100609.8392647815,20385.59223360051,0.20262026440525774,10060.983926478151,29919.327398790243,80224.247031181,10060.983926478151,UNCONSTRAINED
4,dlinear,5,101690.73768997475,20491.795919557284,0.2015109378204214,10169.073768997476,30353.57292543009,81198.94177041747,10169.073768997476,UNCONSTRAINED
4,dlinear,6,101687.68737452565,30658.836280466705,0.3014999856132752,10168.768737452565,20185.007406796118,71028.85109405895,10168.768737452565,UNCONSTRAINED
4,dlinear,7,101304.83940342879,20249.659635099128,0.19988837408308208,10130.48394034288,30402.76006661527,81055.17976832966,10130.48394034288,UNCONSTRAINED
4,dlinear,8,101301.80066338509,30378.117883575567,0.29987737320206936,10130.18006633851,20272.782448116977,70923.68277980952,10130.18006633851,UNCONSTRAINED
4,dlinear,9,102565.63077487823,20347.557725977997,0.19838573186995695,10256.563077487823,30935.257661461117,82218.07304890023,10256.563077487823,UNCONSTRAINED
4,dlinear,10,103968.30385727942,20671.894737988456,0.19882881581260978,10396.830385727942,31312.257190651253,83296.40911929097,10396.830385727942,UNCONSTRAINED
4,dlinear,11,104816.28822992276,21177.263596611934,0.2020417241846796,10481.628822992277,31230.880518349448,83639.02463331082,10481.628822992277,UNCONSTRAINED
4,dlinear,12,104878.89102869079,20444.683888813383,0.19493611810998757,10487.88910286908,31994.761625532014,84434.20713987741,10487.88910286908,UNCONSTRAINED
4,dlinear,13,104875.74508139162,30930.475833276032,0.2949249686786169,10487.574508139163,21507.39670741978,73945.2692481156,10487.574508139163,UNCONSTRAINED
4,dlinear,14,104160.76806868569,20368.09304229048,0.195544766229636,10416.07680686857,31712.290992052367,83792.67502639521,10416.07680686857,UNCONSTRAINED
5,dlinear,0,100000.0,0.0,0.0,10000.0,50000.0,100000.0,10000.0,UNCONSTRAINED
5,dlinear,1,99997.0003999201,9998.000399667357,0.09998300308691405,9999.70003999201,40000.499800292695,89999.00000025274,9999.70003999201,UNCONSTRAINED
5,dlinear,2,100097.42114475349,20099.121154464345,0.2007955941781805,10009.74211447535,29949.5894179124,79998.29999028915,10009.74211447535,UNCONSTRAINED
5,dlinear,3,100094.41862242877,30106.8617207965,0.3007846205127992,10009.441862242878,19940.347590417885,69987.55690163227,10009.441862242878,UNCONSTRAINED
5,dlinear,4,100091.41619016771,40114.30209495195,0.40077664620847375,10009.141619016773,9931.406000131909,59977.114095215766,9931.406000131909,REDUCED_BY_GROSS
5,dlinear,5,100248.31496128533,50203.60000672154,0.5007924574703281,10024.831496128534,-79.44252607887756,50044.71495456379,0.0,BLOCKED_BY_GROSS
5,dlinear,6,100248.31496128533,50203.60000672154,0.5007924574703281,10024.831496128534,-79.44252607887756,50044.71495456379,0.0,BLOCKED_BY_GROSS
5,dlinear,7,101438.97091000927,41765.6077115206,0.41173138229657913,10143.897091000928,8953.877743484038,59673.363198488674,8953.877743484038,REDUCED_BY_GROSS
5,dlinear,8,102444.35014171962,40698.12856463657,0.397270601144285,10244.435014171962,10524.04650622324,61746.22157708305,10244.435014171962,UNCONSTRAINED
5,dlinear,9,102837.06601119039,29957.317425536712,0.2913085581640073,10283.70660111904,21461.21558005848,72879.74858565367,10283.70660111904,UNCONSTRAINED
5,dlinear,10,102833.98131047608,40238.96769648384,0.39130029960616286,10283.398131047608,11178.022958754198,62595.01361399224,10283.398131047608,UNCONSTRAINED
5,dlinear,11,102830.89670229048,50520.3095590653,0.49129504049088,10283.089670229048,895.1387920799389,52310.58714322518,895.1387920799389,REDUCED_BY_GROSS
5,dlinear,12,102752.96792153962,40537.62388914674,0.3945153576498205,10275.296792153962,10838.860071623072,62215.34403239288,10275.296792153962,UNCONSTRAINED
5,dlinear,13,102749.88574343166,50810.86603284291,0.4945101949769421,10274.988574343166,564.0768388729193,51939.01971058875,564.0768388729193,REDUCED_BY_GROSS
5,dlinear,14,103292.06882298646,10866.049187168306,0.10519732357950597,10329.206882298648,40779.985224324926,92426.01963581816,10329.206882298648,UNCONSTRAINED
5,dlinear,15,103143.46554377921,10469.099997368892,0.1015003707910637,10314.346554377922,41102.63277452071,92674.36554641032,10314.346554377922,UNCONSTRAINED
5,dlinear,16,103223.35355782877,20864.366000395796,0.202128348685232,10322.335355782878,30747.31077851859,82358.98755743298,10322.335355782878,UNCONSTRAINED
5,dlinear,17,102900.50338339548,30864.883415205626,0.29994880880423497,10290.050338339548,20585.368276492114,72035.61996818986,10290.050338339548,UNCONSTRAINED
5,dlinear,18,102733.65006953578,30981.449281022476,0.301570607683583,10273.36500695358,20385.375753745415,71752.2007885133,10273.36500695358,UNCONSTRAINED
5,dlinear,19,102532.21127756365,21078.12858121861,0.20557567537637783,10253.221127756366,30187.977057563214,81454.08269634504,10253.221127756366,UNCONSTRAINED
5,dlinear,20,102529.13572127227,31329.299474494466,0.30556484509597215,10252.913572127227,19935.268386141666,71199.83624677779,10252.913572127227,UNCONSTRAINED
5,dlinear,21,102136.49661266376,41190.59922930809,0.4032897210633415,10213.649661266376,9877.649077023787,60945.89738335567,9877.649077023787,REDUCED_BY_GROSS
5,dlinear,22,102091.91273247903,40216.77720697955,0.39392715966017133,10209.191273247903,10829.17915925997,61875.135525499485,10209.191273247903,UNCONSTRAINED
5,dlinear,23,102088.85038338306,50423.92705022317,0.4939219793431099,10208.885038338307,620.4981414683643,51664.923333159895,620.4981414683643,REDUCED_BY_GROSS
5,dlinear,24,102088.6642587556,51044.3011168471,0.4999996962196447,10208.86642587556,0.031012530700536445,51044.3631419085,0.031012530700536445,REDUCED_BY_GROSS
5,dlinear,25,102088.6642587556,51044.3011168471,0.4999996962196447,10208.86642587556,0.031012530700536445,51044.3631419085,0.031012530700536445,REDUCED_BY_GROSS
5,dlinear,26,102088.6642587556,51044.3011168471,0.4999996962196447,10208.86642587556,0.031012530700536445,51044.3631419085,0.031012530700536445,REDUCED_BY_GROSS
5,dlinear,27,102367.03358509293,41382.315748163404,0.4042543219127691,10236.703358509294,9801.201044383059,60984.71783692952,9801.201044383059,REDUCED_BY_GROSS
5,dlinear,28,102364.09361674933,51181.55694409234,0.49999521449108747,10236.409361674934,0.4898642823245609,51182.53667265699,0.4898642823245609,REDUCED_BY_GROSS
5,dlinear,29,102364.09361674933,51181.55694409234,0.49999521449108747,10236.409361674934,0.4898642823245609,51182.53667265699,0.4898642823245609,REDUCED_BY_GROSS
5,dlinear,30,102659.82808869032,51477.29141603333,0.5014355895040156,10265.982808869034,-147.37737168816966,51182.53667265699,0.0,BLOCKED_BY_GROSS
5,dlinear,31,102659.82808869032,51477.29141603333,0.5014355895040156,10265.982808869034,-147.37737168816966,51182.53667265699,0.0,BLOCKED_BY_GROSS
5,dlinear,32,102659.82808869032,51477.29141603333,0.5014355895040156,10265.982808869034,-147.37737168816966,51182.53667265699,0.0,BLOCKED_BY_GROSS
5,dlinear,33,103241.89124262112,52059.35456996414,0.5042464250061374,10324.189124262113,-438.4089486535813,51182.53667265698,0.0,BLOCKED_BY_GROSS
5,dlinear,34,103758.79799174708,0.0,0.0,10375.879799174709,51879.39899587354,103758.79799174708,10375.879799174709,UNCONSTRAINED
5,dlinear,35,104012.65623779966,10630.775633175812,0.10220655848718185,10401.265623779967,41375.552485724016,93381.88060462385,10401.265623779967,UNCONSTRAINED
5,dlinear,36,104039.23716338279,21059.662309036634,0.20242038372469637,10403.923716338279,30959.95627265476,82979.57485434615,10403.923716338279,UNCONSTRAINED
5,dlinear,37,103924.19042905902,10644.34828001038,0.10242416357601025,10392.419042905902,41317.74693451913,93279.84214904864,10392.419042905902,UNCONSTRAINED
5,dlinear,38,103636.85364484406,20750.469780452437,0.20022288453065917,10363.685364484407,31067.957041969592,82886.38386439162,10363.685364484407,UNCONSTRAINED
5,dlinear,39,103477.36626166543,20880.09677249387,0.2017841923005068,10347.736626166545,30858.586358338845,82597.26948917157,10347.736626166545,UNCONSTRAINED
5,dlinear,40,103474.26235450443,31225.764264700956,0.3017732482858491,10347.426235450444,20511.36691255126,72248.49808980347,10347.426235450444,UNCONSTRAINED
5,dlinear,41,103498.42265189138,31171.218841595186,0.30117578647973287,10349.842265189138,20577.992484350503,72327.2038102962,10349.842265189138,UNCONSTRAINED
5,dlinear,42,103495.31811312275,41518.99155221699,0.4011678239090563,10349.531811312276,10228.667504344383,61976.326560905756,10228.667504344383,REDUCED_BY_GROSS
5,dlinear,43,103225.22653136338,30780.49354746758,0.2981877064528931,10322.522653136339,20832.11971821411,72444.73298389581,10322.522653136339,UNCONSTRAINED
5,dlinear,44,103222.13018738579,41100.95210888552,0.3981796542492614,10322.21301873858,10510.112984807376,62121.17807850027,10322.21301873858,UNCONSTRAINED
5,dlinear,45,103320.67892898204,31088.35828626151,0.30089192801017345,10332.067892898205,20571.98117822951,72232.32064272053,10332.067892898205,UNCONSTRAINED
6,dlinear,0,100000.0,0.0,0.0,10000.0,50000.0,100000.0,10000.0,UNCONSTRAINED
6,dlinear,1,100322.42188638193,10323.421886375818,0.10290243887919089,10032.242188638193,39837.78905681515,89999.00000000611,10032.242188638193,UNCONSTRAINED
6,dlinear,2,99651.86771829266,0.0,0.0,9965.186771829267,49825.93385914633,99651.86771829266,9965.186771829267,UNCONSTRAINED
6,dlinear,3,99668.0485722819,9982.364144277044,0.10015611108345891,9966.804857228191,39851.660141863904,89685.68442800485,9966.804857228191,UNCONSTRAINED
6,dlinear,4,99665.05892941722,19947.176039064034,0.20014211854518263,9966.505892941723,29885.35342564458,79717.88289035318,9966.505892941723,UNCONSTRAINED
6,dlinear,5,99662.06937622993,29911.68902915415,0.3001311252753125,9966.206937622994,19919.345658960818,69750.38034707578,9966.206937622994,UNCONSTRAINED
6,dlinear,6,99305.37181739035,39522.19502853513,0.397986476514194,9930.537181739035,10130.490880160047,59783.17678885522,9930.537181739035,UNCONSTRAINED
6,dlinear,7,99302.3930533779,49450.74649992194,0.4979814179638222,9930.239305337791,200.45002676701552,49851.64655345597,200.45002676701552,REDUCED_BY_GROSS
6,dlinear,8,99302.3329263863,49651.156444626344,0.49999989911045883,9930.23329263863,0.010018566805229057,49651.176481759954,0.010018566805229057,REDUCED_BY_GROSS
6,dlinear,9,99349.66977804565,49698.493296285684,0.500238132721686,9934.966977804565,-23.658407262861147,49651.17648175996,0.0,BLOCKED_BY_GROSS
6,dlinear,10,99332.95333420267,49681.77685244272,0.5001540293007287,9933.295333420268,-15.300185341387987,49651.17648175995,0.0,BLOCKED_BY_GROSS
6,dlinear,11,98197.11661832033,0.0,0.0,9819.711661832034,49098.558309160166,98197.11661832033,9819.711661832034,UNCONSTRAINED
6,dlinear,12,98131.29413950509,9754.871154142093,0.09940632333121384,9813.12941395051,39310.77591561045,88376.422985363,9813.12941395051,UNCONSTRAINED
6,dlinear,13,98894.3262726514,9771.453238165266,0.09880701559385112,9889.43262726514,39675.70989816043,89122.87303448613,9889.43262726514,UNCONSTRAINED
6,dlinear,14,98855.4951518481,19623.043687861624,0.19850230538746913,9885.54951518481,29804.703888062424,79232.45146398648,9885.54951518481,UNCONSTRAINED
6,dlinear,15,98852.52988233647,29506.616488356587,0.29849126292951855,9885.252988233648,19919.64845281165,69345.91339397989,9885.252988233648,UNCONSTRAINED
6,dlinear,16,98849.56470177107,39389.892821308415,0.39848321983154544,9884.956470177109,10034.889529577122,59459.67188046266,9884.956470177109,UNCONSTRAINED
6,dlinear,17,98846.59961014925,49272.87269539072,0.49847817618130325,9884.659961014926,150.42710968390747,49573.72691475853,150.42710968390747,REDUCED_BY_GROSS
6,dlinear,18,98914.98802207629,49491.703259647154,0.5003458449451702,9891.498802207629,-34.20924860901141,49423.28476242913,0.0,BLOCKED_BY_GROSS
6,dlinear,19,98104.34270300987,39160.69904601341,0.39917396077525474,9810.434270300988,9891.472305491523,58943.64365699646,9810.434270300988,UNCONSTRAINED
6,dlinear,20,98101.39996506769,48969.17162177891,0.4991689378461065,9810.139996506769,81.52836075493542,49132.22834328878,81.52836075493542,REDUCED_BY_GROSS
6,dlinear,21,98101.37550981998,49050.68367999139,0.4999999584621665,9810.137550981997,0.004074918600963429,49050.69182982859,0.004074918600963429,REDUCED_BY_GROSS
6,dlinear,22,98325.73638605291,39691.14235493838,0.40366992217683917,9832.573638605292,9471.725838088074,58634.59403111453,9471.725838088074,REDUCED_BY_GROSS
6,dlinear,23,98322.89524709483,49160.97422644432,0.4999951852810894,9832.289524709484,0.47339710309461225,49161.92102065051,0.47339710309461225,REDUCED_BY_GROSS
6,dlinear,24,98547.86515645616,49385.94413580566,0.5011366208430771,9854.786515645617,-112.01155757757806,49161.9210206505,0.0,BLOCKED_BY_GROSS
6,dlinear,25,99392.58760838013,40729.42629463891,0.40978333771848474,9939.258760838013,8966.86750955115,58663.16131374121,8966.86750955115,REDUCED_BY_GROSS
6,dlinear,26,99615.12034936264,39499.155352619186,0.3965176693466888,9961.512034936264,10308.404822062133,60115.96499674345,9961.512034936264,UNCONSTRAINED
6,dlinear,27,100311.69688454691,31058.50059823411,0.3096199303056421,10031.169688454691,19097.347844039345,69253.1962863128,10031.169688454691,UNCONSTRAINED
6,dlinear,28,100278.55120209421,30616.20956725593,0.30531164641134684,10027.855120209422,19523.066033791176,69662.34163483829,10027.855120209422,UNCONSTRAINED
6,dlinear,29,100673.25067094732,10187.624281267295,0.10119494715200728,10067.325067094733,40149.00105420637,90485.62638968002,10067.325067094733,UNCONSTRAINED
6,dlinear,30,100670.23087603968,20252.936285920463,0.20118098577581411,10067.02308760397,30082.17915209938,80417.29459011921,10067.02308760397,UNCONSTRAINED
6,dlinear,31,100667.21117171383,30317.946371411566,0.301170023670334,10066.721117171384,20015.65921444535,70349.26480030226,10066.721117171384,UNCONSTRAINED
6,dlinear,32,101408.63081722424,41127.09380599353,0.4055581213804151,10140.863081722426,9577.221602618592,60281.537011230714,9577.221602618592,REDUCED_BY_GROSS
6,dlinear,33,101364.51869673797,40094.237676206765,0.39554509005424837,10136.451869673798,10588.02167216222,61270.281020531205,10136.451869673798,UNCONSTRAINED
6,dlinear,34,102082.42998297438,40285.66355594628,0.3946385637828689,10208.242998297439,10755.55143554091,61796.7664270281,10208.242998297439,UNCONSTRAINED
7,dlinear,0,100000.0,0.0,0.0,10000.0,50000.0,100000.0,10000.0,UNCONSTRAINED
7,dlinear,1,100003.87625740985,10004.87625700833,0.10004488457283188,10000.387625740987,39997.0618716966,89999.00000040152,10000.387625740987,UNCONSTRAINED
7,dlinear,2,100000.87654105769,20003.264205031322,0.20003088869744573,10000.08765410577,29997.174065497522,79997.61233602636,10000.08765410577,UNCONSTRAINED
7,dlinear,3,99863.0402712286,10118.006485908789,0.10131883085502127,9986.30402712286,39813.513649705514,89745.03378531981,9986.30402712286,UNCONSTRAINED
7,dlinear,4,99860.0447793929,20102.313651093962,0.20130487319030593,9986.004477939292,29827.70873860249,79757.73112829894,9986.004477939292,UNCONSTRAINED
7,dlinear,5,100395.37708983611,30624.649039903976,0.3050404304224121,10039.537708983611,19573.03950501408,69770.72804993214,10039.537708983611,UNCONSTRAINED
7,dlinear,6,100428.2203683373,40698.03398078405,0.4052449981839487,10042.82203683373,9516.076203384597,59730.18638755324,9516.076203384597,REDUCED_BY_GROSS
7,dlinear,7,100425.36592604322,50212.20734944988,0.4999952640095723,10042.536592604323,0.47561357172526186,50213.158576593334,0.47561357172526186,REDUCED_BY_GROSS
7,dlinear,8,100848.39500273741,50635.23642614407,0.502092635433312,10084.839500273742,-211.03892477536283,50213.15857659334,0.0,BLOCKED_BY_GROSS
7,dlinear,9,100848.39500273741,50635.23642614407,0.502092635433312,10084.839500273742,-211.03892477536283,50213.15857659334,0.0,BLOCKED_BY_GROSS
7,dlinear,10,100848.39500273741,50635.23642614407,0.502092635433312,10084.839500273742,-211.03892477536283,50213.15857659334,0.0,BLOCKED_BY_GROSS
7,dlinear,11,100848.39500273741,50635.23642614407,0.502092635433312,10084.839500273742,-211.03892477536283,50213.15857659334,0.0,BLOCKED_BY_GROSS
7,dlinear,12,101071.75162443193,40126.96781985697,0.39701466705517285,10107.175162443193,10408.907992358996,60944.78380457496,10107.175162443193,UNCONSTRAINED
7,dlinear,13,101068.71987608942,50232.12195131161,0.4970095793525074,10106.871987608944,302.23798673310375,50836.597924777816,302.23798673310375,REDUCED_BY_GROSS
7,dlinear,14,101068.62921678058,50534.29950228198,0.4999998505361315,10106.86292167806,0.01510610830882797,50534.3297144986,0.01510610830882797,REDUCED_BY_GROSS
7,dlinear,15,101068.62921678058,50534.29950228198,0.4999998505361315,10106.86292167806,0.01510610830882797,50534.3297144986,0.01510610830882797,REDUCED_BY_GROSS
7,dlinear,16,101326.00390743828,50791.674192939674,0.5012698836849233,10132.600390743828,-128.6722392205338,50534.329714498606,0.0,BLOCKED_BY_GROSS
7,dlinear,17,101994.87840860711,51460.54869410851,0.5045405171027281,10199.487840860711,-463.10948980495596,50534.3297144986,0.0,BLOCKED_BY_GROSS
7,dlinear,18,102071.78992395113,51537.46020945253,0.5049138478697264,10207.178992395115,-501.56524747696676,50534.3297144986,0.0,BLOCKED_BY_GROSS
7,dlinear,19,101533.27014320032,50998.94042870172,0.5022879727676841,10153.327014320033,-232.30535710155527,50534.329714498606,0.0,BLOCKED_BY_GROSS
7,dlinear,20,101533.27014320032,50998.94042870172,0.5022879727676841,10153.327014320033,-232.30535710155527,50534.329714498606,0.0,BLOCKED_BY_GROSS
7,dlinear,21,102204.0848254843,30662.03947163878,0.30000796469138075,10220.408482548431,20440.002941103372,71542.04535384552,10220.408482548431,UNCONSTRAINED
7,dlinear,22,105202.76686821991,21364.522178848238,0.20307947038702953,10520.276686821991,31236.86125526172,83838.24468937167,10520.276686821991,UNCONSTRAINED
7,dlinear,23,105199.61120594083,31882.695230939356,0.30306856523000986,10519.961120594084,20717.11037203106,73316.91597500148,10519.961120594084,UNCONSTRAINED
7,dlinear,24,105196.45563831899,42400.55277992365,0.4030606594361224,10519.6455638319,10197.675039235844,62795.90285839534,10197.675039235844,REDUCED_BY_GROSS
7,dlinear,25,105193.39674363271,52596.188691792966,0.4999951548287329,10519.339674363271,0.509680023387773,52597.20805183974,0.509680023387773,REDUCED_BY_GROSS
7,dlinear,26,105390.03204182876,52792.823989989,0.5009280571148873,10539.003204182876,-97.80796907462354,52597.208051839756,0.0,BLOCKED_BY_GROSS
7,dlinear,27,105723.88625711232,53126.67820527256,0.5025040233204499,10572.388625711232,-264.73507671640255,52597.208051839756,0.0,BLOCKED_BY_GROSS
7,dlinear,28,105723.88625711232,53126.67820527256,0.5025040233204499,10572.388625711232,-264.73507671640255,52597.208051839756,0.0,BLOCKED_BY_GROSS
7,dlinear,29,105723.88625711232,53126.67820527256,0.5025040233204499,10572.388625711232,-264.73507671640255,52597.208051839756,0.0,BLOCKED_BY_GROSS
7,dlinear,30,105505.08571706011,42151.31323921647,0.39951925495095475,10550.508571706012,10601.229619313584,63353.77247784364,10550.508571706012,UNCONSTRAINED
7,dlinear,31,105501.92098642458,52699.71213102546,0.4995142423786442,10550.19209864246,51.24836218683049,52802.20885539912,51.24836218683049,REDUCED_BY_GROSS
7,dlinear,32,106005.33307325162,53254.37770483438,0.5023745141957587,10600.533307325162,-251.71116820857424,52750.955368417235,0.0,BLOCKED_BY_GROSS
7,dlinear,33,106005.33307325162,53254.37770483438,0.5023745141957587,10600.533307325162,-251.71116820857424,52750.955368417235,0.0,BLOCKED_BY_GROSS
7,dlinear,34,105797.49982158522,53046.544453167975,0.5013969568527101,10579.749982158522,-147.79454237536265,52750.95536841725,0.0,BLOCKED_BY_GROSS
7,dlinear,35,105211.82058411199,10822.55969546471,0.10286448457388467,10521.1820584112,41783.350596591285,94389.26088864729,10521.1820584112,UNCONSTRAINED
7,dlinear,36,105717.34941622074,21850.32270396099,0.20668625182735034,10571.734941622075,31008.35200414938,83867.02671225974,10571.734941622075,UNCONSTRAINED
7,dlinear,37,105714.17831852313,32419.943721197094,0.3066754548620136,10571.417831852314,20437.14543806447,73294.23459732604,10571.417831852314,UNCONSTRAINED
7,dlinear,38,105544.09459137196,42822.33496753112,0.4057293317387723,10554.409459137198,9949.712328154863,62721.759623840844,9949.712328154863,REDUCED_BY_GROSS
7,dlinear,39,105541.11007558246,52770.05775098804,0.499995288217048,10554.111007558247,0.49728680319094565,52771.05232459442,0.49728680319094565,REDUCED_BY_GROSS
7,dlinear,40,105541.11007558246,52770.05775098804,0.499995288217048,10554.111007558247,0.49728680319094565,52771.05232459442,0.49728680319094565,REDUCED_BY_GROSS
7,dlinear,41,105382.9320581306,52611.87973353616,0.49924478951216467,10538.293205813061,79.58629552913771,52771.052324594435,79.58629552913771,REDUCED_BY_GROSS
7,dlinear,42,105475.52955703686,52784.07148645144,0.5004390279729097,10547.552955703686,-46.30670793300669,52691.458070585424,0.0,BLOCKED_BY_GROSS
7,dlinear,43,106326.406606211,43331.13705570702,0.40752940345466215,10632.640660621102,9832.066247398485,62995.26955050399,9832.066247398485,REDUCED_BY_GROSS
7,dlinear,44,106323.4573795408,53161.23728297932,0.4999953781902583,10632.345737954081,0.4914067910867743,53162.22009656149,0.4914067910867743,REDUCED_BY_GROSS
7,dlinear,45,106323.4573795408,53161.23728297932,0.4999953781902583,10632.345737954081,0.4914067910867743,53162.22009656149,0.4914067910867743,REDUCED_BY_GROSS
7,dlinear,46,106323.4573795408,53161.23728297932,0.4999953781902583,10632.345737954081,0.4914067910867743,53162.22009656149,0.4914067910867743,REDUCED_BY_GROSS
7,dlinear,47,106025.41552925782,52786.03531626951,0.4978620932799188,10602.541552925783,226.67244835940073,53239.38021298831,226.67244835940073,REDUCED_BY_GROSS
7,dlinear,48,106316.92756107778,42321.173623046365,0.3980661837573642,10631.69275610778,10837.290157492527,63995.75393803142,10631.69275610778,UNCONSTRAINED
7,dlinear,49,106313.73847843366,52950.740465693125,0.4980611275976762,10631.373847843366,206.1287735237056,53362.998012740536,206.1287735237056,REDUCED_BY_GROSS
7,dlinear,50,105837.46427384524,31888.946053780444,0.30130111556027617,10583.746427384525,21029.786083142175,73948.5182200648,10583.746427384525,UNCONSTRAINED
7,dlinear,51,106552.65736502226,42984.4543993442,0.4034104400802545,10655.265736502226,10291.87428316693,63568.20296567806,10291.87428316693,REDUCED_BY_GROSS
7,dlinear,52,106549.57021433002,53274.27071911021,0.4999951723122509,10654.957021433002,0.5143880547984736,53275.299495219806,0.5143880547984736,REDUCED_BY_GROSS
7,dlinear,53,106549.57021433002,53274.27071911021,0.4999951723122509,10654.957021433002,0.5143880547984736,53275.299495219806,0.5143880547984736,REDUCED_BY_GROSS
7,dlinear,54,106549.57021433002,53274.27071911021,0.4999951723122509,10654.957021433002,0.5143880547984736,53275.299495219806,0.5143880547984736,REDUCED_BY_GROSS
7,dlinear,55,106165.44543727723,52890.14594205744,0.498186069150956,10616.544543727723,192.5767765811761,53275.29949521979,192.5767765811761,REDUCED_BY_GROSS
7,dlinear,56,106165.38767194582,53082.68421091872,0.4999999093390567,10616.538767194583,0.00962505419010995,53082.7034610271,0.00962505419010995,REDUCED_BY_GROSS
7,dlinear,57,106165.38767194582,53082.68421091872,0.4999999093390567,10616.538767194583,0.00962505419010995,53082.7034610271,0.00962505419010995,REDUCED_BY_GROSS
7,dlinear,58,106165.38767194582,53082.68421091872,0.4999999093390567,10616.538767194583,0.00962505419010995,53082.7034610271,0.00962505419010995,REDUCED_BY_GROSS
7,dlinear,59,106041.75549549932,42099.58252259007,0.3970094829708556,10604.175549549933,10921.295225159593,63942.172972909255,10604.175549549933,UNCONSTRAINED
7,dlinear,60,106233.37036280583,52896.43335681602,0.49792671715267345,10623.337036280584,220.25182458689233,53336.93700598981,220.25182458689233,REDUCED_BY_GROSS
7,dlinear,61,106977.82089593919,53635.86881758975,0.5013737274548068,10697.78208959392,-146.95836962015164,53341.952078349444,0.0,BLOCKED_BY_GROSS
7,dlinear,62,106977.82089593919,53635.86881758975,0.5013737274548068,10697.78208959392,-146.95836962015164,53341.952078349444,0.0,BLOCKED_BY_GROSS
7,dlinear,63,107440.45057995204,54098.498501602604,0.5035207708975968,10744.045057995205,-378.27321162658336,53341.95207834944,0.0,BLOCKED_BY_GROSS
7,dlinear,64,107440.45057995204,54098.498501602604,0.5035207708975968,10744.045057995205,-378.27321162658336,53341.95207834944,0.0,BLOCKED_BY_GROSS
7,dlinear,65,106945.46265673355,41764.734756589256,0.39052367177692177,10694.546265673356,11707.99657177752,65180.727900144295,10694.546265673356,UNCONSTRAINED
7,dlinear,66,106942.2547205502,52457.14254055095,0.4905183893646736,10694.22547205502,1013.9848197241517,54485.112179999254,1013.9848197241517,REDUCED_BY_GROSS
7,dlinear,67,106941.95056565572,53470.92460336233,0.49999952610303755,10694.195056565572,0.05067946553026559,53471.02596229339,0.05067946553026559,REDUCED_BY_GROSS
7,dlinear,68,106788.75821036374,53317.73224807035,0.4992822572488339,10678.875821036374,76.64685711151833,53471.02596229339,76.64685711151833,REDUCED_BY_GROSS
7,dlinear,69,106720.87054238157,53326.49910181009,0.4996820100022777,10672.087054238158,33.93616938069317,53394.37144057148,33.93616938069317,REDUCED_BY_GROSS
7,dlinear,70,106720.86036288798,53360.42848515128,0.49999998410533136,10672.086036288798,0.001696292711130809,53360.4318777367,0.001696292711130809,REDUCED_BY_GROSS
7,dlinear,71,107081.91211907314,52526.395390177095,0.490525377729235,10708.191211907315,1014.5606693594746,54555.516728896044,1014.5606693594746,REDUCED_BY_GROSS
7,dlinear,72,107081.60779144667,53540.753187878334,0.49999952645607354,10708.160779144668,0.05070784500276204,53540.85460356834,0.05070784500276204,REDUCED_BY_GROSS
8,dlinear,0,100000.0,0.0,0.0,10000.0,50000.0,100000.0,10000.0,UNCONSTRAINED
8,dlinear,1,99997.00039992001,9998.000399916651,0.09998300308940715,9999.700039992002,40000.499800043355,89999.00000000336,9999.700039992002,UNCONSTRAINED
8,dlinear,2,99942.83423359039,19944.534243533748,0.19955942210842836,9994.28342335904,30026.882873261446,79998.29999005664,9994.28342335904,UNCONSTRAINED
8,dlinear,3,99921.23363044334,29918.21649193442,0.29941800561216386,9992.123363044335,20042.40032328725,70003.01713850892,9992.123363044335,UNCONSTRAINED
8,dlinear,4,99918.23639303948,39908.34182977332,0.3994099903123733,9991.823639303948,10050.776366746417,60009.894563266156,9991.823639303948,UNCONSTRAINED
8,dlinear,5,99915.23924554078,49898.16750374841,0.49940497446164467,9991.52392455408,59.45211902198207,50017.07174179237,59.45211902198207,REDUCED_BY_GROSS
8,dlinear,6,99915.22141228279,49957.60773435535,0.4999999702569238,9991.522141228279,0.002971786045236513,49957.61367792744,0.002971786045236513,REDUCED_BY_GROSS
8,dlinear,7,100581.3278281456,50623.714150218155,0.5033112531255742,10058.13278281456,-333.0502361453546,49957.613677927446,0.0,BLOCKED_BY_GROSS
8,dlinear,8,100581.3278281456,50623.714150218155,0.5033112531255742,10058.13278281456,-333.0502361453546,49957.613677927446,0.0,BLOCKED_BY_GROSS
8,dlinear,9,100581.3278281456,50623.714150218155,0.5033112531255742,10058.13278281456,-333.0502361453546,49957.613677927446,0.0,BLOCKED_BY_GROSS
8,dlinear,10,99912.7901581203,40335.21915728297,0.40370426142087645,9991.279015812032,9621.175921777183,59577.571000837335,9621.175921777183,REDUCED_BY_GROSS
8,dlinear,11,99909.90419011388,49954.47122852136,0.49999518699833134,9990.990419011388,0.4808665355812991,49955.43296159252,0.4808665355812991,REDUCED_BY_GROSS
8,dlinear,12,99909.90419011388,49954.47122852136,0.49999518699833134,9990.990419011388,0.4808665355812991,49955.43296159252,0.4808665355812991,REDUCED_BY_GROSS
8,dlinear,13,99208.22925998803,39565.57224010817,0.3988134102910098,9920.822925998804,10038.542389885843,59642.65701987986,9920.822925998804,UNCONSTRAINED
8,dlinear,14,99205.2534098639,49484.411397933116,0.49880837654322163,9920.52534098639,118.21530699883442,49720.842011930785,118.21530699883442,REDUCED_BY_GROSS
8,dlinear,15,99205.21794999954,49602.60306633148,0.4999999404399445,9920.521794999955,0.005908668288611807,49602.61488366806,0.005908668288611807,REDUCED_BY_GROSS
8,dlinear,16,98824.58635136152,20041.357525930554,0.20279728219327317,9882.458635136152,29370.935649750205,78783.22882543097,9882.458635136152,UNCONSTRAINED
8,dlinear,17,98703.8687210274,20222.893742859844,0.20488450964386218,9870.38687210274,29129.040617653853,78480.97497816755,9870.38687210274,UNCONSTRAINED
8,dlinear,18,98946.58331288729,20647.07273468712,0.2086688801511951,9894.65833128873,28826.218921756525,78299.51057820016,9894.65833128873,UNCONSTRAINED
8,dlinear,19,98943.61531109511,30539.752529906596,0.3086581426591757,9894.361531109513,18932.05512564096,68403.86278118851,9894.361531109513,UNCONSTRAINED
8,dlinear,20,98940.64739833114,40432.13558431819,0.4086504045353575,9894.064739833115,9038.188114847384,58508.511814012956,9038.188114847384,REDUCED_BY_GROSS
8,dlinear,21,98937.93630335203,49468.516422583074,0.4999954342175527,9893.793630335203,0.4517290929434239,49469.41988076896,0.4517290929434239,REDUCED_BY_GROSS
8,dlinear,22,98937.93630335203,49468.516422583074,0.4999954342175527,9893.793630335203,0.4517290929434239,49469.41988076896,0.4517290929434239,REDUCED_BY_GROSS
8,dlinear,23,98757.20996837557,29220.280826219074,0.29587997509828506,9875.720996837557,20158.32415796871,69536.9291421565,9875.720996837557,UNCONSTRAINED
8,dlinear,24,98148.83896421122,38488.61839095187,0.392145427262632,9814.883896421123,10585.801091153735,59660.22057325934,9814.883896421123,UNCONSTRAINED
8,dlinear,25,99382.1549218867,31367.30583095747,0.3156231202232617,9938.21549218867,18323.77162998588,68014.84909092923,9938.21549218867,UNCONSTRAINED
8,dlinear,26,99743.01668400996,9864.755009741653,0.09890171099389955,9974.301668400996,40006.753332263324,89878.2616742683,9974.301668400996,UNCONSTRAINED
8,dlinear,27,99740.02479240179,19837.06221652375,0.19888768082635308,9974.00247924018,30032.950179677144,79902.96257587805,9974.00247924018,UNCONSTRAINED
8,dlinear,28,99755.57967203905,29827.616975506076,0.2990070036540181,9975.557967203906,20050.17286051345,69927.96269653298,9975.557967203906,UNCONSTRAINED
8,dlinear,29,99752.58740359143,39801.180229993646,0.3989989760261664,9975.258740359144,10075.11347180207,59951.407173597785,9975.258740359144,UNCONSTRAINED
8,dlinear,30,99929.82234040061,49954.67143295703,0.49989753071702264,9992.982234040062,10.239737243275158,49975.15090744358,10.239737243275158,REDUCED_BY_GROSS
8,dlinear,31,99929.81926888894,49964.90912266224,0.4999999948785835,9992.981926888895,0.0005117822292959318,49964.9101462267,0.0005117822292959318,REDUCED_BY_GROSS
8,dlinear,32,99893.06997134484,30587.97740821029,0.30620720153044356,9989.306997134485,19358.557577462132,69305.09256313456,9989.306997134485,UNCONSTRAINED
8,dlinear,33,99890.0735787381,40575.28694336782,0.40619938988616777,9989.00735787381,9369.749846001228,59314.78663537028,9369.749846001228,REDUCED_BY_GROSS
8,dlinear,34,100713.74404911333,40222.99915008319,0.3993794444824565,10071.374404911334,10133.872874473476,60490.74489903014,10071.374404911334,UNCONSTRAINED
8,dlinear,35,100687.79209943279,29877.940501649846,0.29673846132353676,10068.779209943279,20465.955548066548,70809.85159778294,10068.779209943279,UNCONSTRAINED
8,dlinear,36,101149.00528835497,29525.614573407158,0.29190217431437626,10114.900528835497,21048.888070770325,71623.3907149478,10114.900528835497,UNCONSTRAINED
8,dlinear,37,101145.97122271145,39638.4925265783,0.3918939335635923,10114.597122271145,10934.493084777423,61507.47869613315,10114.597122271145,UNCONSTRAINED
8,dlinear,38,101142.93724807781,49751.06713373962,0.49188869225453624,10114.293724807781,820.4014902992858,51391.87011433819,820.4014902992858,REDUCED_BY_GROSS
8,dlinear,39,100550.142433698,40216.92220234314,0.3999688238021331,10055.0142433698,10058.149014505856,60333.220231354855,10055.0142433698,UNCONSTRAINED
8,dlinear,40,100547.12633154518,50269.92584482925,0.49996382471507594,10054.712633154519,3.6373209433368174,50277.20048671593,3.6373209433368174,REDUCED_BY_GROSS
8,dlinear,41,100547.12524049447,50273.5624381183,0.4999999981886212,10054.712524049448,0.00018212893337476999,50273.56280237617,0.00018212893337476999,REDUCED_BY_GROSS
8,dlinear,42,100692.02785835296,50418.46505597679,0.5007195319067587,10069.202785835296,-72.45112680031161,50273.56280237617,0.0,BLOCKED_BY_GROSS
8,dlinear,43,100692.02785835296,50418.46505597679,0.5007195319067587,10069.202785835296,-72.45112680031161,50273.56280237617,0.0,BLOCKED_BY_GROSS
8,dlinear,44,100692.02785835296,50418.46505597679,0.5007195319067587,10069.202785835296,-72.45112680031161,50273.56280237617,0.0,BLOCKED_BY_GROSS
8,dlinear,45,100692.02785835296,50418.46505597679,0.5007195319067587,10069.202785835296,-72.45112680031161,50273.56280237617,0.0,BLOCKED_BY_GROSS
8,dlinear,46,100536.99394842828,39651.56295646916,0.3943977375811428,10053.699394842828,10616.934017744978,60885.43099195912,10053.699394842828,UNCONSTRAINED
8,dlinear,47,100533.97824067743,49703.252013379504,0.494392571379105,10053.397824067744,563.7371069592118,50830.72622729793,563.7371069592118,REDUCED_BY_GROSS
8,dlinear,48,100533.80914209034,50266.876395408806,0.49999971973969154,10053.380914209034,0.028175636361993384,50266.93274668153,0.028175636361993384,REDUCED_BY_GROSS
8,dlinear,49,100533.80914209034,50266.876395408806,0.49999971973969154,10053.380914209034,0.028175636361993384,50266.93274668153,0.028175636361993384,REDUCED_BY_GROSS
8,dlinear,50,100533.80914209034,50266.876395408806,0.49999971973969154,10053.380914209034,0.028175636361993384,50266.93274668153,0.028175636361993384,REDUCED_BY_GROSS
8,dlinear,51,100533.80914209034,50266.876395408806,0.49999971973969154,10053.380914209034,0.028175636361993384,50266.93274668153,0.028175636361993384,REDUCED_BY_GROSS
8,dlinear,52,100533.80914209034,50266.876395408806,0.49999971973969154,10053.380914209034,0.028175636361993384,50266.93274668153,0.028175636361993384,REDUCED_BY_GROSS
8,dlinear,53,100533.80914209034,50266.876395408806,0.49999971973969154,10053.380914209034,0.028175636361993384,50266.93274668153,0.028175636361993384,REDUCED_BY_GROSS
8,dlinear,54,100533.80914209034,50266.876395408806,0.49999971973969154,10053.380914209034,0.028175636361993384,50266.93274668153,0.028175636361993384,REDUCED_BY_GROSS
8,dlinear,55,100533.80914209034,50266.876395408806,0.49999971973969154,10053.380914209034,0.028175636361993384,50266.93274668153,0.028175636361993384,REDUCED_BY_GROSS
8,dlinear,56,100283.55526882905,40932.50840997042,0.4081677030719851,10028.355526882906,9209.269224444106,59351.04685885863,9209.269224444106,REDUCED_BY_GROSS
8,dlinear,57,100280.79285635891,50139.93614854499,0.4999954100917897,10028.079285635891,0.46027963446249487,50140.85670781392,0.46027963446249487,REDUCED_BY_GROSS
8,dlinear,58,100280.79285635891,50139.93614854499,0.4999954100917897,10028.079285635891,0.46027963446249487,50140.85670781392,0.46027963446249487,REDUCED_BY_GROSS
8,dlinear,59,100280.79285635891,50139.93614854499,0.4999954100917897,10028.079285635891,0.46027963446249487,50140.85670781392,0.46027963446249487,REDUCED_BY_GROSS
8,dlinear,60,100280.79285635891,50139.93614854499,0.4999954100917897,10028.079285635891,0.46027963446249487,50140.85670781392,0.46027963446249487,REDUCED_BY_GROSS
8,dlinear,61,100280.79285635891,50139.93614854499,0.4999954100917897,10028.079285635891,0.46027963446249487,50140.85670781392,0.46027963446249487,REDUCED_BY_GROSS
8,dlinear,62,100703.14073317227,50562.28402535835,0.5020924239029498,10070.314073317228,-210.7136587722125,50140.856707813924,0.0,BLOCKED_BY_GROSS
8,dlinear,63,100703.14073317227,50562.28402535835,0.5020924239029498,10070.314073317228,-210.7136587722125,50140.856707813924,0.0,BLOCKED_BY_GROSS
8,dlinear,64,100703.14073317227,50562.28402535835,0.5020924239029498,10070.314073317228,-210.7136587722125,50140.856707813924,0.0,BLOCKED_BY_GROSS
8,dlinear,65,101275.15251957526,50587.74416495379,0.4995079533963258,10127.515251957528,49.83209483384417,50687.408354621475,49.83209483384417,REDUCED_BY_GROSS
8,dlinear,66,101275.13757193972,50637.56629532758,0.4999999754071697,10127.513757193972,0.0024906422768253833,50637.571276612136,0.0024906422768253833,REDUCED_BY_GROSS
8,dlinear,67,101275.13757193972,50637.56629532758,0.4999999754071697,10127.513757193972,0.0024906422768253833,50637.571276612136,0.0024906422768253833,REDUCED_BY_GROSS
8,dlinear,68,101080.60304981656,50443.031773204435,0.49903770111407125,10108.060304981656,97.26975170384685,50637.57127661213,97.26975170384685,REDUCED_BY_GROSS
8,dlinear,69,101080.5738727811,50540.28207473271,0.4999999519031437,10108.05738727811,0.004861657835135702,50540.29179804838,0.004861657835135702,REDUCED_BY_GROSS
8,dlinear,70,101417.23881559608,50876.94701754769,0.5016597534276763,10141.723881559608,-168.32760974964913,50540.29179804839,0.0,BLOCKED_BY_GROSS
8,dlinear,71,102065.6122334079,30212.898087804442,0.29601446977765955,10206.56122334079,20819.908028899506,71852.71414560346,10206.56122334079,UNCONSTRAINED
8,dlinear,72,102103.88267727502,29830.715758288283,0.29216044459911245,10210.388267727503,21221.225580349226,72273.16691898674,10210.388267727503,UNCONSTRAINED
8,dlinear,73,102100.81996912858,40039.0623566249,0.3921522115956678,10210.081996912859,11011.347627939394,62061.75761250369,10210.081996912859,UNCONSTRAINED
8,dlinear,74,102373.4577961032,50518.960805453215,0.493477136486604,10237.345779610321,667.7680925983877,51854.49699064999,667.7680925983877,REDUCED_BY_GROSS
8,dlinear,75,102373.25749238081,51186.59537110106,0.4999996739862522,10237.325749238082,0.03337508934782818,51186.662121279755,0.03337508934782818,REDUCED_BY_GROSS
8,dlinear,76,102373.25749238081,51186.59537110106,0.4999996739862522,10237.325749238082,0.03337508934782818,51186.662121279755,0.03337508934782818,REDUCED_BY_GROSS
8,dlinear,77,102373.25749238081,51186.59537110106,0.4999996739862522,10237.325749238082,0.03337508934782818,51186.662121279755,0.03337508934782818,REDUCED_BY_GROSS
8,dlinear,78,102519.05787101915,51332.395749739386,0.500710763595989,10251.905787101916,-72.86681422981201,51186.66212127976,0.0,BLOCKED_BY_GROSS
8,dlinear,79,102519.05787101915,51332.395749739386,0.500710763595989,10251.905787101916,-72.86681422981201,51186.66212127976,0.0,BLOCKED_BY_GROSS
8,dlinear,80,102519.05787101915,51332.395749739386,0.500710763595989,10251.905787101916,-72.86681422981201,51186.66212127976,0.0,BLOCKED_BY_GROSS
8,dlinear,81,103154.47963062141,51253.09582792381,0.4968576838490427,10315.447963062143,324.1439873868949,51901.3838026976,324.1439873868949,REDUCED_BY_GROSS
8,dlinear,82,103154.38240038854,51577.1749988762,0.4999998429410589,10315.438240038855,0.016201318067032844,51577.207401512336,0.016201318067032844,REDUCED_BY_GROSS
8,dlinear,83,103154.38240038854,51577.1749988762,0.4999998429410589,10315.438240038855,0.016201318067032844,51577.207401512336,0.016201318067032844,REDUCED_BY_GROSS
8,dlinear,84,103700.13966735826,41484.226985255285,0.40004022288036795,10370.013966735827,10365.842848423847,62215.91268210298,10365.842848423847,REDUCED_BY_GROSS
8,dlinear,85,103697.03032905457,51847.997079561625,0.4999950038591846,10369.703032905458,0.5180849656608189,51849.033249492946,0.5180849656608189,REDUCED_BY_GROSS
8,dlinear,86,103817.36604394966,40898.028381107295,0.39394207288782185,10381.736604394966,11010.654640867535,62919.337662842365,10381.736604394966,UNCONSTRAINED
8,dlinear,87,104296.6261335721,40953.80397043271,0.3926666229642309,10429.662613357212,11194.509096353344,63342.8221631394,10429.662613357212,UNCONSTRAINED
8,dlinear,88,104293.49765189122,51381.381068256436,0.4926614048342323,10429.349765189123,765.3677576891714,52912.11658363478,765.3677576891714,REDUCED_BY_GROSS
8,dlinear,89,104256.41089739051,52109.73860806717,0.4998228709345629,10425.641089739052,18.466840628083446,52146.67228932334,18.466840628083446,REDUCED_BY_GROSS
8,dlinear,90,104033.75012753895,41987.006082088104,0.4035902390389141,10403.375012753895,10029.868981681371,62046.74404545085,10029.868981681371,REDUCED_BY_GROSS
8,dlinear,91,104030.74156795905,52014.869490904086,0.4999951812986442,10403.074156795905,0.5012930754382978,52015.87207705496,0.5012930754382978,REDUCED_BY_GROSS
8,dlinear,92,104030.74156795905,52014.869490904086,0.4999951812986442,10403.074156795905,0.5012930754382978,52015.87207705496,0.5012930754382978,REDUCED_BY_GROSS
8,dlinear,93,103940.08329484449,51924.21121778953,0.49955906876173356,10394.00832948445,45.83042963271146,52015.872077054955,45.83042963271146,REDUCED_BY_GROSS
8,dlinear,94,103940.06954754845,51970.03248310156,0.49999997796160156,10394.006954754846,0.002290672666276805,51970.03706444689,0.002290672666276805,REDUCED_BY_GROSS
8,dlinear,95,103850.28870389811,42156.14204661112,0.4059318714732543,10385.028870389811,9769.002305337934,61694.14665728699,9769.002305337934,REDUCED_BY_GROSS
8,dlinear,96,103847.35839388851,51923.19094197862,0.49999529834005224,10384.735839388852,0.48825496563949855,51924.167451909896,0.48825496563949855,REDUCED_BY_GROSS
8,dlinear,97,104446.76743366377,52522.599981753876,0.5028647728625208,10444.676743366377,-299.21626492198993,51924.167451909896,0.0,BLOCKED_BY_GROSS
8,dlinear,98,104384.24448685534,41346.022538148136,0.39609447519021573,10438.424448685535,10846.099705279536,63038.22194870721,10438.424448685535,UNCONSTRAINED
9,dlinear,0,100000.0,0.0,0.0,10000.0,50000.0,100000.0,10000.0,UNCONSTRAINED
9,dlinear,1,100106.03714956986,10107.037149487362,0.10096331287578883,10010.603714956987,39945.98142529757,89999.00000008251,10010.603714956987,UNCONSTRAINED
9,dlinear,2,100103.03436879953,20115.639143856395,0.20094934454980026,10010.303436879954,29935.87804054337,79987.39522494315,10010.303436879954,UNCONSTRAINED
9,dlinear,3,100100.03167810055,30123.940920287998,0.300938375495823,10010.003167810057,19926.07491876228,69976.09075781255,10010.003167810057,UNCONSTRAINED
9,dlinear,4,100097.02907747032,40131.942487662534,0.4009304058025771,10009.702907747032,9916.572051072624,59965.08658980778,9916.572051072624,REDUCED_BY_GROSS
9,dlinear,5,100094.0545024387,50046.53162049194,0.49999504834997577,10009.40545024387,0.49563072740420466,50047.52288194675,0.49563072740420466,REDUCED_BY_GROSS
9,dlinear,6,99074.7414138455,29707.520400624373,0.29984958806536743,9907.474141384551,19829.85030629838,69367.22101322113,9907.474141384551,UNCONSTRAINED
9,dlinear,7,98882.900325922,39424.14420148687,0.39869526552663115,9888.290032592202,10017.305961474129,59458.75612443513,9888.290032592202,UNCONSTRAINED
9,dlinear,8,99064.4402141621,49494.962950722125,0.4996239098885697,9906.44402141621,37.25715635892266,49569.47726343997,37.25715635892266,REDUCED_BY_GROSS
9,dlinear,9,98888.27922432963,29955.771177775936,0.30292539634369403,9888.827922432964,19488.368434388878,68932.50804655369,9888.827922432964,UNCONSTRAINED
9,dlinear,10,98339.11765577274,20285.056013197165,0.20627657128471685,9833.911765577275,28884.502814689207,78054.06164257557,9833.911765577275,UNCONSTRAINED
9,dlinear,11,97732.89052179772,19979.597926133167,0.20443064580881343,9773.289052179773,28886.84733476569,77753.29259566455,9773.289052179773,UNCONSTRAINED
9,dlinear,12,97729.9589259355,29750.932711204798,0.30441978118246726,9772.99589259355,19114.04675176295,67979.0262147307,9772.99589259355,UNCONSTRAINED
9,dlinear,13,97727.0274180094,39521.97439542978,0.4044119159214963,9772.70274180094,9341.539313574918,58205.05302257962,9341.539313574918,REDUCED_BY_GROSS
9,dlinear,14,97482.0890646886,39032.14135549867,0.40040320975884247,9748.20890646886,9708.903176845626,58449.947709189924,9708.903176845626,REDUCED_BY_GROSS
9,dlinear,15,97479.17678201402,48739.10313991623,0.4999950220025774,9747.917678201402,0.4852510907803662,48740.07364209779,0.4852510907803662,REDUCED_BY_GROSS
9,dlinear,16,96969.2375473252,20284.404687264654,0.20918391440754583,9696.923754732521,28200.214086397948,76684.83286006055,9696.923754732521,UNCONSTRAINED
9,dlinear,17,96339.55541744891,0.0,0.0,9633.955541744892,48169.777708724454,96339.55541744891,9633.955541744892,UNCONSTRAINED
9,dlinear,18,96399.80287996215,9695.166399729967,0.10057247120932883,9639.980287996215,38504.73504025111,86704.63648023219,9639.980287996215,UNCONSTRAINED
9,dlinear,19,96549.48605877101,19485.793864375373,0.20182182898947904,9654.948605877102,28788.949165010134,77063.69219439564,9654.948605877102,UNCONSTRAINED
9,dlinear,20,96528.7725755918,29120.994481867285,0.301682013609596,9652.877257559181,19143.39180592862,67407.77809372453,9652.877257559181,UNCONSTRAINED
9,dlinear,21,96771.94893970591,29657.394769875624,0.30646685423638376,9677.19489397059,18728.57969997733,67114.55416983028,9677.19489397059,UNCONSTRAINED
9,dlinear,22,97545.79846488958,29697.241257836227,0.30444408396047307,9754.579846488958,19075.657974608563,67848.55720705335,9754.579846488958,UNCONSTRAINED
9,dlinear,23,98127.33926649185,29576.855652043243,0.3014129994059977,9812.733926649185,19486.813981202682,68550.4836144486,9812.733926649185,UNCONSTRAINED
9,dlinear,24,98124.39583874473,39387.62742426409,0.4014050439504643,9812.439583874473,9674.57049510828,58736.76841448065,9674.57049510828,REDUCED_BY_GROSS
9,dlinear,25,98121.49385450166,49060.26339215792,0.4999950720777485,9812.149385450166,0.48353509291337105,49061.230462343745,0.48353509291337105,REDUCED_BY_GROSS
9,dlinear,26,98343.30913549947,49282.07867315573,0.5011228430930045,9834.330913549948,-110.42410540599667,49061.23046234374,0.0,BLOCKED_BY_GROSS
9,dlinear,27,97851.55633515367,39410.683533370444,0.40275990499715697,9785.155633515367,9515.09463420639,58440.872801783225,9515.09463420639,REDUCED_BY_GROSS
9,dlinear,28,97848.70218729132,48923.87552841855,0.49999513979014054,9784.870218729133,0.4755652271051076,48924.826658872764,0.4755652271051076,REDUCED_BY_GROSS
9,dlinear,29,98226.41269143423,49301.586032561456,0.5019178109195142,9822.641269143423,-188.37968684433872,48924.82665887278,0.0,BLOCKED_BY_GROSS
9,dlinear,30,98409.53895256076,39428.88589453505,0.40066121957488404,9840.953895256076,9775.88358174533,58980.65305802571,9775.88358174533,REDUCED_BY_GROSS
9,dlinear,31,98278.60851931243,38913.19376705133,0.39594774848083664,9827.860851931244,10226.110492604887,59365.4147522611,9827.860851931244,UNCONSTRAINED
9,dlinear,32,98275.6605540927,48739.089439793635,0.4959426287749728,9827.56605540927,398.7408372527134,49536.57111429906,398.7408372527134,REDUCED_BY_GROSS
9,dlinear,33,97967.29407145001,39301.24401090356,0.4011669852005933,9796.729407145001,9682.403024821448,58666.050060546455,9682.403024821448,REDUCED_BY_GROSS
9,dlinear,34,97964.38973776136,48981.71094195155,0.4999950601751266,9796.438973776136,0.48392692913330393,48982.678795809814,0.48392692913330393,REDUCED_BY_GROSS
9,dlinear,35,97531.9416954706,39035.66902486332,0.40023471640446323,9753.19416954706,9730.301822871981,58496.27267060728,9730.301822871981,REDUCED_BY_GROSS
9,dlinear,36,97369.81007967232,38702.39795612575,0.3974784168158254,9736.981007967232,9982.507083710407,58667.412123546565,9736.981007967232,UNCONSTRAINED
9,dlinear,37,97366.8893747713,48437.4319572345,0.4974733430252225,9736.68893747713,246.01273015115294,48929.4574175368,246.01273015115294,REDUCED_BY_GROSS
9,dlinear,38,97282.7512910463,39135.79006334864,0.40228909589803735,9728.27512910463,9505.585582174506,58146.961227697655,9505.585582174506,REDUCED_BY_GROSS
9,dlinear,39,98520.79043232236,39579.69485941618,0.401739517981283,9852.079043232237,9680.700356745001,58941.09557290618,9680.700356745001,REDUCED_BY_GROSS
9,dlinear,40,97954.78605668015,39255.2086353643,0.4007482453450496,9795.478605668015,9722.184392975774,58699.57742131585,9722.184392975774,REDUCED_BY_GROSS
9,dlinear,41,98475.28097187082,39307.34686274698,0.39915952993294845,9847.528097187082,9930.29362318843,59167.93410912384,9847.528097187082,UNCONSTRAINED
9,dlinear,42,98472.32710726403,49152.90584811874,0.4991545065709416,9847.232710726405,83.25770551327878,49319.421259145296,83.25770551327878,REDUCED_BY_GROSS
9,dlinear,43,98589.8885454869,49353.733317465725,0.5005962989266911,9858.98885454869,-58.78904472227441,49236.155228021176,0.0,BLOCKED_BY_GROSS
9,dlinear,44,98825.69360597641,49589.53837795524,0.5017879113064616,9882.569360597641,-176.691574967037,49236.15522802117,0.0,BLOCKED_BY_GROSS
9,dlinear,45,98825.69360597641,49589.53837795524,0.5017879113064616,9882.569360597641,-176.691574967037,49236.15522802117,0.0,BLOCKED_BY_GROSS
9,dlinear,46,98825.69360597641,49589.53837795524,0.5017879113064616,9882.569360597641,-176.691574967037,49236.15522802117,0.0,BLOCKED_BY_GROSS
9,dlinear,47,98825.69360597641,49589.53837795524,0.5017879113064616,9882.569360597641,-176.691574967037,49236.15522802117,0.0,BLOCKED_BY_GROSS
9,dlinear,48,99145.04700371024,49908.89177568906,0.5033926886314488,9914.504700371024,-336.3682738339412,49236.155228021176,0.0,BLOCKED_BY_GROSS
9,dlinear,49,99064.1745099914,39328.17467505101,0.39699694535974206,9906.41745099914,10203.912579944692,59735.99983494039,9906.41745099914,UNCONSTRAINED
9,dlinear,50,99005.6776183106,49177.085875820325,0.4967097550244459,9900.56776183106,325.75293333497393,49828.59174249027,325.75293333497393,REDUCED_BY_GROSS
9,dlinear,51,99005.57990545814,49502.773671454095,0.4999998355519457,9900.557990545814,0.016281274976790883,49502.80623400405,0.016281274976790883,REDUCED_BY_GROSS
10,dlinear,0,100000.0,0.0,0.0,10000.0,50000.0,100000.0,10000.0,UNCONSTRAINED
10,dlinear,1,99997.00039992004,9998.000399817585,0.09998300308841644,9999.700039992005,40000.49980014244,89999.00000010246,9999.700039992005,UNCONSTRAINED
10,dlinear,2,99994.00088981609,19995.700899637566,0.19996900535734072,9999.400088981609,30001.299545270478,79998.29999017852,9999.400088981609,UNCONSTRAINED
10,dlinear,3,99991.00146968545,29993.10150840261,0.2999580068962076,9999.100146968545,20002.399226440113,69997.89996128283,9999.100146968545,UNCONSTRAINED
10,dlinear,4,99988.00213952547,39990.202234915356,0.39995000779305645,9998.800213952549,10003.798834847381,59997.79990461012,9998.800213952549,UNCONSTRAINED
10,dlinear,5,100831.22100259655,30596.736563145005,0.3034450665072983,10083.122100259656,19818.87393815327,70234.48443945154,10083.122100259656,UNCONSTRAINED
10,dlinear,6,101236.04347812552,20529.610899042484,0.20278954208120945,10123.604347812552,30088.410840020275,80706.43257908303,10123.604347812552,UNCONSTRAINED
10,dlinear,7,101108.7740947786,30526.958223938225,0.30192194987274285,10110.87740947786,20027.42882345107,70581.81587084036,10110.87740947786,UNCONSTRAINED
10,dlinear,8,101105.74123591001,40635.813862179326,0.4019140096838199,10110.574123591003,9917.05675577568,60469.92737373069,9917.05675577568,REDUCED_BY_GROSS
10,dlinear,9,101102.76651548629,50550.887602953306,0.4999950975150639,10110.27665154863,0.49565478984004585,50551.878912532986,0.49565478984004585,REDUCED_BY_GROSS
10,dlinear,10,101100.21970032137,50548.34078778837,0.49998250189388754,10110.021970032138,1.7690623723101453,50551.87891253299,1.7690623723101453,REDUCED_BY_GROSS
10,dlinear,11,101673.38978116872,51123.28010781304,0.502818684592355,10167.338978116873,-286.5852172286832,50550.10967335568,0.0,BLOCKED_BY_GROSS
10,dlinear,12,101673.38978116872,51123.28010781304,0.502818684592355,10167.338978116873,-286.5852172286832,50550.10967335568,0.0,BLOCKED_BY_GROSS
10,dlinear,13,101673.38978116872,51123.28010781304,0.502818684592355,10167.338978116873,-286.5852172286832,50550.10967335568,0.0,BLOCKED_BY_GROSS
10,dlinear,14,101673.38978116872,51123.28010781304,0.502818684592355,10167.338978116873,-286.5852172286832,50550.10967335568,0.0,BLOCKED_BY_GROSS
10,dlinear,15,101808.90089961095,40465.82637064101,0.3974684532793698,10180.890089961096,10438.624079164467,61343.07452896994,10180.890089961096,UNCONSTRAINED
10,dlinear,16,101805.84703973815,50644.68068969345,0.4974633791900496,10180.584703973815,258.24283017562266,51161.166350044696,258.24283017562266,REDUCED_BY_GROSS
10,dlinear,17,101805.7695772168,50902.87188141603,0.4999998732174766,10180.57695772168,0.012907192365673836,50902.89769580076,0.012907192365673836,REDUCED_BY_GROSS
10,dlinear,18,101805.7695772168,50902.87188141603,0.4999998732174766,10180.57695772168,0.012907192365673836,50902.89769580076,0.012907192365673836,REDUCED_BY_GROSS
10,dlinear,19,101805.7695772168,50902.87188141603,0.4999998732174766,10180.57695772168,0.012907192365673836,50902.89769580076,0.012907192365673836,REDUCED_BY_GROSS
10,dlinear,20,101805.7695772168,50902.87188141603,0.4999998732174766,10180.57695772168,0.012907192365673836,50902.89769580076,0.012907192365673836,REDUCED_BY_GROSS
10,dlinear,21,100989.57500987421,30696.20158351176,0.3039541614123087,10098.957500987422,19798.585921425347,70293.37342636245,10098.957500987422,UNCONSTRAINED
10,dlinear,22,100986.54572650147,40793.139696745035,0.4039462821832103,10098.654572650148,9700.1331665057,60193.406029756436,9700.1331665057,REDUCED_BY_GROSS
10,dlinear,23,100983.63607447932,50491.333224407135,0.4999951990951072,10098.363607447933,0.48481283252476715,50492.302850072185,0.48481283252476715,REDUCED_BY_GROSS
10,dlinear,24,100983.63607447932,50491.333224407135,0.4999951990951072,10098.363607447933,0.48481283252476715,50492.302850072185,0.48481283252476715,REDUCED_BY_GROSS
10,dlinear,25,100983.63607447932,50491.333224407135,0.4999951990951072,10098.363607447933,0.48481283252476715,50492.302850072185,0.48481283252476715,REDUCED_BY_GROSS
10,dlinear,26,100983.63607447932,50491.333224407135,0.4999951990951072,10098.363607447933,0.48481283252476715,50492.302850072185,0.48481283252476715,REDUCED_BY_GROSS
10,dlinear,27,100983.63607447932,50491.333224407135,0.4999951990951072,10098.363607447933,0.48481283252476715,50492.302850072185,0.48481283252476715,REDUCED_BY_GROSS
10,dlinear,28,100983.63607447932,50491.333224407135,0.4999951990951072,10098.363607447933,0.48481283252476715,50492.302850072185,0.48481283252476715,REDUCED_BY_GROSS
10,dlinear,29,101132.8363004442,50640.53345037204,0.5007328509993505,10113.283630044421,-74.11530014993332,50492.30285007217,0.0,BLOCKED_BY_GROSS
10,dlinear,30,101132.8363004442,50640.53345037204,0.5007328509993505,10113.283630044421,-74.11530014993332,50492.30285007217,0.0,BLOCKED_BY_GROSS
10,dlinear,31,101132.8363004442,50640.53345037204,0.5007328509993505,10113.283630044421,-74.11530014993332,50492.30285007217,0.0,BLOCKED_BY_GROSS
10,dlinear,32,101132.8363004442,50640.53345037204,0.5007328509993505,10113.283630044421,-74.11530014993332,50492.30285007217,0.0,BLOCKED_BY_GROSS
10,dlinear,33,101132.8363004442,50640.53345037204,0.5007328509993505,10113.283630044421,-74.11530014993332,50492.30285007217,0.0,BLOCKED_BY_GROSS
10,dlinear,34,101262.46556985563,50770.16271978345,0.5013719785912165,10126.246556985563,-138.92993485563784,50492.30285007218,0.0,BLOCKED_BY_GROSS
10,dlinear,35,101262.46556985563,50770.16271978345,0.5013719785912165,10126.246556985563,-138.92993485563784,50492.30285007218,0.0,BLOCKED_BY_GROSS
10,dlinear,36,101262.46556985563,50770.16271978345,0.5013719785912165,10126.246556985563,-138.92993485563784,50492.30285007218,0.0,BLOCKED_BY_GROSS
10,dlinear,37,101610.33998911103,51118.037139038854,0.5030790876648663,10161.033998911103,-312.86714448333805,50492.30285007218,0.0,BLOCKED_BY_GROSS
10,dlinear,38,101763.80370955361,41224.39203533671,0.4050987731649279,10176.380370955361,9657.5098194401,60539.411674216906,9657.5098194401,REDUCED_BY_GROSS
10,dlinear,39,101384.56120115927,39771.212571012235,0.3922807585279313,10138.456120115929,10921.068029567403,61613.34863014704,10138.456120115929,UNCONSTRAINED
10,dlinear,40,101381.52006978041,49907.64140528849,0.4922755288235696,10138.152006978042,783.1186296017186,51473.878664491924,783.1186296017186,REDUCED_BY_GROSS
10,dlinear,41,101381.28516551002,50690.603442419895,0.49999961392938497,10138.128516551003,0.039140335116826463,50690.68172309013,0.039140335116826463,REDUCED_BY_GROSS
10,dlinear,42,101729.55275564859,40453.56002101709,0.39765789709294563,10172.95527556486,10411.216356807206,61275.9927346315,10172.95527556486,UNCONSTRAINED
10,dlinear,43,104638.18305452872,1.7916048230661012,1.712190302590084e-05,10463.818305452873,52317.29992244129,104636.39144970565,10463.818305452873,UNCONSTRAINED
10,dlinear,44,104607.56468161978,10434.250666419657,0.09974661677840418,10460.756468161979,41869.53167439024,94173.31401520013,10460.756468161979,UNCONSTRAINED
10,dlinear,45,104604.42687302598,20892.915401480233,0.19973261195571662,10460.442687302599,31409.298035032756,83711.51147154575,10460.442687302599,UNCONSTRAINED
10,dlinear,46,104512.94072455965,31262.91798458263,0.29912963665403886,10451.294072455967,20993.552377697197,73250.02273997702,10451.294072455967,UNCONSTRAINED
10,dlinear,47,104509.80575430623,41712.12221570156,0.399121612700757,10450.980575430624,10542.780661451558,62797.68353860467,10450.980575430624,UNCONSTRAINED
10,dlinear,48,103923.75574370832,41445.41028979969,0.3988059322260286,10392.375574370832,10516.467582054465,62478.34545390862,10392.375574370832,UNCONSTRAINED
10,dlinear,49,103920.63844664792,51835.70780462101,0.4988008982569239,10392.063844664794,124.6114187029525,52084.93064202691,124.6114187029525,REDUCED_BY_GROSS
10,dlinear,50,103920.60106820578,51960.294305983385,0.49999994006848075,10392.06010682058,0.006228119505976792,51960.3067622224,0.006228119505976792,REDUCED_BY_GROSS
10,dlinear,51,103134.46099163986,20811.897468720384,0.20179382592989367,10313.446099163986,30755.333027099547,82322.56352291947,10313.446099163986,UNCONSTRAINED
10,dlinear,52,103131.3673702655,31123.28129097823,0.3017828822072962,10313.13673702655,20442.402394154524,72008.08607928728,10313.13673702655,UNCONSTRAINED
10,dlinear,53,103128.27384168742,41434.3558129399,0.4017749378462974,10312.827384168742,10129.781107903807,61693.91802874752,10129.781107903807,REDUCED_BY_GROSS
10,dlinear,54,103125.2353124654,51562.111369312304,0.49999509056227737,10312.523531246541,0.5062869203975424,51563.1239431531,0.5062869203975424,REDUCED_BY_GROSS
10,dlinear,55,103125.2353124654,51562.111369312304,0.49999509056227737,10312.523531246541,0.5062869203975424,51563.1239431531,0.5062869203975424,REDUCED_BY_GROSS
10,dlinear,56,103108.98139601716,41413.473804338115,0.401647589217071,10310.898139601717,10141.016893670465,61695.507591679045,10141.016893670465,REDUCED_BY_GROSS
10,dlinear,57,103105.93949650883,51552.462899518716,0.499995084194585,10310.593949650884,0.5068487356984406,51553.47659699011,0.5068487356984406,REDUCED_BY_GROSS
10,dlinear,58,103775.78707293243,41803.5838165539,0.40282598663573443,10377.578707293243,10084.309719912315,61972.20325637853,10084.309719912315,REDUCED_BY_GROSS
10,dlinear,59,103772.76218330821,51885.87707776284,0.49999514310036025,10377.276218330822,0.5040138912663679,51886.88510554537,0.5040138912663679,REDUCED_BY_GROSS
10,dlinear,60,103864.23223420317,41857.79251093944,0.40300488060754563,10386.423223420317,10074.323606162143,62006.43972326373,10074.323606162143,REDUCED_BY_GROSS
10,dlinear,61,104285.20684042214,52354.09815561201,0.5020280415775995,10428.520684042214,-211.49473540094186,51931.108684810126,0.0,BLOCKED_BY_GROSS
10,dlinear,62,104285.20684042214,52354.09815561201,0.5020280415775995,10428.520684042214,-211.49473540094186,51931.108684810126,0.0,BLOCKED_BY_GROSS
10,dlinear,63,104648.75142659426,20246.853363362316,0.19347439016092272,10464.875142659426,32077.522349934814,84401.89806323194,10464.875142659426,UNCONSTRAINED
10,dlinear,64,104645.6123825628,30709.635949371957,0.2934631968811445,10464.561238256281,21613.170241909444,73935.97643319084,10464.561238256281,UNCONSTRAINED
10,dlinear,65,104642.47343269018,41172.10469350242,0.3934550029533257,10464.247343269019,11149.13202284267,63470.36873918776,10464.247343269019,UNCONSTRAINED
10,dlinear,66,104639.33457697343,51634.25960570014,0.49344980847252634,10463.933457697343,685.407682786572,53005.07497127329,685.407682786572,REDUCED_BY_GROSS
10,dlinear,67,104639.12898207942,52319.53023433337,0.4999996726204941,10463.912898207942,0.034256706341693643,52319.59874774605,0.034256706341693643,REDUCED_BY_GROSS
10,dlinear,68,104998.44672369174,52678.8479759457,0.5017107359175752,10499.844672369174,-179.62461409982643,52319.598747746044,0.0,BLOCKED_BY_GROSS
10,dlinear,69,104998.44672369174,52678.8479759457,0.5017107359175752,10499.844672369174,-179.62461409982643,52319.598747746044,0.0,BLOCKED_BY_GROSS
10,dlinear,70,104998.44672369174,52678.8479759457,0.5017107359175752,10499.844672369174,-179.62461409982643,52319.598747746044,0.0,BLOCKED_BY_GROSS
10,dlinear,71,104619.71299898784,42154.868270523664,0.4029342755980558,10461.971299898785,10154.988228970258,62464.84472846418,10154.988228970258,REDUCED_BY_GROSS
10,dlinear,72,104616.66690863747,52307.82590796524,0.4999951485134396,10461.666690863749,0.5075463534958544,52308.84100067223,0.5075463534958544,REDUCED_BY_GROSS
10,dlinear,73,104616.66690863747,52307.82590796524,0.4999951485134396,10461.666690863749,0.5075463534958544,52308.84100067223,0.5075463534958544,REDUCED_BY_GROSS
10,dlinear,74,104616.66690863747,52307.82590796524,0.4999951485134396,10461.666690863749,0.5075463534958544,52308.84100067223,0.5075463534958544,REDUCED_BY_GROSS
10,dlinear,75,104616.66690863747,52307.82590796524,0.4999951485134396,10461.666690863749,0.5075463534958544,52308.84100067223,0.5075463534958544,REDUCED_BY_GROSS
10,dlinear,76,104616.66690863747,52307.82590796524,0.4999951485134396,10461.666690863749,0.5075463534958544,52308.84100067223,0.5075463534958544,REDUCED_BY_GROSS
10,dlinear,77,104867.40933496616,52558.56833429393,0.5011906813337212,10486.740933496616,-124.86366681085201,52308.841000672226,0.0,BLOCKED_BY_GROSS
10,dlinear,78,104867.40933496616,52558.56833429393,0.5011906813337212,10486.740933496616,-124.86366681085201,52308.841000672226,0.0,BLOCKED_BY_GROSS
10,dlinear,79,105391.29733368626,53082.45633301404,0.5036702049975361,10539.129733368627,-386.8076661709056,52308.841000672226,0.0,BLOCKED_BY_GROSS
10,dlinear,80,105391.29733368626,53082.45633301404,0.5036702049975361,10539.129733368627,-386.8076661709056,52308.841000672226,0.0,BLOCKED_BY_GROSS
10,dlinear,81,105391.29733368626,53082.45633301404,0.5036702049975361,10539.129733368627,-386.8076661709056,52308.841000672226,0.0,BLOCKED_BY_GROSS
10,dlinear,82,105822.55830355521,42864.27342171614,0.4050579962238172,10582.255830355522,10047.005730061464,62958.28488183907,10047.005730061464,REDUCED_BY_GROSS
10,dlinear,83,105828.63151043793,43177.63312961195,0.40799576176465363,10582.863151043794,9736.682625607013,62650.99838082598,9736.682625607013,REDUCED_BY_GROSS
10,dlinear,84,105821.39302249106,21319.613015469822,0.20146789232814763,10582.139302249107,31591.083495775707,84501.78000702124,10582.139302249107,UNCONSTRAINED
10,dlinear,85,105818.21880390134,31899.636312972718,0.30145693882910674,10581.821880390135,21009.473088977953,73918.58249092862,10581.821880390135,UNCONSTRAINED
10,dlinear,86,105385.7944167963,31790.855716597132,0.30166167928540405,10538.57944167963,20902.041491801017,73594.93870019917,10538.57944167963,UNCONSTRAINED
10,dlinear,87,105317.65280629408,30530.327530722745,0.2898880360244619,10531.765280629408,22128.498872424294,74787.32527557133,10531.765280629408,UNCONSTRAINED
10,dlinear,88,105240.44916372554,31484.03906294686,0.2991629103935717,10524.044916372555,21136.18551891591,73756.41010077868,10524.044916372555,UNCONSTRAINED
10,dlinear,89,105237.29237112828,42005.97959113953,0.39915488744238936,10523.729237112828,10612.666594424612,63231.31277998875,10523.729237112828,UNCONSTRAINED
10,dlinear,90,104716.73215445993,41807.28640845628,0.39924170233644646,10471.673215445993,10551.07966877368,62909.44574600364,10471.673215445993,UNCONSTRAINED
10,dlinear,91,104713.59107127847,52276.865708035315,0.49923668143947514,10471.359107127848,79.92982760391897,52436.72536324315,79.92982760391897,REDUCED_BY_GROSS
10,dlinear,92,104713.56709552683,52356.77955260028,0.49999996184674783,10471.356709552683,0.003995163133367896,52356.78754292655,0.003995163133367896,REDUCED_BY_GROSS
10,dlinear,93,104813.2514331383,52456.46389021175,0.5004754949680613,10481.32514331383,-49.83817364260176,52356.78754292655,0.0,BLOCKED_BY_GROSS
10,dlinear,94,104813.2514331383,52456.46389021175,0.5004754949680613,10481.32514331383,-49.83817364260176,52356.78754292655,0.0,BLOCKED_BY_GROSS
10,dlinear,95,104813.2514331383,52456.46389021175,0.5004754949680613,10481.32514331383,-49.83817364260176,52356.78754292655,0.0,BLOCKED_BY_GROSS
10,dlinear,96,104853.96514616461,42160.1404103378,0.4020843689751484,10485.396514616463,10266.842162744506,62693.82473582681,10266.842162744506,REDUCED_BY_GROSS
10,dlinear,97,104850.88550410743,52424.929614997556,0.49999510603030495,10485.088550410743,0.513137056157575,52425.95588910987,0.513137056157575,REDUCED_BY_GROSS
10,dlinear,98,104850.88550410743,52424.929614997556,0.49999510603030495,10485.088550410743,0.513137056157575,52425.95588910987,0.513137056157575,REDUCED_BY_GROSS
10,dlinear,99,104850.88550410743,52424.929614997556,0.49999510603030495,10485.088550410743,0.513137056157575,52425.95588910987,0.513137056157575,REDUCED_BY_GROSS
10,dlinear,100,104850.88550410743,52424.929614997556,0.49999510603030495,10485.088550410743,0.513137056157575,52425.95588910987,0.513137056157575,REDUCED_BY_GROSS
10,dlinear,101,104656.86433857342,52230.90844946354,0.4990681574453858,10465.686433857343,97.52371982316981,52425.95588910988,97.52371982316981,REDUCED_BY_GROSS
10,dlinear,102,104656.83508535764,52328.412668406934,0.4999999534261486,10465.683508535765,0.0048742718863650225,52328.42241695071,0.0048742718863650225,REDUCED_BY_GROSS
10,dlinear,103,103561.46017927634,31126.733612201988,0.3005629078454298,10356.146017927635,20653.996477436183,72434.72656707435,10356.146017927635,UNCONSTRAINED
10,dlinear,104,103558.35374963406,41480.80881476584,0.40055492688741606,10355.835374963406,10298.368060051187,62077.544934868216,10298.368060051187,REDUCED_BY_GROSS
10,dlinear,105,103555.26465106854,51777.11761258764,0.49999502958204617,10355.526465106856,0.5147129466349725,51778.14703848091,0.5147129466349725,REDUCED_BY_GROSS
10,dlinear,106,103031.64705283151,41050.279382571774,0.39842398483179087,10303.164705283152,10465.544143843981,61981.36767025974,10303.164705283152,UNCONSTRAINED
10,dlinear,107,103028.55651546415,51351.38386681602,0.4984189394045173,10302.855651546415,162.8943909160589,51677.172648648135,162.8943909160589,REDUCED_BY_GROSS
10,dlinear,108,103028.50765366136,51514.24568529157,0.4999999209778022,10302.850765366136,0.008141539110511076,51514.26196836979,0.008141539110511076,REDUCED_BY_GROSS
10,dlinear,109,103028.50765366136,51514.24568529157,0.4999999209778022,10302.850765366136,0.008141539110511076,51514.26196836979,0.008141539110511076,REDUCED_BY_GROSS
10,dlinear,110,102989.35203938812,21258.181333316905,0.20641144848825485,10298.935203938812,30236.494686377155,81731.17070607122,10298.935203938812,UNCONSTRAINED
10,dlinear,111,102986.262770702,31555.057162013574,0.30640064328065414,10298.626277070201,19938.074223337426,71431.20560868843,10298.626277070201,UNCONSTRAINED
10,dlinear,112,102983.17359468158,41851.62412561527,0.4063928374389954,10298.317359468158,9639.962671725516,61131.5494690663,9639.962671725516,REDUCED_BY_GROSS
10,dlinear,113,102980.28199140148,51489.65919028502,0.49999532138185676,10298.02819914015,0.48180541572219227,51490.622801116464,0.48180541572219227,REDUCED_BY_GROSS
11,dlinear,0,100000.0,0.0,0.0,10000.0,50000.0,100000.0,10000.0,UNCONSTRAINED
11,dlinear,1,99694.15116377032,0.0,0.0,9969.415116377033,49847.07558188516,99694.15116377032,9969.415116377033,UNCONSTRAINED
11,dlinear,2,99786.41773726078,10062.678630971579,0.1008421672924142,9978.641773726078,39830.53023765881,89723.7391062892,9978.641773726078,UNCONSTRAINED
11,dlinear,3,99783.42454379452,20039.32507537592,0.20082819533399301,9978.342454379454,29852.38719652134,79744.0994684186,9978.342454379454,UNCONSTRAINED
11,dlinear,4,100019.80604346406,30255.046863491556,0.3024905572236771,10001.980604346407,19754.856158240476,69764.7591799725,10001.980604346407,UNCONSTRAINED
11,dlinear,5,100016.80584928201,40255.027471598514,0.4024826340911135,10001.680584928203,9753.375453042492,59761.7783776835,9753.375453042492,REDUCED_BY_GROSS
11,dlinear,6,99322.53648037811,29952.538847137446,0.30156840439787586,9932.253648037811,19708.72939305161,69369.99763324067,9932.253648037811,UNCONSTRAINED
11,dlinear,7,99319.55720149462,39882.80644092699,0.40156045359741904,9931.955720149463,9776.972159820325,59436.75076056764,9776.972159820325,REDUCED_BY_GROSS
11,dlinear,8,99316.6245008474,49657.823597163246,0.49999507984425656,9931.662450084741,0.4886532604577951,49658.80090368416,0.4886532604577951,REDUCED_BY_GROSS
11,dlinear,9,99279.46553383516,19829.31884337848,0.1997323287021575,9927.946553383517,29810.413923539098,79450.14669045668,9927.946553383517,UNCONSTRAINED
11,dlinear,10,99473.6239374743,29952.416594705843,0.3011091323417844,9947.362393747431,19784.395374031308,69521.20734276847,9947.362393747431,UNCONSTRAINED
11,dlinear,11,100320.07014898886,40747.21993611012,0.4061721635121965,10032.007014898887,9412.815138384307,59572.85021287874,9412.815138384307,REDUCED_BY_GROSS
11,dlinear,12,99103.04919595264,9452.176890133062,0.09537725596559231,9910.304919595264,40099.34770784326,89650.87230581958,9910.304919595264,UNCONSTRAINED
11,dlinear,13,99118.32501632502,19378.748660257752,0.19551126047646616,9911.832501632503,30180.413847904758,79739.57635606726,9911.832501632503,UNCONSTRAINED
11,dlinear,14,98784.09170336393,19347.66759085141,0.1958581311751086,9878.409170336394,30044.378260830552,79436.42411251251,9878.409170336394,UNCONSTRAINED
11,dlinear,15,98781.12857567018,29224.101474387713,0.29584700940120273,9878.11285756702,20166.46281344738,69557.02710128247,9878.11285756702,UNCONSTRAINED
11,dlinear,16,98727.02410405214,29472.11793493337,0.29852128333040395,9872.702410405214,19891.3941170927,69254.90616911877,9872.702410405214,UNCONSTRAINED
11,dlinear,17,98229.95526000162,29277.004545149914,0.2980455856633303,9822.995526000162,19837.973084850895,68952.9507148517,9822.995526000162,UNCONSTRAINED
11,dlinear,18,98227.00875418517,39098.035864542864,0.3980375291930796,9822.700875418517,10015.46851254972,59128.972889642304,9822.700875418517,UNCONSTRAINED
11,dlinear,19,97804.68636544004,39659.85279009657,0.40550053646622247,9780.468636544005,9242.490392623447,58144.833575343466,9242.490392623447,REDUCED_BY_GROSS
11,dlinear,20,99086.20150495607,19582.831144333715,0.19763429061668314,9908.620150495608,29960.26960814432,79503.37036062236,9908.620150495608,UNCONSTRAINED
11,dlinear,21,99083.22931517652,29489.469966963978,0.2976232221212747,9908.322931517652,20052.14469062428,69593.75934821254,9908.322931517652,UNCONSTRAINED
11,dlinear,22,99080.25721455074,39395.81163007447,0.39761515298416966,9908.025721455075,10144.316977200899,59684.44558447627,9908.025721455075,UNCONSTRAINED
11,dlinear,23,99083.14192021587,49307.71285972964,0.4976397791203815,9908.314192021588,233.8581003782965,49775.42906048623,233.8581003782965,REDUCED_BY_GROSS
11,dlinear,24,99037.60851760609,49496.060942810975,0.49977035677322496,9903.76085176061,22.743315992069256,49541.54757479511,22.743315992069256,REDUCED_BY_GROSS
11,dlinear,25,99037.60169552085,49518.79971101362,0.49999998852206856,9903.760169552086,0.001136746803240385,49518.80198450723,0.001136746803240385,REDUCED_BY_GROSS
11,dlinear,26,99352.93154337665,30369.053264033162,0.3056684165456587,9935.293154337665,19307.41250765516,68983.87827934348,9935.293154337665,UNCONSTRAINED
11,dlinear,27,99349.95135276277,40302.35975652555,0.40566058873469996,9934.995135276278,9372.615919855838,59047.591596237224,9372.615919855838,REDUCED_BY_GROSS
11,dlinear,28,99082.95821029984,39776.50289720971,0.4014464607807287,9908.295821029984,9764.976207940206,59306.455313090126,9764.976207940206,REDUCED_BY_GROSS
11,dlinear,29,99255.49558445351,29957.99554910235,0.3018270713646479,9925.549558445353,19669.752243124407,69297.50003535117,9925.549558445353,UNCONSTRAINED
11,dlinear,30,100465.19981375424,40845.46294021256,0.40656329769843935,10046.519981375424,9387.136966664562,59619.73687354168,9387.136966664562,REDUCED_BY_GROSS
11,dlinear,31,100171.20553324408,19706.809820645038,0.19673128336370962,10017.120553324408,30378.792945977002,80464.39571259904,10017.120553324408,UNCONSTRAINED
11,dlinear,32,100168.2007976828,29721.92735038572,0.2967201877811234,10016.82007976828,20362.173048455683,70446.27344729708,10016.82007976828,UNCONSTRAINED
11,dlinear,33,100165.19615225158,39736.744466700984,0.39671209155624215,10016.51961522516,10345.853609424805,60428.45168555059,10016.51961522516,UNCONSTRAINED
11,dlinear,34,100129.84991279739,30483.918358675728,0.30444386349549135,10012.98499127974,19581.006597722968,69645.93155412166,10012.98499127974,UNCONSTRAINED
11,dlinear,35,100126.84641773932,40494.90115338977,0.4044359989571723,10012.684641773933,9568.522055479887,59631.945264349546,9568.522055479887,REDUCED_BY_GROSS
11,dlinear,36,100123.97624378707,50061.50988702094,0.499995223572909,10012.397624378707,0.47823487259302055,50062.46635676613,0.47823487259302055,REDUCED_BY_GROSS
11,dlinear,37,99180.78372068747,10183.826197375616,0.10267942856809105,9918.078372068747,39406.56566296812,88996.95752331185,9918.078372068747,UNCONSTRAINED
11,dlinear,38,99008.93321095829,10315.31896042241,0.10418573987100299,9900.89332109583,39189.147645056735,88693.61425053587,9900.89332109583,UNCONSTRAINED
11,dlinear,39,98998.3302194294,20206.599379267696,0.2041105070608752,9899.83302194294,29292.565730447,78791.7308401617,9899.83302194294,UNCONSTRAINED
11,dlinear,40,98995.36066543701,30104.452830356197,0.3040996328312463,9899.536066543702,19393.227502362308,68890.90783508081,9899.536066543702,UNCONSTRAINED
11,dlinear,41,98992.39120051939,40002.009385316705,0.4040917579643922,9899.23912005194,9494.186214942987,58990.38181520268,9494.186214942987,REDUCED_BY_GROSS
11,dlinear,42,99191.779762368,40098.783719332256,0.404255108794259,9919.1779762368,9497.106161851741,59092.99604303574,9497.106161851741,REDUCED_BY_GROSS
11,dlinear,43,99188.93101032793,49593.99083907061,0.49999521452556733,9918.893101032794,0.4746660933524254,49594.940171257316,0.4746660933524254,REDUCED_BY_GROSS
11,dlinear,44,98969.5541642525,30568.988243693864,0.3088726477736856,9896.955416425251,18915.78883843239,68400.56592055864,9896.955416425251,UNCONSTRAINED
11,dlinear,45,98966.58547342668,40463.96466471986,0.40886491608407327,9896.658547342668,9019.328071993477,58502.620808706815,9019.328071993477,REDUCED_BY_GROSS
11,dlinear,46,98953.13087577322,29984.498454117405,0.30301717781684195,9895.313087577322,19492.066983769204,68968.63242165581,9895.313087577322,UNCONSTRAINED
11,dlinear,47,98950.16267758045,39877.83287438036,0.4030092704780934,9895.016267758045,9597.248464409866,59072.32980320009,9597.248464409866,REDUCED_BY_GROSS
11,dlinear,48,98947.28388685432,49473.16227284174,0.49999515226121855,9894.728388685433,0.47967058541689767,49474.121614012576,0.47967058541689767,REDUCED_BY_GROSS
11,dlinear,49,98799.00709285549,29265.218932020125,0.29620964616087114,9879.90070928555,20134.28461440762,69533.78816083536,9879.90070928555,UNCONSTRAINED
11,dlinear,50,99214.52350926635,39561.624047664314,0.39874831474617095,9921.452350926636,10045.63770696886,59652.899461602035,9921.452350926636,UNCONSTRAINED
11,dlinear,51,99211.5474703399,49481.09250461412,0.49874327904629145,9921.15474703399,124.68123055582691,49730.454965725774,124.68123055582691,REDUCED_BY_GROSS
11,dlinear,52,98932.5469761097,19620.553732741544,0.19832253724832868,9893.254697610972,29845.71975531331,79311.99324336817,9893.254697610972,UNCONSTRAINED
11,dlinear,53,98929.57939535151,29511.830175018535,0.2983114893987433,9892.957939535152,19952.95952265722,69417.74922033297,9892.957939535152,UNCONSTRAINED
11,dlinear,54,98926.61190360898,39402.809918138344,0.39830344090355807,9892.6611903609,10060.496033666146,59523.801985470636,9892.6611903609,UNCONSTRAINED
11,dlinear,55,99819.32857693928,50189.177047863894,0.5028001867311581,9981.93285769393,-279.5127593942525,49630.15152907539,0.0,BLOCKED_BY_GROSS
11,dlinear,56,99819.32857693928,50189.177047863894,0.5028001867311581,9981.93285769393,-279.5127593942525,49630.15152907539,0.0,BLOCKED_BY_GROSS
11,dlinear,57,99819.32857693928,50189.177047863894,0.5028001867311581,9981.93285769393,-279.5127593942525,49630.15152907539,0.0,BLOCKED_BY_GROSS
11,dlinear,58,99377.77011266703,40156.53401842549,0.4040796445009687,9937.777011266704,9532.351037908025,59221.23609424154,9532.351037908025,REDUCED_BY_GROSS
11,dlinear,59,99374.9107885736,49686.97896689043,0.49999520575774514,9937.491078857362,0.4764273963737651,49687.931821683174,0.4764273963737651,REDUCED_BY_GROSS
11,dlinear,60,99576.5237771121,49888.591955428936,0.5010075674774253,9957.65237771121,-100.33006687288434,49687.93182168317,0.0,BLOCKED_BY_GROSS
11,dlinear,61,99974.42539299306,50286.49357130989,0.5029935743430073,9997.442539299307,-299.28087481336115,49687.93182168317,0.0,BLOCKED_BY_GROSS
11,dlinear,62,99974.42539299306,50286.49357130989,0.5029935743430073,9997.442539299307,-299.28087481336115,49687.93182168317,0.0,BLOCKED_BY_GROSS
11,dlinear,63,99796.01327136098,29334.66646847924,0.29394627607731877,9979.601327136099,20563.340167201248,70461.34680288174,9979.601327136099,UNCONSTRAINED
11,dlinear,64,99793.01979006719,39312.27227407954,0.39393809664022666,9979.30197900672,10584.237620954053,60480.74751598765,9979.30197900672,UNCONSTRAINED
11,dlinear,65,100260.2083532252,30199.222493819783,0.3012084553766871,10026.02083532252,19930.881682792817,70060.98585940542,10026.02083532252,UNCONSTRAINED
11,dlinear,66,99555.06051742092,29846.01397596819,0.2997940418181505,9955.506051742093,19931.51628274227,69709.04654145273,9955.506051742093,UNCONSTRAINED
11,dlinear,67,99521.6014895541,30048.677793464216,0.3019312123571299,9952.16014895541,19712.122951312835,69472.92369608989,9952.16014895541,UNCONSTRAINED
11,dlinear,68,99518.61623951624,39998.84790833249,0.40192327244648723,9951.861623951625,9760.460211425627,59519.768331183746,9760.460211425627,REDUCED_BY_GROSS
11,dlinear,69,98451.57068599046,19906.180847821714,0.20219261824996296,9845.157068599046,29319.604495173517,78545.38983816875,9845.157068599046,UNCONSTRAINED
12,dlinear,0,100000.0,0.0,0.0,10000.0,50000.0,100000.0,10000.0,UNCONSTRAINED
12,dlinear,1,99997.00039992006,9998.000399789986,0.09998300308814043,9999.700039992007,40000.499800170044,89999.00000013007,9999.700039992007,UNCONSTRAINED
12,dlinear,2,99994.00088981622,19995.70089917326,0.1999690053526971,9999.400088981623,30001.29954573485,79998.29999064296,9999.400088981623,UNCONSTRAINED
12,dlinear,3,99991.00146968558,29993.101507933887,0.2999580068915195,9999.100146968558,20002.399226908903,69997.8999617517,9999.100146968558,UNCONSTRAINED
12,dlinear,4,99988.00213952553,39990.20223473319,0.3999500077912343,9998.800213952554,10003.798835029578,59997.799904792344,9998.800213952554,UNCONSTRAINED
12,dlinear,5,99985.00289933346,49987.0030882455,0.49994500813860293,9998.500289933347,5.498361421225127,49997.99981108795,5.498361421225127,REDUCED_BY_GROSS
12,dlinear,6,99985.00125004495,49992.500350129005,0.4999999972506529,9998.500125004495,0.0002748934712144546,49992.50089991595,0.0002748934712144546,REDUCED_BY_GROSS
12,dlinear,7,99985.00125004495,49992.500350129005,0.4999999972506529,9998.500125004495,0.0002748934712144546,49992.50089991595,0.0002748934712144546,REDUCED_BY_GROSS
12,dlinear,8,99985.00125004495,49992.500350129005,0.4999999972506529,9998.500125004495,0.0002748934712144546,49992.50089991595,0.0002748934712144546,REDUCED_BY_GROSS
12,dlinear,9,98470.6793917937,0.0,0.0,9847.067939179371,49235.33969589685,98470.6793917937,9847.067939179371,UNCONSTRAINED
12,dlinear,10,98467.72566521616,9845.09891857525,0.0999830030811105,9846.772566521617,39388.76391403283,88622.6267466409,9846.772566521617,UNCONSTRAINED
12,dlinear,11,98464.77202723836,19689.90252433627,0.19996900535035456,9846.477202723836,29542.48348928291,78774.86950290209,9846.477202723836,UNCONSTRAINED
12,dlinear,12,98461.81847785789,29534.410825354724,0.2999580068897105,9846.181847785789,19696.49841357422,68927.40765250317,9846.181847785789,UNCONSTRAINED
12,dlinear,13,98458.8650170721,39378.62383042376,0.39995000778848894,9845.88650170721,9850.808678112284,59080.24118664833,9845.88650170721,UNCONSTRAINED
12,dlinear,14,98455.91164487833,49222.5415484919,0.4999450081375835,9845.591164487834,5.414273947266338,49233.37009638643,5.414273947266338,REDUCED_BY_GROSS
12,dlinear,15,98455.91002081266,49227.954739796696,0.49999999725146377,9845.591002081266,0.0002706096347537823,49227.955281015966,0.0002706096347537823,REDUCED_BY_GROSS
12,dlinear,16,98455.91002081266,49227.954739796696,0.49999999725146377,9845.591002081266,0.0002706096347537823,49227.955281015966,0.0002706096347537823,REDUCED_BY_GROSS
12,dlinear,17,98455.91002081266,49227.954739796696,0.49999999725146377,9845.591002081266,0.0002706096347537823,49227.955281015966,0.0002706096347537823,REDUCED_BY_GROSS
12,dlinear,18,98455.91002081266,49227.954739796696,0.49999999725146377,9845.591002081266,0.0002706096347537823,49227.955281015966,0.0002706096347537823,REDUCED_BY_GROSS
12,dlinear,19,102814.02135303544,53586.066072019465,0.5211941461565778,10281.402135303544,-2179.055395501746,49227.95528101597,0.0,BLOCKED_BY_GROSS
12,dlinear,20,102814.02135303544,53586.066072019465,0.5211941461565778,10281.402135303544,-2179.055395501746,49227.95528101597,0.0,BLOCKED_BY_GROSS
12,dlinear,21,102207.04237692947,0.0,0.0,10220.704237692948,51103.521188464736,102207.04237692947,10220.704237692948,UNCONSTRAINED
12,dlinear,22,102203.97657440463,10218.66050543221,0.09998300308787898,10220.397657440464,40883.3277817701,91985.31606897242,10220.397657440464,UNCONSTRAINED
12,dlinear,23,102200.91086384156,20437.014492047405,0.1999690053572504,10220.091086384156,30663.440939873377,81763.89637179417,10220.091086384156,UNCONSTRAINED
12,dlinear,24,102197.84524523761,30655.06196879672,0.29995800689570057,10219.784524523762,20443.860653822085,71542.7832764409,10219.784524523762,UNCONSTRAINED
12,dlinear,25,103487.74055653607,42165.76378282806,0.4074469454649327,10348.774055653608,9578.106495439977,61321.97677370801,9578.106495439977,REDUCED_BY_GROSS
12,dlinear,26,103484.86750763512,51741.95503991186,0.49999537406852584,10348.486750763514,0.47871390570071526,51742.91246772326,0.47871390570071526,REDUCED_BY_GROSS
12,dlinear,27,103484.86750763512,51741.95503991186,0.49999537406852584,10348.486750763514,0.47871390570071526,51742.91246772326,0.47871390570071526,REDUCED_BY_GROSS
12,dlinear,28,103484.86750763512,51741.95503991186,0.49999537406852584,10348.486750763514,0.47871390570071526,51742.91246772326,0.47871390570071526,REDUCED_BY_GROSS
12,dlinear,29,103156.83558789302,42127.80408667617,0.4083859673146129,10315.683558789302,9450.613707270335,61029.03150121684,9450.613707270335,REDUCED_BY_GROSS
12,dlinear,30,103154.00078172985,51576.52804899555,0.4999954210029102,10315.400078172985,0.47234186937566847,51577.4727327343,0.47234186937566847,REDUCED_BY_GROSS
12,dlinear,31,102787.02276240042,51209.55002966612,0.49821026675751345,10278.702276240043,183.96135153408977,51577.4727327343,183.96135153408977,REDUCED_BY_GROSS
12,dlinear,32,101692.67654265628,31049.19014006012,0.3053237577736106,10169.267654265628,19797.14813126802,70643.48640259616,10169.267654265628,UNCONSTRAINED
12,dlinear,33,101689.62616904937,41216.42434744978,0.40531591962912106,10168.962616904937,9628.388737074907,60473.20182159959,9628.388737074907,REDUCED_BY_GROSS
12,dlinear,34,101686.7380374868,50842.88779180297,0.49999526755455315,10168.67380374868,0.48122694042831426,50843.850245683825,0.48122694042831426,REDUCED_BY_GROSS
12,dlinear,35,101686.7380374868,50842.88779180297,0.49999526755455315,10168.67380374868,0.48122694042831426,50843.850245683825,0.48122694042831426,REDUCED_BY_GROSS
12,dlinear,36,101686.7380374868,50842.88779180297,0.49999526755455315,10168.67380374868,0.48122694042831426,50843.850245683825,0.48122694042831426,REDUCED_BY_GROSS
12,dlinear,37,101792.18650116445,50948.336255480615,0.5005132319748117,10179.218650116447,-52.24300489838788,50843.85024568384,0.0,BLOCKED_BY_GROSS
12,dlinear,38,100367.23143904733,20420.42402894917,0.20345708191971423,10036.723143904734,29763.191690574495,79946.80741009816,10036.723143904734,UNCONSTRAINED
12,dlinear,39,100364.22082349283,30455.14022955428,0.3034461880904223,10036.422082349283,19726.970182192134,69909.08059393855,10036.422082349283,UNCONSTRAINED
12,dlinear,40,100361.21029824486,40489.555428444604,0.4034382936208243,10036.121029824486,9691.049720677824,59871.65486980025,9691.049720677824,REDUCED_BY_GROSS
12,dlinear,41,101472.6750059994,51293.03896167185,0.5054862203902601,10147.26750059994,-556.7014586721561,50179.63604432754,0.0,BLOCKED_BY_GROSS
12,dlinear,42,101472.6750059994,51293.03896167185,0.5054862203902601,10147.26750059994,-556.7014586721561,50179.63604432754,0.0,BLOCKED_BY_GROSS
12,dlinear,43,102602.13116602416,52422.49512169662,0.5109298854316185,10260.213116602417,-1121.4295386845406,50179.63604432754,0.0,BLOCKED_BY_GROSS
12,dlinear,44,102602.13116602416,52422.49512169662,0.5109298854316185,10260.213116602417,-1121.4295386845406,50179.63604432754,0.0,BLOCKED_BY_GROSS
12,dlinear,45,102568.18779544538,20666.704524590692,0.20149234347209957,10256.81877954454,30617.389373132,81901.48327085469,10256.81877954454,UNCONSTRAINED
12,dlinear,46,102565.11116000227,30921.47235039909,0.3014813907056697,10256.511116000227,20361.083229602045,71643.63880960317,10256.511116000227,UNCONSTRAINED
12,dlinear,47,102562.03461684601,41175.9325739444,0.401473437298417,10256.203461684601,10105.084734478602,61386.102042901606,10105.084734478602,REDUCED_BY_GROSS
12,dlinear,48,102559.00349554827,51278.996695470494,0.4999950754952132,10255.900349554828,0.5050523036406958,51280.006800077776,0.5050523036406958,REDUCED_BY_GROSS
12,dlinear,49,102547.39168020085,51267.38488012308,0.4999384581131325,10254.739168020085,6.310959977345192,51280.00680007777,6.310959977345192,REDUCED_BY_GROSS
12,dlinear,50,102547.38978716536,51273.69457775819,0.4999999969202094,10254.738978716538,0.0003158244871883653,51273.69520940717,0.0003158244871883653,REDUCED_BY_GROSS
12,dlinear,51,103287.63061148449,30817.073456734302,0.2983617038583492,10328.76306114845,20826.741849007944,72470.55715475019,10328.76306114845,UNCONSTRAINED
12,dlinear,52,103284.5323956341,41143.77117820972,0.39835365687291324,10328.45323956341,10498.495019607333,62140.761217424384,10328.45323956341,UNCONSTRAINED
12,dlinear,53,103438.86069224935,31175.093542077113,0.3013866677711103,10343.886069224936,20544.33680404756,72263.76715017224,10343.886069224936,UNCONSTRAINED
12,dlinear,54,103391.9128996568,41473.066207004056,0.40112485632463546,10339.191289965682,10222.890242824345,61918.84669265275,10222.890242824345,REDUCED_BY_GROSS
12,dlinear,55,103388.84644141782,51693.91228056405,0.49999505807287303,10338.884644141783,0.5109401448571589,51694.934160853765,0.5109401448571589,REDUCED_BY_GROSS
12,dlinear,56,103388.84644141782,51693.91228056405,0.49999505807287303,10338.884644141783,0.5109401448571589,51694.934160853765,0.5109401448571589,REDUCED_BY_GROSS
12,dlinear,57,103015.55251591731,51320.61835506354,0.4981832073087586,10301.555251591732,187.15790289511642,51694.93416085377,187.15790289511642,REDUCED_BY_GROSS
12,dlinear,58,103015.49637603125,51507.73883383767,0.4999999091963997,10301.549637603126,0.009354177956993226,51507.75754219358,0.009354177956993226,REDUCED_BY_GROSS
12,dlinear,59,103015.49637603125,51507.73883383767,0.4999999091963997,10301.549637603126,0.009354177956993226,51507.75754219358,0.009354177956993226,REDUCED_BY_GROSS
12,dlinear,60,103015.49637603125,51507.73883383767,0.4999999091963997,10301.549637603126,0.009354177956993226,51507.75754219358,0.009354177956993226,REDUCED_BY_GROSS
12,dlinear,61,103015.49637603125,51507.73883383767,0.4999999091963997,10301.549637603126,0.009354177956993226,51507.75754219358,0.009354177956993226,REDUCED_BY_GROSS
12,dlinear,62,103168.94087124965,51661.18332905605,0.5007435657745771,10316.894087124965,-76.71289343122771,51507.7575421936,0.0,BLOCKED_BY_GROSS
12,dlinear,63,103168.94087124965,51661.18332905605,0.5007435657745771,10316.894087124965,-76.71289343122771,51507.7575421936,0.0,BLOCKED_BY_GROSS
12,dlinear,64,103168.94087124965,51661.18332905605,0.5007435657745771,10316.894087124965,-76.71289343122771,51507.7575421936,0.0,BLOCKED_BY_GROSS
12,dlinear,65,103168.94087124965,51661.18332905605,0.5007435657745771,10316.894087124965,-76.71289343122771,51507.7575421936,0.0,BLOCKED_BY_GROSS
12,dlinear,66,103440.43037538521,51751.22041720991,0.5002997399508565,10344.043037538522,-31.005229517300904,51689.20995817531,0.0,BLOCKED_BY_GROSS
12,dlinear,67,103440.43037538521,51751.22041720991,0.5002997399508565,10344.043037538522,-31.005229517300904,51689.20995817531,0.0,BLOCKED_BY_GROSS
12,dlinear,68,103440.43037538521,51751.22041720991,0.5002997399508565,10344.043037538522,-31.005229517300904,51689.20995817531,0.0,BLOCKED_BY_GROSS
12,dlinear,69,103440.43037538521,51751.22041720991,0.5002997399508565,10344.043037538522,-31.005229517300904,51689.20995817531,0.0,BLOCKED_BY_GROSS
12,dlinear,70,103440.43037538521,51751.22041720991,0.5002997399508565,10344.043037538522,-31.005229517300904,51689.20995817531,0.0,BLOCKED_BY_GROSS
12,dlinear,71,103256.97534246693,51567.76538429162,0.4994119304120574,10325.697534246694,60.722286941847415,51689.209958175314,60.722286941847415,REDUCED_BY_GROSS
12,dlinear,72,103256.9571282093,51628.47552906274,0.4999999706069016,10325.69571282093,0.0030350419037858956,51628.48159914655,0.0030350419037858956,REDUCED_BY_GROSS
12,dlinear,73,105763.88084085366,31908.713742870925,0.30169764468916377,10576.388084085367,20973.226677555904,73855.16709798273,10576.388084085367,UNCONSTRAINED
12,dlinear,74,105760.70834739938,42482.98697224671,0.4016896977722573,10576.07083473994,10397.36720145298,63277.72137515267,10397.36720145298,REDUCED_BY_GROSS
12,dlinear,75,105308.74008687133,0.0,0.0,10530.874008687133,52654.370043435665,105308.74008687133,10530.874008687133,UNCONSTRAINED
12,dlinear,76,105305.58124581946,10528.76825503132,0.09998300308939516,10530.558124581947,42124.02236787841,94776.81299078814,10530.558124581947,UNCONSTRAINED
12,dlinear,77,105667.82163410392,21422.61982354994,0.20273551107857668,10566.782163410393,31411.29099350202,84245.20181055399,10566.782163410393,UNCONSTRAINED
12,dlinear,78,105664.65202204174,31987.289052890075,0.30272459560286535,10566.465202204176,20845.036958130797,73677.36296915167,10566.465202204176,UNCONSTRAINED
12,dlinear,79,105661.48250505532,42551.641384145165,0.4027166794873364,10566.148250505532,10279.099868382495,63109.841120910154,10279.099868382495,REDUCED_BY_GROSS
12,dlinear,80,104997.99434539578,41923.62596376757,0.39928025506713827,10499.799434539578,10575.371208930323,63074.368381628214,10499.799434539578,UNCONSTRAINED
12,dlinear,81,104994.84482547344,52421.32585822795,0.4992752353257414,10499.484482547345,76.09655450876744,52573.51896724549,76.09655450876744,REDUCED_BY_GROSS
12,dlinear,82,104994.82199955036,52497.40719638483,0.4999999637754484,10499.482199955037,0.003803390347457025,52497.41480316553,0.003803390347457025,REDUCED_BY_GROSS
12,dlinear,83,104994.82199955036,52497.40719638483,0.4999999637754484,10499.482199955037,0.003803390347457025,52497.41480316553,0.003803390347457025,REDUCED_BY_GROSS
12,dlinear,84,104994.82199955036,52497.40719638483,0.4999999637754484,10499.482199955037,0.003803390347457025,52497.41480316553,0.003803390347457025,REDUCED_BY_GROSS
12,dlinear,85,104691.22271913115,41949.46017622814,0.40069701247803213,10469.122271913116,10396.151183337439,62741.762542903016,10396.151183337439,REDUCED_BY_GROSS
12,dlinear,86,104688.1042895391,52343.53254491007,0.4999950366867085,10468.810428953911,0.5195998594790581,52344.57174462903,0.5195998594790581,REDUCED_BY_GROSS
12,dlinear,87,104688.1042895391,52343.53254491007,0.4999950366867085,10468.810428953911,0.5195998594790581,52344.57174462903,0.5195998594790581,REDUCED_BY_GROSS
12,dlinear,88,105059.73610444591,52715.164359816896,0.5017637233298371,10505.973610444591,-185.29630759394058,52344.571744629015,0.0,BLOCKED_BY_GROSS
12,dlinear,89,105059.73610444591,52715.164359816896,0.5017637233298371,10505.973610444591,-185.29630759394058,52344.571744629015,0.0,BLOCKED_BY_GROSS
12,dlinear,90,105059.73610444591,52715.164359816896,0.5017637233298371,10505.973610444591,-185.29630759394058,52344.571744629015,0.0,BLOCKED_BY_GROSS
12,dlinear,91,104645.392232424,41484.420389565435,0.39642854314527226,10464.5392232424,10838.275726646563,63160.97184285856,10464.5392232424,UNCONSTRAINED
12,dlinear,92,104642.25328915493,51946.867123280186,0.49642343786058296,10464.225328915494,374.259521297281,52695.38616587475,374.259521297281,REDUCED_BY_GROSS
12,dlinear,93,105583.01001532828,10982.39774756472,0.10401671391988468,10558.30100153283,41809.10726009942,94600.61226776356,10558.30100153283,UNCONSTRAINED
12,dlinear,94,105261.75710656359,0.0,0.0,10526.17571065636,52630.87855328179,105261.75710656359,10526.17571065636,UNCONSTRAINED
12,dlinear,95,105258.59967481327,10524.07089630835,0.09998300308783792,10525.859967481329,42105.228941098285,94734.52877850493,10525.859967481329,UNCONSTRAINED
12,dlinear,96,105065.92393124904,10653.327354877763,0.10139659897579045,10506.592393124905,41879.634610746754,94412.59657637127,10506.592393124905,UNCONSTRAINED
12,dlinear,97,105062.77237371076,21157.818849684867,0.2013826436487513,10506.277237371076,31373.567337170512,83904.95352402588,10506.277237371076,UNCONSTRAINED
12,dlinear,98,105035.95833267385,31638.332673478544,0.3012143000901884,10503.595833267385,20879.64649285838,73397.6256591953,10503.595833267385,UNCONSTRAINED
12,dlinear,99,105032.8076739837,42139.82820759621,0.401206338674636,10503.28076739837,10376.575629395636,62892.979466387485,10376.575629395636,REDUCED_BY_GROSS
12,dlinear,100,105029.69511627493,52514.32893680512,0.49999506214569345,10502.969511627494,0.518621332346811,52515.36617946981,0.518621332346811,REDUCED_BY_GROSS
12,dlinear,101,105029.69511627493,52514.32893680512,0.49999506214569345,10502.969511627494,0.518621332346811,52515.36617946981,0.518621332346811,REDUCED_BY_GROSS
12,dlinear,102,104593.32691739882,42029.193020971616,0.4018343641957542,10459.332691739883,10267.470437727796,62564.13389642721,10267.470437727796,REDUCED_BY_GROSS
12,dlinear,103,104590.24708688422,52294.61037511406,0.49999509353556054,10459.024708688423,0.5131683280487778,52295.63671177016,0.5131683280487778,REDUCED_BY_GROSS
12,dlinear,104,104590.24708688422,52294.61037511406,0.49999509353556054,10459.024708688423,0.5131683280487778,52295.63671177016,0.5131683280487778,REDUCED_BY_GROSS
12,dlinear,105,105456.33950777122,53160.702796001045,0.5041015366561586,10545.633950777123,-432.5330421154358,52295.636711770174,0.0,BLOCKED_BY_GROSS
12,dlinear,106,105057.0469517135,31204.915555214768,0.29702829520381646,10505.704695171351,21323.607920641985,73852.13139649873,10505.704695171351,UNCONSTRAINED
12,dlinear,107,105053.89566044915,41708.51952944211,0.3970202082200802,10505.389566044916,10818.42830078247,63345.37613100705,10505.389566044916,UNCONSTRAINED
12,dlinear,108,104789.73665518707,21113.23804590458,0.2014819267594703,10478.973665518708,31281.63028168895,83676.49860928248,10478.973665518708,UNCONSTRAINED
12,dlinear,109,104919.28735140595,31722.81030477264,0.3023544202937969,10491.928735140595,20736.833370930333,73196.47704663331,10491.928735140595,UNCONSTRAINED
12,dlinear,110,104399.19918772641,41695.70006905701,0.3993871638237521,10439.91991877264,10503.899524806191,62703.499118669395,10439.91991877264,UNCONSTRAINED
12,dlinear,111,104396.06762926411,52133.53242120994,0.49938214728881186,10439.606762926413,64.5013934221206,52262.53520805418,64.5013934221206,REDUCED_BY_GROSS
12,dlinear,112,104396.04828142573,52198.02091662476,0.49999996911676103,10439.604828142574,0.003224088104616385,52198.02736480097,0.003224088104616385,REDUCED_BY_GROSS
12,dlinear,113,104396.04828142573,52198.02091662476,0.49999996911676103,10439.604828142574,0.003224088104616385,52198.02736480097,0.003224088104616385,REDUCED_BY_GROSS
12,dlinear,114,104145.40726880111,21430.333512763606,0.2057731980196836,10414.540726880112,30642.370121636948,82715.0737560375,10414.540726880112,UNCONSTRAINED
12,dlinear,115,104142.28332308138,31842.79174791888,0.30576237366654185,10414.22833230814,20228.349913621812,72299.49157516251,10414.22833230814,UNCONSTRAINED
12,dlinear,116,104139.15947106754,42254.937650970554,0.40575454867878047,10413.915947106754,9814.642084563216,61884.22182009699,9814.642084563216,REDUCED_BY_GROSS
12,dlinear,117,104154.25013350653,52085.65186212729,0.5000818669940315,10415.425013350654,-8.526795374025824,52068.59827137924,0.0,BLOCKED_BY_GROSS
12,dlinear,118,104154.25013350653,52085.65186212729,0.5000818669940315,10415.425013350654,-8.526795374025824,52068.59827137924,0.0,BLOCKED_BY_GROSS
12,dlinear,119,104154.25013350653,52085.65186212729,0.5000818669940315,10415.425013350654,-8.526795374025824,52068.59827137924,0.0,BLOCKED_BY_GROSS
12,dlinear,120,104154.25013350653,52085.65186212729,0.5000818669940315,10415.425013350654,-8.526795374025824,52068.59827137924,0.0,BLOCKED_BY_GROSS
12,dlinear,121,104154.25013350653,52085.65186212729,0.5000818669940315,10415.425013350654,-8.526795374025824,52068.59827137924,0.0,BLOCKED_BY_GROSS
12,dlinear,122,104154.25013350653,52085.65186212729,0.5000818669940315,10415.425013350654,-8.526795374025824,52068.59827137924,0.0,BLOCKED_BY_GROSS
12,dlinear,123,103906.77991799399,31103.683097726556,0.2993421903967615,10390.677991799399,20849.70686127044,72803.09682026744,10390.677991799399,UNCONSTRAINED
12,dlinear,124,103903.66313014049,41492.2833693419,0.39933417282288075,10390.366313014049,10459.548195728341,62411.37976079858,10390.366313014049,UNCONSTRAINED
12,dlinear,125,104005.03316249698,31366.140708384708,0.30158291146716326,10400.503316249698,20636.375872863784,72638.89245411227,10400.503316249698,UNCONSTRAINED
12,dlinear,126,104151.93698472009,41914.587896996076,0.4024369503866767,10415.193698472009,10161.380595363968,62237.34908772401,10161.380595363968,REDUCED_BY_GROSS
12,dlinear,127,104148.88897691565,52073.93662185932,0.4999951236484278,10414.888897691566,0.5078665985056432,52074.95235505633,0.5078665985056432,REDUCED_BY_GROSS
12,dlinear,128,104148.88897691565,52073.93662185932,0.4999951236484278,10414.888897691566,0.5078665985056432,52074.95235505633,0.5078665985056432,REDUCED_BY_GROSS
12,dlinear,129,104148.88897691565,52073.93662185932,0.4999951236484278,10414.888897691566,0.5078665985056432,52074.95235505633,0.5078665985056432,REDUCED_BY_GROSS
13,dlinear,0,100000.0,0.0,0.0,10000.0,50000.0,100000.0,10000.0,UNCONSTRAINED
13,dlinear,1,99997.00039992029,9998.000399002369,0.09998300308026378,9999.700039992029,40000.499800957776,89999.00000091792,9999.700039992029,UNCONSTRAINED
13,dlinear,2,99994.00088981641,19995.70089856239,0.19996900534658768,9999.400088981642,30001.299546345814,79998.29999125403,9999.400088981642,UNCONSTRAINED
13,dlinear,3,99991.00146968581,29993.101507167194,0.2999580068838512,9999.100146968582,20002.399227675713,69997.89996251863,9999.100146968582,UNCONSTRAINED
13,dlinear,4,99988.00213952585,39990.202233700984,0.3999500077809097,9998.800213952585,10003.798836061942,59997.79990582487,9998.800213952585,UNCONSTRAINED
13,dlinear,5,99985.00289933378,49987.00308720198,0.4999450081281645,9998.500289933378,5.498362464910315,49997.9998121318,5.498362464910315,REDUCED_BY_GROSS
13,dlinear,6,99985.00125004497,49992.50035010042,0.4999999972503669,9998.500125004497,0.00027492206572787836,49992.50089994455,0.00027492206572787836,REDUCED_BY_GROSS
13,dlinear,7,99965.40890037223,49972.90800042768,0.4999020016036927,9996.540890037224,9.796449758439849,49992.500899944556,9.796449758439849,REDUCED_BY_GROSS
13,dlinear,8,100325.07875241997,40245.943726104604,0.40115536640068494,10032.507875241998,9916.59565010538,60079.135026315365,9916.59565010538,REDUCED_BY_GROSS
13,dlinear,9,100322.10417030945,50160.55645366189,0.49999505959831153,10032.210417030947,0.4956314928349457,50161.54771664756,0.4956314928349457,REDUCED_BY_GROSS
13,dlinear,10,98569.61426617559,0.0,0.0,9856.96142661756,49284.807133087794,98569.61426617559,9856.96142661756,UNCONSTRAINED
13,dlinear,11,98637.78617086264,9926.119027446979,0.10063201347861485,9863.778617086266,39392.774057984345,88711.66714341566,9863.778617086266,UNCONSTRAINED
13,dlinear,12,98634.82743174987,19787.925282915192,0.20061803521284,9863.482743174987,29529.488432959744,78846.90214883468,9863.482743174987,UNCONSTRAINED
13,dlinear,13,98631.86878138735,29649.435723945717,0.3006070562209687,9863.186878138737,19666.49866674796,68982.43305744164,9863.186878138737,UNCONSTRAINED
13,dlinear,14,99001.17344991816,39882.91358899738,0.40285293799242683,9900.117344991817,9617.673135961704,59118.259860920785,9617.673135961704,REDUCED_BY_GROSS
13,dlinear,15,98998.2885326074,49498.66357491068,0.49999514444744303,9899.82885326074,0.4806913930224255,49499.624957696724,0.4806913930224255,REDUCED_BY_GROSS
13,dlinear,16,98388.5425038436,30001.64243693675,0.30493024567128557,9838.85425038436,19192.628814985048,68386.90006690685,9838.85425038436,UNCONSTRAINED
13,dlinear,17,98385.59124104399,39838.52930982025,0.4049223957217083,9838.5591241044,9354.266310701743,58547.06193122374,9354.266310701743,REDUCED_BY_GROSS
13,dlinear,18,98382.7853352467,49190.92514105102,0.49999524788233285,9838.278533524672,0.4675265723344637,49191.86019419569,0.4675265723344637,REDUCED_BY_GROSS
13,dlinear,19,98382.7853352467,49190.92514105102,0.49999524788233285,9838.278533524672,0.4675265723344637,49191.86019419569,0.4675265723344637,REDUCED_BY_GROSS
13,dlinear,20,98382.7853352467,49190.92514105102,0.49999524788233285,9838.278533524672,0.4675265723344637,49191.86019419569,0.4675265723344637,REDUCED_BY_GROSS
13,dlinear,21,98518.8118614143,39147.30120097185,0.39735864106887603,9851.88118614143,10112.1047297353,59371.51066044245,9851.88118614143,UNCONSTRAINED
13,dlinear,22,98515.85669105494,48997.212404750375,0.4973535636847305,9851.585669105494,260.71594077709597,49518.64428630457,260.71594077709597,REDUCED_BY_GROSS
13,dlinear,23,97939.66696907983,29681.806479430714,0.30306215446700924,9793.966696907983,19288.0270051092,68257.86048964912,9793.966696907983,UNCONSTRAINED
13,dlinear,24,97439.22856387222,29424.766432801876,0.30198069983193365,9743.922856387222,19294.847849134236,68014.46213107035,9743.922856387222,UNCONSTRAINED
13,dlinear,25,96953.20848318459,19785.3779178316,0.20407140957344538,9695.320848318459,28691.226323760693,77167.83056535298,9695.320848318459,UNCONSTRAINED
13,dlinear,26,96950.30027466544,29478.760089473646,0.3040605341701751,9695.030027466544,18996.390047859073,67471.54018519178,9695.030027466544,UNCONSTRAINED
13,dlinear,27,97074.31116697927,29736.261738372737,0.30632472567559976,9707.431116697928,18800.893845116898,67338.04942860654,9707.431116697928,UNCONSTRAINED
13,dlinear,28,96717.33764652534,20190.70386880448,0.20875992205860572,9671.733764652534,28167.964954458188,76526.63377772085,9671.733764652534,UNCONSTRAINED
13,dlinear,29,96714.43651318796,29860.503673420084,0.3087491872978892,9671.443651318796,18496.714583173896,66853.93283976788,9671.443651318796,UNCONSTRAINED
13,dlinear,30,97019.28756706949,39837.76552297095,0.4106169661927385,9701.92875670695,8671.878260563797,57181.52204409854,8671.878260563797,REDUCED_BY_GROSS
13,dlinear,31,97666.80858820182,49158.03199212039,0.5033238282555973,9766.680858820182,-324.6276980194816,48508.77659608143,0.0,BLOCKED_BY_GROSS
13,dlinear,32,98417.26301485732,29119.05815994422,0.29587348060622587,9841.726301485733,20089.573347484442,69298.2048549131,9841.726301485733,UNCONSTRAINED
13,dlinear,33,98414.31089055723,38958.81650969568,0.3958653589823972,9841.431089055724,10248.338935582935,59455.49438086155,9841.431089055724,UNCONSTRAINED
13,dlinear,34,100393.00627471766,41199.32148215134,0.4103803941224013,10039.300627471766,8997.181655207489,59193.68479256632,8997.181655207489,REDUCED_BY_GROSS
13,dlinear,35,100960.10488232912,18970.648236331414,0.1879024220353382,10096.010488232912,31509.404204833147,81989.4566459977,10096.010488232912,UNCONSTRAINED
13,dlinear,36,101126.2346446066,29233.798087671792,0.28908223657698434,10112.62346446066,21329.319234631505,71892.4365569348,10112.62346446066,UNCONSTRAINED
13,dlinear,37,101123.20126199131,39344.39943184931,0.3890739112373957,10112.320126199133,11217.201199146344,61778.801830142,10112.320126199133,UNCONSTRAINED
13,dlinear,38,101120.16797036558,49454.697497789544,0.4890685853318876,10112.016797036558,1105.386487393247,51665.47047257604,1105.386487393247,REDUCED_BY_GROSS
13,dlinear,39,101119.83639862602,50559.86295192948,0.4999994536444529,10111.983639862603,0.055247383534151595,50559.973446696546,0.055247383534151595,REDUCED_BY_GROSS
13,dlinear,40,100602.19541148841,40500.8057572488,0.40258371690190525,10060.219541148843,9800.291948495404,60101.38965423961,9800.291948495404,REDUCED_BY_GROSS
13,dlinear,41,101554.34709770567,51254.22942110396,0.5046975426053614,10155.434709770569,-477.05587225112686,50300.11767660171,0.0,BLOCKED_BY_GROSS
13,dlinear,42,101554.34709770567,51254.22942110396,0.5046975426053614,10155.434709770569,-477.05587225112686,50300.11767660171,0.0,BLOCKED_BY_GROSS
13,dlinear,43,101554.34709770567,51254.22942110396,0.5046975426053614,10155.434709770569,-477.05587225112686,50300.11767660171,0.0,BLOCKED_BY_GROSS
13,dlinear,44,101309.51252219005,51009.39484558835,0.5035005457598628,10130.951252219005,-354.63858449332474,50300.1176766017,0.0,BLOCKED_BY_GROSS
13,dlinear,45,101898.79313700522,10313.56628319202,0.1012138217311877,10189.879313700523,40635.83028531059,91585.2268538132,10189.879313700523,UNCONSTRAINED
13,dlinear,46,101895.73658072484,20501.40802832891,0.2011998609194712,10189.573658072484,30446.46026203351,81394.32855239593,10189.573658072484,UNCONSTRAINED
13,dlinear,47,102350.35908741731,31146.623150271276,0.30431376526650955,10235.035908741731,20028.55639343738,71203.73593714603,10235.035908741731,UNCONSTRAINED
13,dlinear,48,102169.66581828936,41201.989293401006,0.4032702756088045,10216.966581828936,9882.843615743674,60967.67652488835,9882.843615743674,REDUCED_BY_GROSS
13,dlinear,49,102166.70136043956,51082.85673491091,0.499995165300413,10216.670136043957,0.4939453088736627,51083.844625528654,0.4939453088736627,REDUCED_BY_GROSS
13,dlinear,50,103467.50729800998,31222.335634818173,0.30175981281631475,10346.750729800999,20511.418014186816,72245.17166319181,10346.750729800999,UNCONSTRAINED
13,dlinear,51,103289.79587329488,30335.355441261097,0.2936916970818041,10328.979587329488,21309.54249538634,72954.44043203378,10328.979587329488,UNCONSTRAINED
13,dlinear,52,103224.12253069213,40599.694583903736,0.39331595743845665,10322.412253069213,11012.366681442327,62624.42794678839,10322.412253069213,UNCONSTRAINED
13,dlinear,53,103221.02621983027,50920.04276692699,0.4933107587836063,10322.102621983027,690.470342988141,52300.983452903274,690.470342988141,REDUCED_BY_GROSS
13,dlinear,54,103220.81910634076,51610.37504315087,0.4999996656680328,10322.081910634077,0.03451001951179933,51610.44406318989,0.03451001951179933,REDUCED_BY_GROSS
13,dlinear,55,103058.81015989155,51448.36609670168,0.49921366273180945,10305.881015989156,81.03898324409965,51610.444063189876,81.03898324409965,REDUCED_BY_GROSS
13,dlinear,56,103058.78585143751,51529.388875353725,0.49999996069849845,10305.878585143751,0.004050365030707326,51529.396976083786,0.004050365030707326,REDUCED_BY_GROSS
13,dlinear,57,103177.4104376343,51648.013461550516,0.5005748180971183,10317.741043763432,-59.30824273336475,51529.396976083786,0.0,BLOCKED_BY_GROSS
13,dlinear,58,103177.4104376343,51648.013461550516,0.5005748180971183,10317.741043763432,-59.30824273336475,51529.396976083786,0.0,BLOCKED_BY_GROSS
13,dlinear,59,103177.4104376343,51648.013461550516,0.5005748180971183,10317.741043763432,-59.30824273336475,51529.396976083786,0.0,BLOCKED_BY_GROSS
13,dlinear,60,103399.85475669095,51870.45778060717,0.5016492325125887,10339.985475669097,-170.53040226169105,51529.396976083786,0.0,BLOCKED_BY_GROSS
13,dlinear,61,103022.77763989376,51493.38066380998,0.4998252021878128,10302.277763989376,18.008156136900652,51529.39697608378,18.008156136900652,REDUCED_BY_GROSS
13,dlinear,62,102810.78520304785,31522.119117421364,0.30660323287256525,10281.078520304785,19883.273484102563,71288.6660856265,10281.078520304785,UNCONSTRAINED
13,dlinear,63,102294.69869746646,30586.34030152132,0.2990022033495549,10229.469869746647,20561.009047211912,71708.35839594514,10229.469869746647,UNCONSTRAINED
14,dlinear,0,100000.0,0.0,0.0,10000.0,50000.0,100000.0,10000.0,UNCONSTRAINED
14,dlinear,1,99932.36480390295,9933.3648036039,0.0994008780148065,9993.236480390296,40032.817598347574,89999.00000029906,9993.236480390296,UNCONSTRAINED
14,dlinear,2,99929.36723260843,19924.60303610839,0.19938686282010898,9992.936723260844,30040.080580195827,80004.76419650004,9992.936723260844,UNCONSTRAINED
14,dlinear,3,99993.14408969294,29982.315910059195,0.29984371611683025,9999.314408969294,20014.256134787276,70010.82817963374,9999.314408969294,UNCONSTRAINED
14,dlinear,4,99279.3400918497,29580.23242322659,0.29794952702002264,9927.934009184972,20059.437622698264,69699.10766862312,9927.934009184972,UNCONSTRAINED
14,dlinear,5,99276.36210868496,39506.18124248947,0.3979414676702115,9927.636210868497,10131.999811853013,59770.18086619549,9927.636210868497,UNCONSTRAINED
14,dlinear,6,100169.01765692438,40702.47238888602,0.40633794102175047,10016.901765692439,9382.036439576172,59466.54526803836,9382.036439576172,REDUCED_BY_GROSS
14,dlinear,7,99982.4071195572,39311.73420184251,0.3931865148519002,9998.240711955721,10679.46935793609,60670.67291771469,9998.240711955721,UNCONSTRAINED
14,dlinear,8,100612.01092855574,49940.578546802826,0.49636795931119465,10061.201092855576,365.4269174750443,50671.432381752915,365.4269174750443,REDUCED_BY_GROSS
14,dlinear,9,101428.73591868648,31381.15799596693,0.3093911968017093,10142.873591868649,19333.20996337631,70047.57792271955,10142.873591868649,UNCONSTRAINED
14,dlinear,10,101661.8887743149,21019.90940907605,0.2067629242629887,10166.18887743149,29811.034978081396,80641.97936523885,10166.18887743149,UNCONSTRAINED
14,dlinear,11,101726.19932051376,30880.33391434278,0.30356323268351537,10172.619932051377,19982.765745914097,70845.86540617098,10172.619932051377,UNCONSTRAINED
14,dlinear,12,101391.58853741008,20207.72658630582,0.1993037773429287,10139.158853741008,30488.067682399218,81183.86195110425,10139.158853741008,UNCONSTRAINED
14,dlinear,13,101155.20510884211,30111.515927225402,0.29767638644818795,10115.520510884213,20466.086627195655,71043.6891816167,10115.520510884213,UNCONSTRAINED
14,dlinear,14,101152.1708572288,40225.01373840015,0.3976683189051447,10115.217085722881,10351.071690214252,60927.157118828654,10115.217085722881,UNCONSTRAINED
14,dlinear,15,101530.98489706739,50720.05638544475,0.49955249066937535,10153.09848970674,45.436063088949595,50810.928511622646,45.436063088949595,REDUCED_BY_GROSS
14,dlinear,16,101097.96793542153,30763.874832039073,0.30429765761157684,10109.796793542155,19785.109135671693,70334.09310338246,10109.796793542155,UNCONSTRAINED
14,dlinear,17,101586.98530648559,41363.69997606217,0.4071751893342326,10158.698530648559,9429.792677180623,60223.285330423416,9429.792677180623,REDUCED_BY_GROSS
14,dlinear,18,101584.15674579874,50791.60707175337,0.49999536048571847,10158.415674579875,0.47130114599713124,50792.54967404537,0.47130114599713124,REDUCED_BY_GROSS
14,dlinear,19,101441.68987311595,39918.34650746804,0.3935102673999045,10144.168987311596,10802.49842908993,61523.3433656479,10144.168987311596,UNCONSTRAINED
14,dlinear,20,99789.08876074688,9217.922418219534,0.0923740514388333,9978.908876074689,40676.621962153906,90571.16634252734,9978.908876074689,UNCONSTRAINED
14,dlinear,21,99653.36638223252,9919.780261888003,0.09954285160663302,9965.336638223253,39906.90292922826,89733.58612034451,9965.336638223253,UNCONSTRAINED
14,dlinear,22,99650.37717977492,19883.124230934605,0.1995288406692563,9965.037717977493,29942.064358952855,79767.25294884032,9965.037717977493,UNCONSTRAINED
14,dlinear,23,99647.38806698134,29846.16933981033,0.29951782900469226,9964.738806698135,19977.524693680338,69801.21872717101,9964.738806698135,UNCONSTRAINED
14,dlinear,24,99644.39904384929,39808.91559687435,0.3995098166968334,9964.43990438493,10013.283925050295,59835.48344697494,9964.43990438493,UNCONSTRAINED
14,dlinear,25,99641.41011037596,49771.36301148211,0.49950480383957624,9964.141011037596,49.34204370586667,49870.04709889385,49.34204370586667,REDUCED_BY_GROSS
14,dlinear,26,99641.39530973617,49820.69518864926,0.4999999752490537,9964.139530973618,0.002466218822519295,49820.700121086906,0.002466218822519295,REDUCED_BY_GROSS
14,dlinear,27,99098.78063511441,39617.40540078413,0.39977692103656626,9909.878063511442,9931.984916773072,59481.37523433028,9909.878063511442,UNCONSTRAINED
14,dlinear,28,99883.7423176246,50313.236134428895,0.503717972184459,9988.37423176246,-371.3649756165978,49570.5061831957,0.0,BLOCKED_BY_GROSS
14,dlinear,29,99883.7423176246,50313.236134428895,0.503717972184459,9988.37423176246,-371.3649756165978,49570.5061831957,0.0,BLOCKED_BY_GROSS
14,dlinear,30,99883.7423176246,50313.236134428895,0.503717972184459,9988.37423176246,-371.3649756165978,49570.5061831957,0.0,BLOCKED_BY_GROSS
14,dlinear,31,99848.68702674937,50278.18084355366,0.5035437354332379,9984.868702674938,-353.8373301789761,49570.50618319571,0.0,BLOCKED_BY_GROSS
14,dlinear,32,99848.68702674937,50278.18084355366,0.5035437354332379,9984.868702674938,-353.8373301789761,49570.50618319571,0.0,BLOCKED_BY_GROSS
14,dlinear,33,99848.68702674937,50278.18084355366,0.5035437354332379,9984.868702674938,-353.8373301789761,49570.50618319571,0.0,BLOCKED_BY_GROSS
14,dlinear,34,101080.22213073735,51509.715947541656,0.5095924292777957,10108.022213073737,-969.6048821729783,49570.5061831957,0.0,BLOCKED_BY_GROSS
14,dlinear,35,101336.61357053622,41053.532962428064,0.405120434914202,10133.661357053623,9614.773822840049,60283.08060810816,9614.773822840049,REDUCED_BY_GROSS
14,dlinear,36,101312.46438399168,40082.55413731211,0.39563299916772654,10131.246438399168,10573.678054683733,61229.910246679574,10131.246438399168,UNCONSTRAINED
14,dlinear,37,100986.68868898036,40567.369444159915,0.4017100666514538,10098.668868898036,9925.974900330264,60419.31924482044,9925.974900330264,REDUCED_BY_GROSS
14,dlinear,38,100938.9250496198,50446.573302012475,0.4997732369075045,10093.89250496198,22.889222797421098,50492.35174760732,22.889222797421098,REDUCED_BY_GROSS
14,dlinear,39,101180.94623681868,50711.48600088151,0.5011960046527825,10118.094623681869,-121.01288247216871,50469.46023593717,0.0,BLOCKED_BY_GROSS
14,dlinear,40,100417.39596167064,40324.55301567594,0.40156939571573674,10041.739596167065,9884.14496515938,60092.8429459947,9884.14496515938,REDUCED_BY_GROSS
14,dlinear,41,100414.43111346794,50206.721546769404,0.4999950802891667,10041.443111346794,0.4940099645682494,50207.70956669854,0.4940099645682494,REDUCED_BY_GROSS
14,dlinear,42,101155.64554126584,41365.108018735125,0.40892535258311885,10115.564554126584,9212.714751897794,59790.537522530714,9212.714751897794,REDUCED_BY_GROSS
14,dlinear,43,101599.63167760149,20044.451506629208,0.19728862374456993,10159.96316776015,30755.364332171535,81555.18017097228,10159.96316776015,UNCONSTRAINED
14,dlinear,44,101296.18031243313,20198.211437468162,0.19939756242703088,10129.618031243313,30449.878718748405,81097.96887496498,10129.618031243313,UNCONSTRAINED
14,dlinear,45,101343.89799748558,30376.56011483015,0.2997374357515222,10134.389799748558,20295.388883912638,70967.33788265543,10134.389799748558,UNCONSTRAINED
14,dlinear,46,101340.85808584021,40508.92344182805,0.3997294300341841,10134.085808584023,10161.50560109206,60831.934644012166,10134.085808584023,UNCONSTRAINED
14,dlinear,47,101620.45314271601,50923.61771572724,0.5011158299423246,10162.045314271601,-113.3911443692341,50696.83542698877,0.0,BLOCKED_BY_GROSS
14,dlinear,48,102067.08728831192,51370.25186132314,0.5032988912107982,10206.708728831192,-336.7082171671791,50696.83542698878,0.0,BLOCKED_BY_GROSS
15,dlinear,0,100000.0,0.0,0.0,10000.0,50000.0,100000.0,10000.0,UNCONSTRAINED
15,dlinear,1,99894.01594296594,9895.015942705535,0.09905514208533825,9989.401594296594,40051.99202877744,89999.0000002604,9989.401594296594,UNCONSTRAINED
15,dlinear,2,100157.16976968828,10033.647179861875,0.10017902066256743,10015.716976968828,40044.937704982265,90123.5225898264,10015.716976968828,UNCONSTRAINED
15,dlinear,3,99422.2492551756,0.0,0.0,9942.224925517561,49711.1246275878,99422.2492551756,9942.224925517561,UNCONSTRAINED
15,dlinear,4,99920.69513615429,0.0,0.0,9992.06951361543,49960.347568077144,99920.69513615429,9992.06951361543,UNCONSTRAINED
15,dlinear,5,99995.23648539594,10067.610069787848,0.10068089664709376,9999.523648539594,39930.00817291012,89927.6264156081,9999.523648539594,UNCONSTRAINED
15,dlinear,6,99992.23702820239,20065.13421341181,0.20066691985051321,9999.22370282024,29930.984300689386,79927.10281479059,9999.22370282024,UNCONSTRAINED
15,dlinear,7,99301.19803886481,19686.856411754296,0.1982539667250459,9930.119803886482,29963.74260767811,79614.34162711051,9930.119803886482,UNCONSTRAINED
15,dlinear,8,99298.219400049,29614.990588802684,0.2982429168189905,9929.8219400049,20034.119111221815,69683.22881124631,9929.8219400049,UNCONSTRAINED
15,dlinear,9,100222.69950306445,10364.61512320547,0.10341584465990719,10022.269950306445,39746.734628326754,89858.08437985898,10022.269950306445,UNCONSTRAINED
15,dlinear,10,101133.27558131231,10586.072114070725,0.10467447092188172,10113.327558131232,39980.56567658543,90547.20346724158,10113.327558131232,UNCONSTRAINED
15,dlinear,11,100719.54489470526,0.0,0.0,10071.954489470527,50359.77244735263,100719.54489470526,10071.954489470527,UNCONSTRAINED
15,dlinear,12,100815.14833001512,10168.565120209018,0.1008634643567904,10081.514833001513,40239.00904479854,90646.5832098061,10081.514833001513,UNCONSTRAINED
15,dlinear,13,100812.12427874525,20248.064053155904,0.20084949303488597,10081.212427874525,30157.99808621672,80564.06022558935,10081.212427874525,UNCONSTRAINED
15,dlinear,14,101061.3547925416,30579.51511600499,0.3025836649308582,10106.13547925416,19951.162280265813,70481.83967653662,10106.13547925416,UNCONSTRAINED
15,dlinear,15,101058.32335606245,40683.62977222998,0.4025757445914462,10105.832335606246,9845.531905801246,60374.69358383247,9845.531905801246,REDUCED_BY_GROSS
15,dlinear,16,100655.74440388917,50127.56727890288,0.4980100000826782,10065.574440388918,200.30492304170184,50528.17712498629,200.30492304170184,REDUCED_BY_GROSS
15,dlinear,17,100617.78614188237,40515.75294383371,0.40266989065632935,10061.778614188239,9793.14012710748,60102.033198048666,9793.14012710748,REDUCED_BY_GROSS
15,dlinear,18,100148.52452755565,30268.67181517285,0.3022378208562073,10014.852452755566,19805.590448604977,69879.8527123828,10014.852452755566,UNCONSTRAINED
15,dlinear,19,99684.38816829152,30325.792003750015,0.3042180682551082,9968.438816829153,19516.402080395746,69358.59616454151,9968.438816829153,UNCONSTRAINED
15,dlinear,20,99681.39803530436,40292.2375312323,0.404210196941278,9968.139803530437,9548.461486419881,59389.16050407206,9548.461486419881,REDUCED_BY_GROSS
15,dlinear,21,99999.1188206903,49965.175998201295,0.4996561628487396,9999.911882069031,34.38341214385582,50033.94282248901,34.38341214385582,REDUCED_BY_GROSS
15,dlinear,22,99999.10850704173,49999.552534977345,0.4999999828144116,9999.910850704175,0.0017185435208375566,49999.55597206439,0.0017185435208375566,REDUCED_BY_GROSS
15,dlinear,23,99870.71658581348,49871.16061374909,0.4993571921645071,9987.07165858135,64.1976791576526,49999.555972064394,64.1976791576526,REDUCED_BY_GROSS
15,dlinear,24,98871.56214250649,29411.200993654926,0.2974687600390464,9887.15621425065,20024.58007759832,69460.36114885156,9887.15621425065,UNCONSTRAINED
15,dlinear,25,98632.12010610403,29514.511875652548,0.299238339842053,9863.212010610405,19801.54817739947,69117.60823045149,9863.212010610405,UNCONSTRAINED
15,dlinear,26,98728.98033882838,39475.570440186304,0.3998377204414544,9872.898033882839,9888.919729227884,59253.40989864207,9872.898033882839,UNCONSTRAINED
16,dlinear,0,100000.0,0.0,0.0,10000.0,50000.0,100000.0,10000.0,UNCONSTRAINED
16,dlinear,1,99997.00039992003,9998.0003999001,0.09998300308924163,9999.700039992003,40000.499800059915,89999.00000001992,9999.700039992003,UNCONSTRAINED
16,dlinear,2,99994.00088981606,19995.700899763156,0.19996900535859677,9999.400088981607,30001.299545144873,79998.29999005291,9999.400088981607,UNCONSTRAINED
16,dlinear,3,99991.0014696854,29993.101508559295,0.2999580068977747,9999.100146968542,20002.399226283407,69997.89996112611,9999.100146968542,UNCONSTRAINED
16,dlinear,4,99901.14294472718,30209.06429793046,0.3023895764099955,9990.114294472718,19741.50717443313,69692.07864679673,9990.114294472718,UNCONSTRAINED
16,dlinear,5,99898.1463099636,40197.18096880191,0.4023816502468249,9989.814630996361,9751.892186179888,59700.96534116169,9751.892186179888,REDUCED_BY_GROSS
16,dlinear,6,99895.22113230552,49947.12316623483,0.4999951208885429,9989.522113230552,0.4873999179326347,49948.097966070694,0.4873999179326347,REDUCED_BY_GROSS
16,dlinear,7,99895.22113230552,49947.12316623483,0.4999951208885429,9989.522113230552,0.4873999179326347,49948.097966070694,0.4873999179326347,REDUCED_BY_GROSS
16,dlinear,8,100884.50874634078,50936.41078027009,0.5048982387210923,10088.45087463408,-494.1564070996974,49948.097966070694,0.0,BLOCKED_BY_GROSS
16,dlinear,9,100884.50874634078,50936.41078027009,0.5048982387210923,10088.45087463408,-494.1564070996974,49948.097966070694,0.0,BLOCKED_BY_GROSS
16,dlinear,10,101205.94094653832,30171.05167502643,0.29811542082261927,10120.594094653832,20431.918798242732,71034.8892715119,10120.594094653832,UNCONSTRAINED
16,dlinear,11,100629.92720266998,29904.575123737926,0.29717377280329066,10062.992720266999,20410.388477597062,70725.35207893205,10062.992720266999,UNCONSTRAINED
16,dlinear,12,101053.38806339282,10186.215344194981,0.1008003347478559,10105.338806339283,40340.478687501425,90867.17271919784,10105.338806339283,UNCONSTRAINED
16,dlinear,13,101050.35686588366,20289.533486865785,0.200786361534522,10105.035686588366,30235.644946076045,80760.82337901788,10105.035686588366,UNCONSTRAINED
16,dlinear,14,101256.24677722176,30601.469588138803,0.3022180908548429,10125.624677722177,20026.65380047208,70654.77718908296,10125.624677722177,UNCONSTRAINED
16,dlinear,15,101921.37019898983,30031.797212451336,0.2946565293796353,10192.137019898983,20928.887887043576,71889.5729865385,10192.137019898983,UNCONSTRAINED
16,dlinear,16,102062.71074794696,20436.460051600483,0.20023434515736271,10206.271074794697,30594.895322372995,81626.25069634647,10206.271074794697,UNCONSTRAINED
16,dlinear,17,101924.53661775767,20215.399136872435,0.19833692462772928,10192.453661775768,30746.869172006398,81709.13748088523,10192.453661775768,UNCONSTRAINED
16,dlinear,18,101921.47928927575,30405.814715513687,0.2983258772099966,10192.147928927576,20554.92492912419,71515.66457376207,10192.147928927576,UNCONSTRAINED
16,dlinear,19,101918.42205250147,40595.924622447405,0.3983178291509962,10191.842205250148,10363.28640380333,61322.49743005406,10191.842205250148,UNCONSTRAINED
16,dlinear,20,102289.81132440813,51160.17528377078,0.5001492780304218,10228.981132440815,-15.269621566716523,51129.63604063735,0.0,BLOCKED_BY_GROSS
16,dlinear,21,101805.83701565271,30930.51605443896,0.3038186901767074,10180.583701565272,19972.402453387396,70875.32096121376,10180.583701565272,UNCONSTRAINED
16,dlinear,22,101802.78324768419,41109.064046348125,0.40381080688462684,10180.27832476842,9792.327577493968,60693.71920133606,9792.327577493968,REDUCED_BY_GROSS
16,dlinear,23,101799.8459410258,50899.43354974186,0.4999951923230677,10179.98459410258,0.4894207710385672,50900.412391283935,0.4894207710385672,REDUCED_BY_GROSS
16,dlinear,24,101799.8459410258,50899.43354974186,0.4999951923230677,10179.98459410258,0.4894207710385672,50900.412391283935,0.4894207710385672,REDUCED_BY_GROSS
16,dlinear,25,101318.44381725596,39866.856448803876,0.3934807419733976,10131.844381725597,10792.365459824105,61451.587368452085,10131.844381725597,UNCONSTRAINED
16,dlinear,26,101315.40466913422,49996.67486674259,0.4934755482645187,10131.540466913422,661.0274678245187,51318.72980239163,661.0274678245187,REDUCED_BY_GROSS
16,dlinear,27,101315.2063873297,50657.57015544608,0.4999996739066134,10131.52063873297,0.033038218767615035,50657.63623188362,0.033038218767615035,REDUCED_BY_GROSS
16,dlinear,28,101315.2063873297,50657.57015544608,0.4999996739066134,10131.52063873297,0.033038218767615035,50657.63623188362,0.033038218767615035,REDUCED_BY_GROSS
16,dlinear,29,101315.2063873297,50657.57015544608,0.4999996739066134,10131.52063873297,0.033038218767615035,50657.63623188362,0.033038218767615035,REDUCED_BY_GROSS
16,dlinear,30,101307.31434872196,40768.236631407424,0.40242145291774517,10130.731434872197,9885.420542953558,60539.07771731454,9885.420542953558,REDUCED_BY_GROSS
16,dlinear,31,101304.34911789694,50651.680485252655,0.499995122877743,10130.434911789695,0.49407369581604144,50652.66863264429,0.49407369581604144,REDUCED_BY_GROSS
16,dlinear,32,101304.34911789694,50651.680485252655,0.499995122877743,10130.434911789695,0.49407369581604144,50652.66863264429,0.49407369581604144,REDUCED_BY_GROSS
16,dlinear,33,100970.43781303205,20672.729684586477,0.2047404184070824,10097.043781303206,29812.48922192955,80297.70812844558,10097.043781303206,UNCONSTRAINED
16,dlinear,34,100967.40910369872,30767.754460699405,0.3047295630721725,10096.740910369874,19715.950091149956,70199.65464299932,10096.740910369874,UNCONSTRAINED
16,dlinear,35,100964.38048521473,40862.47642582688,0.4047217070956108,10096.438048521473,9619.713816780488,60101.90405938785,9619.713816780488,REDUCED_BY_GROSS
16,dlinear,36,100961.49495578141,50480.26668425176,0.4999952378514288,10096.149495578142,0.4807936389479437,50481.22827152965,0.4807936389479437,REDUCED_BY_GROSS
16,dlinear,37,100961.49495578141,50480.26668425176,0.4999952378514288,10096.149495578142,0.4807936389479437,50481.22827152965,0.4807936389479437,REDUCED_BY_GROSS
16,dlinear,38,102576.53160232276,52095.30333079312,0.5078676624860015,10257.653160232278,-807.0375296317361,50481.228271529646,0.0,BLOCKED_BY_GROSS
16,dlinear,39,102576.53160232276,52095.30333079312,0.5078676624860015,10257.653160232278,-807.0375296317361,50481.228271529646,0.0,BLOCKED_BY_GROSS
16,dlinear,40,102576.53160232276,52095.30333079312,0.5078676624860015,10257.653160232278,-807.0375296317361,50481.228271529646,0.0,BLOCKED_BY_GROSS
16,dlinear,41,102973.74802788772,41643.8065116623,0.40441187496044306,10297.374802788772,9843.067502281563,61329.94151622542,9843.067502281563,REDUCED_BY_GROSS
16,dlinear,42,102970.79550128103,51484.90579403527,0.49999522236763494,10297.079550128103,0.4919566052412847,51485.889707245755,0.4919566052412847,REDUCED_BY_GROSS
16,dlinear,43,102970.79550128103,51484.90579403527,0.49999522236763494,10297.079550128103,0.4919566052412847,51485.889707245755,0.4919566052412847,REDUCED_BY_GROSS
16,dlinear,44,102970.79550128103,51484.90579403527,0.49999522236763494,10297.079550128103,0.4919566052412847,51485.889707245755,0.4919566052412847,REDUCED_BY_GROSS
16,dlinear,45,102970.79550128103,51484.90579403527,0.49999522236763494,10297.079550128103,0.4919566052412847,51485.889707245755,0.4919566052412847,REDUCED_BY_GROSS
16,dlinear,46,102970.79550128103,51484.90579403527,0.49999522236763494,10297.079550128103,0.4919566052412847,51485.889707245755,0.4919566052412847,REDUCED_BY_GROSS
16,dlinear,47,102952.398356444,40687.42370395348,0.39520617638342537,10295.239835644401,10788.775474268521,62264.97465249052,10295.239835644401,UNCONSTRAINED
16,dlinear,48,102949.31019622064,50980.604903047635,0.49520103443023533,10294.931019622065,494.0501950626858,51968.70529317301,494.0501950626858,REDUCED_BY_GROSS
16,dlinear,49,102949.1620009203,51474.556307412626,0.49999976014328773,10294.916200092031,0.024693047525943257,51474.60569350768,0.024693047525943257,REDUCED_BY_GROSS
16,dlinear,50,102949.1620009203,51474.556307412626,0.49999976014328773,10294.916200092031,0.024693047525943257,51474.60569350768,0.024693047525943257,REDUCED_BY_GROSS
16,dlinear,51,102949.1620009203,51474.556307412626,0.49999976014328773,10294.916200092031,0.024693047525943257,51474.60569350768,0.024693047525943257,REDUCED_BY_GROSS
16,dlinear,52,103120.71841859624,50940.18286034675,0.49398591904263217,10312.071841859624,620.1763489513687,52180.53555824949,620.1763489513687,REDUCED_BY_GROSS
16,dlinear,53,103120.53239049378,51560.23519838826,0.499999699411379,10312.053239049379,0.0309968586298055,51560.29719210552,0.0309968586298055,REDUCED_BY_GROSS
16,dlinear,54,103120.53239049378,51560.23519838826,0.499999699411379,10312.053239049379,0.0309968586298055,51560.29719210552,0.0309968586298055,REDUCED_BY_GROSS
16,dlinear,55,103120.53239049378,51560.23519838826,0.499999699411379,10312.053239049379,0.0309968586298055,51560.29719210552,0.0309968586298055,REDUCED_BY_GROSS
16,dlinear,56,103120.53239049378,51560.23519838826,0.499999699411379,10312.053239049379,0.0309968586298055,51560.29719210552,0.0309968586298055,REDUCED_BY_GROSS
16,dlinear,57,103514.72227635635,51954.425084250826,0.5019037286845686,10351.472227635635,-197.06394607265247,51560.29719210552,0.0,BLOCKED_BY_GROSS
16,dlinear,58,103514.72227635635,51954.425084250826,0.5019037286845686,10351.472227635635,-197.06394607265247,51560.29719210552,0.0,BLOCKED_BY_GROSS
16,dlinear,59,103514.72227635635,51954.425084250826,0.5019037286845686,10351.472227635635,-197.06394607265247,51560.29719210552,0.0,BLOCKED_BY_GROSS
16,dlinear,60,103372.69350412073,41028.56928993103,0.3968994895958236,10337.269350412074,10657.777462129336,62344.1242141897,10337.269350412074,UNCONSTRAINED
16,dlinear,61,103369.59273672377,51363.771599632746,0.49689439843739375,10336.959273672379,321.0247687291412,52005.82113709103,321.0247687291412,REDUCED_BY_GROSS
16,dlinear,62,102625.08006233066,49830.72606294071,0.48556089829772003,10262.508006233067,1481.8139682246183,52794.35399938995,1481.8139682246183,REDUCED_BY_GROSS
16,dlinear,63,102269.84075562256,20863.974233506055,0.20400906151170478,10226.984075562257,30270.946144305224,81405.8665221165,10226.984075562257,UNCONSTRAINED
16,dlinear,64,102266.77306939747,31088.913321169388,0.30399818423988684,10226.677306939748,20044.47321352935,71177.85974822809,10226.677306939748,UNCONSTRAINED
16,dlinear,65,102263.70547519071,41313.545701543,0.40399030633175825,10226.370547519073,9818.307036052356,60950.15977364771,9818.307036052356,REDUCED_BY_GROSS
16,dlinear,66,101890.30074702988,29712.590091480073,0.29161352821255854,10189.030074702989,21232.560282034865,72177.7106555498,10189.030074702989,UNCONSTRAINED
16,dlinear,67,102056.34158988862,30288.77525595971,0.2967848424125818,10205.634158988862,20739.395538984598,71767.5663339289,10205.634158988862,UNCONSTRAINED
16,dlinear,68,102816.9519558815,30571.358516270404,0.29733772432184624,10281.69519558815,20837.117461670343,72245.59343961108,10281.69519558815,UNCONSTRAINED
16,dlinear,69,102636.75631216788,40673.88623766078,0.39628966950155625,10263.675631216789,10644.491918423162,61962.870074507104,10263.675631216789,UNCONSTRAINED
16,dlinear,70,102633.67761994351,50935.509543971086,0.49628456005042765,10263.367761994352,381.32926600067003,51698.168075972426,381.32926600067003,REDUCED_BY_GROSS
16,dlinear,71,102633.56323641384,51316.7625593489,0.49999981430189677,10263.356323641385,0.019058858022617642,51316.800677064944,0.019058858022617642,REDUCED_BY_GROSS
16,dlinear,72,103266.11454517921,51949.313868114274,0.5030625398943068,10326.611454517923,-316.2565955246682,51316.80067706494,0.0,BLOCKED_BY_GROSS
16,dlinear,73,103159.00361513186,31240.954440492955,0.30284273156657726,10315.900361513188,20338.547367072977,71918.0491746389,10315.900361513188,UNCONSTRAINED
16,dlinear,74,102791.56649759089,10709.89469123191,0.10419040254127186,10279.15664975909,40685.888557563536,92081.67180635898,10279.15664975909,UNCONSTRAINED
16,dlinear,75,103072.93896441026,10617.625743263523,0.10301079846893325,10307.293896441028,40918.84373894161,92455.31322114675,10307.293896441028,UNCONSTRAINED
16,dlinear,76,103069.84718845098,20922.858592054843,0.20299689155257872,10306.984718845099,30612.065002170646,82146.98859639614,10306.984718845099,UNCONSTRAINED
16,dlinear,77,103347.21878924208,31508.2456100218,0.3048775378685048,10334.721878924209,20165.363784599238,71838.97317922028,10334.721878924209,UNCONSTRAINED
16,dlinear,78,103344.11878598467,41840.90095767397,0.40486968633718085,10334.411878598468,9831.158435318364,61503.2178283107,9831.158435318364,REDUCED_BY_GROSS
16,dlinear,79,103341.16983162178,51670.09355445397,0.4999952452506806,10334.11698316218,0.49136135692242533,51671.07627716781,0.49136135692242533,REDUCED_BY_GROSS
16,dlinear,80,103048.69958382598,41411.82555118957,0.4018665516249694,10304.869958382598,10112.524240723418,61636.874032636406,10112.524240723418,REDUCED_BY_GROSS
16,dlinear,81,103045.66623097386,51522.32769140157,0.49999509514466894,10304.566623097387,0.5054240853569354,51523.33853957229,0.5054240853569354,REDUCED_BY_GROSS
16,dlinear,82,102815.77955893823,51292.44101936594,0.4988771299444655,10281.577955893823,115.44876010317239,51523.33853957229,115.44876010317239,REDUCED_BY_GROSS
16,dlinear,83,103402.32426151099,41056.25315164753,0.3970534844827441,10340.2324261511,10644.908979107968,62346.071109863464,10340.2324261511,UNCONSTRAINED
16,dlinear,84,103008.06076945292,40961.23265853687,0.39765075036422726,10300.806076945293,10542.797726189587,62046.828110916045,10300.806076945293,UNCONSTRAINED
16,dlinear,85,102805.19160493935,41035.188007606856,0.3991548225044628,10280.519160493935,10367.407794862818,61770.00359733249,10280.519160493935,UNCONSTRAINED
16,dlinear,86,102802.10786032978,51313.651475247185,0.49914979899987605,10280.210786032978,87.40245491770474,51488.456385082594,87.40245491770474,REDUCED_BY_GROSS
16,dlinear,87,102184.25552554052,20391.17709094174,0.19955302297862368,10218.425552554052,30700.95067182852,81793.07843459878,10218.425552554052,UNCONSTRAINED
16,dlinear,88,101971.0234604968,20186.272878391836,0.1979608735241529,10197.10234604968,30799.238851856564,81784.75058210496,10197.10234604968,UNCONSTRAINED
16,dlinear,89,101967.96473759555,30381.336211616835,0.29794981482468724,10196.796473759556,20602.64615718094,71586.62852597871,10196.796473759556,UNCONSTRAINED
16,dlinear,90,101325.79831000441,30030.067897899633,0.29637139207157487,10132.579831000441,20632.83125710257,71295.73041210478,10132.579831000441,UNCONSTRAINED
16,dlinear,91,101322.75894127728,40160.62161805668,0.39636328538321985,10132.275894127728,10500.757852581963,61162.1373232206,10132.275894127728,UNCONSTRAINED
16,dlinear,92,101742.72772192047,50713.87952034548,0.4984521317234074,10174.272772192047,157.48434061475564,51028.84820157499,157.48434061475564,REDUCED_BY_GROSS
16,dlinear,93,101742.68048291645,50871.332370194425,0.49999992263557674,10174.268048291646,0.007871263798733708,50871.34811272202,0.007871263798733708,REDUCED_BY_GROSS
16,dlinear,94,101742.68048291645,50871.332370194425,0.49999992263557674,10174.268048291646,0.007871263798733708,50871.34811272202,0.007871263798733708,REDUCED_BY_GROSS
16,dlinear,95,102365.28755443335,31721.746255000457,0.3098877267172451,10236.528755443336,19460.89752221622,70643.5412994329,10236.528755443336,UNCONSTRAINED
16,dlinear,96,102476.3913113669,31285.333490102064,0.30529308350685286,10247.63913113669,19952.862165581384,71191.05782126484,10247.63913113669,UNCONSTRAINED
16,dlinear,97,102993.42023628343,21126.37038121547,0.205123495585914,10299.342023628344,30370.339736926246,81867.04985506796,10299.342023628344,UNCONSTRAINED
16,dlinear,98,102990.33084556767,31423.652948237508,0.305112651743558,10299.033084556768,20071.51247454633,71566.67789733017,10299.033084556768,UNCONSTRAINED
16,dlinear,99,102987.2415475213,41720.62663790907,0.405104807265451,10298.724154752132,9772.994135851586,61266.61490961224,9772.994135851586,REDUCED_BY_GROSS
16,dlinear,100,102984.31004012247,51491.66656470904,0.49999525699252634,10298.431004012247,0.48845535219152225,51492.643475413424,0.48845535219152225,REDUCED_BY_GROSS
16,dlinear,101,102984.31004012247,51491.66656470904,0.49999525699252634,10298.431004012247,0.48845535219152225,51492.643475413424,0.48845535219152225,REDUCED_BY_GROSS
