anchor,lr,control,cutoff_period_days,cof,dead_row_fraction,model,channels,fold,skipped,reason,stood_aside,n_windows,n_trades,direction,direction_reference,mae,flatness,rmse,cancellation,total_return,sharpe,max_drawdown,seconds,config_hash,model_config_hash,data_snapshot_last_bar
0,0.001,real,5,,,buy_and_hold,,1,False,,False,305.0,0.0,0.45901639344262296,0.45901639344262296,,,,,-0.09269587125081236,-1.005960747344811,0.22655221099340062,0.06620200001634657,73b5fff25fde5192f1ef867c4500f5ce2014ebe93afcda61beb4130229ebd91b,234ab4993f9332b73848e536fef4969df9f91366e446e460df06a3c0b83f6160,2026-08-13
0,0.001,real,5,,,buy_and_hold,,2,False,,False,295.0,0.0,0.5050847457627119,0.5050847457627119,,,,,-0.06429737471218377,-0.46864086292435314,0.1424587749939713,0.06365040002856404,73b5fff25fde5192f1ef867c4500f5ce2014ebe93afcda61beb4130229ebd91b,234ab4993f9332b73848e536fef4969df9f91366e446e460df06a3c0b83f6160,2026-08-13
0,0.001,real,5,,,buy_and_hold,,3,False,,False,290.0,0.0,0.6620689655172414,0.6620689655172414,,,,,0.3199465408441078,4.11975107893535,0.08395283462381467,0.09841410000808537,73b5fff25fde5192f1ef867c4500f5ce2014ebe93afcda61beb4130229ebd91b,234ab4993f9332b73848e536fef4969df9f91366e446e460df06a3c0b83f6160,2026-08-13
0,0.001,real,5,,,buy_and_hold,,4,False,,False,285.0,0.0,0.656140350877193,0.656140350877193,,,,,0.253717512749454,4.1945078393773585,0.03311585313931901,0.06785180000588298,73b5fff25fde5192f1ef867c4500f5ce2014ebe93afcda61beb4130229ebd91b,234ab4993f9332b73848e536fef4969df9f91366e446e460df06a3c0b83f6160,2026-08-13
0,0.001,real,5,,,buy_and_hold,,5,False,,False,305.0,0.0,0.49508196721311476,0.49508196721311476,,,,,-0.013746494180392421,-0.17355590230439336,0.08677403237299025,0.07068299996899441,73b5fff25fde5192f1ef867c4500f5ce2014ebe93afcda61beb4130229ebd91b,234ab4993f9332b73848e536fef4969df9f91366e446e460df06a3c0b83f6160,2026-08-13
0,0.001,real,5,,,buy_and_hold,,6,False,,False,295.0,0.0,0.5661016949152542,0.5661016949152542,,,,,0.11511801795412602,2.450726538107511,0.08962101478621556,0.07233049999922514,73b5fff25fde5192f1ef867c4500f5ce2014ebe93afcda61beb4130229ebd91b,234ab4993f9332b73848e536fef4969df9f91366e446e460df06a3c0b83f6160,2026-08-13
0,0.001,real,5,,,buy_and_hold,,7,False,,False,290.0,0.0,0.6172413793103448,0.6172413793103448,,,,,0.2265028526306616,4.153510089451356,0.04457308496966748,0.07382559997495264,73b5fff25fde5192f1ef867c4500f5ce2014ebe93afcda61beb4130229ebd91b,234ab4993f9332b73848e536fef4969df9f91366e446e460df06a3c0b83f6160,2026-08-13
0,0.001,real,5,,,buy_and_hold,,8,False,,False,290.0,0.0,0.6482758620689655,0.6482758620689655,,,,,0.1819825299828437,3.5444752488400764,0.07889356123144528,0.07565920002525672,73b5fff25fde5192f1ef867c4500f5ce2014ebe93afcda61beb4130229ebd91b,234ab4993f9332b73848e536fef4969df9f91366e446e460df06a3c0b83f6160,2026-08-13
0,0.001,real,5,,,buy_and_hold,,9,False,,False,300.0,0.0,0.44333333333333336,0.44333333333333336,,,,,-0.06349672850263999,-0.8935841642541402,0.174398400350851,0.0733977000345476,73b5fff25fde5192f1ef867c4500f5ce2014ebe93afcda61beb4130229ebd91b,234ab4993f9332b73848e536fef4969df9f91366e446e460df06a3c0b83f6160,2026-08-13
0,0.001,real,5,,,buy_and_hold,,10,False,,False,290.0,0.0,0.6172413793103448,0.6172413793103448,,,,,0.12924325025911476,2.8425833098931443,0.04193034179057526,0.07617829996161163,73b5fff25fde5192f1ef867c4500f5ce2014ebe93afcda61beb4130229ebd91b,234ab4993f9332b73848e536fef4969df9f91366e446e460df06a3c0b83f6160,2026-08-13
0,0.001,real,5,,,buy_and_hold,,11,False,,False,290.0,0.0,0.4,0.4,,,,,-0.17637484338233467,-2.9331313641088186,0.17637484338233467,0.07603070000186563,73b5fff25fde5192f1ef867c4500f5ce2014ebe93afcda61beb4130229ebd91b,234ab4993f9332b73848e536fef4969df9f91366e446e460df06a3c0b83f6160,2026-08-13
0,0.001,real,5,,,buy_and_hold,,12,False,,False,285.0,0.0,0.6666666666666666,0.6666666666666666,,,,,0.2661988473618939,2.8407362459888277,0.09133986331956098,0.07364790001884103,73b5fff25fde5192f1ef867c4500f5ce2014ebe93afcda61beb4130229ebd91b,234ab4993f9332b73848e536fef4969df9f91366e446e460df06a3c0b83f6160,2026-08-13
0,0.001,real,5,,,buy_and_hold,,13,False,,False,300.0,0.0,0.64,0.64,,,,,0.15051270458085853,3.9013811257958984,0.032379680917168835,0.06207899999571964,73b5fff25fde5192f1ef867c4500f5ce2014ebe93afcda61beb4130229ebd91b,234ab4993f9332b73848e536fef4969df9f91366e446e460df06a3c0b83f6160,2026-08-13
0,0.001,real,5,,,buy_and_hold,,14,False,,False,295.0,0.0,0.5152542372881356,0.5152542372881356,,,,,0.06256423579205794,1.4356038597042873,0.06739475320120715,0.06763329997193068,73b5fff25fde5192f1ef867c4500f5ce2014ebe93afcda61beb4130229ebd91b,234ab4993f9332b73848e536fef4969df9f91366e446e460df06a3c0b83f6160,2026-08-13
0,0.001,real,5,,,buy_and_hold,,15,False,,False,285.0,0.0,0.4245614035087719,0.4245614035087719,,,,,-0.1434738066488801,-3.547527570100745,0.15619650770694166,0.06562160002067685,73b5fff25fde5192f1ef867c4500f5ce2014ebe93afcda61beb4130229ebd91b,234ab4993f9332b73848e536fef4969df9f91366e446e460df06a3c0b83f6160,2026-08-13
0,0.001,real,5,,,buy_and_hold,,16,False,,False,290.0,0.0,0.5793103448275863,0.5793103448275863,,,,,0.08568913418307122,1.761560675480944,0.13645681435075346,0.06281970004783943,73b5fff25fde5192f1ef867c4500f5ce2014ebe93afcda61beb4130229ebd91b,234ab4993f9332b73848e536fef4969df9f91366e446e460df06a3c0b83f6160,2026-08-13
0,0.001,real,5,,,persistence,C0_base,1,False,,True,305.0,0.0,,0.45901639344262296,0.01885157808545325,0.0,0.025610384263516858,,0.0,,0.0,0.2886244000401348,319a9f1fb845e79d9e3b8873be13b91804910bf473055956aac191a06e40026a,ffade1e556f07c3fa19d067cedf50b1bc4b96ca37ff03fd2a976e1bc61d5e634,2026-08-13
0,0.001,real,5,,,persistence,C0_base,2,False,,True,295.0,0.0,,0.5084745762711864,0.021959484071962604,0.0,0.029588609512115196,,0.0,,0.0,0.27617909997934476,319a9f1fb845e79d9e3b8873be13b91804910bf473055956aac191a06e40026a,ffade1e556f07c3fa19d067cedf50b1bc4b96ca37ff03fd2a976e1bc61d5e634,2026-08-13
0,0.001,real,5,,,persistence,C0_base,3,False,,True,290.0,0.0,,0.6620689655172414,0.01800649986552182,0.0,0.02428465763906568,,0.0,,0.0,0.28095499996561557,319a9f1fb845e79d9e3b8873be13b91804910bf473055956aac191a06e40026a,ffade1e556f07c3fa19d067cedf50b1bc4b96ca37ff03fd2a976e1bc61d5e634,2026-08-13
0,0.001,real,5,,,persistence,C0_base,4,False,,True,285.0,0.0,,0.656140350877193,0.014398786794768931,0.0,0.02243789241776085,,0.0,,0.0,0.2745566999656148,319a9f1fb845e79d9e3b8873be13b91804910bf473055956aac191a06e40026a,ffade1e556f07c3fa19d067cedf50b1bc4b96ca37ff03fd2a976e1bc61d5e634,2026-08-13
0,0.001,real,5,,,persistence,C0_base,5,False,,True,305.0,0.0,,0.49508196721311476,0.01342671699109562,0.0,0.01842384286645626,,0.0,,0.0,0.2983459999668412,319a9f1fb845e79d9e3b8873be13b91804910bf473055956aac191a06e40026a,ffade1e556f07c3fa19d067cedf50b1bc4b96ca37ff03fd2a976e1bc61d5e634,2026-08-13
0,0.001,real,5,,,persistence,C0_base,6,False,,True,295.0,0.0,,0.5661016949152542,0.012215020000897227,0.0,0.016689690576166438,,0.0,,0.0,0.3014114999677986,319a9f1fb845e79d9e3b8873be13b91804910bf473055956aac191a06e40026a,ffade1e556f07c3fa19d067cedf50b1bc4b96ca37ff03fd2a976e1bc61d5e634,2026-08-13
0,0.001,real,5,,,persistence,C0_base,7,False,,True,290.0,0.0,,0.6172413793103448,0.012979129049484521,0.0,0.01955117166510556,,0.0,,0.0,0.2949765999801457,319a9f1fb845e79d9e3b8873be13b91804910bf473055956aac191a06e40026a,ffade1e556f07c3fa19d067cedf50b1bc4b96ca37ff03fd2a976e1bc61d5e634,2026-08-13
0,0.001,real,5,,,persistence,C0_base,8,False,,True,290.0,0.0,,0.6482758620689655,0.01460673602029746,0.0,0.0211286766966206,,0.0,,0.0,0.2980456999503076,319a9f1fb845e79d9e3b8873be13b91804910bf473055956aac191a06e40026a,ffade1e556f07c3fa19d067cedf50b1bc4b96ca37ff03fd2a976e1bc61d5e634,2026-08-13
0,0.001,real,5,,,persistence,C0_base,9,False,,True,300.0,0.0,,0.44333333333333336,0.016006827764859136,0.0,0.023535283220895434,,0.0,,0.0,0.29238090000580996,319a9f1fb845e79d9e3b8873be13b91804910bf473055956aac191a06e40026a,ffade1e556f07c3fa19d067cedf50b1bc4b96ca37ff03fd2a976e1bc61d5e634,2026-08-13
0,0.001,real,5,,,persistence,C0_base,10,False,,True,290.0,0.0,,0.6172413793103448,0.012906449800719937,0.0,0.017446447522859444,,0.0,,0.0,0.31570659996941686,319a9f1fb845e79d9e3b8873be13b91804910bf473055956aac191a06e40026a,ffade1e556f07c3fa19d067cedf50b1bc4b96ca37ff03fd2a976e1bc61d5e634,2026-08-13
0,0.001,real,5,,,persistence,C0_base,11,False,,True,290.0,0.0,,0.4,0.018047973751689032,0.0,0.02636283284988146,,0.0,,0.0,0.30842140002641827,319a9f1fb845e79d9e3b8873be13b91804910bf473055956aac191a06e40026a,ffade1e556f07c3fa19d067cedf50b1bc4b96ca37ff03fd2a976e1bc61d5e634,2026-08-13
0,0.001,real,5,,,persistence,C0_base,12,False,,True,285.0,0.0,,0.6701754385964912,0.016046395810827157,0.0,0.023688232669213327,,0.0,,0.0,0.2848319999757223,319a9f1fb845e79d9e3b8873be13b91804910bf473055956aac191a06e40026a,ffade1e556f07c3fa19d067cedf50b1bc4b96ca37ff03fd2a976e1bc61d5e634,2026-08-13
0,0.001,real,5,,,persistence,C0_base,13,False,,True,300.0,0.0,,0.64,0.010903560707210786,0.0,0.015976008438132402,,0.0,,0.0,0.2866474000038579,319a9f1fb845e79d9e3b8873be13b91804910bf473055956aac191a06e40026a,ffade1e556f07c3fa19d067cedf50b1bc4b96ca37ff03fd2a976e1bc61d5e634,2026-08-13
0,0.001,real,5,,,persistence,C0_base,14,False,,True,295.0,0.0,,0.5152542372881356,0.013203068076792399,0.0,0.018134297937561064,,0.0,,0.0,0.3043206000002101,319a9f1fb845e79d9e3b8873be13b91804910bf473055956aac191a06e40026a,ffade1e556f07c3fa19d067cedf50b1bc4b96ca37ff03fd2a976e1bc61d5e634,2026-08-13
0,0.001,real,5,,,persistence,C0_base,15,False,,True,285.0,0.0,,0.4245614035087719,0.014534799487126939,0.0,0.01965038006405338,,0.0,,0.0,0.2974250999977812,319a9f1fb845e79d9e3b8873be13b91804910bf473055956aac191a06e40026a,ffade1e556f07c3fa19d067cedf50b1bc4b96ca37ff03fd2a976e1bc61d5e634,2026-08-13
0,0.001,real,5,,,persistence,C0_base,16,False,,True,290.0,0.0,,0.5793103448275863,0.016486325765148753,0.0,0.02174055742322695,,0.0,,0.0,0.3599787999992259,319a9f1fb845e79d9e3b8873be13b91804910bf473055956aac191a06e40026a,ffade1e556f07c3fa19d067cedf50b1bc4b96ca37ff03fd2a976e1bc61d5e634,2026-08-13
0,0.001,real,5,,,persistence,C2_hybrid,1,False,,True,305.0,0.0,,0.45901639344262296,0.01885157808545325,0.0,0.025610384263516858,,0.0,,0.0,0.40701399999670684,843730afdc1b73213668053f53159944f652f114b40bf382e8935267acf7f784,581274b67e1d9990c58a51d3413847ec3364eb6a7267e23b145069a92c66fe9c,2026-08-13
0,0.001,real,5,,,persistence,C2_hybrid,2,False,,True,295.0,0.0,,0.5084745762711864,0.021959484071962604,0.0,0.029588609512115196,,0.0,,0.0,0.45122520002769306,843730afdc1b73213668053f53159944f652f114b40bf382e8935267acf7f784,581274b67e1d9990c58a51d3413847ec3364eb6a7267e23b145069a92c66fe9c,2026-08-13
0,0.001,real,5,,,persistence,C2_hybrid,3,False,,True,290.0,0.0,,0.6620689655172414,0.01800649986552182,0.0,0.02428465763906568,,0.0,,0.0,0.37995470000896603,843730afdc1b73213668053f53159944f652f114b40bf382e8935267acf7f784,581274b67e1d9990c58a51d3413847ec3364eb6a7267e23b145069a92c66fe9c,2026-08-13
0,0.001,real,5,,,persistence,C2_hybrid,4,False,,True,285.0,0.0,,0.656140350877193,0.014398786794768931,0.0,0.02243789241776085,,0.0,,0.0,0.34271120000630617,843730afdc1b73213668053f53159944f652f114b40bf382e8935267acf7f784,581274b67e1d9990c58a51d3413847ec3364eb6a7267e23b145069a92c66fe9c,2026-08-13
0,0.001,real,5,,,persistence,C2_hybrid,5,False,,True,305.0,0.0,,0.49508196721311476,0.01342671699109562,0.0,0.01842384286645626,,0.0,,0.0,0.357889500039164,843730afdc1b73213668053f53159944f652f114b40bf382e8935267acf7f784,581274b67e1d9990c58a51d3413847ec3364eb6a7267e23b145069a92c66fe9c,2026-08-13
0,0.001,real,5,,,persistence,C2_hybrid,6,False,,True,295.0,0.0,,0.5661016949152542,0.012215020000897227,0.0,0.016689690576166438,,0.0,,0.0,0.3398262000409886,843730afdc1b73213668053f53159944f652f114b40bf382e8935267acf7f784,581274b67e1d9990c58a51d3413847ec3364eb6a7267e23b145069a92c66fe9c,2026-08-13
0,0.001,real,5,,,persistence,C2_hybrid,7,False,,True,290.0,0.0,,0.6172413793103448,0.012979129049484521,0.0,0.01955117166510556,,0.0,,0.0,0.326856899948325,843730afdc1b73213668053f53159944f652f114b40bf382e8935267acf7f784,581274b67e1d9990c58a51d3413847ec3364eb6a7267e23b145069a92c66fe9c,2026-08-13
0,0.001,real,5,,,persistence,C2_hybrid,8,False,,True,290.0,0.0,,0.6482758620689655,0.01460673602029746,0.0,0.0211286766966206,,0.0,,0.0,0.3698404000024311,843730afdc1b73213668053f53159944f652f114b40bf382e8935267acf7f784,581274b67e1d9990c58a51d3413847ec3364eb6a7267e23b145069a92c66fe9c,2026-08-13
0,0.001,real,5,,,persistence,C2_hybrid,9,False,,True,300.0,0.0,,0.44333333333333336,0.016006827764859136,0.0,0.023535283220895434,,0.0,,0.0,0.3447505999938585,843730afdc1b73213668053f53159944f652f114b40bf382e8935267acf7f784,581274b67e1d9990c58a51d3413847ec3364eb6a7267e23b145069a92c66fe9c,2026-08-13
0,0.001,real,5,,,persistence,C2_hybrid,10,False,,True,290.0,0.0,,0.6172413793103448,0.012906449800719937,0.0,0.017446447522859444,,0.0,,0.0,0.40220680000493303,843730afdc1b73213668053f53159944f652f114b40bf382e8935267acf7f784,581274b67e1d9990c58a51d3413847ec3364eb6a7267e23b145069a92c66fe9c,2026-08-13
0,0.001,real,5,,,persistence,C2_hybrid,11,False,,True,290.0,0.0,,0.4,0.018047973751689032,0.0,0.02636283284988146,,0.0,,0.0,0.41695199999958277,843730afdc1b73213668053f53159944f652f114b40bf382e8935267acf7f784,581274b67e1d9990c58a51d3413847ec3364eb6a7267e23b145069a92c66fe9c,2026-08-13
0,0.001,real,5,,,persistence,C2_hybrid,12,False,,True,285.0,0.0,,0.6701754385964912,0.016046395810827157,0.0,0.023688232669213327,,0.0,,0.0,0.3404390999930911,843730afdc1b73213668053f53159944f652f114b40bf382e8935267acf7f784,581274b67e1d9990c58a51d3413847ec3364eb6a7267e23b145069a92c66fe9c,2026-08-13
0,0.001,real,5,,,persistence,C2_hybrid,13,False,,True,300.0,0.0,,0.64,0.010903560707210786,0.0,0.015976008438132402,,0.0,,0.0,0.3564555000048131,843730afdc1b73213668053f53159944f652f114b40bf382e8935267acf7f784,581274b67e1d9990c58a51d3413847ec3364eb6a7267e23b145069a92c66fe9c,2026-08-13
0,0.001,real,5,,,persistence,C2_hybrid,14,False,,True,295.0,0.0,,0.5152542372881356,0.013203068076792399,0.0,0.018134297937561064,,0.0,,0.0,0.36324010003590956,843730afdc1b73213668053f53159944f652f114b40bf382e8935267acf7f784,581274b67e1d9990c58a51d3413847ec3364eb6a7267e23b145069a92c66fe9c,2026-08-13
0,0.001,real,5,,,persistence,C2_hybrid,15,False,,True,285.0,0.0,,0.4245614035087719,0.014534799487126939,0.0,0.01965038006405338,,0.0,,0.0,0.35540910001145676,843730afdc1b73213668053f53159944f652f114b40bf382e8935267acf7f784,581274b67e1d9990c58a51d3413847ec3364eb6a7267e23b145069a92c66fe9c,2026-08-13
0,0.001,real,5,,,persistence,C2_hybrid,16,False,,True,290.0,0.0,,0.5793103448275863,0.016486325765148753,0.0,0.02174055742322695,,0.0,,0.0,0.3433428999851458,843730afdc1b73213668053f53159944f652f114b40bf382e8935267acf7f784,581274b67e1d9990c58a51d3413847ec3364eb6a7267e23b145069a92c66fe9c,2026-08-13
0,0.001,real,5,,,dlinear,C0_base,1,False,,False,305.0,7.0,0.5344262295081967,0.45901639344262296,0.019234927817466486,0.3275348147885852,0.026135787044857094,0.44111252807106194,-0.002385002529477931,-0.3617523968546345,0.007682658492047755,4.207816999987699,73b5fff25fde5192f1ef867c4500f5ce2014ebe93afcda61beb4130229ebd91b,234ab4993f9332b73848e536fef4969df9f91366e446e460df06a3c0b83f6160,2026-08-13
0,0.001,real,5,,,dlinear,C0_base,2,False,,True,295.0,0.0,0.511864406779661,0.5084745762711864,0.02249445655829265,0.28388687803466156,0.03053865806565516,0.6882737676232589,0.0,,0.0,0.9508540999959223,73b5fff25fde5192f1ef867c4500f5ce2014ebe93afcda61beb4130229ebd91b,234ab4993f9332b73848e536fef4969df9f91366e446e460df06a3c0b83f6160,2026-08-13
0,0.001,real,5,,,dlinear,C0_base,3,False,,True,290.0,0.0,0.4862068965517241,0.6620689655172414,0.018874210583999698,0.3631186775764243,0.025432346852334215,0.6516264920111231,0.0,,0.0,1.0131107999477535,73b5fff25fde5192f1ef867c4500f5ce2014ebe93afcda61beb4130229ebd91b,234ab4993f9332b73848e536fef4969df9f91366e446e460df06a3c0b83f6160,2026-08-13
0,0.001,real,5,,,dlinear,C0_base,4,False,,False,285.0,4.0,0.5228070175438596,0.656140350877193,0.016093080686504398,0.35724357648954735,0.023802413960199977,0.5378394393110455,0.005410428286571456,,0.005931944184598143,0.9782183999777772,73b5fff25fde5192f1ef867c4500f5ce2014ebe93afcda61beb4130229ebd91b,234ab4993f9332b73848e536fef4969df9f91366e446e460df06a3c0b83f6160,2026-08-13
0,0.001,real,5,,,dlinear,C0_base,5,False,,False,305.0,33.0,0.43934426229508194,0.49508196721311476,0.014214446099154135,0.3459105327186118,0.019424623962283904,0.6092221827005928,-0.03801598496797731,-2.4107538769678185,0.046170540146371467,1.1338182999752462,73b5fff25fde5192f1ef867c4500f5ce2014ebe93afcda61beb4130229ebd91b,234ab4993f9332b73848e536fef4969df9f91366e446e460df06a3c0b83f6160,2026-08-13
0,0.001,real,5,,,dlinear,C0_base,6,False,,True,295.0,0.0,0.43728813559322033,0.5661016949152542,0.013404185880528025,0.3335250650434415,0.018019610467058456,0.5391986683111383,0.0,,0.0,1.1331892000162043,73b5fff25fde5192f1ef867c4500f5ce2014ebe93afcda61beb4130229ebd91b,234ab4993f9332b73848e536fef4969df9f91366e446e460df06a3c0b83f6160,2026-08-13
0,0.001,real,5,,,dlinear,C0_base,7,False,,False,290.0,15.0,0.5620689655172414,0.6172413793103448,0.013287094544033663,0.31442069216721763,0.01963924367078867,0.5101751788650399,0.0177331104680587,2.024773678365208,0.009491801115203966,0.9530655999551527,73b5fff25fde5192f1ef867c4500f5ce2014ebe93afcda61beb4130229ebd91b,234ab4993f9332b73848e536fef4969df9f91366e446e460df06a3c0b83f6160,2026-08-13
0,0.001,real,5,,,dlinear,C0_base,8,False,,False,290.0,20.0,0.5379310344827586,0.6482758620689655,0.015156400265986508,0.27618269909625104,0.022019703532820102,0.5581560398169266,0.02868575811594032,2.864105717521101,0.016694359884119634,1.0340032000094652,73b5fff25fde5192f1ef867c4500f5ce2014ebe93afcda61beb4130229ebd91b,234ab4993f9332b73848e536fef4969df9f91366e446e460df06a3c0b83f6160,2026-08-13
0,0.001,real,5,,,dlinear,C0_base,9,False,,False,300.0,21.0,0.38333333333333336,0.44333333333333336,0.016919743160775987,0.2704691341507564,0.024392076941651405,0.6530510934811442,-0.0319993350046297,-2.732222505246208,0.03842089878791796,0.9700222000246868,73b5fff25fde5192f1ef867c4500f5ce2014ebe93afcda61beb4130229ebd91b,234ab4993f9332b73848e536fef4969df9f91366e446e460df06a3c0b83f6160,2026-08-13
0,0.001,real,5,,,dlinear,C0_base,10,False,,True,290.0,0.0,0.5137931034482759,0.6172413793103448,0.014044279842364348,0.432478251499501,0.01920046723416234,0.5310071192913358,0.0,,0.0,1.086471899994649,73b5fff25fde5192f1ef867c4500f5ce2014ebe93afcda61beb4130229ebd91b,234ab4993f9332b73848e536fef4969df9f91366e446e460df06a3c0b83f6160,2026-08-13
0,0.001,real,5,,,dlinear,C0_base,11,False,,False,290.0,17.0,0.4793103448275862,0.4,0.01857906565479368,0.24545347746345333,0.02718358537484884,0.605297618102907,-0.016313379083725432,-1.5292933100896853,0.019726964082668066,0.9725400999886915,73b5fff25fde5192f1ef867c4500f5ce2014ebe93afcda61beb4130229ebd91b,234ab4993f9332b73848e536fef4969df9f91366e446e460df06a3c0b83f6160,2026-08-13
0,0.001,real,5,,,dlinear,C0_base,12,False,,True,285.0,0.0,0.5368421052631579,0.6701754385964912,0.016948875681480385,0.31948999651800863,0.024643559274762188,0.5102666098331097,0.0,,0.0,0.9667356999707408,73b5fff25fde5192f1ef867c4500f5ce2014ebe93afcda61beb4130229ebd91b,234ab4993f9332b73848e536fef4969df9f91366e446e460df06a3c0b83f6160,2026-08-13
0,0.001,real,5,,,dlinear,C0_base,13,False,,False,300.0,18.0,0.5266666666666666,0.64,0.011711561960555849,0.39872134916976476,0.01670433096329851,0.5300341962996968,0.003427495478292464,0.35926787586191045,0.02383685477850544,0.9263243000023067,73b5fff25fde5192f1ef867c4500f5ce2014ebe93afcda61beb4130229ebd91b,234ab4993f9332b73848e536fef4969df9f91366e446e460df06a3c0b83f6160,2026-08-13
0,0.001,real,5,,,dlinear,C0_base,14,False,,False,295.0,4.0,0.47796610169491527,0.5152542372881356,0.013658503017926444,0.25907774389916116,0.018843983740321743,0.633888097783179,-0.012974980674346881,,0.014624983298088345,1.0990966000244953,73b5fff25fde5192f1ef867c4500f5ce2014ebe93afcda61beb4130229ebd91b,234ab4993f9332b73848e536fef4969df9f91366e446e460df06a3c0b83f6160,2026-08-13
0,0.001,real,5,,,dlinear,C0_base,15,False,,False,285.0,17.0,0.519298245614035,0.4245614035087719,0.015027921224648603,0.27972446642030296,0.020573200539288156,0.5682342224602341,0.007057388675433707,0.6619754048202768,0.012194340875012363,0.997586700017564,73b5fff25fde5192f1ef867c4500f5ce2014ebe93afcda61beb4130229ebd91b,234ab4993f9332b73848e536fef4969df9f91366e446e460df06a3c0b83f6160,2026-08-13
0,0.001,real,5,,,dlinear,C0_base,16,False,,False,290.0,10.0,0.46551724137931033,0.5793103448275863,0.01732988655695874,0.2504647227367833,0.022476097597446103,0.6739511362595444,-0.010525349438960996,-1.842762924811328,0.016536164303488126,0.9724801999982446,73b5fff25fde5192f1ef867c4500f5ce2014ebe93afcda61beb4130229ebd91b,234ab4993f9332b73848e536fef4969df9f91366e446e460df06a3c0b83f6160,2026-08-13
0,0.001,real,5,,,dlinear,C2_hybrid,1,False,,False,305.0,23.0,0.47540983606557374,0.45901639344262296,0.01996669869217428,0.5010726505893751,0.027179578570083792,0.3848588630592161,-0.02325257027815386,-1.6938998958367073,0.037357935398277385,1.3431816000374965,edf7f1c6bb3940fa6e5ad284bf7b59f27c88a1c36cb84e8f00434bfec29ef005,2c77bb9d9062decbe5c77fe0221a6b971d7ebf217d046c3e79cb893f7a8aaf7a,2026-08-13
0,0.001,real,5,,,dlinear,C2_hybrid,2,False,,False,295.0,9.0,0.5220338983050847,0.5084745762711864,0.023543398050437446,0.36287483265199455,0.03164227511873274,0.6400498652621682,-0.01761416757164902,-2.9205613348873167,0.02320439131305055,1.1755441999994218,edf7f1c6bb3940fa6e5ad284bf7b59f27c88a1c36cb84e8f00434bfec29ef005,2c77bb9d9062decbe5c77fe0221a6b971d7ebf217d046c3e79cb893f7a8aaf7a,2026-08-13
0,0.001,real,5,,,dlinear,C2_hybrid,3,False,,True,290.0,0.0,0.4724137931034483,0.6620689655172414,0.019546014206750433,0.4739516379396671,0.026262917471019116,0.6455041270049257,0.0,,0.0,1.265742700023111,edf7f1c6bb3940fa6e5ad284bf7b59f27c88a1c36cb84e8f00434bfec29ef005,2c77bb9d9062decbe5c77fe0221a6b971d7ebf217d046c3e79cb893f7a8aaf7a,2026-08-13
0,0.001,real,5,,,dlinear,C2_hybrid,4,False,,False,285.0,12.0,0.519298245614035,0.656140350877193,0.01731208062423494,0.4972212487824532,0.024867359831690358,0.5354406178479362,0.03171074002198271,3.2273272805481135,0.008004343374262781,1.1403759000240825,edf7f1c6bb3940fa6e5ad284bf7b59f27c88a1c36cb84e8f00434bfec29ef005,2c77bb9d9062decbe5c77fe0221a6b971d7ebf217d046c3e79cb893f7a8aaf7a,2026-08-13
0,0.001,real,5,,,dlinear,C2_hybrid,5,False,,False,305.0,22.0,0.4786885245901639,0.49508196721311476,0.014548657938921884,0.4394890546116593,0.01997361483205855,0.5575684614118309,-0.0020036968240307873,-0.14197294073500707,0.018080779146377454,1.2639354999992065,edf7f1c6bb3940fa6e5ad284bf7b59f27c88a1c36cb84e8f00434bfec29ef005,2c77bb9d9062decbe5c77fe0221a6b971d7ebf217d046c3e79cb893f7a8aaf7a,2026-08-13
0,0.001,real,5,,,dlinear,C2_hybrid,6,False,,True,295.0,0.0,0.43728813559322033,0.5661016949152542,0.013884532464149887,0.442705421402867,0.018594061895562074,0.5014118723009997,0.0,,0.0,1.193786000018008,edf7f1c6bb3940fa6e5ad284bf7b59f27c88a1c36cb84e8f00434bfec29ef005,2c77bb9d9062decbe5c77fe0221a6b971d7ebf217d046c3e79cb893f7a8aaf7a,2026-08-13
0,0.001,real,5,,,dlinear,C2_hybrid,7,False,,False,290.0,16.0,0.5862068965517241,0.6172413793103448,0.013706995799159368,0.4241417110831504,0.0198493406466876,0.48924415773507135,0.04235010625757507,3.4583813783812745,0.00992327341898885,1.2266810000292026,edf7f1c6bb3940fa6e5ad284bf7b59f27c88a1c36cb84e8f00434bfec29ef005,2c77bb9d9062decbe5c77fe0221a6b971d7ebf217d046c3e79cb893f7a8aaf7a,2026-08-13
0,0.001,real,5,,,dlinear,C2_hybrid,8,False,,False,290.0,18.0,0.5448275862068965,0.6482758620689655,0.015638458371977002,0.37831258195725537,0.02268029376382973,0.5330060878687569,0.0030631584521301214,0.32605927209329105,0.014985627826347618,1.2946410999866202,edf7f1c6bb3940fa6e5ad284bf7b59f27c88a1c36cb84e8f00434bfec29ef005,2c77bb9d9062decbe5c77fe0221a6b971d7ebf217d046c3e79cb893f7a8aaf7a,2026-08-13
0,0.001,real,5,,,dlinear,C2_hybrid,9,False,,False,300.0,8.0,0.39666666666666667,0.44333333333333336,0.017184402195875918,0.36954792806273573,0.024828032866253673,0.6144878686065068,-0.01544625521928511,-2.5592827020056936,0.019048422419048503,1.1959372999845073,edf7f1c6bb3940fa6e5ad284bf7b59f27c88a1c36cb84e8f00434bfec29ef005,2c77bb9d9062decbe5c77fe0221a6b971d7ebf217d046c3e79cb893f7a8aaf7a,2026-08-13
0,0.001,real,5,,,dlinear,C2_hybrid,10,False,,True,290.0,0.0,0.5379310344827586,0.6172413793103448,0.014658339760335495,0.5110874746430546,0.020024608397449854,0.4880497638050414,0.0,,0.0,1.2700110000441782,edf7f1c6bb3940fa6e5ad284bf7b59f27c88a1c36cb84e8f00434bfec29ef005,2c77bb9d9062decbe5c77fe0221a6b971d7ebf217d046c3e79cb893f7a8aaf7a,2026-08-13
0,0.001,real,5,,,dlinear,C2_hybrid,11,False,,False,290.0,19.0,0.4862068965517241,0.4,0.019166094755719666,0.34810532970793057,0.027970217695605197,0.5865722345605553,-0.0031167645911205355,-0.2663271020960841,0.02215180220973891,1.2788178999908268,edf7f1c6bb3940fa6e5ad284bf7b59f27c88a1c36cb84e8f00434bfec29ef005,2c77bb9d9062decbe5c77fe0221a6b971d7ebf217d046c3e79cb893f7a8aaf7a,2026-08-13
0,0.001,real,5,,,dlinear,C2_hybrid,12,False,,False,285.0,22.0,0.5298245614035088,0.6701754385964912,0.01780325641266025,0.436864571029444,0.02553762286719629,0.5294603123137864,-0.0031128418398552737,-0.19789509782712236,0.03591613378486891,1.3588868000078946,edf7f1c6bb3940fa6e5ad284bf7b59f27c88a1c36cb84e8f00434bfec29ef005,2c77bb9d9062decbe5c77fe0221a6b971d7ebf217d046c3e79cb893f7a8aaf7a,2026-08-13
0,0.001,real,5,,,dlinear,C2_hybrid,13,False,,False,300.0,7.0,0.53,0.64,0.012171326526894235,0.5240658289648281,0.017204108698446487,0.5121993198039146,-0.0063991035545294395,-1.2342852739658359,0.013275805904788864,1.513941999990493,edf7f1c6bb3940fa6e5ad284bf7b59f27c88a1c36cb84e8f00434bfec29ef005,2c77bb9d9062decbe5c77fe0221a6b971d7ebf217d046c3e79cb893f7a8aaf7a,2026-08-13
0,0.001,real,5,,,dlinear,C2_hybrid,14,False,,False,295.0,8.0,0.511864406779661,0.5152542372881356,0.01407238945868882,0.3648837502415072,0.019292889675110766,0.5197160275400244,-0.0027101058197024352,-0.6082538226288646,0.007870392936851128,1.7797805999871343,edf7f1c6bb3940fa6e5ad284bf7b59f27c88a1c36cb84e8f00434bfec29ef005,2c77bb9d9062decbe5c77fe0221a6b971d7ebf217d046c3e79cb893f7a8aaf7a,2026-08-13
0,0.001,real,5,,,dlinear,C2_hybrid,15,False,,False,285.0,16.0,0.5157894736842106,0.4245614035087719,0.015448543667962486,0.35208785955068106,0.02097178262879633,0.5276659239247654,0.0038359844712876345,0.43037630930808857,0.013744771211170315,1.4578832000261173,edf7f1c6bb3940fa6e5ad284bf7b59f27c88a1c36cb84e8f00434bfec29ef005,2c77bb9d9062decbe5c77fe0221a6b971d7ebf217d046c3e79cb893f7a8aaf7a,2026-08-13
0,0.001,real,5,,,dlinear,C2_hybrid,16,False,,True,290.0,0.0,0.4379310344827586,0.5793103448275863,0.017811410763714033,0.3247600133608606,0.02291051567568641,0.651883166097378,0.0,,0.0,1.3125606999965385,edf7f1c6bb3940fa6e5ad284bf7b59f27c88a1c36cb84e8f00434bfec29ef005,2c77bb9d9062decbe5c77fe0221a6b971d7ebf217d046c3e79cb893f7a8aaf7a,2026-08-13
0,0.001,real,5,24.0,0.041666666666666664,fits,C0_base,1,False,,False,305.0,4.0,0.5639344262295082,0.45901639344262296,0.018658156421201985,0.2680496487327005,0.02532532342830096,,0.00738479525550928,,0.0019272052491345825,2.516233899979852,08e54c860d8d6ad2a4342af154ad75d5e2dd054ae51a63adc2da4ea9618cb691,8a4a9baab2ac877a0c9c3cb51e9ffed63a62ae53e4bfcea7ca22f16cb14d4eed,2026-08-13
0,0.001,real,5,24.0,0.041666666666666664,fits,C0_base,2,False,,False,295.0,13.0,0.5389830508474577,0.5084745762711864,0.022089123560791964,0.24102457441621297,0.030011852731764366,,-0.016225982299172603,-1.50200979493387,0.029103310000851843,2.5644053000141867,08e54c860d8d6ad2a4342af154ad75d5e2dd054ae51a63adc2da4ea9618cb691,8a4a9baab2ac877a0c9c3cb51e9ffed63a62ae53e4bfcea7ca22f16cb14d4eed,2026-08-13
0,0.001,real,5,24.0,0.041666666666666664,fits,C0_base,3,False,,False,290.0,11.0,0.4413793103448276,0.6620689655172414,0.019170658607056933,0.345289868535596,0.025752211288056204,,0.01149704097919102,1.4720431754368177,0.015997872278291535,2.806702000030782,08e54c860d8d6ad2a4342af154ad75d5e2dd054ae51a63adc2da4ea9618cb691,8a4a9baab2ac877a0c9c3cb51e9ffed63a62ae53e4bfcea7ca22f16cb14d4eed,2026-08-13
0,0.001,real,5,24.0,0.041666666666666664,fits,C0_base,4,False,,False,285.0,24.0,0.5052631578947369,0.656140350877193,0.0162672131303398,0.3889064664966577,0.02375103722822619,,0.0554566466100217,4.47781427172865,0.00804385601962293,3.059728499967605,08e54c860d8d6ad2a4342af154ad75d5e2dd054ae51a63adc2da4ea9618cb691,8a4a9baab2ac877a0c9c3cb51e9ffed63a62ae53e4bfcea7ca22f16cb14d4eed,2026-08-13
0,0.001,real,5,24.0,0.041666666666666664,fits,C0_base,5,False,,False,305.0,21.0,0.5016393442622951,0.49508196721311476,0.013654600003175973,0.3444535923586784,0.018975448778478267,,-0.038574957464901916,-3.566255249648523,0.05883270840378388,3.3887993000098504,08e54c860d8d6ad2a4342af154ad75d5e2dd054ae51a63adc2da4ea9618cb691,8a4a9baab2ac877a0c9c3cb51e9ffed63a62ae53e4bfcea7ca22f16cb14d4eed,2026-08-13
0,0.001,real,5,24.0,0.041666666666666664,fits,C0_base,6,False,,False,295.0,17.0,0.5322033898305085,0.5661016949152542,0.012575583226084189,0.26315685692735835,0.017272223040366633,,0.009811685697660666,1.052440598073887,0.021234578965489782,2.478702599997632,08e54c860d8d6ad2a4342af154ad75d5e2dd054ae51a63adc2da4ea9618cb691,8a4a9baab2ac877a0c9c3cb51e9ffed63a62ae53e4bfcea7ca22f16cb14d4eed,2026-08-13
0,0.001,real,5,24.0,0.041666666666666664,fits,C0_base,7,False,,False,290.0,13.0,0.6,0.6172413793103448,0.013185799461472547,0.2846011473944104,0.019512886621168988,,0.03922890649278088,3.69140208248497,0.008853820935487052,3.3558824999490753,08e54c860d8d6ad2a4342af154ad75d5e2dd054ae51a63adc2da4ea9618cb691,8a4a9baab2ac877a0c9c3cb51e9ffed63a62ae53e4bfcea7ca22f16cb14d4eed,2026-08-13
0,0.001,real,5,24.0,0.041666666666666664,fits,C0_base,8,False,,False,290.0,17.0,0.5620689655172414,0.6482758620689655,0.014603544008662542,0.24738980820218848,0.020996731558936853,,0.04345047339824526,4.167858800728814,0.010417618359078156,4.031019299989566,08e54c860d8d6ad2a4342af154ad75d5e2dd054ae51a63adc2da4ea9618cb691,8a4a9baab2ac877a0c9c3cb51e9ffed63a62ae53e4bfcea7ca22f16cb14d4eed,2026-08-13
0,0.001,real,5,24.0,0.041666666666666664,fits,C0_base,9,False,,False,300.0,30.0,0.39,0.44333333333333336,0.016923951770619703,0.2416826251472961,0.024574035372196882,,-0.04604600096334088,-3.458596808248029,0.05476482044343139,3.766581799951382,08e54c860d8d6ad2a4342af154ad75d5e2dd054ae51a63adc2da4ea9618cb691,8a4a9baab2ac877a0c9c3cb51e9ffed63a62ae53e4bfcea7ca22f16cb14d4eed,2026-08-13
0,0.001,real,5,24.0,0.041666666666666664,fits,C0_base,10,False,,True,290.0,0.0,0.5344827586206896,0.6172413793103448,0.013777500812568216,0.31701652415804277,0.018912352533507634,,0.0,,0.0,3.7288810000172816,08e54c860d8d6ad2a4342af154ad75d5e2dd054ae51a63adc2da4ea9618cb691,8a4a9baab2ac877a0c9c3cb51e9ffed63a62ae53e4bfcea7ca22f16cb14d4eed,2026-08-13
0,0.001,real,5,24.0,0.041666666666666664,fits,C0_base,11,False,,False,290.0,21.0,0.4241379310344828,0.4,0.018637629093565165,0.22192406762046651,0.027196912442927136,,-0.016109153342131033,-1.7472631435672716,0.028316540719940917,3.6326982000027783,08e54c860d8d6ad2a4342af154ad75d5e2dd054ae51a63adc2da4ea9618cb691,8a4a9baab2ac877a0c9c3cb51e9ffed63a62ae53e4bfcea7ca22f16cb14d4eed,2026-08-13
0,0.001,real,5,24.0,0.041666666666666664,fits,C0_base,12,False,,True,285.0,0.0,0.43157894736842106,0.6701754385964912,0.017351062418885576,0.32579590791100466,0.025234241251513023,,0.0,,0.0,2.398159399977885,08e54c860d8d6ad2a4342af154ad75d5e2dd054ae51a63adc2da4ea9618cb691,8a4a9baab2ac877a0c9c3cb51e9ffed63a62ae53e4bfcea7ca22f16cb14d4eed,2026-08-13
0,0.001,real,5,24.0,0.041666666666666664,fits,C0_base,13,False,,False,300.0,28.0,0.5466666666666666,0.64,0.011258379487397914,0.3225378508287729,0.016213991952450425,,0.015359709031702362,1.6614242242082413,0.01405706679435453,2.9379654999938793,08e54c860d8d6ad2a4342af154ad75d5e2dd054ae51a63adc2da4ea9618cb691,8a4a9baab2ac877a0c9c3cb51e9ffed63a62ae53e4bfcea7ca22f16cb14d4eed,2026-08-13
0,0.001,real,5,24.0,0.041666666666666664,fits,C0_base,14,False,,False,295.0,27.0,0.45084745762711864,0.5152542372881356,0.013766418672439357,0.2252734409190204,0.018661552792001563,,0.005316742950855602,0.4095762421028135,0.017659593730494253,3.420750700053759,08e54c860d8d6ad2a4342af154ad75d5e2dd054ae51a63adc2da4ea9618cb691,8a4a9baab2ac877a0c9c3cb51e9ffed63a62ae53e4bfcea7ca22f16cb14d4eed,2026-08-13
0,0.001,real,5,24.0,0.041666666666666664,fits,C0_base,15,False,,False,285.0,2.0,0.5824561403508772,0.4245614035087719,0.014551258676126484,0.18481695861341182,0.019776078330697763,,0.011909273554759903,,0.0004995281311348469,4.2695346000255086,08e54c860d8d6ad2a4342af154ad75d5e2dd054ae51a63adc2da4ea9618cb691,8a4a9baab2ac877a0c9c3cb51e9ffed63a62ae53e4bfcea7ca22f16cb14d4eed,2026-08-13
0,0.001,real,5,24.0,0.041666666666666664,fits,C0_base,16,False,,False,290.0,14.0,0.4827586206896552,0.5793103448275863,0.01698839245990119,0.1512085237015256,0.02214317597823009,,-0.015454819717444224,-2.1291976496887797,0.021912945626622174,4.137321800051723,08e54c860d8d6ad2a4342af154ad75d5e2dd054ae51a63adc2da4ea9618cb691,8a4a9baab2ac877a0c9c3cb51e9ffed63a62ae53e4bfcea7ca22f16cb14d4eed,2026-08-13
0,0.001,real,5,24.0,0.041666666666666664,fits,C2_hybrid,-1,True,"deliberately empty (spec 6.4): FITS is univariate and filters frequencies itself, so pre-filtered wavelet bands are redundant",,,,,,,,,,,,,,33eff891f66efe33e5a8551d81ed6b97736438467316f4b170a9ce34626c808a,4188297e3590dcf6b30666bc81bfd0edb2fe976c3ccca70fa49c193bb06401ad,2026-08-13
21,0.001,real,5,,,buy_and_hold,,1,False,,False,300.0,0.0,0.3933333333333333,0.3933333333333333,,,,,-0.1808474373817599,-2.172167701725008,0.26011294664202544,0.09111119998851791,73b5fff25fde5192f1ef867c4500f5ce2014ebe93afcda61beb4130229ebd91b,234ab4993f9332b73848e536fef4969df9f91366e446e460df06a3c0b83f6160,2026-08-13
21,0.001,real,5,,,buy_and_hold,,2,False,,False,285.0,0.0,0.6070175438596491,0.6070175438596491,,,,,0.11444460932157319,1.4070320738173385,0.14577495066987745,0.08590269996784627,73b5fff25fde5192f1ef867c4500f5ce2014ebe93afcda61beb4130229ebd91b,234ab4993f9332b73848e536fef4969df9f91366e446e460df06a3c0b83f6160,2026-08-13
21,0.001,real,5,,,buy_and_hold,,3,False,,False,295.0,0.0,0.5389830508474577,0.5389830508474577,,,,,0.1398759723284546,2.359366280389394,0.07644726856617287,0.09120009996695444,73b5fff25fde5192f1ef867c4500f5ce2014ebe93afcda61beb4130229ebd91b,234ab4993f9332b73848e536fef4969df9f91366e446e460df06a3c0b83f6160,2026-08-13
21,0.001,real,5,,,buy_and_hold,,4,False,,False,290.0,0.0,0.6103448275862069,0.6103448275862069,,,,,0.2669818113686613,4.480580480246529,0.03678502809962527,0.08419650001451373,73b5fff25fde5192f1ef867c4500f5ce2014ebe93afcda61beb4130229ebd91b,234ab4993f9332b73848e536fef4969df9f91366e446e460df06a3c0b83f6160,2026-08-13
21,0.001,real,5,,,buy_and_hold,,5,False,,False,300.0,0.0,0.52,0.52,,,,,-0.04114322640381873,-0.6652446166825225,0.10755008020704086,0.10754560003988445,73b5fff25fde5192f1ef867c4500f5ce2014ebe93afcda61beb4130229ebd91b,234ab4993f9332b73848e536fef4969df9f91366e446e460df06a3c0b83f6160,2026-08-13
21,0.001,real,5,,,buy_and_hold,,6,False,,False,290.0,0.0,0.6344827586206897,0.6344827586206897,,,,,0.16992325453004709,4.190759065399467,0.03928089575279681,0.08572249999269843,73b5fff25fde5192f1ef867c4500f5ce2014ebe93afcda61beb4130229ebd91b,234ab4993f9332b73848e536fef4969df9f91366e446e460df06a3c0b83f6160,2026-08-13
21,0.001,real,5,,,buy_and_hold,,7,False,,False,290.0,0.0,0.5344827586206896,0.5344827586206896,,,,,0.07942622899872309,1.5243847786275742,0.0827616526235417,0.08998030005022883,73b5fff25fde5192f1ef867c4500f5ce2014ebe93afcda61beb4130229ebd91b,234ab4993f9332b73848e536fef4969df9f91366e446e460df06a3c0b83f6160,2026-08-13
21,0.001,real,5,,,buy_and_hold,,8,False,,False,295.0,0.0,0.559322033898305,0.559322033898305,,,,,0.06504996127819562,1.3962522329175215,0.12280624079778041,0.08781020005699247,73b5fff25fde5192f1ef867c4500f5ce2014ebe93afcda61beb4130229ebd91b,234ab4993f9332b73848e536fef4969df9f91366e446e460df06a3c0b83f6160,2026-08-13
21,0.001,real,5,,,buy_and_hold,,9,False,,False,305.0,0.0,0.5639344262295082,0.5639344262295082,,,,,0.14069072854809184,2.733451434217433,0.08552798558235186,0.09061869996367022,73b5fff25fde5192f1ef867c4500f5ce2014ebe93afcda61beb4130229ebd91b,234ab4993f9332b73848e536fef4969df9f91366e446e460df06a3c0b83f6160,2026-08-13
21,0.001,real,5,,,buy_and_hold,,10,False,,False,285.0,0.0,0.5789473684210527,0.5789473684210527,,,,,0.03180814110324803,0.7097528973098393,0.05889782013996169,0.09359980002045631,73b5fff25fde5192f1ef867c4500f5ce2014ebe93afcda61beb4130229ebd91b,234ab4993f9332b73848e536fef4969df9f91366e446e460df06a3c0b83f6160,2026-08-13
21,0.001,real,5,,,buy_and_hold,,11,False,,False,285.0,0.0,0.43508771929824563,0.43508771929824563,,,,,-0.13130517442385403,-1.200782251994214,0.24429957692492296,0.10009590000845492,73b5fff25fde5192f1ef867c4500f5ce2014ebe93afcda61beb4130229ebd91b,234ab4993f9332b73848e536fef4969df9f91366e446e460df06a3c0b83f6160,2026-08-13
21,0.001,real,5,,,buy_and_hold,,12,False,,False,295.0,0.0,0.6915254237288135,0.6915254237288135,,,,,0.2515864311978302,5.681927226886831,0.028821538977628423,0.08423290000064299,73b5fff25fde5192f1ef867c4500f5ce2014ebe93afcda61beb4130229ebd91b,234ab4993f9332b73848e536fef4969df9f91366e446e460df06a3c0b83f6160,2026-08-13
21,0.001,real,5,,,buy_and_hold,,13,False,,False,305.0,0.0,0.6196721311475409,0.6196721311475409,,,,,0.15862392597991892,3.7718515148411567,0.03623398734011746,0.078093699994497,73b5fff25fde5192f1ef867c4500f5ce2014ebe93afcda61beb4130229ebd91b,234ab4993f9332b73848e536fef4969df9f91366e446e460df06a3c0b83f6160,2026-08-13
21,0.001,real,5,,,buy_and_hold,,14,False,,False,290.0,0.0,0.4793103448275862,0.4793103448275862,,,,,0.008061754354404593,0.28859795276130684,0.057996627970374144,0.07553239999106154,73b5fff25fde5192f1ef867c4500f5ce2014ebe93afcda61beb4130229ebd91b,234ab4993f9332b73848e536fef4969df9f91366e446e460df06a3c0b83f6160,2026-08-13
21,0.001,real,5,,,buy_and_hold,,15,False,,False,285.0,0.0,0.5578947368421052,0.5578947368421052,,,,,0.10104999697940009,2.051974600415739,0.11157175064993928,0.08038459997624159,73b5fff25fde5192f1ef867c4500f5ce2014ebe93afcda61beb4130229ebd91b,234ab4993f9332b73848e536fef4969df9f91366e446e460df06a3c0b83f6160,2026-08-13
21,0.001,real,5,,,buy_and_hold,,16,False,,False,295.0,0.0,0.511864406779661,0.511864406779661,,,,,-0.028942881573468804,-0.45191231822958444,0.13784549927290496,0.09336810000240803,73b5fff25fde5192f1ef867c4500f5ce2014ebe93afcda61beb4130229ebd91b,234ab4993f9332b73848e536fef4969df9f91366e446e460df06a3c0b83f6160,2026-08-13
21,0.001,real,5,,,persistence,C0_base,1,False,,True,300.0,0.0,,0.3933333333333333,0.020578419638796232,0.0,0.027581866668953025,,0.0,,0.0,0.38624279998475686,319a9f1fb845e79d9e3b8873be13b91804910bf473055956aac191a06e40026a,ffade1e556f07c3fa19d067cedf50b1bc4b96ca37ff03fd2a976e1bc61d5e634,2026-08-13
21,0.001,real,5,,,persistence,C0_base,2,False,,True,285.0,0.0,,0.6070175438596491,0.020247004497109852,0.0,0.02711284309449973,,0.0,,0.0,0.3670230000279844,319a9f1fb845e79d9e3b8873be13b91804910bf473055956aac191a06e40026a,ffade1e556f07c3fa19d067cedf50b1bc4b96ca37ff03fd2a976e1bc61d5e634,2026-08-13
21,0.001,real,5,,,persistence,C0_base,3,False,,True,295.0,0.0,,0.5389830508474577,0.0151591692716745,0.0,0.020555319834564854,,0.0,,0.0,0.38248040003236383,319a9f1fb845e79d9e3b8873be13b91804910bf473055956aac191a06e40026a,ffade1e556f07c3fa19d067cedf50b1bc4b96ca37ff03fd2a976e1bc61d5e634,2026-08-13
21,0.001,real,5,,,persistence,C0_base,4,False,,True,290.0,0.0,,0.6103448275862069,0.01396792567918869,0.0,0.021842557483026537,,0.0,,0.0,0.4076745000202209,319a9f1fb845e79d9e3b8873be13b91804910bf473055956aac191a06e40026a,ffade1e556f07c3fa19d067cedf50b1bc4b96ca37ff03fd2a976e1bc61d5e634,2026-08-13
21,0.001,real,5,,,persistence,C0_base,5,False,,True,300.0,0.0,,0.52,0.01380268550790599,0.0,0.019028602128174962,,0.0,,0.0,0.36193870002171025,319a9f1fb845e79d9e3b8873be13b91804910bf473055956aac191a06e40026a,ffade1e556f07c3fa19d067cedf50b1bc4b96ca37ff03fd2a976e1bc61d5e634,2026-08-13
21,0.001,real,5,,,persistence,C0_base,6,False,,True,290.0,0.0,,0.6344827586206897,0.011312527064169799,0.0,0.015154517716312602,,0.0,,0.0,0.4146034000441432,319a9f1fb845e79d9e3b8873be13b91804910bf473055956aac191a06e40026a,ffade1e556f07c3fa19d067cedf50b1bc4b96ca37ff03fd2a976e1bc61d5e634,2026-08-13
21,0.001,real,5,,,persistence,C0_base,7,False,,True,290.0,0.0,,0.5344827586206896,0.01467772270298769,0.0,0.0217098826560336,,0.0,,0.0,0.5147251000162214,319a9f1fb845e79d9e3b8873be13b91804910bf473055956aac191a06e40026a,ffade1e556f07c3fa19d067cedf50b1bc4b96ca37ff03fd2a976e1bc61d5e634,2026-08-13
21,0.001,real,5,,,persistence,C0_base,8,False,,True,295.0,0.0,,0.559322033898305,0.014334532737637453,0.0,0.021633654747054806,,0.0,,0.0,0.38774380000540987,319a9f1fb845e79d9e3b8873be13b91804910bf473055956aac191a06e40026a,ffade1e556f07c3fa19d067cedf50b1bc4b96ca37ff03fd2a976e1bc61d5e634,2026-08-13
21,0.001,real,5,,,persistence,C0_base,9,False,,True,305.0,0.0,,0.5639344262295082,0.01332983562185354,0.0,0.019043640067840047,,0.0,,0.0,0.35057899996172637,319a9f1fb845e79d9e3b8873be13b91804910bf473055956aac191a06e40026a,ffade1e556f07c3fa19d067cedf50b1bc4b96ca37ff03fd2a976e1bc61d5e634,2026-08-13
21,0.001,real,5,,,persistence,C0_base,10,False,,True,285.0,0.0,,0.5789473684210527,0.01514942825321119,0.0,0.022448063918964964,,0.0,,0.0,0.3514755999785848,319a9f1fb845e79d9e3b8873be13b91804910bf473055956aac191a06e40026a,ffade1e556f07c3fa19d067cedf50b1bc4b96ca37ff03fd2a976e1bc61d5e634,2026-08-13
21,0.001,real,5,,,persistence,C0_base,11,False,,True,285.0,0.0,,0.43508771929824563,0.021552224618812593,0.0,0.031160935390176014,,0.0,,0.0,0.43540509999729693,319a9f1fb845e79d9e3b8873be13b91804910bf473055956aac191a06e40026a,ffade1e556f07c3fa19d067cedf50b1bc4b96ca37ff03fd2a976e1bc61d5e634,2026-08-13
21,0.001,real,5,,,persistence,C0_base,12,False,,True,295.0,0.0,,0.6915254237288135,0.01158026034514706,0.0,0.016326448815389822,,0.0,,0.0,0.3546044999966398,319a9f1fb845e79d9e3b8873be13b91804910bf473055956aac191a06e40026a,ffade1e556f07c3fa19d067cedf50b1bc4b96ca37ff03fd2a976e1bc61d5e634,2026-08-13
21,0.001,real,5,,,persistence,C0_base,13,False,,True,305.0,0.0,,0.6196721311475409,0.012061794248486702,0.0,0.017315553118379855,,0.0,,0.0,0.3281196000170894,319a9f1fb845e79d9e3b8873be13b91804910bf473055956aac191a06e40026a,ffade1e556f07c3fa19d067cedf50b1bc4b96ca37ff03fd2a976e1bc61d5e634,2026-08-13
21,0.001,real,5,,,persistence,C0_base,14,False,,True,290.0,0.0,,0.4793103448275862,0.012486815580821405,0.0,0.01716510515607726,,0.0,,0.0,0.32700889999978244,319a9f1fb845e79d9e3b8873be13b91804910bf473055956aac191a06e40026a,ffade1e556f07c3fa19d067cedf50b1bc4b96ca37ff03fd2a976e1bc61d5e634,2026-08-13
21,0.001,real,5,,,persistence,C0_base,15,False,,True,285.0,0.0,,0.5578947368421052,0.01460627755550505,0.0,0.019454540386361994,,0.0,,0.0,0.32095129997469485,319a9f1fb845e79d9e3b8873be13b91804910bf473055956aac191a06e40026a,ffade1e556f07c3fa19d067cedf50b1bc4b96ca37ff03fd2a976e1bc61d5e634,2026-08-13
21,0.001,real,5,,,persistence,C0_base,16,False,,True,295.0,0.0,,0.511864406779661,0.01826396777058471,0.0,0.02537588536041363,,0.0,,0.0,0.32399840001016855,319a9f1fb845e79d9e3b8873be13b91804910bf473055956aac191a06e40026a,ffade1e556f07c3fa19d067cedf50b1bc4b96ca37ff03fd2a976e1bc61d5e634,2026-08-13
21,0.001,real,5,,,persistence,C2_hybrid,1,False,,True,300.0,0.0,,0.3933333333333333,0.020578419638796232,0.0,0.027581866668953025,,0.0,,0.0,0.443523499998264,843730afdc1b73213668053f53159944f652f114b40bf382e8935267acf7f784,581274b67e1d9990c58a51d3413847ec3364eb6a7267e23b145069a92c66fe9c,2026-08-13
21,0.001,real,5,,,persistence,C2_hybrid,2,False,,True,285.0,0.0,,0.6070175438596491,0.020247004497109852,0.0,0.02711284309449973,,0.0,,0.0,0.43773000000510365,843730afdc1b73213668053f53159944f652f114b40bf382e8935267acf7f784,581274b67e1d9990c58a51d3413847ec3364eb6a7267e23b145069a92c66fe9c,2026-08-13
21,0.001,real,5,,,persistence,C2_hybrid,3,False,,True,295.0,0.0,,0.5389830508474577,0.0151591692716745,0.0,0.020555319834564854,,0.0,,0.0,0.41442669997923076,843730afdc1b73213668053f53159944f652f114b40bf382e8935267acf7f784,581274b67e1d9990c58a51d3413847ec3364eb6a7267e23b145069a92c66fe9c,2026-08-13
21,0.001,real,5,,,persistence,C2_hybrid,4,False,,True,290.0,0.0,,0.6103448275862069,0.01396792567918869,0.0,0.021842557483026537,,0.0,,0.0,0.39425269997445866,843730afdc1b73213668053f53159944f652f114b40bf382e8935267acf7f784,581274b67e1d9990c58a51d3413847ec3364eb6a7267e23b145069a92c66fe9c,2026-08-13
21,0.001,real,5,,,persistence,C2_hybrid,5,False,,True,300.0,0.0,,0.52,0.01380268550790599,0.0,0.019028602128174962,,0.0,,0.0,0.4087075999705121,843730afdc1b73213668053f53159944f652f114b40bf382e8935267acf7f784,581274b67e1d9990c58a51d3413847ec3364eb6a7267e23b145069a92c66fe9c,2026-08-13
21,0.001,real,5,,,persistence,C2_hybrid,6,False,,True,290.0,0.0,,0.6344827586206897,0.011312527064169799,0.0,0.015154517716312602,,0.0,,0.0,0.44964249996701255,843730afdc1b73213668053f53159944f652f114b40bf382e8935267acf7f784,581274b67e1d9990c58a51d3413847ec3364eb6a7267e23b145069a92c66fe9c,2026-08-13
21,0.001,real,5,,,persistence,C2_hybrid,7,False,,True,290.0,0.0,,0.5344827586206896,0.01467772270298769,0.0,0.0217098826560336,,0.0,,0.0,0.4623544000205584,843730afdc1b73213668053f53159944f652f114b40bf382e8935267acf7f784,581274b67e1d9990c58a51d3413847ec3364eb6a7267e23b145069a92c66fe9c,2026-08-13
21,0.001,real,5,,,persistence,C2_hybrid,8,False,,True,295.0,0.0,,0.559322033898305,0.014334532737637453,0.0,0.021633654747054806,,0.0,,0.0,0.43967270001303405,843730afdc1b73213668053f53159944f652f114b40bf382e8935267acf7f784,581274b67e1d9990c58a51d3413847ec3364eb6a7267e23b145069a92c66fe9c,2026-08-13
21,0.001,real,5,,,persistence,C2_hybrid,9,False,,True,305.0,0.0,,0.5639344262295082,0.01332983562185354,0.0,0.019043640067840047,,0.0,,0.0,0.4423813999746926,843730afdc1b73213668053f53159944f652f114b40bf382e8935267acf7f784,581274b67e1d9990c58a51d3413847ec3364eb6a7267e23b145069a92c66fe9c,2026-08-13
21,0.001,real,5,,,persistence,C2_hybrid,10,False,,True,285.0,0.0,,0.5789473684210527,0.01514942825321119,0.0,0.022448063918964964,,0.0,,0.0,0.47116250003455207,843730afdc1b73213668053f53159944f652f114b40bf382e8935267acf7f784,581274b67e1d9990c58a51d3413847ec3364eb6a7267e23b145069a92c66fe9c,2026-08-13
21,0.001,real,5,,,persistence,C2_hybrid,11,False,,True,285.0,0.0,,0.43508771929824563,0.021552224618812593,0.0,0.031160935390176014,,0.0,,0.0,0.4780834999983199,843730afdc1b73213668053f53159944f652f114b40bf382e8935267acf7f784,581274b67e1d9990c58a51d3413847ec3364eb6a7267e23b145069a92c66fe9c,2026-08-13
21,0.001,real,5,,,persistence,C2_hybrid,12,False,,True,295.0,0.0,,0.6915254237288135,0.01158026034514706,0.0,0.016326448815389822,,0.0,,0.0,0.6288188000326045,843730afdc1b73213668053f53159944f652f114b40bf382e8935267acf7f784,581274b67e1d9990c58a51d3413847ec3364eb6a7267e23b145069a92c66fe9c,2026-08-13
21,0.001,real,5,,,persistence,C2_hybrid,13,False,,True,305.0,0.0,,0.6196721311475409,0.012061794248486702,0.0,0.017315553118379855,,0.0,,0.0,0.5967957000248134,843730afdc1b73213668053f53159944f652f114b40bf382e8935267acf7f784,581274b67e1d9990c58a51d3413847ec3364eb6a7267e23b145069a92c66fe9c,2026-08-13
21,0.001,real,5,,,persistence,C2_hybrid,14,False,,True,290.0,0.0,,0.4793103448275862,0.012486815580821405,0.0,0.01716510515607726,,0.0,,0.0,0.528174500039313,843730afdc1b73213668053f53159944f652f114b40bf382e8935267acf7f784,581274b67e1d9990c58a51d3413847ec3364eb6a7267e23b145069a92c66fe9c,2026-08-13
21,0.001,real,5,,,persistence,C2_hybrid,15,False,,True,285.0,0.0,,0.5578947368421052,0.01460627755550505,0.0,0.019454540386361994,,0.0,,0.0,0.6041655999724753,843730afdc1b73213668053f53159944f652f114b40bf382e8935267acf7f784,581274b67e1d9990c58a51d3413847ec3364eb6a7267e23b145069a92c66fe9c,2026-08-13
21,0.001,real,5,,,persistence,C2_hybrid,16,False,,True,295.0,0.0,,0.511864406779661,0.01826396777058471,0.0,0.02537588536041363,,0.0,,0.0,0.575404700008221,843730afdc1b73213668053f53159944f652f114b40bf382e8935267acf7f784,581274b67e1d9990c58a51d3413847ec3364eb6a7267e23b145069a92c66fe9c,2026-08-13
21,0.001,real,5,,,dlinear,C0_base,1,False,,False,300.0,42.0,0.47333333333333333,0.3933333333333333,0.022425809927709175,0.4590281851947123,0.030030709345167154,0.3705821807600014,-0.0851494986686051,-3.611575386470382,0.09936987494931782,2.02241590002086,73b5fff25fde5192f1ef867c4500f5ce2014ebe93afcda61beb4130229ebd91b,234ab4993f9332b73848e536fef4969df9f91366e446e460df06a3c0b83f6160,2026-08-13
21,0.001,real,5,,,dlinear,C0_base,2,False,,False,285.0,5.0,0.42105263157894735,0.6070175438596491,0.022375216229096703,0.3431572287450833,0.029612030981816702,0.5718816020458363,-0.006280153723384085,-1.4327727273142976,0.012083977579845499,1.541189800016582,73b5fff25fde5192f1ef867c4500f5ce2014ebe93afcda61beb4130229ebd91b,234ab4993f9332b73848e536fef4969df9f91366e446e460df06a3c0b83f6160,2026-08-13
21,0.001,real,5,,,dlinear,C0_base,3,False,,True,295.0,0.0,0.559322033898305,0.5389830508474577,0.015540119865454598,0.35618988050658207,0.02081731767233645,0.5480645192563749,0.0,,0.0,1.4094617000082508,73b5fff25fde5192f1ef867c4500f5ce2014ebe93afcda61beb4130229ebd91b,234ab4993f9332b73848e536fef4969df9f91366e446e460df06a3c0b83f6160,2026-08-13
21,0.001,real,5,,,dlinear,C0_base,4,False,,False,290.0,2.0,0.5482758620689655,0.6103448275862069,0.01492015725404718,0.3314620924216631,0.02221316532735712,0.5178452072356671,0.002860366070815079,,0.005931944184590728,1.2999216000316665,73b5fff25fde5192f1ef867c4500f5ce2014ebe93afcda61beb4130229ebd91b,234ab4993f9332b73848e536fef4969df9f91366e446e460df06a3c0b83f6160,2026-08-13
21,0.001,real,5,,,dlinear,C0_base,5,False,,False,300.0,2.0,0.4166666666666667,0.52,0.014693196219282344,0.354423775269943,0.020142737644602365,0.6324654159565749,-0.001368595884562951,,0.004501959183535667,1.2750755000161007,73b5fff25fde5192f1ef867c4500f5ce2014ebe93afcda61beb4130229ebd91b,234ab4993f9332b73848e536fef4969df9f91366e446e460df06a3c0b83f6160,2026-08-13
21,0.001,real,5,,,dlinear,C0_base,6,False,,False,290.0,0.0,0.4793103448275862,0.6344827586206897,0.012325127302065312,0.36967034153978473,0.016160943741649433,0.5855505630952815,0.0,,0.0,1.2907413999782875,73b5fff25fde5192f1ef867c4500f5ce2014ebe93afcda61beb4130229ebd91b,234ab4993f9332b73848e536fef4969df9f91366e446e460df06a3c0b83f6160,2026-08-13
21,0.001,real,5,,,dlinear,C0_base,7,False,,False,290.0,22.0,0.5482758620689655,0.5344827586206896,0.01511774263199957,0.3185930560545522,0.02186963551582492,0.596738675904982,0.02797550442783381,2.173479724980267,0.0125628144328784,1.1348063999903388,73b5fff25fde5192f1ef867c4500f5ce2014ebe93afcda61beb4130229ebd91b,234ab4993f9332b73848e536fef4969df9f91366e446e460df06a3c0b83f6160,2026-08-13
21,0.001,real,5,,,dlinear,C0_base,8,False,,False,295.0,11.0,0.4542372881355932,0.559322033898305,0.015259333278179165,0.30932852424342705,0.022427818194186946,0.6373288482931251,0.014803679858160557,1.9455205391356547,0.00962387895526442,1.2180598999839276,73b5fff25fde5192f1ef867c4500f5ce2014ebe93afcda61beb4130229ebd91b,234ab4993f9332b73848e536fef4969df9f91366e446e460df06a3c0b83f6160,2026-08-13
21,0.001,real,5,,,dlinear,C0_base,9,False,,False,305.0,18.0,0.4491803278688525,0.5639344262295082,0.013721644545927319,0.3015170030664081,0.019716908521954093,0.5710388294925285,-0.00568952543600465,-0.4481039406700826,0.03083490781821962,1.352982599986717,73b5fff25fde5192f1ef867c4500f5ce2014ebe93afcda61beb4130229ebd91b,234ab4993f9332b73848e536fef4969df9f91366e446e460df06a3c0b83f6160,2026-08-13
21,0.001,real,5,,,dlinear,C0_base,10,False,,False,285.0,9.0,0.512280701754386,0.5789473684210527,0.015854128858358987,0.2659201810210464,0.023340737805677362,0.592949241515405,0.0095116092541081,1.6551907001106785,0.008048472465452646,1.2872483999817632,73b5fff25fde5192f1ef867c4500f5ce2014ebe93afcda61beb4130229ebd91b,234ab4993f9332b73848e536fef4969df9f91366e446e460df06a3c0b83f6160,2026-08-13
21,0.001,real,5,,,dlinear,C0_base,11,False,,False,285.0,3.0,0.47719298245614034,0.43508771929824563,0.02232339040110388,0.21026229011630404,0.03210298701265176,0.5746640580613213,-0.0005385898025570546,,0.006437383691149298,1.2005427000112832,73b5fff25fde5192f1ef867c4500f5ce2014ebe93afcda61beb4130229ebd91b,234ab4993f9332b73848e536fef4969df9f91366e446e460df06a3c0b83f6160,2026-08-13
21,0.001,real,5,,,dlinear,C0_base,12,False,,True,295.0,0.0,0.5830508474576271,0.6915254237288135,0.012138803921729125,0.42037775776909325,0.016847962363576375,0.42263590240335525,0.0,,0.0,1.4341287999995984,73b5fff25fde5192f1ef867c4500f5ce2014ebe93afcda61beb4130229ebd91b,234ab4993f9332b73848e536fef4969df9f91366e446e460df06a3c0b83f6160,2026-08-13
21,0.001,real,5,,,dlinear,C0_base,13,False,,False,305.0,5.0,0.4721311475409836,0.6196721311475409,0.01318512453830723,0.34808779879007073,0.018490486798983283,0.5487742771175268,0.006506577905226463,1.469662374598469,0.006583521586186976,1.4476460000150837,73b5fff25fde5192f1ef867c4500f5ce2014ebe93afcda61beb4130229ebd91b,234ab4993f9332b73848e536fef4969df9f91366e446e460df06a3c0b83f6160,2026-08-13
21,0.001,real,5,,,dlinear,C0_base,14,False,,False,290.0,9.0,0.5724137931034483,0.4793103448275862,0.012604411427268555,0.281629342390285,0.017524123619129046,0.5666489532594859,0.00039157274109680174,0.0709172176145255,0.014768815629451247,1.2543576000025496,73b5fff25fde5192f1ef867c4500f5ce2014ebe93afcda61beb4130229ebd91b,234ab4993f9332b73848e536fef4969df9f91366e446e460df06a3c0b83f6160,2026-08-13
21,0.001,real,5,,,dlinear,C0_base,15,False,,False,285.0,24.0,0.5087719298245614,0.5578947368421052,0.015174392359015436,0.24219307176493296,0.02014208800550031,0.6274339624029303,0.029877344424249497,1.9426494054824401,0.03806305487653903,1.2240104000084102,73b5fff25fde5192f1ef867c4500f5ce2014ebe93afcda61beb4130229ebd91b,234ab4993f9332b73848e536fef4969df9f91366e446e460df06a3c0b83f6160,2026-08-13
21,0.001,real,5,,,dlinear,C0_base,16,False,,False,295.0,40.0,0.48135593220338985,0.511864406779661,0.018941317418937287,0.2327390200096335,0.02640490329046569,0.7223343978263453,-0.0097883696556742,-0.5530339143645505,0.05850455387524249,1.2692034000065178,73b5fff25fde5192f1ef867c4500f5ce2014ebe93afcda61beb4130229ebd91b,234ab4993f9332b73848e536fef4969df9f91366e446e460df06a3c0b83f6160,2026-08-13
21,0.001,real,5,,,dlinear,C2_hybrid,1,False,,True,300.0,0.0,0.4633333333333333,0.3933333333333333,0.022936309008803335,0.49655076865410375,0.030485225266473813,0.30750249890197723,0.0,,0.0,2.650693900010083,edf7f1c6bb3940fa6e5ad284bf7b59f27c88a1c36cb84e8f00434bfec29ef005,2c77bb9d9062decbe5c77fe0221a6b971d7ebf217d046c3e79cb893f7a8aaf7a,2026-08-13
21,0.001,real,5,,,dlinear,C2_hybrid,2,False,,False,285.0,8.0,0.5087719298245614,0.6070175438596491,0.02284784787089102,0.45468855980878886,0.030146890060192996,0.6033495541571454,-0.0064889221287511845,-0.8368293065566813,0.01701085107774993,1.6676246999995783,edf7f1c6bb3940fa6e5ad284bf7b59f27c88a1c36cb84e8f00434bfec29ef005,2c77bb9d9062decbe5c77fe0221a6b971d7ebf217d046c3e79cb893f7a8aaf7a,2026-08-13
21,0.001,real,5,,,dlinear,C2_hybrid,3,False,,True,295.0,0.0,0.5457627118644067,0.5389830508474577,0.01642038912869418,0.5009856508926626,0.021891179107654632,0.5520571093534962,0.0,,0.0,1.370635500003118,edf7f1c6bb3940fa6e5ad284bf7b59f27c88a1c36cb84e8f00434bfec29ef005,2c77bb9d9062decbe5c77fe0221a6b971d7ebf217d046c3e79cb893f7a8aaf7a,2026-08-13
21,0.001,real,5,,,dlinear,C2_hybrid,4,False,,False,290.0,1.0,0.5172413793103449,0.6103448275862069,0.016193345626480993,0.4954679081170852,0.02339571323244262,0.49710222864542786,-0.0030584883623212544,,0.0030584883623212228,1.5205858999979682,edf7f1c6bb3940fa6e5ad284bf7b59f27c88a1c36cb84e8f00434bfec29ef005,2c77bb9d9062decbe5c77fe0221a6b971d7ebf217d046c3e79cb893f7a8aaf7a,2026-08-13
21,0.001,real,5,,,dlinear,C2_hybrid,5,False,,False,300.0,12.0,0.4533333333333333,0.52,0.015062816118353133,0.4735245367271053,0.02070496137550253,0.5893173734816872,-0.0019347165671899091,-0.23906883905328463,0.018438254557168205,1.2091775999870151,edf7f1c6bb3940fa6e5ad284bf7b59f27c88a1c36cb84e8f00434bfec29ef005,2c77bb9d9062decbe5c77fe0221a6b971d7ebf217d046c3e79cb893f7a8aaf7a,2026-08-13
21,0.001,real,5,,,dlinear,C2_hybrid,6,False,,False,290.0,6.0,0.5103448275862069,0.6344827586206897,0.01296841925162426,0.4681867677304767,0.016783675152310506,0.5480395601812847,0.022739636599393043,3.943871161315786,0.005467710027959954,1.3164021999691613,edf7f1c6bb3940fa6e5ad284bf7b59f27c88a1c36cb84e8f00434bfec29ef005,2c77bb9d9062decbe5c77fe0221a6b971d7ebf217d046c3e79cb893f7a8aaf7a,2026-08-13
21,0.001,real,5,,,dlinear,C2_hybrid,7,False,,False,290.0,16.0,0.5655172413793104,0.5344827586206896,0.015232154156037011,0.39693805048478087,0.021934114790940134,0.575947315396866,0.038898392222585176,2.875653782980607,0.014118592720783574,1.1200847000000067,edf7f1c6bb3940fa6e5ad284bf7b59f27c88a1c36cb84e8f00434bfec29ef005,2c77bb9d9062decbe5c77fe0221a6b971d7ebf217d046c3e79cb893f7a8aaf7a,2026-08-13
21,0.001,real,5,,,dlinear,C2_hybrid,8,False,,False,295.0,3.0,0.4915254237288136,0.559322033898305,0.01582863992802328,0.397379254451693,0.023091963115264208,0.5558787596677545,0.010807148182580661,,0.0031107039670702987,1.277562500035856,edf7f1c6bb3940fa6e5ad284bf7b59f27c88a1c36cb84e8f00434bfec29ef005,2c77bb9d9062decbe5c77fe0221a6b971d7ebf217d046c3e79cb893f7a8aaf7a,2026-08-13
21,0.001,real,5,,,dlinear,C2_hybrid,9,False,,True,305.0,0.0,0.4262295081967213,0.5639344262295082,0.014120730382398023,0.44059731336986785,0.02017231357938192,0.5672005911067709,0.0,,0.0,1.2118830000399612,edf7f1c6bb3940fa6e5ad284bf7b59f27c88a1c36cb84e8f00434bfec29ef005,2c77bb9d9062decbe5c77fe0221a6b971d7ebf217d046c3e79cb893f7a8aaf7a,2026-08-13
21,0.001,real,5,,,dlinear,C2_hybrid,10,False,,False,285.0,14.0,0.5543859649122806,0.5789473684210527,0.016527190653064742,0.3817971562637861,0.024401391023216434,0.5553915210785854,0.015054207056910185,1.9717474178124494,0.01250322006446871,1.2210983000113629,edf7f1c6bb3940fa6e5ad284bf7b59f27c88a1c36cb84e8f00434bfec29ef005,2c77bb9d9062decbe5c77fe0221a6b971d7ebf217d046c3e79cb893f7a8aaf7a,2026-08-13
21,0.001,real,5,,,dlinear,C2_hybrid,11,False,,False,285.0,14.0,0.48771929824561405,0.43508771929824563,0.022652079304978985,0.28711530044668127,0.03235117806349387,0.5702165369177026,-0.004861111802172635,-0.5486404832079139,0.02836316158671456,1.1616723000188358,edf7f1c6bb3940fa6e5ad284bf7b59f27c88a1c36cb84e8f00434bfec29ef005,2c77bb9d9062decbe5c77fe0221a6b971d7ebf217d046c3e79cb893f7a8aaf7a,2026-08-13
21,0.001,real,5,,,dlinear,C2_hybrid,12,False,,False,295.0,8.0,0.5830508474576271,0.6915254237288135,0.012967845513488969,0.5750446423329348,0.017733640523584945,0.4360381651972196,0.03247057214058291,4.365224686614363,0.006484238632071583,1.2131800000206567,edf7f1c6bb3940fa6e5ad284bf7b59f27c88a1c36cb84e8f00434bfec29ef005,2c77bb9d9062decbe5c77fe0221a6b971d7ebf217d046c3e79cb893f7a8aaf7a,2026-08-13
21,0.001,real,5,,,dlinear,C2_hybrid,13,False,,False,305.0,2.0,0.46885245901639344,0.6196721311475409,0.013683155762022276,0.451785495364615,0.01905257914018458,0.5152769094589306,0.0028603660708383938,,0.005670804625435785,1.2337989999796264,edf7f1c6bb3940fa6e5ad284bf7b59f27c88a1c36cb84e8f00434bfec29ef005,2c77bb9d9062decbe5c77fe0221a6b971d7ebf217d046c3e79cb893f7a8aaf7a,2026-08-13
21,0.001,real,5,,,dlinear,C2_hybrid,14,False,,False,290.0,20.0,0.5758620689655173,0.4793103448275862,0.01286221275833402,0.360065846205821,0.017847594693774164,0.5490336269390113,0.0022555903582108794,0.266648650912063,0.022698234839487026,1.1329384000273421,edf7f1c6bb3940fa6e5ad284bf7b59f27c88a1c36cb84e8f00434bfec29ef005,2c77bb9d9062decbe5c77fe0221a6b971d7ebf217d046c3e79cb893f7a8aaf7a,2026-08-13
21,0.001,real,5,,,dlinear,C2_hybrid,15,False,,False,285.0,23.0,0.5087719298245614,0.5578947368421052,0.015741451757552406,0.34921461789590524,0.02086579514696803,0.6571027502975912,0.03580848385685931,2.0592865967885188,0.03957048393538425,1.1591565000126138,edf7f1c6bb3940fa6e5ad284bf7b59f27c88a1c36cb84e8f00434bfec29ef005,2c77bb9d9062decbe5c77fe0221a6b971d7ebf217d046c3e79cb893f7a8aaf7a,2026-08-13
21,0.001,real,5,,,dlinear,C2_hybrid,16,False,,False,295.0,39.0,0.49491525423728816,0.511864406779661,0.018950160909599285,0.27430748213323725,0.026488642230104956,0.6689883423712212,0.003134115325700515,0.236233169989519,0.04780080765473308,1.2487229999969713,edf7f1c6bb3940fa6e5ad284bf7b59f27c88a1c36cb84e8f00434bfec29ef005,2c77bb9d9062decbe5c77fe0221a6b971d7ebf217d046c3e79cb893f7a8aaf7a,2026-08-13
21,0.001,real,5,24.0,0.041666666666666664,fits,C0_base,1,False,,False,300.0,12.0,0.5866666666666667,0.3933333333333333,0.020213855130537025,0.22396851472746238,0.027025366035710315,,-0.009030665773146707,-0.766128658076139,0.019896366642029793,2.8055526000098325,08e54c860d8d6ad2a4342af154ad75d5e2dd054ae51a63adc2da4ea9618cb691,8a4a9baab2ac877a0c9c3cb51e9ffed63a62ae53e4bfcea7ca22f16cb14d4eed,2026-08-13
21,0.001,real,5,24.0,0.041666666666666664,fits,C0_base,2,False,,False,285.0,10.0,0.38596491228070173,0.6070175438596491,0.02178692917845542,0.29623203620344946,0.028803452056519345,,-0.018263765235189355,-3.302546924171895,0.020507025787501187,3.36277909995988,08e54c860d8d6ad2a4342af154ad75d5e2dd054ae51a63adc2da4ea9618cb691,8a4a9baab2ac877a0c9c3cb51e9ffed63a62ae53e4bfcea7ca22f16cb14d4eed,2026-08-13
21,0.001,real,5,24.0,0.041666666666666664,fits,C0_base,3,False,,True,295.0,0.0,0.49491525423728816,0.5389830508474577,0.01639699623303043,0.39672072429320404,0.022021748556641137,,0.0,,0.0,2.598151699989103,08e54c860d8d6ad2a4342af154ad75d5e2dd054ae51a63adc2da4ea9618cb691,8a4a9baab2ac877a0c9c3cb51e9ffed63a62ae53e4bfcea7ca22f16cb14d4eed,2026-08-13
21,0.001,real,5,24.0,0.041666666666666664,fits,C0_base,4,False,,False,290.0,8.0,0.5655172413793104,0.6103448275862069,0.015188962553677486,0.36626052608939025,0.022585159511739103,,0.022884867116225616,2.6197489556411955,0.008697019245593976,3.56066080002347,08e54c860d8d6ad2a4342af154ad75d5e2dd054ae51a63adc2da4ea9618cb691,8a4a9baab2ac877a0c9c3cb51e9ffed63a62ae53e4bfcea7ca22f16cb14d4eed,2026-08-13
21,0.001,real,5,24.0,0.041666666666666664,fits,C0_base,5,False,,False,300.0,36.0,0.51,0.52,0.014138092405399212,0.33318136943269455,0.019711770260173504,,0.00041020337885222524,0.05976153097405519,0.024155034757116806,2.691902000049595,08e54c860d8d6ad2a4342af154ad75d5e2dd054ae51a63adc2da4ea9618cb691,8a4a9baab2ac877a0c9c3cb51e9ffed63a62ae53e4bfcea7ca22f16cb14d4eed,2026-08-13
21,0.001,real,5,24.0,0.041666666666666664,fits,C0_base,6,False,,False,290.0,17.0,0.5862068965517241,0.6344827586206897,0.011381265490912217,0.293462753577415,0.015214442116147274,,0.056388671757996,5.663099916085909,0.00699916726754347,2.8641224000020884,08e54c860d8d6ad2a4342af154ad75d5e2dd054ae51a63adc2da4ea9618cb691,8a4a9baab2ac877a0c9c3cb51e9ffed63a62ae53e4bfcea7ca22f16cb14d4eed,2026-08-13
21,0.001,real,5,24.0,0.041666666666666664,fits,C0_base,7,False,,False,290.0,21.0,0.5482758620689655,0.5344827586206896,0.015050754538724937,0.25899951261001547,0.021714392917997406,,0.003703778313337347,0.3129178210064412,0.021856949105032043,3.3580333999707364,08e54c860d8d6ad2a4342af154ad75d5e2dd054ae51a63adc2da4ea9618cb691,8a4a9baab2ac877a0c9c3cb51e9ffed63a62ae53e4bfcea7ca22f16cb14d4eed,2026-08-13
21,0.001,real,5,24.0,0.041666666666666664,fits,C0_base,8,False,,False,295.0,11.0,0.5152542372881356,0.559322033898305,0.014660461023168357,0.2543785114603658,0.022136772342858296,,0.013586485832096429,1.887574542444328,0.009107370552077741,3.199327700014692,08e54c860d8d6ad2a4342af154ad75d5e2dd054ae51a63adc2da4ea9618cb691,8a4a9baab2ac877a0c9c3cb51e9ffed63a62ae53e4bfcea7ca22f16cb14d4eed,2026-08-13
21,0.001,real,5,24.0,0.041666666666666664,fits,C0_base,9,False,,False,305.0,15.0,0.47540983606557374,0.5639344262295082,0.01406070451510364,0.2998232078632182,0.020044218558252308,,-0.0025414160556331833,-0.21380648420743825,0.029707085394828806,3.0025111999711953,08e54c860d8d6ad2a4342af154ad75d5e2dd054ae51a63adc2da4ea9618cb691,8a4a9baab2ac877a0c9c3cb51e9ffed63a62ae53e4bfcea7ca22f16cb14d4eed,2026-08-13
21,0.001,real,5,24.0,0.041666666666666664,fits,C0_base,10,False,,False,285.0,13.0,0.49122807017543857,0.5789473684210527,0.016093245221587813,0.2680466873448261,0.024027808190004867,,0.009193891143038035,1.0165508385567834,0.017744077919640652,2.774446199997328,08e54c860d8d6ad2a4342af154ad75d5e2dd054ae51a63adc2da4ea9618cb691,8a4a9baab2ac877a0c9c3cb51e9ffed63a62ae53e4bfcea7ca22f16cb14d4eed,2026-08-13
21,0.001,real,5,24.0,0.041666666666666664,fits,C0_base,11,False,,False,285.0,12.0,0.4456140350877193,0.43508771929824563,0.022132531351183753,0.20546569725609182,0.03177553985023087,,-0.0230844966998619,-5.324628114332376,0.02308449669986192,3.886134000029415,08e54c860d8d6ad2a4342af154ad75d5e2dd054ae51a63adc2da4ea9618cb691,8a4a9baab2ac877a0c9c3cb51e9ffed63a62ae53e4bfcea7ca22f16cb14d4eed,2026-08-13
21,0.001,real,5,24.0,0.041666666666666664,fits,C0_base,12,False,,True,295.0,0.0,0.48135593220338985,0.6915254237288135,0.012634224333683572,0.3945328101110377,0.01751539819781647,,0.0,,0.0,3.8021293000201695,08e54c860d8d6ad2a4342af154ad75d5e2dd054ae51a63adc2da4ea9618cb691,8a4a9baab2ac877a0c9c3cb51e9ffed63a62ae53e4bfcea7ca22f16cb14d4eed,2026-08-13
21,0.001,real,5,24.0,0.041666666666666664,fits,C0_base,13,False,,False,305.0,17.0,0.5180327868852459,0.6196721311475409,0.012303260281725016,0.25572057177885366,0.017767531603146838,,0.030673276842743347,2.385663618133787,0.01633603131075141,3.3724893999751657,08e54c860d8d6ad2a4342af154ad75d5e2dd054ae51a63adc2da4ea9618cb691,8a4a9baab2ac877a0c9c3cb51e9ffed63a62ae53e4bfcea7ca22f16cb14d4eed,2026-08-13
21,0.001,real,5,24.0,0.041666666666666664,fits,C0_base,14,False,,False,290.0,14.0,0.49310344827586206,0.4793103448275862,0.01273223358181359,0.22484553998858664,0.017283739745543893,,0.011180306628182812,1.617732873637843,0.011514769720660664,4.1935635000118054,08e54c860d8d6ad2a4342af154ad75d5e2dd054ae51a63adc2da4ea9618cb691,8a4a9baab2ac877a0c9c3cb51e9ffed63a62ae53e4bfcea7ca22f16cb14d4eed,2026-08-13
21,0.001,real,5,24.0,0.041666666666666664,fits,C0_base,15,False,,False,285.0,1.0,0.4631578947368421,0.5578947368421052,0.015064528846015538,0.17794154631023815,0.01995933845193149,,-0.0030584883623221426,,0.004080403930968935,2.7438969999784604,08e54c860d8d6ad2a4342af154ad75d5e2dd054ae51a63adc2da4ea9618cb691,8a4a9baab2ac877a0c9c3cb51e9ffed63a62ae53e4bfcea7ca22f16cb14d4eed,2026-08-13
21,0.001,real,5,24.0,0.041666666666666664,fits,C0_base,16,False,,True,295.0,0.0,0.5288135593220339,0.511864406779661,0.018565842594132867,0.16856432769664806,0.02575765080700435,,0.0,,0.0,3.2265095000038855,08e54c860d8d6ad2a4342af154ad75d5e2dd054ae51a63adc2da4ea9618cb691,8a4a9baab2ac877a0c9c3cb51e9ffed63a62ae53e4bfcea7ca22f16cb14d4eed,2026-08-13
21,0.001,real,5,24.0,0.041666666666666664,fits,C2_hybrid,-1,True,"deliberately empty (spec 6.4): FITS is univariate and filters frequencies itself, so pre-filtered wavelet bands are redundant",,,,,,,,,,,,,,33eff891f66efe33e5a8551d81ed6b97736438467316f4b170a9ce34626c808a,4188297e3590dcf6b30666bc81bfd0edb2fe976c3ccca70fa49c193bb06401ad,2026-08-13
42,0.001,real,5,,,buy_and_hold,,1,False,,False,295.0,0.0,0.5254237288135594,0.5254237288135594,,,,,-0.003946282651950739,0.14757194743751043,0.13080663899926398,0.06260679999832064,73b5fff25fde5192f1ef867c4500f5ce2014ebe93afcda61beb4130229ebd91b,234ab4993f9332b73848e536fef4969df9f91366e446e460df06a3c0b83f6160,2026-08-13
42,0.001,real,5,,,buy_and_hold,,2,False,,False,300.0,0.0,0.5133333333333333,0.5133333333333333,,,,,-0.07364861938984413,-0.5685073237488552,0.20310249318049303,0.07011059997603297,73b5fff25fde5192f1ef867c4500f5ce2014ebe93afcda61beb4130229ebd91b,234ab4993f9332b73848e536fef4969df9f91366e446e460df06a3c0b83f6160,2026-08-13
42,0.001,real,5,,,buy_and_hold,,3,False,,False,280.0,0.0,0.5535714285714286,0.5535714285714286,,,,,0.10927779933263904,1.518871833931156,0.13893715139894625,0.06465220003155991,73b5fff25fde5192f1ef867c4500f5ce2014ebe93afcda61beb4130229ebd91b,234ab4993f9332b73848e536fef4969df9f91366e446e460df06a3c0b83f6160,2026-08-13
42,0.001,real,5,,,buy_and_hold,,4,False,,False,300.0,0.0,0.6666666666666666,0.6666666666666666,,,,,0.34824136124888194,5.249948541402734,0.03469369157944137,0.05758000002242625,73b5fff25fde5192f1ef867c4500f5ce2014ebe93afcda61beb4130229ebd91b,234ab4993f9332b73848e536fef4969df9f91366e446e460df06a3c0b83f6160,2026-08-13
42,0.001,real,5,,,buy_and_hold,,5,False,,False,295.0,0.0,0.559322033898305,0.559322033898305,,,,,0.07958846429725153,1.6227616104407379,0.057558020019763366,0.07198219996644184,73b5fff25fde5192f1ef867c4500f5ce2014ebe93afcda61beb4130229ebd91b,234ab4993f9332b73848e536fef4969df9f91366e446e460df06a3c0b83f6160,2026-08-13
42,0.001,real,5,,,buy_and_hold,,6,False,,False,300.0,0.0,0.5766666666666667,0.5766666666666667,,,,,0.07714877856986213,1.55164435436238,0.09818815986435964,0.07341280003311113,73b5fff25fde5192f1ef867c4500f5ce2014ebe93afcda61beb4130229ebd91b,234ab4993f9332b73848e536fef4969df9f91366e446e460df06a3c0b83f6160,2026-08-13
42,0.001,real,5,,,buy_and_hold,,7,False,,False,285.0,0.0,0.6105263157894737,0.6105263157894737,,,,,0.18758010186864515,3.4883611794965015,0.04529074232864334,0.05923019995680079,73b5fff25fde5192f1ef867c4500f5ce2014ebe93afcda61beb4130229ebd91b,234ab4993f9332b73848e536fef4969df9f91366e446e460df06a3c0b83f6160,2026-08-13
42,0.001,real,5,,,buy_and_hold,,8,False,,False,300.0,0.0,0.6066666666666667,0.6066666666666667,,,,,0.139857545762627,2.7886985581450032,0.07677852156974929,0.06390479998663068,73b5fff25fde5192f1ef867c4500f5ce2014ebe93afcda61beb4130229ebd91b,234ab4993f9332b73848e536fef4969df9f91366e446e460df06a3c0b83f6160,2026-08-13
42,0.001,real,5,,,buy_and_hold,,9,False,,False,295.0,0.0,0.5084745762711864,0.5084745762711864,,,,,-0.00448999404275352,0.050052879311108404,0.17325249853006328,0.07186250004451722,73b5fff25fde5192f1ef867c4500f5ce2014ebe93afcda61beb4130229ebd91b,234ab4993f9332b73848e536fef4969df9f91366e446e460df06a3c0b83f6160,2026-08-13
42,0.001,real,5,,,buy_and_hold,,10,False,,False,300.0,0.0,0.62,0.62,,,,,0.14632181234284536,3.086867087978088,0.042780605029229604,0.07703399995807558,73b5fff25fde5192f1ef867c4500f5ce2014ebe93afcda61beb4130229ebd91b,234ab4993f9332b73848e536fef4969df9f91366e446e460df06a3c0b83f6160,2026-08-13
42,0.001,real,5,,,buy_and_hold,,11,False,,False,275.0,0.0,0.4581818181818182,0.4581818181818182,,,,,-0.07597066135081654,-1.3181138174448264,0.1120512227072259,0.06154540000716224,73b5fff25fde5192f1ef867c4500f5ce2014ebe93afcda61beb4130229ebd91b,234ab4993f9332b73848e536fef4969df9f91366e446e460df06a3c0b83f6160,2026-08-13
42,0.001,real,5,,,buy_and_hold,,12,False,,False,300.0,0.0,0.57,0.57,,,,,0.05483075088705025,0.7317200859501216,0.17111733919218716,0.06998750002821907,73b5fff25fde5192f1ef867c4500f5ce2014ebe93afcda61beb4130229ebd91b,234ab4993f9332b73848e536fef4969df9f91366e446e460df06a3c0b83f6160,2026-08-13
42,0.001,real,5,,,buy_and_hold,,13,False,,False,295.0,0.0,0.6440677966101694,0.6440677966101694,,,,,0.1433660214310668,3.9678226464403954,0.03230925731170397,0.08644719998119399,73b5fff25fde5192f1ef867c4500f5ce2014ebe93afcda61beb4130229ebd91b,234ab4993f9332b73848e536fef4969df9f91366e446e460df06a3c0b83f6160,2026-08-13
42,0.001,real,5,,,buy_and_hold,,14,False,,False,300.0,0.0,0.58,0.58,,,,,0.11263664831019393,2.509592231537826,0.06563840191663599,0.07059120002668351,73b5fff25fde5192f1ef867c4500f5ce2014ebe93afcda61beb4130229ebd91b,234ab4993f9332b73848e536fef4969df9f91366e446e460df06a3c0b83f6160,2026-08-13
42,0.001,real,5,,,buy_and_hold,,15,False,,False,280.0,0.0,0.4642857142857143,0.4642857142857143,,,,,-0.07372294087723841,-1.9308628480885093,0.09920819151466742,0.06468509999103844,73b5fff25fde5192f1ef867c4500f5ce2014ebe93afcda61beb4130229ebd91b,234ab4993f9332b73848e536fef4969df9f91366e446e460df06a3c0b83f6160,2026-08-13
42,0.001,real,5,,,buy_and_hold,,16,False,,False,300.0,0.0,0.59,0.59,,,,,0.22480987784274475,4.30021777671208,0.0900363343719569,0.07139599998481572,73b5fff25fde5192f1ef867c4500f5ce2014ebe93afcda61beb4130229ebd91b,234ab4993f9332b73848e536fef4969df9f91366e446e460df06a3c0b83f6160,2026-08-13
42,0.001,real,5,,,persistence,C0_base,1,False,,True,295.0,0.0,,0.5254237288135594,0.020856203033529124,0.0,0.027358040017763097,,0.0,,0.0,0.34315470000728965,319a9f1fb845e79d9e3b8873be13b91804910bf473055956aac191a06e40026a,ffade1e556f07c3fa19d067cedf50b1bc4b96ca37ff03fd2a976e1bc61d5e634,2026-08-13
42,0.001,real,5,,,persistence,C0_base,2,False,,True,300.0,0.0,,0.5133333333333333,0.022415121461621862,0.0,0.030513111433262463,,0.0,,0.0,0.3968246000004001,319a9f1fb845e79d9e3b8873be13b91804910bf473055956aac191a06e40026a,ffade1e556f07c3fa19d067cedf50b1bc4b96ca37ff03fd2a976e1bc61d5e634,2026-08-13
42,0.001,real,5,,,persistence,C0_base,3,False,,True,280.0,0.0,,0.5535714285714286,0.01973850823724339,0.0,0.02633170390876604,,0.0,,0.0,0.41556519997539,319a9f1fb845e79d9e3b8873be13b91804910bf473055956aac191a06e40026a,ffade1e556f07c3fa19d067cedf50b1bc4b96ca37ff03fd2a976e1bc61d5e634,2026-08-13
42,0.001,real,5,,,persistence,C0_base,4,False,,True,300.0,0.0,,0.6666666666666666,0.01505533106584506,0.0,0.022534916067484423,,0.0,,0.0,0.29115549998823553,319a9f1fb845e79d9e3b8873be13b91804910bf473055956aac191a06e40026a,ffade1e556f07c3fa19d067cedf50b1bc4b96ca37ff03fd2a976e1bc61d5e634,2026-08-13
42,0.001,real,5,,,persistence,C0_base,5,False,,True,295.0,0.0,,0.559322033898305,0.013095627800943688,0.0,0.018267524929101064,,0.0,,0.0,0.2879743999801576,319a9f1fb845e79d9e3b8873be13b91804910bf473055956aac191a06e40026a,ffade1e556f07c3fa19d067cedf50b1bc4b96ca37ff03fd2a976e1bc61d5e634,2026-08-13
42,0.001,real,5,,,persistence,C0_base,6,False,,True,300.0,0.0,,0.5766666666666667,0.013272921814757819,0.0,0.01759428753878043,,0.0,,0.0,0.26969119999557734,319a9f1fb845e79d9e3b8873be13b91804910bf473055956aac191a06e40026a,ffade1e556f07c3fa19d067cedf50b1bc4b96ca37ff03fd2a976e1bc61d5e634,2026-08-13
42,0.001,real,5,,,persistence,C0_base,7,False,,True,285.0,0.0,,0.6105263157894737,0.012067204161281448,0.0,0.0184772758212661,,0.0,,0.0,0.2625106999767013,319a9f1fb845e79d9e3b8873be13b91804910bf473055956aac191a06e40026a,ffade1e556f07c3fa19d067cedf50b1bc4b96ca37ff03fd2a976e1bc61d5e634,2026-08-13
42,0.001,real,5,,,persistence,C0_base,8,False,,True,300.0,0.0,,0.6066666666666667,0.013824226479391057,0.0,0.020073851661665507,,0.0,,0.0,0.2809939999715425,319a9f1fb845e79d9e3b8873be13b91804910bf473055956aac191a06e40026a,ffade1e556f07c3fa19d067cedf50b1bc4b96ca37ff03fd2a976e1bc61d5e634,2026-08-13
42,0.001,real,5,,,persistence,C0_base,9,False,,True,295.0,0.0,,0.5084745762711864,0.016397241146117007,0.0,0.023910710914339845,,0.0,,0.0,0.2608710000058636,319a9f1fb845e79d9e3b8873be13b91804910bf473055956aac191a06e40026a,ffade1e556f07c3fa19d067cedf50b1bc4b96ca37ff03fd2a976e1bc61d5e634,2026-08-13
42,0.001,real,5,,,persistence,C0_base,10,False,,True,300.0,0.0,,0.62,0.012649956441615722,0.0,0.01715418165623339,,0.0,,0.0,0.2753153999801725,319a9f1fb845e79d9e3b8873be13b91804910bf473055956aac191a06e40026a,ffade1e556f07c3fa19d067cedf50b1bc4b96ca37ff03fd2a976e1bc61d5e634,2026-08-13
42,0.001,real,5,,,persistence,C0_base,11,False,,True,275.0,0.0,,0.4581818181818182,0.016253204476580883,0.0,0.02425951195001058,,0.0,,0.0,0.2744362000375986,319a9f1fb845e79d9e3b8873be13b91804910bf473055956aac191a06e40026a,ffade1e556f07c3fa19d067cedf50b1bc4b96ca37ff03fd2a976e1bc61d5e634,2026-08-13
42,0.001,real,5,,,persistence,C0_base,12,False,,True,300.0,0.0,,0.57,0.020318926909907043,0.0,0.030123254102705613,,0.0,,0.0,0.2618489000014961,319a9f1fb845e79d9e3b8873be13b91804910bf473055956aac191a06e40026a,ffade1e556f07c3fa19d067cedf50b1bc4b96ca37ff03fd2a976e1bc61d5e634,2026-08-13
42,0.001,real,5,,,persistence,C0_base,13,False,,True,295.0,0.0,,0.6440677966101694,0.010865069635375271,0.0,0.0154118305829815,,0.0,,0.0,0.27752719999989495,319a9f1fb845e79d9e3b8873be13b91804910bf473055956aac191a06e40026a,ffade1e556f07c3fa19d067cedf50b1bc4b96ca37ff03fd2a976e1bc61d5e634,2026-08-13
42,0.001,real,5,,,persistence,C0_base,14,False,,True,300.0,0.0,,0.58,0.013503232272088628,0.0,0.01839433741464879,,0.0,,0.0,0.2727918000309728,319a9f1fb845e79d9e3b8873be13b91804910bf473055956aac191a06e40026a,ffade1e556f07c3fa19d067cedf50b1bc4b96ca37ff03fd2a976e1bc61d5e634,2026-08-13
42,0.001,real,5,,,persistence,C0_base,15,False,,True,280.0,0.0,,0.4642857142857143,0.013106367208284304,0.0,0.01844859480971845,,0.0,,0.0,0.26080729998648167,319a9f1fb845e79d9e3b8873be13b91804910bf473055956aac191a06e40026a,ffade1e556f07c3fa19d067cedf50b1bc4b96ca37ff03fd2a976e1bc61d5e634,2026-08-13
42,0.001,real,5,,,persistence,C0_base,16,False,,True,300.0,0.0,,0.59,0.015009025167976316,0.0,0.020022708325459295,,0.0,,0.0,0.26154129998758435,319a9f1fb845e79d9e3b8873be13b91804910bf473055956aac191a06e40026a,ffade1e556f07c3fa19d067cedf50b1bc4b96ca37ff03fd2a976e1bc61d5e634,2026-08-13
42,0.001,real,5,,,persistence,C2_hybrid,1,False,,True,295.0,0.0,,0.5254237288135594,0.020856203033529124,0.0,0.027358040017763097,,0.0,,0.0,0.38341680000303313,843730afdc1b73213668053f53159944f652f114b40bf382e8935267acf7f784,581274b67e1d9990c58a51d3413847ec3364eb6a7267e23b145069a92c66fe9c,2026-08-13
42,0.001,real,5,,,persistence,C2_hybrid,2,False,,True,300.0,0.0,,0.5133333333333333,0.022415121461621862,0.0,0.030513111433262463,,0.0,,0.0,0.3642763000098057,843730afdc1b73213668053f53159944f652f114b40bf382e8935267acf7f784,581274b67e1d9990c58a51d3413847ec3364eb6a7267e23b145069a92c66fe9c,2026-08-13
42,0.001,real,5,,,persistence,C2_hybrid,3,False,,True,280.0,0.0,,0.5535714285714286,0.01973850823724339,0.0,0.02633170390876604,,0.0,,0.0,0.3590256000170484,843730afdc1b73213668053f53159944f652f114b40bf382e8935267acf7f784,581274b67e1d9990c58a51d3413847ec3364eb6a7267e23b145069a92c66fe9c,2026-08-13
42,0.001,real,5,,,persistence,C2_hybrid,4,False,,True,300.0,0.0,,0.6666666666666666,0.01505533106584506,0.0,0.022534916067484423,,0.0,,0.0,0.3560357999522239,843730afdc1b73213668053f53159944f652f114b40bf382e8935267acf7f784,581274b67e1d9990c58a51d3413847ec3364eb6a7267e23b145069a92c66fe9c,2026-08-13
42,0.001,real,5,,,persistence,C2_hybrid,5,False,,True,295.0,0.0,,0.559322033898305,0.013095627800943688,0.0,0.018267524929101064,,0.0,,0.0,0.43554029997903854,843730afdc1b73213668053f53159944f652f114b40bf382e8935267acf7f784,581274b67e1d9990c58a51d3413847ec3364eb6a7267e23b145069a92c66fe9c,2026-08-13
42,0.001,real,5,,,persistence,C2_hybrid,6,False,,True,300.0,0.0,,0.5766666666666667,0.013272921814757819,0.0,0.01759428753878043,,0.0,,0.0,0.3628227000008337,843730afdc1b73213668053f53159944f652f114b40bf382e8935267acf7f784,581274b67e1d9990c58a51d3413847ec3364eb6a7267e23b145069a92c66fe9c,2026-08-13
42,0.001,real,5,,,persistence,C2_hybrid,7,False,,True,285.0,0.0,,0.6105263157894737,0.012067204161281448,0.0,0.0184772758212661,,0.0,,0.0,0.3937922000186518,843730afdc1b73213668053f53159944f652f114b40bf382e8935267acf7f784,581274b67e1d9990c58a51d3413847ec3364eb6a7267e23b145069a92c66fe9c,2026-08-13
42,0.001,real,5,,,persistence,C2_hybrid,8,False,,True,300.0,0.0,,0.6066666666666667,0.013824226479391057,0.0,0.020073851661665507,,0.0,,0.0,0.3986696000210941,843730afdc1b73213668053f53159944f652f114b40bf382e8935267acf7f784,581274b67e1d9990c58a51d3413847ec3364eb6a7267e23b145069a92c66fe9c,2026-08-13
42,0.001,real,5,,,persistence,C2_hybrid,9,False,,True,295.0,0.0,,0.5084745762711864,0.016397241146117007,0.0,0.023910710914339845,,0.0,,0.0,0.4077227000379935,843730afdc1b73213668053f53159944f652f114b40bf382e8935267acf7f784,581274b67e1d9990c58a51d3413847ec3364eb6a7267e23b145069a92c66fe9c,2026-08-13
42,0.001,real,5,,,persistence,C2_hybrid,10,False,,True,300.0,0.0,,0.62,0.012649956441615722,0.0,0.01715418165623339,,0.0,,0.0,0.46147679997375235,843730afdc1b73213668053f53159944f652f114b40bf382e8935267acf7f784,581274b67e1d9990c58a51d3413847ec3364eb6a7267e23b145069a92c66fe9c,2026-08-13
42,0.001,real,5,,,persistence,C2_hybrid,11,False,,True,275.0,0.0,,0.4581818181818182,0.016253204476580883,0.0,0.02425951195001058,,0.0,,0.0,0.5788060000049882,843730afdc1b73213668053f53159944f652f114b40bf382e8935267acf7f784,581274b67e1d9990c58a51d3413847ec3364eb6a7267e23b145069a92c66fe9c,2026-08-13
42,0.001,real,5,,,persistence,C2_hybrid,12,False,,True,300.0,0.0,,0.57,0.020318926909907043,0.0,0.030123254102705613,,0.0,,0.0,0.5345740000484511,843730afdc1b73213668053f53159944f652f114b40bf382e8935267acf7f784,581274b67e1d9990c58a51d3413847ec3364eb6a7267e23b145069a92c66fe9c,2026-08-13
42,0.001,real,5,,,persistence,C2_hybrid,13,False,,True,295.0,0.0,,0.6440677966101694,0.010865069635375271,0.0,0.0154118305829815,,0.0,,0.0,0.4867824999964796,843730afdc1b73213668053f53159944f652f114b40bf382e8935267acf7f784,581274b67e1d9990c58a51d3413847ec3364eb6a7267e23b145069a92c66fe9c,2026-08-13
42,0.001,real,5,,,persistence,C2_hybrid,14,False,,True,300.0,0.0,,0.58,0.013503232272088628,0.0,0.01839433741464879,,0.0,,0.0,0.5614708000211976,843730afdc1b73213668053f53159944f652f114b40bf382e8935267acf7f784,581274b67e1d9990c58a51d3413847ec3364eb6a7267e23b145069a92c66fe9c,2026-08-13
42,0.001,real,5,,,persistence,C2_hybrid,15,False,,True,280.0,0.0,,0.4642857142857143,0.013106367208284304,0.0,0.01844859480971845,,0.0,,0.0,0.5729842999717221,843730afdc1b73213668053f53159944f652f114b40bf382e8935267acf7f784,581274b67e1d9990c58a51d3413847ec3364eb6a7267e23b145069a92c66fe9c,2026-08-13
42,0.001,real,5,,,persistence,C2_hybrid,16,False,,True,300.0,0.0,,0.59,0.015009025167976316,0.0,0.020022708325459295,,0.0,,0.0,0.5711902000475675,843730afdc1b73213668053f53159944f652f114b40bf382e8935267acf7f784,581274b67e1d9990c58a51d3413847ec3364eb6a7267e23b145069a92c66fe9c,2026-08-13
42,0.001,real,5,,,dlinear,C0_base,1,False,,True,295.0,0.0,0.5288135593220339,0.5254237288135594,0.020799421874098823,0.265714957564303,0.027765430782378885,0.48260537996204705,0.0,,0.0,1.4059876999817789,73b5fff25fde5192f1ef867c4500f5ce2014ebe93afcda61beb4130229ebd91b,234ab4993f9332b73848e536fef4969df9f91366e446e460df06a3c0b83f6160,2026-08-13
42,0.001,real,5,,,dlinear,C0_base,2,False,,False,300.0,32.0,0.43333333333333335,0.5133333333333333,0.023830452699618043,0.30219198782680323,0.03226697267773121,0.6150820186022806,-0.03722737981903179,-1.791432566787862,0.044820852650896414,1.964988399995491,73b5fff25fde5192f1ef867c4500f5ce2014ebe93afcda61beb4130229ebd91b,234ab4993f9332b73848e536fef4969df9f91366e446e460df06a3c0b83f6160,2026-08-13
42,0.001,real,5,,,dlinear,C0_base,3,False,,False,280.0,0.0,0.43214285714285716,0.5535714285714286,0.020745428046512176,0.26794112774942513,0.02745819439363382,0.5509890292979008,0.0,,0.0,1.1343492000014521,73b5fff25fde5192f1ef867c4500f5ce2014ebe93afcda61beb4130229ebd91b,234ab4993f9332b73848e536fef4969df9f91366e446e460df06a3c0b83f6160,2026-08-13
42,0.001,real,5,,,dlinear,C0_base,4,False,,False,300.0,11.0,0.5233333333333333,0.6666666666666666,0.015458284531020905,0.3824715424350101,0.022897660155658764,0.5712913081137557,0.023974110323936815,3.198850872450586,0.010297417542703293,1.1522357999929227,73b5fff25fde5192f1ef867c4500f5ce2014ebe93afcda61beb4130229ebd91b,234ab4993f9332b73848e536fef4969df9f91366e446e460df06a3c0b83f6160,2026-08-13
42,0.001,real,5,,,dlinear,C0_base,5,False,,False,295.0,22.0,0.46440677966101696,0.559322033898305,0.014237296765897035,0.3262988237820884,0.019341248906445774,0.5074471612585583,-0.001108054696973726,-0.052074130988246814,0.019054274420870997,1.1547078999574296,73b5fff25fde5192f1ef867c4500f5ce2014ebe93afcda61beb4130229ebd91b,234ab4993f9332b73848e536fef4969df9f91366e446e460df06a3c0b83f6160,2026-08-13
42,0.001,real,5,,,dlinear,C0_base,6,False,,True,300.0,0.0,0.4033333333333333,0.5766666666666667,0.014167093102345128,0.3261382854633771,0.01873459335707879,0.543950479056181,0.0,,0.0,1.124006099998951,73b5fff25fde5192f1ef867c4500f5ce2014ebe93afcda61beb4130229ebd91b,234ab4993f9332b73848e536fef4969df9f91366e446e460df06a3c0b83f6160,2026-08-13
42,0.001,real,5,,,dlinear,C0_base,7,False,,True,285.0,0.0,0.5859649122807018,0.6105263157894737,0.012515847335773173,0.34448734442983153,0.01855283048452426,0.564490287269048,0.0,,0.0,0.9582884999690577,73b5fff25fde5192f1ef867c4500f5ce2014ebe93afcda61beb4130229ebd91b,234ab4993f9332b73848e536fef4969df9f91366e446e460df06a3c0b83f6160,2026-08-13
42,0.001,real,5,,,dlinear,C0_base,8,False,,False,300.0,7.0,0.5333333333333333,0.6066666666666667,0.014569632228346329,0.28960568869082987,0.02083919947765306,0.5434338145725458,0.02621689535383709,2.366883566622159,0.01344951949026426,1.1202555000199936,73b5fff25fde5192f1ef867c4500f5ce2014ebe93afcda61beb4130229ebd91b,234ab4993f9332b73848e536fef4969df9f91366e446e460df06a3c0b83f6160,2026-08-13
42,0.001,real,5,,,dlinear,C0_base,9,False,,False,295.0,18.0,0.43728813559322033,0.5084745762711864,0.01688957169690164,0.23143799947204857,0.024504187923018964,0.5206364354667469,-0.010612296039004154,-1.2412232408346204,0.01900752213157137,1.1226732999784872,73b5fff25fde5192f1ef867c4500f5ce2014ebe93afcda61beb4130229ebd91b,234ab4993f9332b73848e536fef4969df9f91366e446e460df06a3c0b83f6160,2026-08-13
42,0.001,real,5,,,dlinear,C0_base,10,False,,True,300.0,0.0,0.47,0.62,0.0132701175279634,0.3651679104653361,0.018241338423369526,0.6335470238847912,0.0,,0.0,0.9763184000039473,73b5fff25fde5192f1ef867c4500f5ce2014ebe93afcda61beb4130229ebd91b,234ab4993f9332b73848e536fef4969df9f91366e446e460df06a3c0b83f6160,2026-08-13
42,0.001,real,5,,,dlinear,C0_base,11,False,,False,275.0,7.0,0.48,0.4581818181818182,0.016912582764237093,0.25408243472487796,0.024904531048655015,0.6365219977462028,-0.00526854738857907,-1.2773756750480119,0.009147430643894767,1.0799469000194222,73b5fff25fde5192f1ef867c4500f5ce2014ebe93afcda61beb4130229ebd91b,234ab4993f9332b73848e536fef4969df9f91366e446e460df06a3c0b83f6160,2026-08-13
42,0.001,real,5,,,dlinear,C0_base,12,False,,False,300.0,18.0,0.5766666666666667,0.57,0.02122241015358546,0.23093852245473528,0.030969651923218204,0.5333030301122315,-0.037978688591337795,-3.5139193392952905,0.043696897588330175,1.0670219999738038,73b5fff25fde5192f1ef867c4500f5ce2014ebe93afcda61beb4130229ebd91b,234ab4993f9332b73848e536fef4969df9f91366e446e460df06a3c0b83f6160,2026-08-13
42,0.001,real,5,,,dlinear,C0_base,13,False,,False,295.0,6.0,0.5898305084745763,0.6440677966101694,0.0113795640335618,0.4603869590323857,0.01599351525174744,0.5101627859941923,0.03408137948969081,4.614441206332921,0.0041396861490876945,1.0138097000308335,73b5fff25fde5192f1ef867c4500f5ce2014ebe93afcda61beb4130229ebd91b,234ab4993f9332b73848e536fef4969df9f91366e446e460df06a3c0b83f6160,2026-08-13
42,0.001,real,5,,,dlinear,C0_base,14,False,,False,300.0,5.0,0.49666666666666665,0.58,0.014520159615731968,0.3276981054491111,0.01951002085517965,0.5956764538332475,0.010912650108921174,2.6880667381374934,0.0038405126151649918,1.2293118999805301,73b5fff25fde5192f1ef867c4500f5ce2014ebe93afcda61beb4130229ebd91b,234ab4993f9332b73848e536fef4969df9f91366e446e460df06a3c0b83f6160,2026-08-13
42,0.001,real,5,,,dlinear,C0_base,15,False,,False,280.0,23.0,0.525,0.4642857142857143,0.013594473102354827,0.29200460398693173,0.019092666651698453,0.6051041137043788,-0.009220866549654705,-0.9180806586322326,0.01714880785447458,1.168053500005044,73b5fff25fde5192f1ef867c4500f5ce2014ebe93afcda61beb4130229ebd91b,234ab4993f9332b73848e536fef4969df9f91366e446e460df06a3c0b83f6160,2026-08-13
42,0.001,real,5,,,dlinear,C0_base,16,False,,False,300.0,19.0,0.53,0.59,0.015548415996667387,0.2328220867588826,0.02052828816386666,0.6370614290365125,0.03943455158470455,3.8608178217182303,0.015524069656301277,1.3730554000358097,73b5fff25fde5192f1ef867c4500f5ce2014ebe93afcda61beb4130229ebd91b,234ab4993f9332b73848e536fef4969df9f91366e446e460df06a3c0b83f6160,2026-08-13
42,0.001,real,5,,,dlinear,C2_hybrid,1,False,,False,295.0,11.0,0.5254237288135594,0.5254237288135594,0.021173912415907613,0.39534586441110975,0.028145023238135263,0.49918547654033174,0.012077658502022137,0.9653263456607606,0.013992906403446033,1.186120199970901,edf7f1c6bb3940fa6e5ad284bf7b59f27c88a1c36cb84e8f00434bfec29ef005,2c77bb9d9062decbe5c77fe0221a6b971d7ebf217d046c3e79cb893f7a8aaf7a,2026-08-13
42,0.001,real,5,,,dlinear,C2_hybrid,2,False,,False,300.0,25.0,0.44666666666666666,0.5133333333333333,0.02450198454634208,0.40120870900450845,0.033262198921951744,0.5192829890442511,-0.03826037256031822,-2.8955929943175702,0.03998148684260449,1.2260710999835283,edf7f1c6bb3940fa6e5ad284bf7b59f27c88a1c36cb84e8f00434bfec29ef005,2c77bb9d9062decbe5c77fe0221a6b971d7ebf217d046c3e79cb893f7a8aaf7a,2026-08-13
42,0.001,real,5,,,dlinear,C2_hybrid,3,False,,True,280.0,0.0,0.46785714285714286,0.5535714285714286,0.02345200548061616,0.47151125800768867,0.03008370477278881,0.5478336518512188,0.0,,0.0,1.2990777000086382,edf7f1c6bb3940fa6e5ad284bf7b59f27c88a1c36cb84e8f00434bfec29ef005,2c77bb9d9062decbe5c77fe0221a6b971d7ebf217d046c3e79cb893f7a8aaf7a,2026-08-13
42,0.001,real,5,,,dlinear,C2_hybrid,4,False,,False,300.0,8.0,0.5333333333333333,0.6666666666666666,0.016222592911256457,0.5218609314092416,0.02380956850470698,0.5598164434897794,0.0321501057514233,4.710561780697669,0.004775038193420574,1.1634885999956168,edf7f1c6bb3940fa6e5ad284bf7b59f27c88a1c36cb84e8f00434bfec29ef005,2c77bb9d9062decbe5c77fe0221a6b971d7ebf217d046c3e79cb893f7a8aaf7a,2026-08-13
42,0.001,real,5,,,dlinear,C2_hybrid,5,False,,False,295.0,14.0,0.4847457627118644,0.559322033898305,0.014823610898887745,0.42768895948082525,0.020098323585343785,0.4728631258147951,0.005616290396985635,0.5619179532363869,0.024668703309538065,1.2757585000363179,edf7f1c6bb3940fa6e5ad284bf7b59f27c88a1c36cb84e8f00434bfec29ef005,2c77bb9d9062decbe5c77fe0221a6b971d7ebf217d046c3e79cb893f7a8aaf7a,2026-08-13
42,0.001,real,5,,,dlinear,C2_hybrid,6,False,,False,300.0,4.0,0.45666666666666667,0.5766666666666667,0.014526769860983316,0.44576670331102564,0.019205275114214188,0.516315003525986,0.005748412118868673,,0.00998372835307254,1.2279595999862067,edf7f1c6bb3940fa6e5ad284bf7b59f27c88a1c36cb84e8f00434bfec29ef005,2c77bb9d9062decbe5c77fe0221a6b971d7ebf217d046c3e79cb893f7a8aaf7a,2026-08-13
42,0.001,real,5,,,dlinear,C2_hybrid,7,False,,False,285.0,16.0,0.6105263157894737,0.6105263157894737,0.012924993074399836,0.45194585834068635,0.01874908239511174,0.5573118051003229,0.04518926442411919,4.001888666528421,0.010849963289310396,1.213637100008782,edf7f1c6bb3940fa6e5ad284bf7b59f27c88a1c36cb84e8f00434bfec29ef005,2c77bb9d9062decbe5c77fe0221a6b971d7ebf217d046c3e79cb893f7a8aaf7a,2026-08-13
42,0.001,real,5,,,dlinear,C2_hybrid,8,False,,False,300.0,9.0,0.5733333333333334,0.6066666666666667,0.01513912311762069,0.391882133339513,0.021387856559485104,0.519397170510651,0.041352947893390724,4.031845492282845,0.01344951949026426,1.2785616000182927,edf7f1c6bb3940fa6e5ad284bf7b59f27c88a1c36cb84e8f00434bfec29ef005,2c77bb9d9062decbe5c77fe0221a6b971d7ebf217d046c3e79cb893f7a8aaf7a,2026-08-13
42,0.001,real,5,,,dlinear,C2_hybrid,9,False,,False,295.0,1.0,0.47796610169491527,0.5084745762711864,0.017105450809069372,0.3230445481616964,0.024943834554664993,0.4838916610305332,-0.003058488362284062,,0.0055910646079503565,1.2138744000112638,edf7f1c6bb3940fa6e5ad284bf7b59f27c88a1c36cb84e8f00434bfec29ef005,2c77bb9d9062decbe5c77fe0221a6b971d7ebf217d046c3e79cb893f7a8aaf7a,2026-08-13
42,0.001,real,5,,,dlinear,C2_hybrid,10,False,,True,300.0,0.0,0.5,0.62,0.013949614006128975,0.49938499656548285,0.018959764563378525,0.48881148494272214,0.0,,0.0,1.2335105999954976,edf7f1c6bb3940fa6e5ad284bf7b59f27c88a1c36cb84e8f00434bfec29ef005,2c77bb9d9062decbe5c77fe0221a6b971d7ebf217d046c3e79cb893f7a8aaf7a,2026-08-13
42,0.001,real,5,,,dlinear,C2_hybrid,11,False,,False,275.0,6.0,0.4690909090909091,0.4581818181818182,0.01762611499283955,0.35388602179223005,0.025823754762593635,0.6053497269643989,-0.0003055059498890955,-0.07272615528275782,0.006107622373535873,1.278229999996256,edf7f1c6bb3940fa6e5ad284bf7b59f27c88a1c36cb84e8f00434bfec29ef005,2c77bb9d9062decbe5c77fe0221a6b971d7ebf217d046c3e79cb893f7a8aaf7a,2026-08-13
42,0.001,real,5,,,dlinear,C2_hybrid,12,False,,False,300.0,16.0,0.5066666666666667,0.57,0.02241512041348912,0.3415658454279517,0.03216179450907692,0.4363515515139945,-0.0028393295721913514,-0.28782193404873324,0.01523866242474411,1.2929119000327773,edf7f1c6bb3940fa6e5ad284bf7b59f27c88a1c36cb84e8f00434bfec29ef005,2c77bb9d9062decbe5c77fe0221a6b971d7ebf217d046c3e79cb893f7a8aaf7a,2026-08-13
42,0.001,real,5,,,dlinear,C2_hybrid,13,False,,False,295.0,0.0,0.6203389830508474,0.6440677966101694,0.012023095548650642,0.5892651764701822,0.0167635735476668,0.4113644007969467,0.0,,0.0,1.2622598999878392,edf7f1c6bb3940fa6e5ad284bf7b59f27c88a1c36cb84e8f00434bfec29ef005,2c77bb9d9062decbe5c77fe0221a6b971d7ebf217d046c3e79cb893f7a8aaf7a,2026-08-13
42,0.001,real,5,,,dlinear,C2_hybrid,14,False,,False,300.0,0.0,0.49333333333333335,0.58,0.014881350116536326,0.4009683985238739,0.019885046902211802,0.5573001384920866,0.0,,0.0,1.374021400057245,edf7f1c6bb3940fa6e5ad284bf7b59f27c88a1c36cb84e8f00434bfec29ef005,2c77bb9d9062decbe5c77fe0221a6b971d7ebf217d046c3e79cb893f7a8aaf7a,2026-08-13
42,0.001,real,5,,,dlinear,C2_hybrid,15,False,,False,280.0,19.0,0.5357142857142857,0.4642857142857143,0.014112902523382865,0.39715476229340746,0.019678241472684592,0.5617477183732354,-0.01225616839389465,-1.3814508426466923,0.021638874191967635,1.7544158000382595,edf7f1c6bb3940fa6e5ad284bf7b59f27c88a1c36cb84e8f00434bfec29ef005,2c77bb9d9062decbe5c77fe0221a6b971d7ebf217d046c3e79cb893f7a8aaf7a,2026-08-13
42,0.001,real,5,,,dlinear,C2_hybrid,16,False,,False,300.0,15.0,0.5266666666666666,0.59,0.015989599131716988,0.30677317857812714,0.02094028925742478,0.5961664191752489,0.01639891582198727,1.819807578406642,0.01355792726786703,1.333981700008735,edf7f1c6bb3940fa6e5ad284bf7b59f27c88a1c36cb84e8f00434bfec29ef005,2c77bb9d9062decbe5c77fe0221a6b971d7ebf217d046c3e79cb893f7a8aaf7a,2026-08-13
42,0.001,real,5,24.0,0.041666666666666664,fits,C0_base,1,False,,True,295.0,0.0,0.49830508474576274,0.5254237288135594,0.021127685886466133,0.2616992455939256,0.027841319610170053,,0.0,,0.0,2.7067897000233643,08e54c860d8d6ad2a4342af154ad75d5e2dd054ae51a63adc2da4ea9618cb691,8a4a9baab2ac877a0c9c3cb51e9ffed63a62ae53e4bfcea7ca22f16cb14d4eed,2026-08-13
42,0.001,real,5,24.0,0.041666666666666664,fits,C0_base,2,False,,False,300.0,20.0,0.5233333333333333,0.5133333333333333,0.023072460067643064,0.2457356091912082,0.03147036496752569,,-0.009842429872824687,-1.102599456776672,0.017342086415636733,2.347274700005073,08e54c860d8d6ad2a4342af154ad75d5e2dd054ae51a63adc2da4ea9618cb691,8a4a9baab2ac877a0c9c3cb51e9ffed63a62ae53e4bfcea7ca22f16cb14d4eed,2026-08-13
42,0.001,real,5,24.0,0.041666666666666664,fits,C0_base,3,False,,False,280.0,1.0,0.4392857142857143,0.5535714285714286,0.02154185416670753,0.29818005187114416,0.027931043656001738,,-0.00412909628287117,,0.005047728866635955,2.1308003999874927,08e54c860d8d6ad2a4342af154ad75d5e2dd054ae51a63adc2da4ea9618cb691,8a4a9baab2ac877a0c9c3cb51e9ffed63a62ae53e4bfcea7ca22f16cb14d4eed,2026-08-13
42,0.001,real,5,24.0,0.041666666666666664,fits,C0_base,4,False,,False,300.0,29.0,0.53,0.6666666666666666,0.01609793453155283,0.40756553360238446,0.02349004009387339,,0.0566018415165459,4.118608395390449,0.012341430975601095,2.9311606000410393,08e54c860d8d6ad2a4342af154ad75d5e2dd054ae51a63adc2da4ea9618cb691,8a4a9baab2ac877a0c9c3cb51e9ffed63a62ae53e4bfcea7ca22f16cb14d4eed,2026-08-13
42,0.001,real,5,24.0,0.041666666666666664,fits,C0_base,5,False,,False,295.0,11.0,0.5491525423728814,0.559322033898305,0.013341795732871373,0.32197401743272225,0.018339803637846184,,-0.005703976020872359,-0.6434426109845242,0.028120201566635743,3.5566238000174053,08e54c860d8d6ad2a4342af154ad75d5e2dd054ae51a63adc2da4ea9618cb691,8a4a9baab2ac877a0c9c3cb51e9ffed63a62ae53e4bfcea7ca22f16cb14d4eed,2026-08-13
42,0.001,real,5,24.0,0.041666666666666664,fits,C0_base,6,False,,False,300.0,19.0,0.52,0.5766666666666667,0.013741716776910985,0.3106021129317249,0.018448661567327117,,0.022218663216257317,2.034806995046386,0.01733446453124825,2.465565000020433,08e54c860d8d6ad2a4342af154ad75d5e2dd054ae51a63adc2da4ea9618cb691,8a4a9baab2ac877a0c9c3cb51e9ffed63a62ae53e4bfcea7ca22f16cb14d4eed,2026-08-13
42,0.001,real,5,24.0,0.041666666666666664,fits,C0_base,7,False,,False,285.0,15.0,0.631578947368421,0.6105263157894737,0.01203660618829383,0.28828210619526556,0.01817893007048372,,0.03490480392015738,3.0080743156453473,0.01363957159995845,3.266752700030338,08e54c860d8d6ad2a4342af154ad75d5e2dd054ae51a63adc2da4ea9618cb691,8a4a9baab2ac877a0c9c3cb51e9ffed63a62ae53e4bfcea7ca22f16cb14d4eed,2026-08-13
42,0.001,real,5,24.0,0.041666666666666664,fits,C0_base,8,False,,False,300.0,21.0,0.5766666666666667,0.6066666666666667,0.01409231063196616,0.27491485144130584,0.020085585243859578,,0.015519333180032735,1.2537889231864903,0.025451140406218514,2.7322536999708973,08e54c860d8d6ad2a4342af154ad75d5e2dd054ae51a63adc2da4ea9618cb691,8a4a9baab2ac877a0c9c3cb51e9ffed63a62ae53e4bfcea7ca22f16cb14d4eed,2026-08-13
42,0.001,real,5,24.0,0.041666666666666664,fits,C0_base,9,False,,False,295.0,4.0,0.4440677966101695,0.5084745762711864,0.016826487885152792,0.21893800083698653,0.024640778206562592,,0.016928118493503508,,0.00305848836230409,3.1443845000467263,08e54c860d8d6ad2a4342af154ad75d5e2dd054ae51a63adc2da4ea9618cb691,8a4a9baab2ac877a0c9c3cb51e9ffed63a62ae53e4bfcea7ca22f16cb14d4eed,2026-08-13
42,0.001,real,5,24.0,0.041666666666666664,fits,C0_base,10,False,,False,300.0,14.0,0.47333333333333333,0.62,0.013844334268226751,0.3362661226772901,0.019034543373200225,,0.002172365530858311,0.23477662079942224,0.01655608497768262,2.727626700012479,08e54c860d8d6ad2a4342af154ad75d5e2dd054ae51a63adc2da4ea9618cb691,8a4a9baab2ac877a0c9c3cb51e9ffed63a62ae53e4bfcea7ca22f16cb14d4eed,2026-08-13
42,0.001,real,5,24.0,0.041666666666666664,fits,C0_base,11,False,,False,275.0,9.0,0.509090909090909,0.4581818181818182,0.01696144897066739,0.2429260208862458,0.025339421975309313,,-0.0201629467473029,-2.1179262880537673,0.028342509798583104,3.3712632000097074,08e54c860d8d6ad2a4342af154ad75d5e2dd054ae51a63adc2da4ea9618cb691,8a4a9baab2ac877a0c9c3cb51e9ffed63a62ae53e4bfcea7ca22f16cb14d4eed,2026-08-13
42,0.001,real,5,24.0,0.041666666666666664,fits,C0_base,12,False,,False,300.0,11.0,0.46,0.57,0.02139223109790235,0.23490374383794652,0.03111206591278707,,-0.009413569307088587,-1.2713202946264326,0.013241480974745848,2.499376100022346,08e54c860d8d6ad2a4342af154ad75d5e2dd054ae51a63adc2da4ea9618cb691,8a4a9baab2ac877a0c9c3cb51e9ffed63a62ae53e4bfcea7ca22f16cb14d4eed,2026-08-13
42,0.001,real,5,24.0,0.041666666666666664,fits,C0_base,13,False,,False,295.0,7.0,0.4915254237288136,0.6440677966101694,0.011444073018607467,0.36389143553140163,0.016096865482868778,,0.017679375697083,5.872629848444794,0.001489647951340052,2.6641150999930687,08e54c860d8d6ad2a4342af154ad75d5e2dd054ae51a63adc2da4ea9618cb691,8a4a9baab2ac877a0c9c3cb51e9ffed63a62ae53e4bfcea7ca22f16cb14d4eed,2026-08-13
42,0.001,real,5,24.0,0.041666666666666664,fits,C0_base,14,False,,False,300.0,40.0,0.5433333333333333,0.58,0.013704645616968122,0.2500223386188999,0.01866375773969627,,0.03852047921796076,2.3573904476673704,0.022264286162743868,3.475960900017526,08e54c860d8d6ad2a4342af154ad75d5e2dd054ae51a63adc2da4ea9618cb691,8a4a9baab2ac877a0c9c3cb51e9ffed63a62ae53e4bfcea7ca22f16cb14d4eed,2026-08-13
42,0.001,real,5,24.0,0.041666666666666664,fits,C0_base,15,False,,False,280.0,10.0,0.4785714285714286,0.4642857142857143,0.013569915553236863,0.21164203838224796,0.01880885028117344,,-0.012436917201042674,-2.0586773974926,0.014310068584641846,3.1827044999809004,08e54c860d8d6ad2a4342af154ad75d5e2dd054ae51a63adc2da4ea9618cb691,8a4a9baab2ac877a0c9c3cb51e9ffed63a62ae53e4bfcea7ca22f16cb14d4eed,2026-08-13
42,0.001,real,5,24.0,0.041666666666666664,fits,C0_base,16,False,,False,300.0,0.0,0.48333333333333334,0.59,0.015438276035460774,0.17373709045290278,0.02053832818437945,,0.0,,0.0,3.1290989000117406,08e54c860d8d6ad2a4342af154ad75d5e2dd054ae51a63adc2da4ea9618cb691,8a4a9baab2ac877a0c9c3cb51e9ffed63a62ae53e4bfcea7ca22f16cb14d4eed,2026-08-13
42,0.001,real,5,24.0,0.041666666666666664,fits,C2_hybrid,-1,True,"deliberately empty (spec 6.4): FITS is univariate and filters frequencies itself, so pre-filtered wavelet bands are redundant",,,,,,,,,,,,,,33eff891f66efe33e5a8551d81ed6b97736438467316f4b170a9ce34626c808a,4188297e3590dcf6b30666bc81bfd0edb2fe976c3ccca70fa49c193bb06401ad,2026-08-13
0,0.0001,real,5,,,buy_and_hold,,1,False,,False,305.0,0.0,0.45901639344262296,0.45901639344262296,,,,,-0.09269587125081236,-1.005960747344811,0.22655221099340062,0.05970899999374524,502e7941a2c9054b9dbeef43be1e9e9320141715be00f1db3ab479eb4cbf597f,d82e82da244488718679e8b35b67f6fdeb5a6da93749fb9c3e2d6f98614b290b,2026-08-13
0,0.0001,real,5,,,buy_and_hold,,2,False,,False,295.0,0.0,0.5050847457627119,0.5050847457627119,,,,,-0.06429737471218377,-0.46864086292435314,0.1424587749939713,0.06143010000232607,502e7941a2c9054b9dbeef43be1e9e9320141715be00f1db3ab479eb4cbf597f,d82e82da244488718679e8b35b67f6fdeb5a6da93749fb9c3e2d6f98614b290b,2026-08-13
0,0.0001,real,5,,,buy_and_hold,,3,False,,False,290.0,0.0,0.6620689655172414,0.6620689655172414,,,,,0.3199465408441078,4.11975107893535,0.08395283462381467,0.06789130001561716,502e7941a2c9054b9dbeef43be1e9e9320141715be00f1db3ab479eb4cbf597f,d82e82da244488718679e8b35b67f6fdeb5a6da93749fb9c3e2d6f98614b290b,2026-08-13
0,0.0001,real,5,,,buy_and_hold,,4,False,,False,285.0,0.0,0.656140350877193,0.656140350877193,,,,,0.253717512749454,4.1945078393773585,0.03311585313931901,0.06055509997531772,502e7941a2c9054b9dbeef43be1e9e9320141715be00f1db3ab479eb4cbf597f,d82e82da244488718679e8b35b67f6fdeb5a6da93749fb9c3e2d6f98614b290b,2026-08-13
0,0.0001,real,5,,,buy_and_hold,,5,False,,False,305.0,0.0,0.49508196721311476,0.49508196721311476,,,,,-0.013746494180392421,-0.17355590230439336,0.08677403237299025,0.06367649999447167,502e7941a2c9054b9dbeef43be1e9e9320141715be00f1db3ab479eb4cbf597f,d82e82da244488718679e8b35b67f6fdeb5a6da93749fb9c3e2d6f98614b290b,2026-08-13
0,0.0001,real,5,,,buy_and_hold,,6,False,,False,295.0,0.0,0.5661016949152542,0.5661016949152542,,,,,0.11511801795412602,2.450726538107511,0.08962101478621556,0.061983600025996566,502e7941a2c9054b9dbeef43be1e9e9320141715be00f1db3ab479eb4cbf597f,d82e82da244488718679e8b35b67f6fdeb5a6da93749fb9c3e2d6f98614b290b,2026-08-13
0,0.0001,real,5,,,buy_and_hold,,7,False,,False,290.0,0.0,0.6172413793103448,0.6172413793103448,,,,,0.2265028526306616,4.153510089451356,0.04457308496966748,0.06181589997140691,502e7941a2c9054b9dbeef43be1e9e9320141715be00f1db3ab479eb4cbf597f,d82e82da244488718679e8b35b67f6fdeb5a6da93749fb9c3e2d6f98614b290b,2026-08-13
0,0.0001,real,5,,,buy_and_hold,,8,False,,False,290.0,0.0,0.6482758620689655,0.6482758620689655,,,,,0.1819825299828437,3.5444752488400764,0.07889356123144528,0.0602593999938108,502e7941a2c9054b9dbeef43be1e9e9320141715be00f1db3ab479eb4cbf597f,d82e82da244488718679e8b35b67f6fdeb5a6da93749fb9c3e2d6f98614b290b,2026-08-13
0,0.0001,real,5,,,buy_and_hold,,9,False,,False,300.0,0.0,0.44333333333333336,0.44333333333333336,,,,,-0.06349672850263999,-0.8935841642541402,0.174398400350851,0.060179300024174154,502e7941a2c9054b9dbeef43be1e9e9320141715be00f1db3ab479eb4cbf597f,d82e82da244488718679e8b35b67f6fdeb5a6da93749fb9c3e2d6f98614b290b,2026-08-13
0,0.0001,real,5,,,buy_and_hold,,10,False,,False,290.0,0.0,0.6172413793103448,0.6172413793103448,,,,,0.12924325025911476,2.8425833098931443,0.04193034179057526,0.05996089999098331,502e7941a2c9054b9dbeef43be1e9e9320141715be00f1db3ab479eb4cbf597f,d82e82da244488718679e8b35b67f6fdeb5a6da93749fb9c3e2d6f98614b290b,2026-08-13
0,0.0001,real,5,,,buy_and_hold,,11,False,,False,290.0,0.0,0.4,0.4,,,,,-0.17637484338233467,-2.9331313641088186,0.17637484338233467,0.058623299992177635,502e7941a2c9054b9dbeef43be1e9e9320141715be00f1db3ab479eb4cbf597f,d82e82da244488718679e8b35b67f6fdeb5a6da93749fb9c3e2d6f98614b290b,2026-08-13
0,0.0001,real,5,,,buy_and_hold,,12,False,,False,285.0,0.0,0.6666666666666666,0.6666666666666666,,,,,0.2661988473618939,2.8407362459888277,0.09133986331956098,0.055214299994986504,502e7941a2c9054b9dbeef43be1e9e9320141715be00f1db3ab479eb4cbf597f,d82e82da244488718679e8b35b67f6fdeb5a6da93749fb9c3e2d6f98614b290b,2026-08-13
0,0.0001,real,5,,,buy_and_hold,,13,False,,False,300.0,0.0,0.64,0.64,,,,,0.15051270458085853,3.9013811257958984,0.032379680917168835,0.06123509997269139,502e7941a2c9054b9dbeef43be1e9e9320141715be00f1db3ab479eb4cbf597f,d82e82da244488718679e8b35b67f6fdeb5a6da93749fb9c3e2d6f98614b290b,2026-08-13
0,0.0001,real,5,,,buy_and_hold,,14,False,,False,295.0,0.0,0.5152542372881356,0.5152542372881356,,,,,0.06256423579205794,1.4356038597042873,0.06739475320120715,0.05545460002031177,502e7941a2c9054b9dbeef43be1e9e9320141715be00f1db3ab479eb4cbf597f,d82e82da244488718679e8b35b67f6fdeb5a6da93749fb9c3e2d6f98614b290b,2026-08-13
0,0.0001,real,5,,,buy_and_hold,,15,False,,False,285.0,0.0,0.4245614035087719,0.4245614035087719,,,,,-0.1434738066488801,-3.547527570100745,0.15619650770694166,0.05493240000214428,502e7941a2c9054b9dbeef43be1e9e9320141715be00f1db3ab479eb4cbf597f,d82e82da244488718679e8b35b67f6fdeb5a6da93749fb9c3e2d6f98614b290b,2026-08-13
0,0.0001,real,5,,,buy_and_hold,,16,False,,False,290.0,0.0,0.5793103448275863,0.5793103448275863,,,,,0.08568913418307122,1.761560675480944,0.13645681435075346,0.054802099999506027,502e7941a2c9054b9dbeef43be1e9e9320141715be00f1db3ab479eb4cbf597f,d82e82da244488718679e8b35b67f6fdeb5a6da93749fb9c3e2d6f98614b290b,2026-08-13
0,0.0001,real,5,,,persistence,C0_base,1,False,,True,305.0,0.0,,0.45901639344262296,0.01885157808545325,0.0,0.025610384263516858,,0.0,,0.0,0.2594525999738835,3549190c488203fa8002731bb633e5285d0765b06c60c88db11ea9710e1e7938,6ad19d25ac370ba0900c389ff6c6a08271cecac5772e47bad63ed71277a6cd3c,2026-08-13
0,0.0001,real,5,,,persistence,C0_base,2,False,,True,295.0,0.0,,0.5084745762711864,0.021959484071962604,0.0,0.029588609512115196,,0.0,,0.0,0.251098400040064,3549190c488203fa8002731bb633e5285d0765b06c60c88db11ea9710e1e7938,6ad19d25ac370ba0900c389ff6c6a08271cecac5772e47bad63ed71277a6cd3c,2026-08-13
0,0.0001,real,5,,,persistence,C0_base,3,False,,True,290.0,0.0,,0.6620689655172414,0.01800649986552182,0.0,0.02428465763906568,,0.0,,0.0,0.2556297999690287,3549190c488203fa8002731bb633e5285d0765b06c60c88db11ea9710e1e7938,6ad19d25ac370ba0900c389ff6c6a08271cecac5772e47bad63ed71277a6cd3c,2026-08-13
0,0.0001,real,5,,,persistence,C0_base,4,False,,True,285.0,0.0,,0.656140350877193,0.014398786794768931,0.0,0.02243789241776085,,0.0,,0.0,0.26548750000074506,3549190c488203fa8002731bb633e5285d0765b06c60c88db11ea9710e1e7938,6ad19d25ac370ba0900c389ff6c6a08271cecac5772e47bad63ed71277a6cd3c,2026-08-13
0,0.0001,real,5,,,persistence,C0_base,5,False,,True,305.0,0.0,,0.49508196721311476,0.01342671699109562,0.0,0.01842384286645626,,0.0,,0.0,0.2928775000036694,3549190c488203fa8002731bb633e5285d0765b06c60c88db11ea9710e1e7938,6ad19d25ac370ba0900c389ff6c6a08271cecac5772e47bad63ed71277a6cd3c,2026-08-13
0,0.0001,real,5,,,persistence,C0_base,6,False,,True,295.0,0.0,,0.5661016949152542,0.012215020000897227,0.0,0.016689690576166438,,0.0,,0.0,0.2529573999927379,3549190c488203fa8002731bb633e5285d0765b06c60c88db11ea9710e1e7938,6ad19d25ac370ba0900c389ff6c6a08271cecac5772e47bad63ed71277a6cd3c,2026-08-13
0,0.0001,real,5,,,persistence,C0_base,7,False,,True,290.0,0.0,,0.6172413793103448,0.012979129049484521,0.0,0.01955117166510556,,0.0,,0.0,0.25272739998763427,3549190c488203fa8002731bb633e5285d0765b06c60c88db11ea9710e1e7938,6ad19d25ac370ba0900c389ff6c6a08271cecac5772e47bad63ed71277a6cd3c,2026-08-13
0,0.0001,real,5,,,persistence,C0_base,8,False,,True,290.0,0.0,,0.6482758620689655,0.01460673602029746,0.0,0.0211286766966206,,0.0,,0.0,0.26720910001313314,3549190c488203fa8002731bb633e5285d0765b06c60c88db11ea9710e1e7938,6ad19d25ac370ba0900c389ff6c6a08271cecac5772e47bad63ed71277a6cd3c,2026-08-13
0,0.0001,real,5,,,persistence,C0_base,9,False,,True,300.0,0.0,,0.44333333333333336,0.016006827764859136,0.0,0.023535283220895434,,0.0,,0.0,0.26474850001977757,3549190c488203fa8002731bb633e5285d0765b06c60c88db11ea9710e1e7938,6ad19d25ac370ba0900c389ff6c6a08271cecac5772e47bad63ed71277a6cd3c,2026-08-13
0,0.0001,real,5,,,persistence,C0_base,10,False,,True,290.0,0.0,,0.6172413793103448,0.012906449800719937,0.0,0.017446447522859444,,0.0,,0.0,0.2516021000337787,3549190c488203fa8002731bb633e5285d0765b06c60c88db11ea9710e1e7938,6ad19d25ac370ba0900c389ff6c6a08271cecac5772e47bad63ed71277a6cd3c,2026-08-13
0,0.0001,real,5,,,persistence,C0_base,11,False,,True,290.0,0.0,,0.4,0.018047973751689032,0.0,0.02636283284988146,,0.0,,0.0,0.2705476999981329,3549190c488203fa8002731bb633e5285d0765b06c60c88db11ea9710e1e7938,6ad19d25ac370ba0900c389ff6c6a08271cecac5772e47bad63ed71277a6cd3c,2026-08-13
0,0.0001,real,5,,,persistence,C0_base,12,False,,True,285.0,0.0,,0.6701754385964912,0.016046395810827157,0.0,0.023688232669213327,,0.0,,0.0,0.25678130000596866,3549190c488203fa8002731bb633e5285d0765b06c60c88db11ea9710e1e7938,6ad19d25ac370ba0900c389ff6c6a08271cecac5772e47bad63ed71277a6cd3c,2026-08-13
0,0.0001,real,5,,,persistence,C0_base,13,False,,True,300.0,0.0,,0.64,0.010903560707210786,0.0,0.015976008438132402,,0.0,,0.0,0.2829415000160225,3549190c488203fa8002731bb633e5285d0765b06c60c88db11ea9710e1e7938,6ad19d25ac370ba0900c389ff6c6a08271cecac5772e47bad63ed71277a6cd3c,2026-08-13
0,0.0001,real,5,,,persistence,C0_base,14,False,,True,295.0,0.0,,0.5152542372881356,0.013203068076792399,0.0,0.018134297937561064,,0.0,,0.0,0.28468449995853007,3549190c488203fa8002731bb633e5285d0765b06c60c88db11ea9710e1e7938,6ad19d25ac370ba0900c389ff6c6a08271cecac5772e47bad63ed71277a6cd3c,2026-08-13
0,0.0001,real,5,,,persistence,C0_base,15,False,,True,285.0,0.0,,0.4245614035087719,0.014534799487126939,0.0,0.01965038006405338,,0.0,,0.0,0.2960282000130974,3549190c488203fa8002731bb633e5285d0765b06c60c88db11ea9710e1e7938,6ad19d25ac370ba0900c389ff6c6a08271cecac5772e47bad63ed71277a6cd3c,2026-08-13
0,0.0001,real,5,,,persistence,C0_base,16,False,,True,290.0,0.0,,0.5793103448275863,0.016486325765148753,0.0,0.02174055742322695,,0.0,,0.0,0.2560976999811828,3549190c488203fa8002731bb633e5285d0765b06c60c88db11ea9710e1e7938,6ad19d25ac370ba0900c389ff6c6a08271cecac5772e47bad63ed71277a6cd3c,2026-08-13
0,0.0001,real,5,,,persistence,C2_hybrid,1,False,,True,305.0,0.0,,0.45901639344262296,0.01885157808545325,0.0,0.025610384263516858,,0.0,,0.0,0.4016406000009738,e2433ff794c77bf39e14ef06421fe90cfb778c5c14b69d8e4a76e946b094c6e2,1831a09fae92074b4db8e7482b7ed7944c63834404e83d5ec40a4323fd44b3a8,2026-08-13
0,0.0001,real,5,,,persistence,C2_hybrid,2,False,,True,295.0,0.0,,0.5084745762711864,0.021959484071962604,0.0,0.029588609512115196,,0.0,,0.0,0.41042189998552203,e2433ff794c77bf39e14ef06421fe90cfb778c5c14b69d8e4a76e946b094c6e2,1831a09fae92074b4db8e7482b7ed7944c63834404e83d5ec40a4323fd44b3a8,2026-08-13
0,0.0001,real,5,,,persistence,C2_hybrid,3,False,,True,290.0,0.0,,0.6620689655172414,0.01800649986552182,0.0,0.02428465763906568,,0.0,,0.0,0.4237676999764517,e2433ff794c77bf39e14ef06421fe90cfb778c5c14b69d8e4a76e946b094c6e2,1831a09fae92074b4db8e7482b7ed7944c63834404e83d5ec40a4323fd44b3a8,2026-08-13
0,0.0001,real,5,,,persistence,C2_hybrid,4,False,,True,285.0,0.0,,0.656140350877193,0.014398786794768931,0.0,0.02243789241776085,,0.0,,0.0,0.3663401000085287,e2433ff794c77bf39e14ef06421fe90cfb778c5c14b69d8e4a76e946b094c6e2,1831a09fae92074b4db8e7482b7ed7944c63834404e83d5ec40a4323fd44b3a8,2026-08-13
0,0.0001,real,5,,,persistence,C2_hybrid,5,False,,True,305.0,0.0,,0.49508196721311476,0.01342671699109562,0.0,0.01842384286645626,,0.0,,0.0,0.334806099999696,e2433ff794c77bf39e14ef06421fe90cfb778c5c14b69d8e4a76e946b094c6e2,1831a09fae92074b4db8e7482b7ed7944c63834404e83d5ec40a4323fd44b3a8,2026-08-13
0,0.0001,real,5,,,persistence,C2_hybrid,6,False,,True,295.0,0.0,,0.5661016949152542,0.012215020000897227,0.0,0.016689690576166438,,0.0,,0.0,0.3272540000034496,e2433ff794c77bf39e14ef06421fe90cfb778c5c14b69d8e4a76e946b094c6e2,1831a09fae92074b4db8e7482b7ed7944c63834404e83d5ec40a4323fd44b3a8,2026-08-13
0,0.0001,real,5,,,persistence,C2_hybrid,7,False,,True,290.0,0.0,,0.6172413793103448,0.012979129049484521,0.0,0.01955117166510556,,0.0,,0.0,0.3643397999694571,e2433ff794c77bf39e14ef06421fe90cfb778c5c14b69d8e4a76e946b094c6e2,1831a09fae92074b4db8e7482b7ed7944c63834404e83d5ec40a4323fd44b3a8,2026-08-13
0,0.0001,real,5,,,persistence,C2_hybrid,8,False,,True,290.0,0.0,,0.6482758620689655,0.01460673602029746,0.0,0.0211286766966206,,0.0,,0.0,0.3850588999921456,e2433ff794c77bf39e14ef06421fe90cfb778c5c14b69d8e4a76e946b094c6e2,1831a09fae92074b4db8e7482b7ed7944c63834404e83d5ec40a4323fd44b3a8,2026-08-13
0,0.0001,real,5,,,persistence,C2_hybrid,9,False,,True,300.0,0.0,,0.44333333333333336,0.016006827764859136,0.0,0.023535283220895434,,0.0,,0.0,0.38708700001006946,e2433ff794c77bf39e14ef06421fe90cfb778c5c14b69d8e4a76e946b094c6e2,1831a09fae92074b4db8e7482b7ed7944c63834404e83d5ec40a4323fd44b3a8,2026-08-13
0,0.0001,real,5,,,persistence,C2_hybrid,10,False,,True,290.0,0.0,,0.6172413793103448,0.012906449800719937,0.0,0.017446447522859444,,0.0,,0.0,0.34905640000943094,e2433ff794c77bf39e14ef06421fe90cfb778c5c14b69d8e4a76e946b094c6e2,1831a09fae92074b4db8e7482b7ed7944c63834404e83d5ec40a4323fd44b3a8,2026-08-13
0,0.0001,real,5,,,persistence,C2_hybrid,11,False,,True,290.0,0.0,,0.4,0.018047973751689032,0.0,0.02636283284988146,,0.0,,0.0,0.34864109999034554,e2433ff794c77bf39e14ef06421fe90cfb778c5c14b69d8e4a76e946b094c6e2,1831a09fae92074b4db8e7482b7ed7944c63834404e83d5ec40a4323fd44b3a8,2026-08-13
0,0.0001,real,5,,,persistence,C2_hybrid,12,False,,True,285.0,0.0,,0.6701754385964912,0.016046395810827157,0.0,0.023688232669213327,,0.0,,0.0,0.35291610000422224,e2433ff794c77bf39e14ef06421fe90cfb778c5c14b69d8e4a76e946b094c6e2,1831a09fae92074b4db8e7482b7ed7944c63834404e83d5ec40a4323fd44b3a8,2026-08-13
0,0.0001,real,5,,,persistence,C2_hybrid,13,False,,True,300.0,0.0,,0.64,0.010903560707210786,0.0,0.015976008438132402,,0.0,,0.0,0.3414693999802694,e2433ff794c77bf39e14ef06421fe90cfb778c5c14b69d8e4a76e946b094c6e2,1831a09fae92074b4db8e7482b7ed7944c63834404e83d5ec40a4323fd44b3a8,2026-08-13
0,0.0001,real,5,,,persistence,C2_hybrid,14,False,,True,295.0,0.0,,0.5152542372881356,0.013203068076792399,0.0,0.018134297937561064,,0.0,,0.0,0.3344205000321381,e2433ff794c77bf39e14ef06421fe90cfb778c5c14b69d8e4a76e946b094c6e2,1831a09fae92074b4db8e7482b7ed7944c63834404e83d5ec40a4323fd44b3a8,2026-08-13
0,0.0001,real,5,,,persistence,C2_hybrid,15,False,,True,285.0,0.0,,0.4245614035087719,0.014534799487126939,0.0,0.01965038006405338,,0.0,,0.0,0.3409844000125304,e2433ff794c77bf39e14ef06421fe90cfb778c5c14b69d8e4a76e946b094c6e2,1831a09fae92074b4db8e7482b7ed7944c63834404e83d5ec40a4323fd44b3a8,2026-08-13
0,0.0001,real,5,,,persistence,C2_hybrid,16,False,,True,290.0,0.0,,0.5793103448275863,0.016486325765148753,0.0,0.02174055742322695,,0.0,,0.0,0.343873200006783,e2433ff794c77bf39e14ef06421fe90cfb778c5c14b69d8e4a76e946b094c6e2,1831a09fae92074b4db8e7482b7ed7944c63834404e83d5ec40a4323fd44b3a8,2026-08-13
0,0.0001,real,5,,,dlinear,C0_base,1,False,,False,305.0,5.0,0.5377049180327869,0.45901639344262296,0.0187661981964019,0.07264783262673984,0.025573815490713872,0.5989410949395529,0.022758909949907036,4.304716502274054,0.0056573765942787065,1.0916826000320725,502e7941a2c9054b9dbeef43be1e9e9320141715be00f1db3ab479eb4cbf597f,d82e82da244488718679e8b35b67f6fdeb5a6da93749fb9c3e2d6f98614b290b,2026-08-13
0,0.0001,real,5,,,dlinear,C0_base,2,False,,True,295.0,0.0,0.5627118644067797,0.5084745762711864,0.021752811571002915,0.08587580548415094,0.029541156937755383,0.8091690371556698,0.0,,0.0,1.0881096000084653,502e7941a2c9054b9dbeef43be1e9e9320141715be00f1db3ab479eb4cbf597f,d82e82da244488718679e8b35b67f6fdeb5a6da93749fb9c3e2d6f98614b290b,2026-08-13
0,0.0001,real,5,,,dlinear,C0_base,3,False,,False,290.0,5.0,0.4413793103448276,0.6620689655172414,0.01831898699092988,0.13271383060444403,0.024716420326690903,0.8647823789790867,0.006204082389264398,1.448084971136694,0.00619381968553534,1.0590083999559283,502e7941a2c9054b9dbeef43be1e9e9320141715be00f1db3ab479eb4cbf597f,d82e82da244488718679e8b35b67f6fdeb5a6da93749fb9c3e2d6f98614b290b,2026-08-13
0,0.0001,real,5,,,dlinear,C0_base,4,False,,False,285.0,14.0,0.543859649122807,0.656140350877193,0.014477316185725545,0.09644817404687873,0.022362197676068944,0.7631039398179054,0.03018082934153199,2.992330808983943,0.007644114817852972,1.1216586999944411,502e7941a2c9054b9dbeef43be1e9e9320141715be00f1db3ab479eb4cbf597f,d82e82da244488718679e8b35b67f6fdeb5a6da93749fb9c3e2d6f98614b290b,2026-08-13
0,0.0001,real,5,,,dlinear,C0_base,5,False,,False,305.0,23.0,0.4491803278688525,0.49508196721311476,0.01342290492261879,0.06694049762806854,0.01852321529244521,0.6620004132776439,-0.01134359799186202,-0.8831787287081508,0.02970748179498578,1.1225277000339702,502e7941a2c9054b9dbeef43be1e9e9320141715be00f1db3ab479eb4cbf597f,d82e82da244488718679e8b35b67f6fdeb5a6da93749fb9c3e2d6f98614b290b,2026-08-13
0,0.0001,real,5,,,dlinear,C0_base,6,False,,True,295.0,0.0,0.43050847457627117,0.5661016949152542,0.01241237433635048,0.09981391708179936,0.016888605831188043,0.7644878820434744,0.0,,0.0,1.0373400999815203,502e7941a2c9054b9dbeef43be1e9e9320141715be00f1db3ab479eb4cbf597f,d82e82da244488718679e8b35b67f6fdeb5a6da93749fb9c3e2d6f98614b290b,2026-08-13
0,0.0001,real,5,,,dlinear,C0_base,7,False,,False,290.0,11.0,0.5172413793103449,0.6172413793103448,0.013029235654865794,0.08746370317569993,0.01955186024467509,0.6879485288234183,0.015291721751383713,1.3847679624927638,0.013384871606995738,0.9312387999962084,502e7941a2c9054b9dbeef43be1e9e9320141715be00f1db3ab479eb4cbf597f,d82e82da244488718679e8b35b67f6fdeb5a6da93749fb9c3e2d6f98614b290b,2026-08-13
0,0.0001,real,5,,,dlinear,C0_base,8,False,,False,290.0,5.0,0.503448275862069,0.6482758620689655,0.014653485911428482,0.05900121641141256,0.02112908503975472,0.6990126002811302,0.013827009052562289,2.670874130858035,0.004591205213572923,1.1627252000034787,502e7941a2c9054b9dbeef43be1e9e9320141715be00f1db3ab479eb4cbf597f,d82e82da244488718679e8b35b67f6fdeb5a6da93749fb9c3e2d6f98614b290b,2026-08-13
0,0.0001,real,5,,,dlinear,C0_base,9,False,,False,300.0,22.0,0.43,0.44333333333333336,0.016101382354912087,0.06512299461006354,0.023580985284386784,0.7439552538897023,-0.03043445981751225,-2.4064038513949866,0.04875814485254232,1.120816900045611,502e7941a2c9054b9dbeef43be1e9e9320141715be00f1db3ab479eb4cbf597f,d82e82da244488718679e8b35b67f6fdeb5a6da93749fb9c3e2d6f98614b290b,2026-08-13
0,0.0001,real,5,,,dlinear,C0_base,10,False,,True,290.0,0.0,0.4827586206896552,0.6172413793103448,0.012897180085150428,0.08548615953611745,0.01759350727434378,0.7363205213406518,0.0,,0.0,0.969347900012508,502e7941a2c9054b9dbeef43be1e9e9320141715be00f1db3ab479eb4cbf597f,d82e82da244488718679e8b35b67f6fdeb5a6da93749fb9c3e2d6f98614b290b,2026-08-13
0,0.0001,real,5,,,dlinear,C0_base,11,False,,False,290.0,16.0,0.4586206896551724,0.4,0.018103196198328533,0.06012993659063168,0.026496476318778963,0.7567224721600668,-0.014808119108685514,-1.5538393640856896,0.020146234138073836,0.9631240000016987,502e7941a2c9054b9dbeef43be1e9e9320141715be00f1db3ab479eb4cbf597f,d82e82da244488718679e8b35b67f6fdeb5a6da93749fb9c3e2d6f98614b290b,2026-08-13
0,0.0001,real,5,,,dlinear,C0_base,12,False,,True,285.0,0.0,0.6701754385964912,0.6701754385964912,0.015864611158451856,0.17682611630963196,0.02335341742094904,0.9103479542737859,0.0,,0.0,0.9888033000170253,502e7941a2c9054b9dbeef43be1e9e9320141715be00f1db3ab479eb4cbf597f,d82e82da244488718679e8b35b67f6fdeb5a6da93749fb9c3e2d6f98614b290b,2026-08-13
0,0.0001,real,5,,,dlinear,C0_base,13,False,,False,300.0,12.0,0.5666666666666667,0.64,0.010893259404620107,0.07998063655048837,0.015952526673562187,0.6850220695418312,0.031883711614258736,3.4015803483545253,0.00997144792624389,0.9713204000145197,502e7941a2c9054b9dbeef43be1e9e9320141715be00f1db3ab479eb4cbf597f,d82e82da244488718679e8b35b67f6fdeb5a6da93749fb9c3e2d6f98614b290b,2026-08-13
0,0.0001,real,5,,,dlinear,C0_base,14,False,,False,295.0,11.0,0.46779661016949153,0.5152542372881356,0.01325318727565381,0.08787335921891967,0.018261696935456165,0.758587269732769,-0.010293245515745841,-1.3855961878652912,0.022755428283986908,0.921438199991826,502e7941a2c9054b9dbeef43be1e9e9320141715be00f1db3ab479eb4cbf597f,d82e82da244488718679e8b35b67f6fdeb5a6da93749fb9c3e2d6f98614b290b,2026-08-13
0,0.0001,real,5,,,dlinear,C0_base,15,False,,True,285.0,0.0,0.47017543859649125,0.4245614035087719,0.014597990282567015,0.11438290750831791,0.01982073146294142,0.9011404508281682,0.0,,0.0,0.9353846999583766,502e7941a2c9054b9dbeef43be1e9e9320141715be00f1db3ab479eb4cbf597f,d82e82da244488718679e8b35b67f6fdeb5a6da93749fb9c3e2d6f98614b290b,2026-08-13
0,0.0001,real,5,,,dlinear,C0_base,16,False,,False,290.0,22.0,0.4793103448275862,0.5793103448275863,0.016649875821166636,0.07862975680882897,0.02185876834010052,0.8578861196048597,-0.036186487413566226,-3.7190495925852622,0.04409946934331182,0.9656779000069946,502e7941a2c9054b9dbeef43be1e9e9320141715be00f1db3ab479eb4cbf597f,d82e82da244488718679e8b35b67f6fdeb5a6da93749fb9c3e2d6f98614b290b,2026-08-13
0,0.0001,real,5,,,dlinear,C2_hybrid,1,False,,False,305.0,6.0,0.5442622950819672,0.45901639344262296,0.018712890270765926,0.11286269665554267,0.02551392548142298,0.6137830973420951,0.01815811201937878,3.639351026084097,0.004498418821637606,1.218282799993176,d4398f02b5f0ef6285b25d08aa9796970cfb2617cd139a926490b47e4ab52000,8bebe745404496210bc4bc862dd8cbca39b4be7f3726c75c1aac7e89176dfc9a,2026-08-13
0,0.0001,real,5,,,dlinear,C2_hybrid,2,False,,False,295.0,24.0,0.5559322033898305,0.5084745762711864,0.021788750507188162,0.11567227598188731,0.029604466914601033,0.785445041825045,-0.013942477463804726,-1.166717380214829,0.03730574340677237,1.2690599999623373,d4398f02b5f0ef6285b25d08aa9796970cfb2617cd139a926490b47e4ab52000,8bebe745404496210bc4bc862dd8cbca39b4be7f3726c75c1aac7e89176dfc9a,2026-08-13
0,0.0001,real,5,,,dlinear,C2_hybrid,3,False,,False,290.0,7.0,0.4413793103448276,0.6620689655172414,0.018385812965564928,0.17565374162864186,0.02484440156272392,0.8111931250553286,0.016295806789138334,2.1310097199056837,0.00619381968552617,1.6398429999826476,d4398f02b5f0ef6285b25d08aa9796970cfb2617cd139a926490b47e4ab52000,8bebe745404496210bc4bc862dd8cbca39b4be7f3726c75c1aac7e89176dfc9a,2026-08-13
0,0.0001,real,5,,,dlinear,C2_hybrid,4,False,,False,285.0,5.0,0.5403508771929825,0.656140350877193,0.01466875600086847,0.13072506167378978,0.022494083796713898,0.7393769010089294,0.03332975867075305,2.5446258223788374,0.006746520826052106,1.159735900000669,d4398f02b5f0ef6285b25d08aa9796970cfb2617cd139a926490b47e4ab52000,8bebe745404496210bc4bc862dd8cbca39b4be7f3726c75c1aac7e89176dfc9a,2026-08-13
0,0.0001,real,5,,,dlinear,C2_hybrid,5,False,,False,305.0,15.0,0.46557377049180326,0.49508196721311476,0.013445573345820833,0.09877695878494736,0.018584158769474786,0.6462577419036672,-0.005265720533569995,-0.4429008949565342,0.024341786653274952,1.1955206000129692,d4398f02b5f0ef6285b25d08aa9796970cfb2617cd139a926490b47e4ab52000,8bebe745404496210bc4bc862dd8cbca39b4be7f3726c75c1aac7e89176dfc9a,2026-08-13
0,0.0001,real,5,,,dlinear,C2_hybrid,6,False,,False,295.0,2.0,0.4440677966101695,0.5661016949152542,0.012454479323782599,0.12739172368640755,0.016938276234720696,0.7251480251281497,0.011909273554873145,,0.0020721982472453964,1.2397375000291504,d4398f02b5f0ef6285b25d08aa9796970cfb2617cd139a926490b47e4ab52000,8bebe745404496210bc4bc862dd8cbca39b4be7f3726c75c1aac7e89176dfc9a,2026-08-13
0,0.0001,real,5,,,dlinear,C2_hybrid,7,False,,False,290.0,11.0,0.5482758620689655,0.6172413793103448,0.013029783179532175,0.11573173799872986,0.01952390615026158,0.679078545490914,0.03104505055825091,2.6844272059635745,0.010755227575909682,1.1392926999833435,d4398f02b5f0ef6285b25d08aa9796970cfb2617cd139a926490b47e4ab52000,8bebe745404496210bc4bc862dd8cbca39b4be7f3726c75c1aac7e89176dfc9a,2026-08-13
0,0.0001,real,5,,,dlinear,C2_hybrid,8,False,,False,290.0,4.0,0.5344827586206896,0.6482758620689655,0.014682082614003217,0.08042597482471801,0.02118130305093715,0.6624695024129019,0.005728913835713723,,0.0030584883623234844,1.1638579000136815,d4398f02b5f0ef6285b25d08aa9796970cfb2617cd139a926490b47e4ab52000,8bebe745404496210bc4bc862dd8cbca39b4be7f3726c75c1aac7e89176dfc9a,2026-08-13
0,0.0001,real,5,,,dlinear,C2_hybrid,9,False,,False,300.0,23.0,0.4166666666666667,0.44333333333333336,0.016157050063182948,0.08677968511137793,0.02363257257357106,0.7413445213126016,-0.03326550518414284,-2.8891333298110724,0.04803918325166194,1.2131513000349514,d4398f02b5f0ef6285b25d08aa9796970cfb2617cd139a926490b47e4ab52000,8bebe745404496210bc4bc862dd8cbca39b4be7f3726c75c1aac7e89176dfc9a,2026-08-13
0,0.0001,real,5,,,dlinear,C2_hybrid,10,False,,True,290.0,0.0,0.4862068965517241,0.6172413793103448,0.012934837558569712,0.12393109734128199,0.017701450283529856,0.7368377819438453,0.0,,0.0,1.387241400021594,d4398f02b5f0ef6285b25d08aa9796970cfb2617cd139a926490b47e4ab52000,8bebe745404496210bc4bc862dd8cbca39b4be7f3726c75c1aac7e89176dfc9a,2026-08-13
0,0.0001,real,5,,,dlinear,C2_hybrid,11,False,,False,290.0,14.0,0.41724137931034483,0.4,0.018191207479525195,0.08350698341194256,0.02663337457612148,0.7426010662494507,-0.00850918836412462,-0.9574515870123177,0.018654715187456723,1.4288456999929622,d4398f02b5f0ef6285b25d08aa9796970cfb2617cd139a926490b47e4ab52000,8bebe745404496210bc4bc862dd8cbca39b4be7f3726c75c1aac7e89176dfc9a,2026-08-13
0,0.0001,real,5,,,dlinear,C2_hybrid,12,False,,True,285.0,0.0,0.6701754385964912,0.6701754385964912,0.015878010147360243,0.1966089802842548,0.0233619462375896,0.830685127501765,0.0,,0.0,1.6140354999806732,d4398f02b5f0ef6285b25d08aa9796970cfb2617cd139a926490b47e4ab52000,8bebe745404496210bc4bc862dd8cbca39b4be7f3726c75c1aac7e89176dfc9a,2026-08-13
0,0.0001,real,5,,,dlinear,C2_hybrid,13,False,,False,300.0,3.0,0.5366666666666666,0.64,0.01089794794754045,0.12218686650069976,0.01595636948064746,0.6946218445178258,0.01787722557106064,,0.0019919344387427556,1.5335215000086464,d4398f02b5f0ef6285b25d08aa9796970cfb2617cd139a926490b47e4ab52000,8bebe745404496210bc4bc862dd8cbca39b4be7f3726c75c1aac7e89176dfc9a,2026-08-13
0,0.0001,real,5,,,dlinear,C2_hybrid,14,False,,False,295.0,14.0,0.5016949152542373,0.5152542372881356,0.013264039490305279,0.10457874155968128,0.018291422312316962,0.7143093368868177,-0.009602983923548192,-1.3560644274484763,0.02162091964508658,1.41278610000154,d4398f02b5f0ef6285b25d08aa9796970cfb2617cd139a926490b47e4ab52000,8bebe745404496210bc4bc862dd8cbca39b4be7f3726c75c1aac7e89176dfc9a,2026-08-13
0,0.0001,real,5,,,dlinear,C2_hybrid,15,False,,False,285.0,12.0,0.47368421052631576,0.4245614035087719,0.014594625992741927,0.1297432663978486,0.0198484401860404,0.8527089388040379,-0.029437411674518965,-3.3154489502449356,0.032544999856484846,1.6853822999983095,d4398f02b5f0ef6285b25d08aa9796970cfb2617cd139a926490b47e4ab52000,8bebe745404496210bc4bc862dd8cbca39b4be7f3726c75c1aac7e89176dfc9a,2026-08-13
0,0.0001,real,5,,,dlinear,C2_hybrid,16,False,,False,290.0,23.0,0.4862068965517241,0.5793103448275863,0.016692640356712155,0.09553197229817137,0.02187003707049936,0.7998121286844285,-0.032952062037410634,-2.816307397499127,0.04522443779979499,1.664523300016299,d4398f02b5f0ef6285b25d08aa9796970cfb2617cd139a926490b47e4ab52000,8bebe745404496210bc4bc862dd8cbca39b4be7f3726c75c1aac7e89176dfc9a,2026-08-13
0,0.0001,real,5,24.0,0.041666666666666664,fits,C0_base,1,False,,True,305.0,0.0,0.5409836065573771,0.45901639344262296,0.018862751861528273,0.19448751623588992,0.025638019293567852,,0.0,,0.0,0.896994199953042,cb6c0273bf7430e9d8819607f5385d233686f03f338cf203a6dfe8509dc13f6c,d59a3b1aec77f5f83d8ba45022533753a743fa56c4c4c869cece30e17fd6984e,2026-08-13
0,0.0001,real,5,24.0,0.041666666666666664,fits,C0_base,2,False,,False,295.0,14.0,0.5322033898305085,0.5084745762711864,0.022190838328084758,0.23470544624151926,0.030067057086323776,,-0.019953568193271654,-2.2022110657114795,0.02375992069734824,5.749550500011537,cb6c0273bf7430e9d8819607f5385d233686f03f338cf203a6dfe8509dc13f6c,d59a3b1aec77f5f83d8ba45022533753a743fa56c4c4c869cece30e17fd6984e,2026-08-13
0,0.0001,real,5,24.0,0.041666666666666664,fits,C0_base,3,False,,True,290.0,0.0,0.43448275862068964,0.6620689655172414,0.019185777346704267,0.34088814166749115,0.025775440483524537,,0.0,,0.0,5.894194799999241,cb6c0273bf7430e9d8819607f5385d233686f03f338cf203a6dfe8509dc13f6c,d59a3b1aec77f5f83d8ba45022533753a743fa56c4c4c869cece30e17fd6984e,2026-08-13
0,0.0001,real,5,24.0,0.041666666666666664,fits,C0_base,4,False,,False,285.0,25.0,0.5087719298245614,0.656140350877193,0.016216853721008978,0.37909086891072935,0.023742450298642793,,0.049945386577112005,4.224980756893312,0.009182736573053149,5.764406999980565,cb6c0273bf7430e9d8819607f5385d233686f03f338cf203a6dfe8509dc13f6c,d59a3b1aec77f5f83d8ba45022533753a743fa56c4c4c869cece30e17fd6984e,2026-08-13
0,0.0001,real,5,24.0,0.041666666666666664,fits,C0_base,5,False,,False,305.0,17.0,0.49508196721311476,0.49508196721311476,0.01358310302061825,0.2030424396974138,0.01861970335771394,,-0.005192778931406794,-0.5357297481041583,0.017044060017593118,1.1586100000422448,cb6c0273bf7430e9d8819607f5385d233686f03f338cf203a6dfe8509dc13f6c,d59a3b1aec77f5f83d8ba45022533753a743fa56c4c4c869cece30e17fd6984e,2026-08-13
0,0.0001,real,5,24.0,0.041666666666666664,fits,C0_base,6,False,,False,295.0,14.0,0.5186440677966102,0.5661016949152542,0.012538335373412417,0.25965299856335894,0.017208866023420522,,0.007302733907169845,0.9210324865938934,0.0212348214436465,6.097999599995092,cb6c0273bf7430e9d8819607f5385d233686f03f338cf203a6dfe8509dc13f6c,d59a3b1aec77f5f83d8ba45022533753a743fa56c4c4c869cece30e17fd6984e,2026-08-13
0,0.0001,real,5,24.0,0.041666666666666664,fits,C0_base,7,False,,False,290.0,18.0,0.6137931034482759,0.6172413793103448,0.013131778620007683,0.27011318791954114,0.019451162431701273,,0.056073647189249565,3.932246807600582,0.01311303421506735,5.9967756000114605,cb6c0273bf7430e9d8819607f5385d233686f03f338cf203a6dfe8509dc13f6c,d59a3b1aec77f5f83d8ba45022533753a743fa56c4c4c869cece30e17fd6984e,2026-08-13
0,0.0001,real,5,24.0,0.041666666666666664,fits,C0_base,8,False,,False,290.0,24.0,0.5689655172413793,0.6482758620689655,0.014611633934085723,0.24582265200807765,0.021034540316059905,,0.04488951133017194,3.8938387227613185,0.016792179199343695,6.566778199980035,cb6c0273bf7430e9d8819607f5385d233686f03f338cf203a6dfe8509dc13f6c,d59a3b1aec77f5f83d8ba45022533753a743fa56c4c4c869cece30e17fd6984e,2026-08-13
0,0.0001,real,5,24.0,0.041666666666666664,fits,C0_base,9,False,,False,300.0,31.0,0.39666666666666667,0.44333333333333336,0.01684048810248479,0.22978905786461448,0.02449530494366202,,-0.05493703868375044,-4.30734984621577,0.0641589404731498,6.010291499958839,cb6c0273bf7430e9d8819607f5385d233686f03f338cf203a6dfe8509dc13f6c,d59a3b1aec77f5f83d8ba45022533753a743fa56c4c4c869cece30e17fd6984e,2026-08-13
0,0.0001,real,5,24.0,0.041666666666666664,fits,C0_base,10,False,,True,290.0,0.0,0.4862068965517241,0.6172413793103448,0.01304834889649672,0.08743707113707798,0.017617388650112434,,0.0,,0.0,0.9544373999815434,cb6c0273bf7430e9d8819607f5385d233686f03f338cf203a6dfe8509dc13f6c,d59a3b1aec77f5f83d8ba45022533753a743fa56c4c4c869cece30e17fd6984e,2026-08-13
0,0.0001,real,5,24.0,0.041666666666666664,fits,C0_base,11,False,,False,290.0,14.0,0.4413793103448276,0.4,0.01864453634201026,0.223684084377526,0.02721762915880401,,-0.04080995355637684,-5.034117687041817,0.043514704728491053,4.9491878999979235,cb6c0273bf7430e9d8819607f5385d233686f03f338cf203a6dfe8509dc13f6c,d59a3b1aec77f5f83d8ba45022533753a743fa56c4c4c869cece30e17fd6984e,2026-08-13
0,0.0001,real,5,24.0,0.041666666666666664,fits,C0_base,12,False,,True,285.0,0.0,0.3333333333333333,0.6701754385964912,0.016685047350483314,0.17526664988776722,0.024557148368037577,,0.0,,0.0,1.1324720000266097,cb6c0273bf7430e9d8819607f5385d233686f03f338cf203a6dfe8509dc13f6c,d59a3b1aec77f5f83d8ba45022533753a743fa56c4c4c869cece30e17fd6984e,2026-08-13
0,0.0001,real,5,24.0,0.041666666666666664,fits,C0_base,13,False,,False,300.0,27.0,0.52,0.64,0.011222291172960601,0.3061925287516794,0.0161933498577058,,0.010448791870673935,1.207925866787147,0.013020495421616145,4.6133747000130825,cb6c0273bf7430e9d8819607f5385d233686f03f338cf203a6dfe8509dc13f6c,d59a3b1aec77f5f83d8ba45022533753a743fa56c4c4c869cece30e17fd6984e,2026-08-13
0,0.0001,real,5,24.0,0.041666666666666664,fits,C0_base,14,False,,False,295.0,21.0,0.4440677966101695,0.5152542372881356,0.013715646582985859,0.2180311491344342,0.018608011215744097,,0.0048791987177447815,0.46560068354511835,0.013969400306510164,4.407555100042373,cb6c0273bf7430e9d8819607f5385d233686f03f338cf203a6dfe8509dc13f6c,d59a3b1aec77f5f83d8ba45022533753a743fa56c4c4c869cece30e17fd6984e,2026-08-13
0,0.0001,real,5,24.0,0.041666666666666664,fits,C0_base,15,False,,False,285.0,4.0,0.5754385964912281,0.4245614035087719,0.01457614948750932,0.17748163576088694,0.019790406489351497,,0.005739782627909973,,0.0050702056406449056,4.511603999999352,cb6c0273bf7430e9d8819607f5385d233686f03f338cf203a6dfe8509dc13f6c,d59a3b1aec77f5f83d8ba45022533753a743fa56c4c4c869cece30e17fd6984e,2026-08-13
0,0.0001,real,5,24.0,0.041666666666666664,fits,C0_base,16,False,,False,290.0,16.0,0.47586206896551725,0.5793103448275863,0.01700403678288555,0.15034079316342153,0.022186804327218486,,-0.012603643927246999,-1.7190265538393805,0.020396206574813308,4.388037000026088,cb6c0273bf7430e9d8819607f5385d233686f03f338cf203a6dfe8509dc13f6c,d59a3b1aec77f5f83d8ba45022533753a743fa56c4c4c869cece30e17fd6984e,2026-08-13
0,0.0001,real,5,24.0,0.041666666666666664,fits,C2_hybrid,-1,True,"deliberately empty (spec 6.4): FITS is univariate and filters frequencies itself, so pre-filtered wavelet bands are redundant",,,,,,,,,,,,,,1e3ada375bd2be00de14e5847ad645e7e32361fe40356d4f598fe3ab9a6c14a9,49c3c52c327105608a606d96061dfdd4abed6a0c7ef370a017a6278547a66de6,2026-08-13
0,1e-05,real,5,,,buy_and_hold,,1,False,,False,305.0,0.0,0.45901639344262296,0.45901639344262296,,,,,-0.09269587125081236,-1.005960747344811,0.22655221099340062,0.06690649996744469,d5951703a7d1e20c2a40801a38870ae1d5646784be38d9ca9f60f0c3bb14f55b,c03322b9afef1192529bcb8b78dae09766494ce587eaf65e70ad733ac09b0201,2026-08-13
0,1e-05,real,5,,,buy_and_hold,,2,False,,False,295.0,0.0,0.5050847457627119,0.5050847457627119,,,,,-0.06429737471218377,-0.46864086292435314,0.1424587749939713,0.06217580003431067,d5951703a7d1e20c2a40801a38870ae1d5646784be38d9ca9f60f0c3bb14f55b,c03322b9afef1192529bcb8b78dae09766494ce587eaf65e70ad733ac09b0201,2026-08-13
0,1e-05,real,5,,,buy_and_hold,,3,False,,False,290.0,0.0,0.6620689655172414,0.6620689655172414,,,,,0.3199465408441078,4.11975107893535,0.08395283462381467,0.05830699997022748,d5951703a7d1e20c2a40801a38870ae1d5646784be38d9ca9f60f0c3bb14f55b,c03322b9afef1192529bcb8b78dae09766494ce587eaf65e70ad733ac09b0201,2026-08-13
0,1e-05,real,5,,,buy_and_hold,,4,False,,False,285.0,0.0,0.656140350877193,0.656140350877193,,,,,0.253717512749454,4.1945078393773585,0.03311585313931901,0.05893430003197864,d5951703a7d1e20c2a40801a38870ae1d5646784be38d9ca9f60f0c3bb14f55b,c03322b9afef1192529bcb8b78dae09766494ce587eaf65e70ad733ac09b0201,2026-08-13
0,1e-05,real,5,,,buy_and_hold,,5,False,,False,305.0,0.0,0.49508196721311476,0.49508196721311476,,,,,-0.013746494180392421,-0.17355590230439336,0.08677403237299025,0.05771119997370988,d5951703a7d1e20c2a40801a38870ae1d5646784be38d9ca9f60f0c3bb14f55b,c03322b9afef1192529bcb8b78dae09766494ce587eaf65e70ad733ac09b0201,2026-08-13
0,1e-05,real,5,,,buy_and_hold,,6,False,,False,295.0,0.0,0.5661016949152542,0.5661016949152542,,,,,0.11511801795412602,2.450726538107511,0.08962101478621556,0.059905099973548204,d5951703a7d1e20c2a40801a38870ae1d5646784be38d9ca9f60f0c3bb14f55b,c03322b9afef1192529bcb8b78dae09766494ce587eaf65e70ad733ac09b0201,2026-08-13
0,1e-05,real,5,,,buy_and_hold,,7,False,,False,290.0,0.0,0.6172413793103448,0.6172413793103448,,,,,0.2265028526306616,4.153510089451356,0.04457308496966748,0.05669100000523031,d5951703a7d1e20c2a40801a38870ae1d5646784be38d9ca9f60f0c3bb14f55b,c03322b9afef1192529bcb8b78dae09766494ce587eaf65e70ad733ac09b0201,2026-08-13
0,1e-05,real,5,,,buy_and_hold,,8,False,,False,290.0,0.0,0.6482758620689655,0.6482758620689655,,,,,0.1819825299828437,3.5444752488400764,0.07889356123144528,0.06771869998192415,d5951703a7d1e20c2a40801a38870ae1d5646784be38d9ca9f60f0c3bb14f55b,c03322b9afef1192529bcb8b78dae09766494ce587eaf65e70ad733ac09b0201,2026-08-13
0,1e-05,real,5,,,buy_and_hold,,9,False,,False,300.0,0.0,0.44333333333333336,0.44333333333333336,,,,,-0.06349672850263999,-0.8935841642541402,0.174398400350851,0.05638379999436438,d5951703a7d1e20c2a40801a38870ae1d5646784be38d9ca9f60f0c3bb14f55b,c03322b9afef1192529bcb8b78dae09766494ce587eaf65e70ad733ac09b0201,2026-08-13
0,1e-05,real,5,,,buy_and_hold,,10,False,,False,290.0,0.0,0.6172413793103448,0.6172413793103448,,,,,0.12924325025911476,2.8425833098931443,0.04193034179057526,0.05844739999156445,d5951703a7d1e20c2a40801a38870ae1d5646784be38d9ca9f60f0c3bb14f55b,c03322b9afef1192529bcb8b78dae09766494ce587eaf65e70ad733ac09b0201,2026-08-13
0,1e-05,real,5,,,buy_and_hold,,11,False,,False,290.0,0.0,0.4,0.4,,,,,-0.17637484338233467,-2.9331313641088186,0.17637484338233467,0.05664470000192523,d5951703a7d1e20c2a40801a38870ae1d5646784be38d9ca9f60f0c3bb14f55b,c03322b9afef1192529bcb8b78dae09766494ce587eaf65e70ad733ac09b0201,2026-08-13
0,1e-05,real,5,,,buy_and_hold,,12,False,,False,285.0,0.0,0.6666666666666666,0.6666666666666666,,,,,0.2661988473618939,2.8407362459888277,0.09133986331956098,0.05592499999329448,d5951703a7d1e20c2a40801a38870ae1d5646784be38d9ca9f60f0c3bb14f55b,c03322b9afef1192529bcb8b78dae09766494ce587eaf65e70ad733ac09b0201,2026-08-13
0,1e-05,real,5,,,buy_and_hold,,13,False,,False,300.0,0.0,0.64,0.64,,,,,0.15051270458085853,3.9013811257958984,0.032379680917168835,0.06783090002136305,d5951703a7d1e20c2a40801a38870ae1d5646784be38d9ca9f60f0c3bb14f55b,c03322b9afef1192529bcb8b78dae09766494ce587eaf65e70ad733ac09b0201,2026-08-13
0,1e-05,real,5,,,buy_and_hold,,14,False,,False,295.0,0.0,0.5152542372881356,0.5152542372881356,,,,,0.06256423579205794,1.4356038597042873,0.06739475320120715,0.06729340000310913,d5951703a7d1e20c2a40801a38870ae1d5646784be38d9ca9f60f0c3bb14f55b,c03322b9afef1192529bcb8b78dae09766494ce587eaf65e70ad733ac09b0201,2026-08-13
0,1e-05,real,5,,,buy_and_hold,,15,False,,False,285.0,0.0,0.4245614035087719,0.4245614035087719,,,,,-0.1434738066488801,-3.547527570100745,0.15619650770694166,0.06538149999687448,d5951703a7d1e20c2a40801a38870ae1d5646784be38d9ca9f60f0c3bb14f55b,c03322b9afef1192529bcb8b78dae09766494ce587eaf65e70ad733ac09b0201,2026-08-13
0,1e-05,real,5,,,buy_and_hold,,16,False,,False,290.0,0.0,0.5793103448275863,0.5793103448275863,,,,,0.08568913418307122,1.761560675480944,0.13645681435075346,0.06274470000062138,d5951703a7d1e20c2a40801a38870ae1d5646784be38d9ca9f60f0c3bb14f55b,c03322b9afef1192529bcb8b78dae09766494ce587eaf65e70ad733ac09b0201,2026-08-13
0,1e-05,real,5,,,persistence,C0_base,1,False,,True,305.0,0.0,,0.45901639344262296,0.01885157808545325,0.0,0.025610384263516858,,0.0,,0.0,0.2805076999939047,edb47ba7168454497e90569ce0ff85e2e6e82807f1f766cb0a4e673f9e06f832,b5fd3ec532e1835da5352887b9f8f07d6dcf9001792b85fc292fe3f487fdd206,2026-08-13
0,1e-05,real,5,,,persistence,C0_base,2,False,,True,295.0,0.0,,0.5084745762711864,0.021959484071962604,0.0,0.029588609512115196,,0.0,,0.0,0.2977217999869026,edb47ba7168454497e90569ce0ff85e2e6e82807f1f766cb0a4e673f9e06f832,b5fd3ec532e1835da5352887b9f8f07d6dcf9001792b85fc292fe3f487fdd206,2026-08-13
0,1e-05,real,5,,,persistence,C0_base,3,False,,True,290.0,0.0,,0.6620689655172414,0.01800649986552182,0.0,0.02428465763906568,,0.0,,0.0,0.3142422999953851,edb47ba7168454497e90569ce0ff85e2e6e82807f1f766cb0a4e673f9e06f832,b5fd3ec532e1835da5352887b9f8f07d6dcf9001792b85fc292fe3f487fdd206,2026-08-13
0,1e-05,real,5,,,persistence,C0_base,4,False,,True,285.0,0.0,,0.656140350877193,0.014398786794768931,0.0,0.02243789241776085,,0.0,,0.0,0.2744454000494443,edb47ba7168454497e90569ce0ff85e2e6e82807f1f766cb0a4e673f9e06f832,b5fd3ec532e1835da5352887b9f8f07d6dcf9001792b85fc292fe3f487fdd206,2026-08-13
0,1e-05,real,5,,,persistence,C0_base,5,False,,True,305.0,0.0,,0.49508196721311476,0.01342671699109562,0.0,0.01842384286645626,,0.0,,0.0,0.330542899959255,edb47ba7168454497e90569ce0ff85e2e6e82807f1f766cb0a4e673f9e06f832,b5fd3ec532e1835da5352887b9f8f07d6dcf9001792b85fc292fe3f487fdd206,2026-08-13
0,1e-05,real,5,,,persistence,C0_base,6,False,,True,295.0,0.0,,0.5661016949152542,0.012215020000897227,0.0,0.016689690576166438,,0.0,,0.0,0.307245799980592,edb47ba7168454497e90569ce0ff85e2e6e82807f1f766cb0a4e673f9e06f832,b5fd3ec532e1835da5352887b9f8f07d6dcf9001792b85fc292fe3f487fdd206,2026-08-13
0,1e-05,real,5,,,persistence,C0_base,7,False,,True,290.0,0.0,,0.6172413793103448,0.012979129049484521,0.0,0.01955117166510556,,0.0,,0.0,0.3361331000342034,edb47ba7168454497e90569ce0ff85e2e6e82807f1f766cb0a4e673f9e06f832,b5fd3ec532e1835da5352887b9f8f07d6dcf9001792b85fc292fe3f487fdd206,2026-08-13
0,1e-05,real,5,,,persistence,C0_base,8,False,,True,290.0,0.0,,0.6482758620689655,0.01460673602029746,0.0,0.0211286766966206,,0.0,,0.0,0.3176977999974042,edb47ba7168454497e90569ce0ff85e2e6e82807f1f766cb0a4e673f9e06f832,b5fd3ec532e1835da5352887b9f8f07d6dcf9001792b85fc292fe3f487fdd206,2026-08-13
0,1e-05,real,5,,,persistence,C0_base,9,False,,True,300.0,0.0,,0.44333333333333336,0.016006827764859136,0.0,0.023535283220895434,,0.0,,0.0,0.31268170004477724,edb47ba7168454497e90569ce0ff85e2e6e82807f1f766cb0a4e673f9e06f832,b5fd3ec532e1835da5352887b9f8f07d6dcf9001792b85fc292fe3f487fdd206,2026-08-13
0,1e-05,real,5,,,persistence,C0_base,10,False,,True,290.0,0.0,,0.6172413793103448,0.012906449800719937,0.0,0.017446447522859444,,0.0,,0.0,0.3813567000324838,edb47ba7168454497e90569ce0ff85e2e6e82807f1f766cb0a4e673f9e06f832,b5fd3ec532e1835da5352887b9f8f07d6dcf9001792b85fc292fe3f487fdd206,2026-08-13
0,1e-05,real,5,,,persistence,C0_base,11,False,,True,290.0,0.0,,0.4,0.018047973751689032,0.0,0.02636283284988146,,0.0,,0.0,0.35933499998645857,edb47ba7168454497e90569ce0ff85e2e6e82807f1f766cb0a4e673f9e06f832,b5fd3ec532e1835da5352887b9f8f07d6dcf9001792b85fc292fe3f487fdd206,2026-08-13
0,1e-05,real,5,,,persistence,C0_base,12,False,,True,285.0,0.0,,0.6701754385964912,0.016046395810827157,0.0,0.023688232669213327,,0.0,,0.0,0.35482310003135353,edb47ba7168454497e90569ce0ff85e2e6e82807f1f766cb0a4e673f9e06f832,b5fd3ec532e1835da5352887b9f8f07d6dcf9001792b85fc292fe3f487fdd206,2026-08-13
0,1e-05,real,5,,,persistence,C0_base,13,False,,True,300.0,0.0,,0.64,0.010903560707210786,0.0,0.015976008438132402,,0.0,,0.0,0.3817585000069812,edb47ba7168454497e90569ce0ff85e2e6e82807f1f766cb0a4e673f9e06f832,b5fd3ec532e1835da5352887b9f8f07d6dcf9001792b85fc292fe3f487fdd206,2026-08-13
0,1e-05,real,5,,,persistence,C0_base,14,False,,True,295.0,0.0,,0.5152542372881356,0.013203068076792399,0.0,0.018134297937561064,,0.0,,0.0,0.3593422999838367,edb47ba7168454497e90569ce0ff85e2e6e82807f1f766cb0a4e673f9e06f832,b5fd3ec532e1835da5352887b9f8f07d6dcf9001792b85fc292fe3f487fdd206,2026-08-13
0,1e-05,real,5,,,persistence,C0_base,15,False,,True,285.0,0.0,,0.4245614035087719,0.014534799487126939,0.0,0.01965038006405338,,0.0,,0.0,0.30269600002793595,edb47ba7168454497e90569ce0ff85e2e6e82807f1f766cb0a4e673f9e06f832,b5fd3ec532e1835da5352887b9f8f07d6dcf9001792b85fc292fe3f487fdd206,2026-08-13
0,1e-05,real,5,,,persistence,C0_base,16,False,,True,290.0,0.0,,0.5793103448275863,0.016486325765148753,0.0,0.02174055742322695,,0.0,,0.0,0.31843450001906604,edb47ba7168454497e90569ce0ff85e2e6e82807f1f766cb0a4e673f9e06f832,b5fd3ec532e1835da5352887b9f8f07d6dcf9001792b85fc292fe3f487fdd206,2026-08-13
0,1e-05,real,5,,,persistence,C2_hybrid,1,False,,True,305.0,0.0,,0.45901639344262296,0.01885157808545325,0.0,0.025610384263516858,,0.0,,0.0,0.43711949995486066,fc5091ecd08c3811ada43066e5f4d6e6590fa567e38a706135cd61a2117c742f,ff8967aed7dda41f69e70298f437106631ae027b7f060ccd1d8bd0060ad10eab,2026-08-13
0,1e-05,real,5,,,persistence,C2_hybrid,2,False,,True,295.0,0.0,,0.5084745762711864,0.021959484071962604,0.0,0.029588609512115196,,0.0,,0.0,0.47274690004996955,fc5091ecd08c3811ada43066e5f4d6e6590fa567e38a706135cd61a2117c742f,ff8967aed7dda41f69e70298f437106631ae027b7f060ccd1d8bd0060ad10eab,2026-08-13
0,1e-05,real,5,,,persistence,C2_hybrid,3,False,,True,290.0,0.0,,0.6620689655172414,0.01800649986552182,0.0,0.02428465763906568,,0.0,,0.0,0.4285541999852285,fc5091ecd08c3811ada43066e5f4d6e6590fa567e38a706135cd61a2117c742f,ff8967aed7dda41f69e70298f437106631ae027b7f060ccd1d8bd0060ad10eab,2026-08-13
0,1e-05,real,5,,,persistence,C2_hybrid,4,False,,True,285.0,0.0,,0.656140350877193,0.014398786794768931,0.0,0.02243789241776085,,0.0,,0.0,0.4161368999630213,fc5091ecd08c3811ada43066e5f4d6e6590fa567e38a706135cd61a2117c742f,ff8967aed7dda41f69e70298f437106631ae027b7f060ccd1d8bd0060ad10eab,2026-08-13
0,1e-05,real,5,,,persistence,C2_hybrid,5,False,,True,305.0,0.0,,0.49508196721311476,0.01342671699109562,0.0,0.01842384286645626,,0.0,,0.0,0.43266140000196174,fc5091ecd08c3811ada43066e5f4d6e6590fa567e38a706135cd61a2117c742f,ff8967aed7dda41f69e70298f437106631ae027b7f060ccd1d8bd0060ad10eab,2026-08-13
0,1e-05,real,5,,,persistence,C2_hybrid,6,False,,True,295.0,0.0,,0.5661016949152542,0.012215020000897227,0.0,0.016689690576166438,,0.0,,0.0,0.4160566999926232,fc5091ecd08c3811ada43066e5f4d6e6590fa567e38a706135cd61a2117c742f,ff8967aed7dda41f69e70298f437106631ae027b7f060ccd1d8bd0060ad10eab,2026-08-13
0,1e-05,real,5,,,persistence,C2_hybrid,7,False,,True,290.0,0.0,,0.6172413793103448,0.012979129049484521,0.0,0.01955117166510556,,0.0,,0.0,0.5033840999822132,fc5091ecd08c3811ada43066e5f4d6e6590fa567e38a706135cd61a2117c742f,ff8967aed7dda41f69e70298f437106631ae027b7f060ccd1d8bd0060ad10eab,2026-08-13
0,1e-05,real,5,,,persistence,C2_hybrid,8,False,,True,290.0,0.0,,0.6482758620689655,0.01460673602029746,0.0,0.0211286766966206,,0.0,,0.0,0.43223740003304556,fc5091ecd08c3811ada43066e5f4d6e6590fa567e38a706135cd61a2117c742f,ff8967aed7dda41f69e70298f437106631ae027b7f060ccd1d8bd0060ad10eab,2026-08-13
0,1e-05,real,5,,,persistence,C2_hybrid,9,False,,True,300.0,0.0,,0.44333333333333336,0.016006827764859136,0.0,0.023535283220895434,,0.0,,0.0,0.49097169999731705,fc5091ecd08c3811ada43066e5f4d6e6590fa567e38a706135cd61a2117c742f,ff8967aed7dda41f69e70298f437106631ae027b7f060ccd1d8bd0060ad10eab,2026-08-13
0,1e-05,real,5,,,persistence,C2_hybrid,10,False,,True,290.0,0.0,,0.6172413793103448,0.012906449800719937,0.0,0.017446447522859444,,0.0,,0.0,0.404480799974408,fc5091ecd08c3811ada43066e5f4d6e6590fa567e38a706135cd61a2117c742f,ff8967aed7dda41f69e70298f437106631ae027b7f060ccd1d8bd0060ad10eab,2026-08-13
0,1e-05,real,5,,,persistence,C2_hybrid,11,False,,True,290.0,0.0,,0.4,0.018047973751689032,0.0,0.02636283284988146,,0.0,,0.0,0.4398640000144951,fc5091ecd08c3811ada43066e5f4d6e6590fa567e38a706135cd61a2117c742f,ff8967aed7dda41f69e70298f437106631ae027b7f060ccd1d8bd0060ad10eab,2026-08-13
0,1e-05,real,5,,,persistence,C2_hybrid,12,False,,True,285.0,0.0,,0.6701754385964912,0.016046395810827157,0.0,0.023688232669213327,,0.0,,0.0,0.4357249999884516,fc5091ecd08c3811ada43066e5f4d6e6590fa567e38a706135cd61a2117c742f,ff8967aed7dda41f69e70298f437106631ae027b7f060ccd1d8bd0060ad10eab,2026-08-13
0,1e-05,real,5,,,persistence,C2_hybrid,13,False,,True,300.0,0.0,,0.64,0.010903560707210786,0.0,0.015976008438132402,,0.0,,0.0,0.44251309998799115,fc5091ecd08c3811ada43066e5f4d6e6590fa567e38a706135cd61a2117c742f,ff8967aed7dda41f69e70298f437106631ae027b7f060ccd1d8bd0060ad10eab,2026-08-13
0,1e-05,real,5,,,persistence,C2_hybrid,14,False,,True,295.0,0.0,,0.5152542372881356,0.013203068076792399,0.0,0.018134297937561064,,0.0,,0.0,0.4108241999638267,fc5091ecd08c3811ada43066e5f4d6e6590fa567e38a706135cd61a2117c742f,ff8967aed7dda41f69e70298f437106631ae027b7f060ccd1d8bd0060ad10eab,2026-08-13
0,1e-05,real,5,,,persistence,C2_hybrid,15,False,,True,285.0,0.0,,0.4245614035087719,0.014534799487126939,0.0,0.01965038006405338,,0.0,,0.0,0.42268149997107685,fc5091ecd08c3811ada43066e5f4d6e6590fa567e38a706135cd61a2117c742f,ff8967aed7dda41f69e70298f437106631ae027b7f060ccd1d8bd0060ad10eab,2026-08-13
0,1e-05,real,5,,,persistence,C2_hybrid,16,False,,True,290.0,0.0,,0.5793103448275863,0.016486325765148753,0.0,0.02174055742322695,,0.0,,0.0,0.4170340999844484,fc5091ecd08c3811ada43066e5f4d6e6590fa567e38a706135cd61a2117c742f,ff8967aed7dda41f69e70298f437106631ae027b7f060ccd1d8bd0060ad10eab,2026-08-13
0,1e-05,real,5,,,dlinear,C0_base,1,False,,False,305.0,8.0,0.5508196721311476,0.45901639344262296,0.018840894479557432,0.010114638846509868,0.02559875715828215,0.6585457953381121,0.018127911122618467,2.362171445810172,0.010958644149083856,1.3156954000005499,d5951703a7d1e20c2a40801a38870ae1d5646784be38d9ca9f60f0c3bb14f55b,c03322b9afef1192529bcb8b78dae09766494ce587eaf65e70ad733ac09b0201,2026-08-13
0,1e-05,real,5,,,dlinear,C0_base,2,False,,True,295.0,0.0,0.5559322033898305,0.5084745762711864,0.021869133330325835,0.03088757220559124,0.029552970123835134,0.8459968323430448,0.0,,0.0,1.356372999958694,d5951703a7d1e20c2a40801a38870ae1d5646784be38d9ca9f60f0c3bb14f55b,c03322b9afef1192529bcb8b78dae09766494ce587eaf65e70ad733ac09b0201,2026-08-13
0,1e-05,real,5,,,dlinear,C0_base,3,False,,False,290.0,4.0,0.44482758620689655,0.6620689655172414,0.018099002879847736,0.049105437268842284,0.024404431632759,0.8817963276963865,0.00028719716918446103,,0.006193819685533094,1.0532568999915384,d5951703a7d1e20c2a40801a38870ae1d5646784be38d9ca9f60f0c3bb14f55b,c03322b9afef1192529bcb8b78dae09766494ce587eaf65e70ad733ac09b0201,2026-08-13
0,1e-05,real,5,,,dlinear,C0_base,4,False,,False,285.0,15.0,0.5473684210526316,0.656140350877193,0.014395210767899897,0.013125800864877543,0.022411893331327547,0.791580703352237,0.04142242753109637,3.751543256404395,0.007695040750219503,1.0854912999784574,d5951703a7d1e20c2a40801a38870ae1d5646784be38d9ca9f60f0c3bb14f55b,c03322b9afef1192529bcb8b78dae09766494ce587eaf65e70ad733ac09b0201,2026-08-13
0,1e-05,real,5,,,dlinear,C0_base,5,False,,False,305.0,22.0,0.45901639344262296,0.49508196721311476,0.013420682089437518,0.00910132657449191,0.01843287704398636,0.6985500434226483,-0.015998835047744908,-1.2339323037588856,0.03355052838612722,1.0004257999826223,d5951703a7d1e20c2a40801a38870ae1d5646784be38d9ca9f60f0c3bb14f55b,c03322b9afef1192529bcb8b78dae09766494ce587eaf65e70ad733ac09b0201,2026-08-13
0,1e-05,real,5,,,dlinear,C0_base,6,False,,True,295.0,0.0,0.44745762711864406,0.5661016949152542,0.01222935324458708,0.012347510131477933,0.0167051899038092,0.7816575200376213,0.0,,0.0,1.1395096000051126,d5951703a7d1e20c2a40801a38870ae1d5646784be38d9ca9f60f0c3bb14f55b,c03322b9afef1192529bcb8b78dae09766494ce587eaf65e70ad733ac09b0201,2026-08-13
0,1e-05,real,5,,,dlinear,C0_base,7,False,,False,290.0,7.0,0.5103448275862069,0.6172413793103448,0.012986271431615114,0.011641530709489062,0.019551783556325766,0.7192120015421835,0.026894926926716245,3.0653125713563867,0.01023713995492852,0.9907533000223339,d5951703a7d1e20c2a40801a38870ae1d5646784be38d9ca9f60f0c3bb14f55b,c03322b9afef1192529bcb8b78dae09766494ce587eaf65e70ad733ac09b0201,2026-08-13
0,1e-05,real,5,,,dlinear,C0_base,8,False,,False,290.0,13.0,0.503448275862069,0.6482758620689655,0.014606828699334858,0.00957353582964643,0.02111710873496577,0.784948096573288,0.04992562568144443,4.906876574295699,0.007896996467384985,0.9927987999981269,d5951703a7d1e20c2a40801a38870ae1d5646784be38d9ca9f60f0c3bb14f55b,c03322b9afef1192529bcb8b78dae09766494ce587eaf65e70ad733ac09b0201,2026-08-13
0,1e-05,real,5,,,dlinear,C0_base,9,False,,False,300.0,18.0,0.4033333333333333,0.44333333333333336,0.016013107549110155,0.015790464255519478,0.02353548422927258,0.7804513822396623,-0.023052457232612178,-2.291158431902083,0.03763419671439878,0.9862000999855809,d5951703a7d1e20c2a40801a38870ae1d5646784be38d9ca9f60f0c3bb14f55b,c03322b9afef1192529bcb8b78dae09766494ce587eaf65e70ad733ac09b0201,2026-08-13
0,1e-05,real,5,,,dlinear,C0_base,10,False,,False,290.0,21.0,0.496551724137931,0.6172413793103448,0.012893788942162528,0.036560440772650464,0.017494273980157484,0.7548362458292339,0.012782281487048408,1.0990792169082435,0.022056495097206984,1.0738021999713965,d5951703a7d1e20c2a40801a38870ae1d5646784be38d9ca9f60f0c3bb14f55b,c03322b9afef1192529bcb8b78dae09766494ce587eaf65e70ad733ac09b0201,2026-08-13
0,1e-05,real,5,,,dlinear,C0_base,11,False,,False,290.0,37.0,0.47586206896551725,0.4,0.01805003277104375,0.009377648635674873,0.026380030133622473,0.8013057720268919,-0.044887840478263774,-2.545749649551258,0.04488784047826382,0.9858722999924794,d5951703a7d1e20c2a40801a38870ae1d5646784be38d9ca9f60f0c3bb14f55b,c03322b9afef1192529bcb8b78dae09766494ce587eaf65e70ad733ac09b0201,2026-08-13
0,1e-05,real,5,,,dlinear,C0_base,12,False,,True,285.0,0.0,0.6701754385964912,0.6701754385964912,0.01597708054604594,0.030190809569984423,0.023595042566275582,0.9573092333813807,0.0,,0.0,1.0060015000053681,d5951703a7d1e20c2a40801a38870ae1d5646784be38d9ca9f60f0c3bb14f55b,c03322b9afef1192529bcb8b78dae09766494ce587eaf65e70ad733ac09b0201,2026-08-13
0,1e-05,real,5,,,dlinear,C0_base,13,False,,False,300.0,4.0,0.5566666666666666,0.64,0.010899655744861647,0.010766176871654248,0.01596975875859581,0.7131327359116898,0.005775524186620418,,0.007478449904350437,0.9990538999554701,d5951703a7d1e20c2a40801a38870ae1d5646784be38d9ca9f60f0c3bb14f55b,c03322b9afef1192529bcb8b78dae09766494ce587eaf65e70ad733ac09b0201,2026-08-13
0,1e-05,real,5,,,dlinear,C0_base,14,False,,False,295.0,5.0,0.46779661016949153,0.5152542372881356,0.01321105310287067,0.01576212208248459,0.018153247904462697,0.8262399906197562,-0.002111592921983929,-0.4494223654790277,0.010250374899632134,1.0334290000027977,d5951703a7d1e20c2a40801a38870ae1d5646784be38d9ca9f60f0c3bb14f55b,c03322b9afef1192529bcb8b78dae09766494ce587eaf65e70ad733ac09b0201,2026-08-13
0,1e-05,real,5,,,dlinear,C0_base,15,False,,True,285.0,0.0,0.4631578947368421,0.4245614035087719,0.014534013851707184,0.018001709690266068,0.01966736395625897,0.9247046383223926,0.0,,0.0,1.1213201000355184,d5951703a7d1e20c2a40801a38870ae1d5646784be38d9ca9f60f0c3bb14f55b,c03322b9afef1192529bcb8b78dae09766494ce587eaf65e70ad733ac09b0201,2026-08-13
0,1e-05,real,5,,,dlinear,C0_base,16,False,,False,290.0,25.0,0.5310344827586206,0.5793103448275863,0.016504872589471784,0.01366502434401635,0.02174857405779658,0.9028147834229598,-0.027600725671308224,-2.054924323524323,0.04936672253854601,1.231746400007978,d5951703a7d1e20c2a40801a38870ae1d5646784be38d9ca9f60f0c3bb14f55b,c03322b9afef1192529bcb8b78dae09766494ce587eaf65e70ad733ac09b0201,2026-08-13
0,1e-05,real,5,,,dlinear,C2_hybrid,1,False,,False,305.0,7.0,0.5508196721311476,0.45901639344262296,0.018831300493760948,0.01603928448338471,0.025583999909980573,0.6831448935226535,0.01504408728276152,2.7018981738893166,0.004683173654005511,1.3591850000084378,d20c6e62c4eadee60fde3eb9d2704921b435fbb218584d7e4755532795d7ace1,57e7a805a86c214e262d02ba65af708250bb66a797bb7975f58ee1dfc8041703,2026-08-13
0,1e-05,real,5,,,dlinear,C2_hybrid,2,False,,True,295.0,0.0,0.5694915254237288,0.5084745762711864,0.021854644220680088,0.042186963443877575,0.029550086234121246,0.8091968990639217,0.0,,0.0,1.790907199960202,d20c6e62c4eadee60fde3eb9d2704921b435fbb218584d7e4755532795d7ace1,57e7a805a86c214e262d02ba65af708250bb66a797bb7975f58ee1dfc8041703,2026-08-13
0,1e-05,real,5,,,dlinear,C2_hybrid,3,False,,False,290.0,4.0,0.4379310344827586,0.6620689655172414,0.018084310867254004,0.04768965770500773,0.024392580506734613,0.8411639081506691,0.00028719716918446103,,0.006193819685533094,1.8086064999806695,d20c6e62c4eadee60fde3eb9d2704921b435fbb218584d7e4755532795d7ace1,57e7a805a86c214e262d02ba65af708250bb66a797bb7975f58ee1dfc8041703,2026-08-13
0,1e-05,real,5,,,dlinear,C2_hybrid,4,False,,False,285.0,18.0,0.5403508771929825,0.656140350877193,0.014407072739653129,0.018519040996709746,0.02241374229992336,0.8008796192374595,0.03574852299721809,3.102902360675438,0.009905130647902593,1.4369697000365704,d20c6e62c4eadee60fde3eb9d2704921b435fbb218584d7e4755532795d7ace1,57e7a805a86c214e262d02ba65af708250bb66a797bb7975f58ee1dfc8041703,2026-08-13
0,1e-05,real,5,,,dlinear,C2_hybrid,5,False,,False,305.0,9.0,0.47540983606557374,0.49508196721311476,0.013414968843796355,0.01313122073104403,0.01843585621312624,0.6635282838034796,0.004415335479000859,0.6273800217569163,0.018057248431257677,1.5314409999991767,d20c6e62c4eadee60fde3eb9d2704921b435fbb218584d7e4755532795d7ace1,57e7a805a86c214e262d02ba65af708250bb66a797bb7975f58ee1dfc8041703,2026-08-13
0,1e-05,real,5,,,dlinear,C2_hybrid,6,False,,False,295.0,2.0,0.4406779661016949,0.5661016949152542,0.012227703281242931,0.01650684488572806,0.016706129860612907,0.7558902802301117,0.0028603660707982037,,0.004164498048798996,1.6212831000448205,d20c6e62c4eadee60fde3eb9d2704921b435fbb218584d7e4755532795d7ace1,57e7a805a86c214e262d02ba65af708250bb66a797bb7975f58ee1dfc8041703,2026-08-13
0,1e-05,real,5,,,dlinear,C2_hybrid,7,False,,False,290.0,8.0,0.5241379310344828,0.6172413793103448,0.012985546803633698,0.01604579081781915,0.019548446425841852,0.724348607087106,0.030505323207768997,3.3835189359652107,0.011569996160813863,1.5704313999740407,d20c6e62c4eadee60fde3eb9d2704921b435fbb218584d7e4755532795d7ace1,57e7a805a86c214e262d02ba65af708250bb66a797bb7975f58ee1dfc8041703,2026-08-13
0,1e-05,real,5,,,dlinear,C2_hybrid,8,False,,False,290.0,13.0,0.5448275862068965,0.6482758620689655,0.01460686039246851,0.012936629675331573,0.0211159076594059,0.7496567335608738,0.0477138150528611,5.2291292660719515,0.004241448469641049,1.6861591000342742,d20c6e62c4eadee60fde3eb9d2704921b435fbb218584d7e4755532795d7ace1,57e7a805a86c214e262d02ba65af708250bb66a797bb7975f58ee1dfc8041703,2026-08-13
0,1e-05,real,5,,,dlinear,C2_hybrid,9,False,,False,300.0,20.0,0.4066666666666667,0.44333333333333336,0.016030181593634715,0.03772883216493162,0.023547186727084595,0.7493967088520763,-0.025143529867101888,-2.6323516672508736,0.03373651110094291,1.902110199967865,d20c6e62c4eadee60fde3eb9d2704921b435fbb218584d7e4755532795d7ace1,57e7a805a86c214e262d02ba65af708250bb66a797bb7975f58ee1dfc8041703,2026-08-13
0,1e-05,real,5,,,dlinear,C2_hybrid,10,False,,False,290.0,8.0,0.4827586206896552,0.6172413793103448,0.012901462228166677,0.054300746545773035,0.01752929813196653,0.7524404988595161,0.00517602173464593,0.6054215949403282,0.01359046100544979,1.7320741000003181,d20c6e62c4eadee60fde3eb9d2704921b435fbb218584d7e4755532795d7ace1,57e7a805a86c214e262d02ba65af708250bb66a797bb7975f58ee1dfc8041703,2026-08-13
0,1e-05,real,5,,,dlinear,C2_hybrid,11,False,,False,290.0,34.0,0.4517241379310345,0.4,0.018056684571621483,0.013004617390004454,0.026395764511273307,0.7908741651702699,-0.06250202084535372,-4.003583422669843,0.0625020208453537,1.6438502999953926,d20c6e62c4eadee60fde3eb9d2704921b435fbb218584d7e4755532795d7ace1,57e7a805a86c214e262d02ba65af708250bb66a797bb7975f58ee1dfc8041703,2026-08-13
0,1e-05,real,5,,,dlinear,C2_hybrid,12,False,,True,285.0,0.0,0.6701754385964912,0.6701754385964912,0.01595838479461789,0.03773404256194438,0.02357018235559303,0.9426025481203942,0.0,,0.0,1.7379676999989897,d20c6e62c4eadee60fde3eb9d2704921b435fbb218584d7e4755532795d7ace1,57e7a805a86c214e262d02ba65af708250bb66a797bb7975f58ee1dfc8041703,2026-08-13
0,1e-05,real,5,,,dlinear,C2_hybrid,13,False,,False,300.0,13.0,0.5333333333333333,0.64,0.010893789125400276,0.016392672858926826,0.015964239460076326,0.7183647636932581,0.04201431568546021,5.618921890040296,0.0049413419365290714,1.492987500037998,d20c6e62c4eadee60fde3eb9d2704921b435fbb218584d7e4755532795d7ace1,57e7a805a86c214e262d02ba65af708250bb66a797bb7975f58ee1dfc8041703,2026-08-13
0,1e-05,real,5,,,dlinear,C2_hybrid,14,False,,False,295.0,11.0,0.4610169491525424,0.5152542372881356,0.013212005248790674,0.020101107430141443,0.018159112258518746,0.8203746329342395,-0.0008174950346855336,-0.09162703661121259,0.012734356354667107,1.456857500015758,d20c6e62c4eadee60fde3eb9d2704921b435fbb218584d7e4755532795d7ace1,57e7a805a86c214e262d02ba65af708250bb66a797bb7975f58ee1dfc8041703,2026-08-13
0,1e-05,real,5,,,dlinear,C2_hybrid,15,False,,False,285.0,13.0,0.45964912280701753,0.4245614035087719,0.014530025208120974,0.022683556946407536,0.019670042504618436,0.9113075312330948,-0.02105472447348511,-2.4255000909361195,0.02439719688284817,1.6681693000136875,d20c6e62c4eadee60fde3eb9d2704921b435fbb218584d7e4755532795d7ace1,57e7a805a86c214e262d02ba65af708250bb66a797bb7975f58ee1dfc8041703,2026-08-13
0,1e-05,real,5,,,dlinear,C2_hybrid,16,False,,False,290.0,27.0,0.5310344827586206,0.5793103448275863,0.016511122212477154,0.017672603797319046,0.02174805720889964,0.8830549536738994,-0.022265177379563128,-1.8493071772732759,0.04231829813316351,1.5719141999725252,d20c6e62c4eadee60fde3eb9d2704921b435fbb218584d7e4755532795d7ace1,57e7a805a86c214e262d02ba65af708250bb66a797bb7975f58ee1dfc8041703,2026-08-13
0,1e-05,real,5,24.0,0.041666666666666664,fits,C0_base,1,False,,True,305.0,0.0,0.5409836065573771,0.45901639344262296,0.01894103454017563,0.19366665802062105,0.02573344360539556,,0.0,,0.0,0.9454068999621086,1fcf27b2c81cbe04a831c6c1523c26ea86c1a219184dfb1a91982f48201fc5b4,444d9f1b659eeba630fae4ee24b4f5f236ef7fd566f656af65521f8e2e75d2e9,2026-08-13
0,1e-05,real,5,24.0,0.041666666666666664,fits,C0_base,2,False,,False,295.0,9.0,0.49491525423728816,0.5084745762711864,0.02199731444873773,0.15319267253875224,0.029832758689557058,,-0.001434774945549333,-0.23699689535774976,0.015269326396183874,5.931123899994418,1fcf27b2c81cbe04a831c6c1523c26ea86c1a219184dfb1a91982f48201fc5b4,444d9f1b659eeba630fae4ee24b4f5f236ef7fd566f656af65521f8e2e75d2e9,2026-08-13
0,1e-05,real,5,24.0,0.041666666666666664,fits,C0_base,3,False,,True,290.0,0.0,0.43448275862068964,0.6620689655172414,0.018513764872121072,0.2351003998777156,0.02496423645022946,,0.0,,0.0,5.710222399968188,1fcf27b2c81cbe04a831c6c1523c26ea86c1a219184dfb1a91982f48201fc5b4,444d9f1b659eeba630fae4ee24b4f5f236ef7fd566f656af65521f8e2e75d2e9,2026-08-13
0,1e-05,real,5,24.0,0.041666666666666664,fits,C0_base,4,False,,False,285.0,31.0,0.5543859649122806,0.656140350877193,0.015203216802574497,0.2520643448099813,0.022747390134135993,,0.059939862824408996,3.431257902563516,0.011854204140341858,4.660658499982674,1fcf27b2c81cbe04a831c6c1523c26ea86c1a219184dfb1a91982f48201fc5b4,444d9f1b659eeba630fae4ee24b4f5f236ef7fd566f656af65521f8e2e75d2e9,2026-08-13
0,1e-05,real,5,24.0,0.041666666666666664,fits,C0_base,5,False,,False,305.0,16.0,0.4819672131147541,0.49508196721311476,0.013611162062014301,0.19904536608726434,0.01863199924860354,,-0.018486937495589717,-2.2357615351682183,0.025654156663241535,1.1103820000425912,1fcf27b2c81cbe04a831c6c1523c26ea86c1a219184dfb1a91982f48201fc5b4,444d9f1b659eeba630fae4ee24b4f5f236ef7fd566f656af65521f8e2e75d2e9,2026-08-13
0,1e-05,real,5,24.0,0.041666666666666664,fits,C0_base,6,False,,False,295.0,13.0,0.5254237288135594,0.5661016949152542,0.012386284683731996,0.1858514555111079,0.017005751327345463,,-0.011193652629640227,-1.2591941494696226,0.02764918065692132,6.555818699998781,1fcf27b2c81cbe04a831c6c1523c26ea86c1a219184dfb1a91982f48201fc5b4,444d9f1b659eeba630fae4ee24b4f5f236ef7fd566f656af65521f8e2e75d2e9,2026-08-13
0,1e-05,real,5,24.0,0.041666666666666664,fits,C0_base,7,False,,False,290.0,20.0,0.596551724137931,0.6172413793103448,0.012977066548296445,0.20409295220859314,0.019364334037428307,,0.0445590551031676,3.553101557069,0.008725103357849132,6.2516347000491805,1fcf27b2c81cbe04a831c6c1523c26ea86c1a219184dfb1a91982f48201fc5b4,444d9f1b659eeba630fae4ee24b4f5f236ef7fd566f656af65521f8e2e75d2e9,2026-08-13
0,1e-05,real,5,24.0,0.041666666666666664,fits,C0_base,8,False,,False,290.0,24.0,0.5655172413793104,0.6482758620689655,0.014505653383481865,0.19708079340579965,0.020967436823885854,,0.03251358339347932,2.7015223711000522,0.019807399562024975,6.019138799980283,1fcf27b2c81cbe04a831c6c1523c26ea86c1a219184dfb1a91982f48201fc5b4,444d9f1b659eeba630fae4ee24b4f5f236ef7fd566f656af65521f8e2e75d2e9,2026-08-13
0,1e-05,real,5,24.0,0.041666666666666664,fits,C0_base,9,False,,False,300.0,4.0,0.38666666666666666,0.44333333333333336,0.016517492099425792,0.16344564632529615,0.02414165076582119,,-0.005650538839200192,,0.008486630041337194,5.801809099968523,1fcf27b2c81cbe04a831c6c1523c26ea86c1a219184dfb1a91982f48201fc5b4,444d9f1b659eeba630fae4ee24b4f5f236ef7fd566f656af65521f8e2e75d2e9,2026-08-13
0,1e-05,real,5,24.0,0.041666666666666664,fits,C0_base,10,False,,True,290.0,0.0,0.4896551724137931,0.6172413793103448,0.01302357292089216,0.08012840414968625,0.017576150978825568,,0.0,,0.0,1.2536525999894366,1fcf27b2c81cbe04a831c6c1523c26ea86c1a219184dfb1a91982f48201fc5b4,444d9f1b659eeba630fae4ee24b4f5f236ef7fd566f656af65521f8e2e75d2e9,2026-08-13
0,1e-05,real,5,24.0,0.041666666666666664,fits,C0_base,11,False,,False,290.0,24.0,0.4413793103448276,0.4,0.01844854658426689,0.1599197205617864,0.02686323010297433,,-0.044555820187558326,-4.066345021457327,0.04943599860003733,5.677919199981261,1fcf27b2c81cbe04a831c6c1523c26ea86c1a219184dfb1a91982f48201fc5b4,444d9f1b659eeba630fae4ee24b4f5f236ef7fd566f656af65521f8e2e75d2e9,2026-08-13
0,1e-05,real,5,24.0,0.041666666666666664,fits,C0_base,12,False,,True,285.0,0.0,0.3298245614035088,0.6701754385964912,0.016679192328729713,0.17423596048051934,0.02456453641465646,,0.0,,0.0,1.0434613999677822,1fcf27b2c81cbe04a831c6c1523c26ea86c1a219184dfb1a91982f48201fc5b4,444d9f1b659eeba630fae4ee24b4f5f236ef7fd566f656af65521f8e2e75d2e9,2026-08-13
0,1e-05,real,5,24.0,0.041666666666666664,fits,C0_base,13,False,,False,300.0,23.0,0.53,0.64,0.011076184147657816,0.22152956885917843,0.016052094677251605,,0.0101788250655932,1.298949905579021,0.01057618292696488,6.193389999971259,1fcf27b2c81cbe04a831c6c1523c26ea86c1a219184dfb1a91982f48201fc5b4,444d9f1b659eeba630fae4ee24b4f5f236ef7fd566f656af65521f8e2e75d2e9,2026-08-13
0,1e-05,real,5,24.0,0.041666666666666664,fits,C0_base,14,False,,False,295.0,14.0,0.4440677966101695,0.5152542372881356,0.013555271104921593,0.17554861632923544,0.018411296575462067,,0.0018786198518725428,0.23740043521503865,0.01795424875939351,5.770607199985534,1fcf27b2c81cbe04a831c6c1523c26ea86c1a219184dfb1a91982f48201fc5b4,444d9f1b659eeba630fae4ee24b4f5f236ef7fd566f656af65521f8e2e75d2e9,2026-08-13
0,1e-05,real,5,24.0,0.041666666666666664,fits,C0_base,15,False,,False,285.0,8.0,0.5263157894736842,0.4245614035087719,0.014589252746813074,0.12654524342150397,0.019668806609350466,,0.00041013304348980206,0.09940107384701019,0.010002818380925541,1.1947708000079729,1fcf27b2c81cbe04a831c6c1523c26ea86c1a219184dfb1a91982f48201fc5b4,444d9f1b659eeba630fae4ee24b4f5f236ef7fd566f656af65521f8e2e75d2e9,2026-08-13
0,1e-05,real,5,24.0,0.041666666666666664,fits,C0_base,16,False,,False,290.0,12.0,0.44482758620689655,0.5793103448275863,0.016853123681573344,0.1184337578937421,0.022062445587691697,,-0.01948350181782066,-2.594044691446118,0.02663831403672286,5.683148500043899,1fcf27b2c81cbe04a831c6c1523c26ea86c1a219184dfb1a91982f48201fc5b4,444d9f1b659eeba630fae4ee24b4f5f236ef7fd566f656af65521f8e2e75d2e9,2026-08-13
0,1e-05,real,5,24.0,0.041666666666666664,fits,C2_hybrid,-1,True,"deliberately empty (spec 6.4): FITS is univariate and filters frequencies itself, so pre-filtered wavelet bands are redundant",,,,,,,,,,,,,,c48787bad0f0afb27fca9c2bdd243d30950bf5fd01f258e1f38e6973376ebdf3,396524395d929dec1c1c7bfae97b8855f87252230b74a60a2f414c7978b4aa8d,2026-08-13
0,0.001,shuffled,5,,,buy_and_hold,,1,False,,False,305.0,0.0,0.5245901639344263,0.5245901639344263,,,,,0.14430921918774842,3.8232415075346973,0.07963104530937648,0.0949972000089474,73b5fff25fde5192f1ef867c4500f5ce2014ebe93afcda61beb4130229ebd91b,234ab4993f9332b73848e536fef4969df9f91366e446e460df06a3c0b83f6160,2026-08-13
0,0.001,shuffled,5,,,buy_and_hold,,2,False,,False,295.0,0.0,0.511864406779661,0.511864406779661,,,,,-0.056440998085157346,-1.5580232456514005,0.08979129871320021,0.06874730001436546,73b5fff25fde5192f1ef867c4500f5ce2014ebe93afcda61beb4130229ebd91b,234ab4993f9332b73848e536fef4969df9f91366e446e460df06a3c0b83f6160,2026-08-13
0,0.001,shuffled,5,,,buy_and_hold,,3,False,,False,290.0,0.0,0.6103448275862069,0.6103448275862069,,,,,0.14209994615319332,3.9390681196481347,0.07285044335655726,0.07558979996247217,73b5fff25fde5192f1ef867c4500f5ce2014ebe93afcda61beb4130229ebd91b,234ab4993f9332b73848e536fef4969df9f91366e446e460df06a3c0b83f6160,2026-08-13
0,0.001,shuffled,5,,,buy_and_hold,,4,False,,False,285.0,0.0,0.49122807017543857,0.49122807017543857,,,,,-0.0036479127718205273,-0.0588845662177701,0.055647243836648555,0.07952490000752732,73b5fff25fde5192f1ef867c4500f5ce2014ebe93afcda61beb4130229ebd91b,234ab4993f9332b73848e536fef4969df9f91366e446e460df06a3c0b83f6160,2026-08-13
0,0.001,shuffled,5,,,buy_and_hold,,5,False,,False,305.0,0.0,0.5737704918032787,0.5737704918032787,,,,,0.14701005070098994,3.5435062127110286,0.07870070063844825,0.07670219999272376,73b5fff25fde5192f1ef867c4500f5ce2014ebe93afcda61beb4130229ebd91b,234ab4993f9332b73848e536fef4969df9f91366e446e460df06a3c0b83f6160,2026-08-13
0,0.001,shuffled,5,,,buy_and_hold,,6,False,,False,295.0,0.0,0.6644067796610169,0.6644067796610169,,,,,0.33635510161418924,8.319051306659155,0.01998114398208572,0.07494680001400411,73b5fff25fde5192f1ef867c4500f5ce2014ebe93afcda61beb4130229ebd91b,234ab4993f9332b73848e536fef4969df9f91366e446e460df06a3c0b83f6160,2026-08-13
0,0.001,shuffled,5,,,buy_and_hold,,7,False,,False,290.0,0.0,0.5655172413793104,0.5655172413793104,,,,,0.14058747248574188,3.5219448320157283,0.04863061713296392,0.06940279999980703,73b5fff25fde5192f1ef867c4500f5ce2014ebe93afcda61beb4130229ebd91b,234ab4993f9332b73848e536fef4969df9f91366e446e460df06a3c0b83f6160,2026-08-13
0,0.001,shuffled,5,,,buy_and_hold,,8,False,,False,290.0,0.0,0.5758620689655173,0.5758620689655173,,,,,0.08078960836790738,2.5446835916793833,0.048741233112479965,0.07145530002890155,73b5fff25fde5192f1ef867c4500f5ce2014ebe93afcda61beb4130229ebd91b,234ab4993f9332b73848e536fef4969df9f91366e446e460df06a3c0b83f6160,2026-08-13
0,0.001,shuffled,5,,,buy_and_hold,,9,False,,False,300.0,0.0,0.6166666666666667,0.6166666666666667,,,,,0.1563932985244254,3.8468477085657713,0.04458174285128916,0.07804569997824728,73b5fff25fde5192f1ef867c4500f5ce2014ebe93afcda61beb4130229ebd91b,234ab4993f9332b73848e536fef4969df9f91366e446e460df06a3c0b83f6160,2026-08-13
0,0.001,shuffled,5,,,buy_and_hold,,10,False,,False,290.0,0.0,0.45517241379310347,0.45517241379310347,,,,,-0.03279499074496872,-0.878616551063621,0.10203021863764043,0.07899680000264198,73b5fff25fde5192f1ef867c4500f5ce2014ebe93afcda61beb4130229ebd91b,234ab4993f9332b73848e536fef4969df9f91366e446e460df06a3c0b83f6160,2026-08-13
0,0.001,shuffled,5,,,buy_and_hold,,11,False,,False,290.0,0.0,0.5206896551724138,0.5206896551724138,,,,,-0.03169273443830023,-0.598452842203323,0.08986209313713515,0.06966579996515065,73b5fff25fde5192f1ef867c4500f5ce2014ebe93afcda61beb4130229ebd91b,234ab4993f9332b73848e536fef4969df9f91366e446e460df06a3c0b83f6160,2026-08-13
0,0.001,shuffled,5,,,buy_and_hold,,12,False,,False,285.0,0.0,0.5017543859649123,0.5017543859649123,,,,,-0.012315289454765455,-0.20220022170564866,0.06184221452220343,0.0659933999995701,73b5fff25fde5192f1ef867c4500f5ce2014ebe93afcda61beb4130229ebd91b,234ab4993f9332b73848e536fef4969df9f91366e446e460df06a3c0b83f6160,2026-08-13
0,0.001,shuffled,5,,,buy_and_hold,,13,False,,False,300.0,0.0,0.5366666666666666,0.5366666666666666,,,,,0.014759385203269249,0.45830352815886505,0.04471118789507534,0.08328129997244105,73b5fff25fde5192f1ef867c4500f5ce2014ebe93afcda61beb4130229ebd91b,234ab4993f9332b73848e536fef4969df9f91366e446e460df06a3c0b83f6160,2026-08-13
0,0.001,shuffled,5,,,buy_and_hold,,14,False,,False,295.0,0.0,0.6542372881355932,0.6542372881355932,,,,,0.158703852173683,4.747920309326267,0.02490200531310405,0.07471379998605698,73b5fff25fde5192f1ef867c4500f5ce2014ebe93afcda61beb4130229ebd91b,234ab4993f9332b73848e536fef4969df9f91366e446e460df06a3c0b83f6160,2026-08-13
0,0.001,shuffled,5,,,buy_and_hold,,15,False,,False,285.0,0.0,0.43508771929824563,0.43508771929824563,,,,,-0.08380069956294944,-2.5756489739041744,0.145873710506555,0.08108979999087751,73b5fff25fde5192f1ef867c4500f5ce2014ebe93afcda61beb4130229ebd91b,234ab4993f9332b73848e536fef4969df9f91366e446e460df06a3c0b83f6160,2026-08-13
0,0.001,shuffled,5,,,buy_and_hold,,16,False,,False,290.0,0.0,0.43103448275862066,0.43103448275862066,,,,,-0.10299863858049318,-2.7377370079616052,0.13685011397451016,0.06649460003245622,73b5fff25fde5192f1ef867c4500f5ce2014ebe93afcda61beb4130229ebd91b,234ab4993f9332b73848e536fef4969df9f91366e446e460df06a3c0b83f6160,2026-08-13
0,0.001,shuffled,5,,,persistence,C0_base,1,False,,True,305.0,0.0,,0.5245901639344263,0.015559494047344745,0.0,0.023219178551910195,,0.0,,0.0,0.35627009999006987,319a9f1fb845e79d9e3b8873be13b91804910bf473055956aac191a06e40026a,ffade1e556f07c3fa19d067cedf50b1bc4b96ca37ff03fd2a976e1bc61d5e634,2026-08-13
0,0.001,shuffled,5,,,persistence,C0_base,2,False,,True,295.0,0.0,,0.511864406779661,0.014470658791349376,0.0,0.020440099745279453,,0.0,,0.0,0.35977469995850697,319a9f1fb845e79d9e3b8873be13b91804910bf473055956aac191a06e40026a,ffade1e556f07c3fa19d067cedf50b1bc4b96ca37ff03fd2a976e1bc61d5e634,2026-08-13
0,0.001,shuffled,5,,,persistence,C0_base,3,False,,True,290.0,0.0,,0.6103448275862069,0.014558223992917918,0.0,0.019866991969785537,,0.0,,0.0,0.32721840002341196,319a9f1fb845e79d9e3b8873be13b91804910bf473055956aac191a06e40026a,ffade1e556f07c3fa19d067cedf50b1bc4b96ca37ff03fd2a976e1bc61d5e634,2026-08-13
0,0.001,shuffled,5,,,persistence,C0_base,4,False,,True,285.0,0.0,,0.49122807017543857,0.014263988393799254,0.0,0.019910238775384163,,0.0,,0.0,0.33103989996016026,319a9f1fb845e79d9e3b8873be13b91804910bf473055956aac191a06e40026a,ffade1e556f07c3fa19d067cedf50b1bc4b96ca37ff03fd2a976e1bc61d5e634,2026-08-13
0,0.001,shuffled,5,,,persistence,C0_base,5,False,,True,305.0,0.0,,0.5737704918032787,0.015128021751254026,0.0,0.02202287257393987,,0.0,,0.0,0.33506760001182556,319a9f1fb845e79d9e3b8873be13b91804910bf473055956aac191a06e40026a,ffade1e556f07c3fa19d067cedf50b1bc4b96ca37ff03fd2a976e1bc61d5e634,2026-08-13
0,0.001,shuffled,5,,,persistence,C0_base,6,False,,True,295.0,0.0,,0.6644067796610169,0.013915663970227468,0.0,0.019708608113774048,,0.0,,0.0,0.34657910000532866,319a9f1fb845e79d9e3b8873be13b91804910bf473055956aac191a06e40026a,ffade1e556f07c3fa19d067cedf50b1bc4b96ca37ff03fd2a976e1bc61d5e634,2026-08-13
0,0.001,shuffled,5,,,persistence,C0_base,7,False,,True,290.0,0.0,,0.5655172413793104,0.014648828186752956,0.0,0.022550522966909937,,0.0,,0.0,0.359361800015904,319a9f1fb845e79d9e3b8873be13b91804910bf473055956aac191a06e40026a,ffade1e556f07c3fa19d067cedf50b1bc4b96ca37ff03fd2a976e1bc61d5e634,2026-08-13
0,0.001,shuffled,5,,,persistence,C0_base,8,False,,True,290.0,0.0,,0.5758620689655173,0.014995587790656913,0.0,0.021551423605984412,,0.0,,0.0,0.40091880003456026,319a9f1fb845e79d9e3b8873be13b91804910bf473055956aac191a06e40026a,ffade1e556f07c3fa19d067cedf50b1bc4b96ca37ff03fd2a976e1bc61d5e634,2026-08-13
0,0.001,shuffled,5,,,persistence,C0_base,9,False,,True,300.0,0.0,,0.6166666666666667,0.015572878314898399,0.0,0.023893568076213813,,0.0,,0.0,0.35603040002752095,319a9f1fb845e79d9e3b8873be13b91804910bf473055956aac191a06e40026a,ffade1e556f07c3fa19d067cedf50b1bc4b96ca37ff03fd2a976e1bc61d5e634,2026-08-13
0,0.001,shuffled,5,,,persistence,C0_base,10,False,,True,290.0,0.0,,0.45517241379310347,0.015146780805942832,0.0,0.021144602832497687,,0.0,,0.0,0.3819303999771364,319a9f1fb845e79d9e3b8873be13b91804910bf473055956aac191a06e40026a,ffade1e556f07c3fa19d067cedf50b1bc4b96ca37ff03fd2a976e1bc61d5e634,2026-08-13
0,0.001,shuffled,5,,,persistence,C0_base,11,False,,True,290.0,0.0,,0.5206896551724138,0.015334545812836378,0.0,0.024343103388320964,,0.0,,0.0,0.3723747999756597,319a9f1fb845e79d9e3b8873be13b91804910bf473055956aac191a06e40026a,ffade1e556f07c3fa19d067cedf50b1bc4b96ca37ff03fd2a976e1bc61d5e634,2026-08-13
0,0.001,shuffled,5,,,persistence,C0_base,12,False,,True,285.0,0.0,,0.5017543859649123,0.01245801454916158,0.0,0.01903301115887587,,0.0,,0.0,0.3292597000254318,319a9f1fb845e79d9e3b8873be13b91804910bf473055956aac191a06e40026a,ffade1e556f07c3fa19d067cedf50b1bc4b96ca37ff03fd2a976e1bc61d5e634,2026-08-13
0,0.001,shuffled,5,,,persistence,C0_base,13,False,,True,300.0,0.0,,0.5366666666666666,0.01571186012465884,0.0,0.021815506375217016,,0.0,,0.0,0.31550210004206747,319a9f1fb845e79d9e3b8873be13b91804910bf473055956aac191a06e40026a,ffade1e556f07c3fa19d067cedf50b1bc4b96ca37ff03fd2a976e1bc61d5e634,2026-08-13
0,0.001,shuffled,5,,,persistence,C0_base,14,False,,True,295.0,0.0,,0.6542372881355932,0.013231498454506498,0.0,0.018867537952693633,,0.0,,0.0,0.3128446000046097,319a9f1fb845e79d9e3b8873be13b91804910bf473055956aac191a06e40026a,ffade1e556f07c3fa19d067cedf50b1bc4b96ca37ff03fd2a976e1bc61d5e634,2026-08-13
0,0.001,shuffled,5,,,persistence,C0_base,15,False,,True,285.0,0.0,,0.43508771929824563,0.014969856298418894,0.0,0.02201287110880513,,0.0,,0.0,0.3341784000513144,319a9f1fb845e79d9e3b8873be13b91804910bf473055956aac191a06e40026a,ffade1e556f07c3fa19d067cedf50b1bc4b96ca37ff03fd2a976e1bc61d5e634,2026-08-13
0,0.001,shuffled,5,,,persistence,C0_base,16,False,,True,290.0,0.0,,0.43103448275862066,0.01686021555162711,0.0,0.023475183472672058,,0.0,,0.0,0.3509044999955222,319a9f1fb845e79d9e3b8873be13b91804910bf473055956aac191a06e40026a,ffade1e556f07c3fa19d067cedf50b1bc4b96ca37ff03fd2a976e1bc61d5e634,2026-08-13
0,0.001,shuffled,5,,,persistence,C2_hybrid,1,False,,True,305.0,0.0,,0.5245901639344263,0.015559494047344745,0.0,0.023219178551910195,,0.0,,0.0,0.41617400001268834,843730afdc1b73213668053f53159944f652f114b40bf382e8935267acf7f784,581274b67e1d9990c58a51d3413847ec3364eb6a7267e23b145069a92c66fe9c,2026-08-13
0,0.001,shuffled,5,,,persistence,C2_hybrid,2,False,,True,295.0,0.0,,0.511864406779661,0.014470658791349376,0.0,0.020440099745279453,,0.0,,0.0,0.39959700003964826,843730afdc1b73213668053f53159944f652f114b40bf382e8935267acf7f784,581274b67e1d9990c58a51d3413847ec3364eb6a7267e23b145069a92c66fe9c,2026-08-13
0,0.001,shuffled,5,,,persistence,C2_hybrid,3,False,,True,290.0,0.0,,0.6103448275862069,0.014558223992917918,0.0,0.019866991969785537,,0.0,,0.0,0.3794849999831058,843730afdc1b73213668053f53159944f652f114b40bf382e8935267acf7f784,581274b67e1d9990c58a51d3413847ec3364eb6a7267e23b145069a92c66fe9c,2026-08-13
0,0.001,shuffled,5,,,persistence,C2_hybrid,4,False,,True,285.0,0.0,,0.49122807017543857,0.014263988393799254,0.0,0.019910238775384163,,0.0,,0.0,0.3780088999774307,843730afdc1b73213668053f53159944f652f114b40bf382e8935267acf7f784,581274b67e1d9990c58a51d3413847ec3364eb6a7267e23b145069a92c66fe9c,2026-08-13
0,0.001,shuffled,5,,,persistence,C2_hybrid,5,False,,True,305.0,0.0,,0.5737704918032787,0.015128021751254026,0.0,0.02202287257393987,,0.0,,0.0,0.44989760004682466,843730afdc1b73213668053f53159944f652f114b40bf382e8935267acf7f784,581274b67e1d9990c58a51d3413847ec3364eb6a7267e23b145069a92c66fe9c,2026-08-13
0,0.001,shuffled,5,,,persistence,C2_hybrid,6,False,,True,295.0,0.0,,0.6644067796610169,0.013915663970227468,0.0,0.019708608113774048,,0.0,,0.0,0.49191939999582246,843730afdc1b73213668053f53159944f652f114b40bf382e8935267acf7f784,581274b67e1d9990c58a51d3413847ec3364eb6a7267e23b145069a92c66fe9c,2026-08-13
0,0.001,shuffled,5,,,persistence,C2_hybrid,7,False,,True,290.0,0.0,,0.5655172413793104,0.014648828186752956,0.0,0.022550522966909937,,0.0,,0.0,0.37843209999846295,843730afdc1b73213668053f53159944f652f114b40bf382e8935267acf7f784,581274b67e1d9990c58a51d3413847ec3364eb6a7267e23b145069a92c66fe9c,2026-08-13
0,0.001,shuffled,5,,,persistence,C2_hybrid,8,False,,True,290.0,0.0,,0.5758620689655173,0.014995587790656913,0.0,0.021551423605984412,,0.0,,0.0,0.4516207999549806,843730afdc1b73213668053f53159944f652f114b40bf382e8935267acf7f784,581274b67e1d9990c58a51d3413847ec3364eb6a7267e23b145069a92c66fe9c,2026-08-13
0,0.001,shuffled,5,,,persistence,C2_hybrid,9,False,,True,300.0,0.0,,0.6166666666666667,0.015572878314898399,0.0,0.023893568076213813,,0.0,,0.0,0.33009550004499033,843730afdc1b73213668053f53159944f652f114b40bf382e8935267acf7f784,581274b67e1d9990c58a51d3413847ec3364eb6a7267e23b145069a92c66fe9c,2026-08-13
0,0.001,shuffled,5,,,persistence,C2_hybrid,10,False,,True,290.0,0.0,,0.45517241379310347,0.015146780805942832,0.0,0.021144602832497687,,0.0,,0.0,0.3334428999805823,843730afdc1b73213668053f53159944f652f114b40bf382e8935267acf7f784,581274b67e1d9990c58a51d3413847ec3364eb6a7267e23b145069a92c66fe9c,2026-08-13
0,0.001,shuffled,5,,,persistence,C2_hybrid,11,False,,True,290.0,0.0,,0.5206896551724138,0.015334545812836378,0.0,0.024343103388320964,,0.0,,0.0,0.34944900003029034,843730afdc1b73213668053f53159944f652f114b40bf382e8935267acf7f784,581274b67e1d9990c58a51d3413847ec3364eb6a7267e23b145069a92c66fe9c,2026-08-13
0,0.001,shuffled,5,,,persistence,C2_hybrid,12,False,,True,285.0,0.0,,0.5017543859649123,0.01245801454916158,0.0,0.01903301115887587,,0.0,,0.0,0.3484812999959104,843730afdc1b73213668053f53159944f652f114b40bf382e8935267acf7f784,581274b67e1d9990c58a51d3413847ec3364eb6a7267e23b145069a92c66fe9c,2026-08-13
0,0.001,shuffled,5,,,persistence,C2_hybrid,13,False,,True,300.0,0.0,,0.5366666666666666,0.01571186012465884,0.0,0.021815506375217016,,0.0,,0.0,0.35442089999560267,843730afdc1b73213668053f53159944f652f114b40bf382e8935267acf7f784,581274b67e1d9990c58a51d3413847ec3364eb6a7267e23b145069a92c66fe9c,2026-08-13
0,0.001,shuffled,5,,,persistence,C2_hybrid,14,False,,True,295.0,0.0,,0.6542372881355932,0.013231498454506498,0.0,0.018867537952693633,,0.0,,0.0,0.34434249997138977,843730afdc1b73213668053f53159944f652f114b40bf382e8935267acf7f784,581274b67e1d9990c58a51d3413847ec3364eb6a7267e23b145069a92c66fe9c,2026-08-13
0,0.001,shuffled,5,,,persistence,C2_hybrid,15,False,,True,285.0,0.0,,0.43508771929824563,0.014969856298418894,0.0,0.02201287110880513,,0.0,,0.0,0.3356688999920152,843730afdc1b73213668053f53159944f652f114b40bf382e8935267acf7f784,581274b67e1d9990c58a51d3413847ec3364eb6a7267e23b145069a92c66fe9c,2026-08-13
0,0.001,shuffled,5,,,persistence,C2_hybrid,16,False,,True,290.0,0.0,,0.43103448275862066,0.01686021555162711,0.0,0.023475183472672058,,0.0,,0.0,0.39469119999557734,843730afdc1b73213668053f53159944f652f114b40bf382e8935267acf7f784,581274b67e1d9990c58a51d3413847ec3364eb6a7267e23b145069a92c66fe9c,2026-08-13
0,0.001,shuffled,5,,,dlinear,C0_base,1,False,,False,305.0,17.0,0.5475409836065573,0.5245901639344263,0.0160223385691016,0.26816458404864996,0.0235206071791509,0.6329179379046055,0.0018853983668853935,0.20293455900139407,0.022150635345671743,1.0518714999780059,73b5fff25fde5192f1ef867c4500f5ce2014ebe93afcda61beb4130229ebd91b,234ab4993f9332b73848e536fef4969df9f91366e446e460df06a3c0b83f6160,2026-08-13
0,0.001,shuffled,5,,,dlinear,C0_base,2,False,,False,295.0,46.0,0.5627118644067797,0.511864406779661,0.014863241844492763,0.24421494373619332,0.020585038960842468,0.5878558364436021,-0.014707040213433387,-0.8740748589421252,0.03433790066892024,1.0544954999932088,73b5fff25fde5192f1ef867c4500f5ce2014ebe93afcda61beb4130229ebd91b,234ab4993f9332b73848e536fef4969df9f91366e446e460df06a3c0b83f6160,2026-08-13
0,0.001,shuffled,5,,,dlinear,C0_base,3,False,,False,290.0,6.0,0.5379310344827586,0.6103448275862069,0.014912829716449475,0.24329765548484877,0.020408703231864646,0.48717630794577294,0.01088852233220483,1.7236684582356498,0.011239507238741784,1.1727886000298895,73b5fff25fde5192f1ef867c4500f5ce2014ebe93afcda61beb4130229ebd91b,234ab4993f9332b73848e536fef4969df9f91366e446e460df06a3c0b83f6160,2026-08-13
0,0.001,shuffled,5,,,dlinear,C0_base,4,False,,False,285.0,10.0,0.5087719298245614,0.49122807017543857,0.015107834144403124,0.3151452472876639,0.020635728961545773,0.6335735898281653,-0.01850790587342499,-2.4854731448594567,0.02018271982615118,1.022430799959693,73b5fff25fde5192f1ef867c4500f5ce2014ebe93afcda61beb4130229ebd91b,234ab4993f9332b73848e536fef4969df9f91366e446e460df06a3c0b83f6160,2026-08-13
0,0.001,shuffled,5,,,dlinear,C0_base,5,False,,False,305.0,9.0,0.5081967213114754,0.5737704918032787,0.01563287158350375,0.28035840513381055,0.02236339763298148,0.6092413290086297,0.02468003457537926,3.9992922934016595,0.008006306390612736,1.0276760999695398,73b5fff25fde5192f1ef867c4500f5ce2014ebe93afcda61beb4130229ebd91b,234ab4993f9332b73848e536fef4969df9f91366e446e460df06a3c0b83f6160,2026-08-13
0,0.001,shuffled,5,,,dlinear,C0_base,6,False,,False,295.0,2.0,0.3694915254237288,0.6644067796610169,0.015172523909416707,0.35290730962775035,0.021203809665154217,0.7307057947576615,0.004894424752921234,,0.004154257948888698,1.0662264000275172,73b5fff25fde5192f1ef867c4500f5ce2014ebe93afcda61beb4130229ebd91b,234ab4993f9332b73848e536fef4969df9f91366e446e460df06a3c0b83f6160,2026-08-13
0,0.001,shuffled,5,,,dlinear,C0_base,7,False,,False,290.0,8.0,0.46206896551724136,0.5655172413793104,0.015818689225452858,0.3033195753992772,0.023660733207992325,0.5553961521627391,-0.018690997959032285,-2.9279407623234723,0.022349988975707898,0.9813574000145309,73b5fff25fde5192f1ef867c4500f5ce2014ebe93afcda61beb4130229ebd91b,234ab4993f9332b73848e536fef4969df9f91366e446e460df06a3c0b83f6160,2026-08-13
0,0.001,shuffled,5,,,dlinear,C0_base,8,False,,False,290.0,12.0,0.4896551724137931,0.5758620689655173,0.015223227036051272,0.2222743264577199,0.02200947345378312,0.5942891400867351,0.008560639491502542,1.0155396045631324,0.01307725499388849,1.0003094999701716,73b5fff25fde5192f1ef867c4500f5ce2014ebe93afcda61beb4130229ebd91b,234ab4993f9332b73848e536fef4969df9f91366e446e460df06a3c0b83f6160,2026-08-13
0,0.001,shuffled,5,,,dlinear,C0_base,9,False,,False,300.0,5.0,0.5266666666666666,0.6166666666666667,0.016367187444062604,0.255917989616426,0.024582851528342685,0.5416348992463048,-0.0067605158872915405,-1.161609183946404,0.012622588138358551,1.0106127000181004,73b5fff25fde5192f1ef867c4500f5ce2014ebe93afcda61beb4130229ebd91b,234ab4993f9332b73848e536fef4969df9f91366e446e460df06a3c0b83f6160,2026-08-13
0,0.001,shuffled,5,,,dlinear,C0_base,10,False,,False,290.0,19.0,0.47586206896551725,0.45517241379310347,0.015856952413651332,0.2263570995709025,0.021717531372052287,0.6407997407138125,0.009751432814274708,0.8301610094340729,0.014380405745193982,0.9683089000172913,73b5fff25fde5192f1ef867c4500f5ce2014ebe93afcda61beb4130229ebd91b,234ab4993f9332b73848e536fef4969df9f91366e446e460df06a3c0b83f6160,2026-08-13
0,0.001,shuffled,5,,,dlinear,C0_base,11,False,,False,290.0,21.0,0.5517241379310345,0.5206896551724138,0.015630740686707646,0.20504033450678047,0.024656857411410774,0.609436830029464,-0.02357095932939035,-2.519705295948066,0.025955885564124363,0.9607919999980368,73b5fff25fde5192f1ef867c4500f5ce2014ebe93afcda61beb4130229ebd91b,234ab4993f9332b73848e536fef4969df9f91366e446e460df06a3c0b83f6160,2026-08-13
0,0.001,shuffled,5,,,dlinear,C0_base,12,False,,False,285.0,10.0,0.5087719298245614,0.5017543859649123,0.013039222386105463,0.26966599882690656,0.019574925279130496,0.5790599227693775,0.017046775374389922,2.4023140144345474,0.012923503202227876,1.0345120999845676,73b5fff25fde5192f1ef867c4500f5ce2014ebe93afcda61beb4130229ebd91b,234ab4993f9332b73848e536fef4969df9f91366e446e460df06a3c0b83f6160,2026-08-13
0,0.001,shuffled,5,,,dlinear,C0_base,13,False,,False,300.0,8.0,0.52,0.5366666666666666,0.016167743795112585,0.19570669433143997,0.022340517545665177,0.5475431130217879,0.003089205876309231,0.5828901114539605,0.00978936078755521,1.011845600034576,73b5fff25fde5192f1ef867c4500f5ce2014ebe93afcda61beb4130229ebd91b,234ab4993f9332b73848e536fef4969df9f91366e446e460df06a3c0b83f6160,2026-08-13
0,0.001,shuffled,5,,,dlinear,C0_base,14,False,,False,295.0,7.0,0.5220338983050847,0.6542372881355932,0.013617356543480024,0.24766151755901486,0.019252740343514815,0.5379269502458077,-0.0033198391214804834,-0.48146496064416383,0.01598856284597502,1.0497324999887496,73b5fff25fde5192f1ef867c4500f5ce2014ebe93afcda61beb4130229ebd91b,234ab4993f9332b73848e536fef4969df9f91366e446e460df06a3c0b83f6160,2026-08-13
0,0.001,shuffled,5,,,dlinear,C0_base,15,False,,False,285.0,19.0,0.41403508771929826,0.43508771929824563,0.01638005364783238,0.279599593986272,0.023181081987759804,0.5000956419455398,-0.020239434268459866,-2.119305930059155,0.04490947097068107,1.032292999967467,73b5fff25fde5192f1ef867c4500f5ce2014ebe93afcda61beb4130229ebd91b,234ab4993f9332b73848e536fef4969df9f91366e446e460df06a3c0b83f6160,2026-08-13
0,0.001,shuffled,5,,,dlinear,C0_base,16,False,,True,290.0,0.0,0.5275862068965518,0.43103448275862066,0.01768523657149493,0.3333793352116645,0.024845071734178818,0.6819686966820285,0.0,,0.0,1.0508696000324562,73b5fff25fde5192f1ef867c4500f5ce2014ebe93afcda61beb4130229ebd91b,234ab4993f9332b73848e536fef4969df9f91366e446e460df06a3c0b83f6160,2026-08-13
0,0.001,shuffled,5,,,dlinear,C2_hybrid,1,False,,False,305.0,9.0,0.5540983606557377,0.5245901639344263,0.016520790291652064,0.36398598655386744,0.023851700624853533,0.3528952113896255,-0.02018395735116496,-3.241612076361876,0.027378193611972093,1.397647899982985,edf7f1c6bb3940fa6e5ad284bf7b59f27c88a1c36cb84e8f00434bfec29ef005,2c77bb9d9062decbe5c77fe0221a6b971d7ebf217d046c3e79cb893f7a8aaf7a,2026-08-13
0,0.001,shuffled,5,,,dlinear,C2_hybrid,2,False,,False,295.0,31.0,0.5186440677966102,0.511864406779661,0.015199830723719754,0.31319256293318937,0.020774405330996032,0.5563868692230862,0.019803578999032734,1.3826355417872869,0.03064773667554604,1.243282100011129,edf7f1c6bb3940fa6e5ad284bf7b59f27c88a1c36cb84e8f00434bfec29ef005,2c77bb9d9062decbe5c77fe0221a6b971d7ebf217d046c3e79cb893f7a8aaf7a,2026-08-13
0,0.001,shuffled,5,,,dlinear,C2_hybrid,3,False,,False,290.0,6.0,0.5310344827586206,0.6103448275862069,0.015580904098783772,0.3751729096170126,0.02116776658184649,0.2481786612592067,0.01251026712272374,2.5193779144725634,0.008582126448124984,1.6352705999743193,edf7f1c6bb3940fa6e5ad284bf7b59f27c88a1c36cb84e8f00434bfec29ef005,2c77bb9d9062decbe5c77fe0221a6b971d7ebf217d046c3e79cb893f7a8aaf7a,2026-08-13
0,0.001,shuffled,5,,,dlinear,C2_hybrid,4,False,,False,285.0,18.0,0.5368421052631579,0.49122807017543857,0.015421448400950336,0.3849092316254388,0.021021447930125416,0.6216467545028482,-0.022988274763531935,-2.2122184632063187,0.03472436799105402,1.1661317000398412,edf7f1c6bb3940fa6e5ad284bf7b59f27c88a1c36cb84e8f00434bfec29ef005,2c77bb9d9062decbe5c77fe0221a6b971d7ebf217d046c3e79cb893f7a8aaf7a,2026-08-13
0,0.001,shuffled,5,,,dlinear,C2_hybrid,5,False,,False,305.0,0.0,0.5344262295081967,0.5737704918032787,0.01566207578419104,0.32792573926072766,0.022521620380189684,0.5561310576120531,0.0,,0.0,1.1689091000007465,edf7f1c6bb3940fa6e5ad284bf7b59f27c88a1c36cb84e8f00434bfec29ef005,2c77bb9d9062decbe5c77fe0221a6b971d7ebf217d046c3e79cb893f7a8aaf7a,2026-08-13
0,0.001,shuffled,5,,,dlinear,C2_hybrid,6,False,,False,295.0,6.0,0.4406779661016949,0.6644067796610169,0.014983570379050553,0.3657328368007937,0.02089835776157714,0.48118270966020266,0.009950904288569928,1.8692230703784103,0.007234520625161244,1.2498564000125043,edf7f1c6bb3940fa6e5ad284bf7b59f27c88a1c36cb84e8f00434bfec29ef005,2c77bb9d9062decbe5c77fe0221a6b971d7ebf217d046c3e79cb893f7a8aaf7a,2026-08-13
0,0.001,shuffled,5,,,dlinear,C2_hybrid,7,False,,False,290.0,17.0,0.46551724137931033,0.5655172413793104,0.01618772728940059,0.3449697265240036,0.024012190374251244,0.4993052791035864,-0.015944687269549895,-1.8435298686706707,0.0313794778352091,1.2307097000302747,edf7f1c6bb3940fa6e5ad284bf7b59f27c88a1c36cb84e8f00434bfec29ef005,2c77bb9d9062decbe5c77fe0221a6b971d7ebf217d046c3e79cb893f7a8aaf7a,2026-08-13
0,0.001,shuffled,5,,,dlinear,C2_hybrid,8,False,,False,290.0,6.0,0.4896551724137931,0.5758620689655173,0.015562862851248348,0.3049410440373335,0.022427271649606197,0.5689904017683846,0.005292378279079246,0.8487725191282535,0.007300998548618227,1.1778805000358261,edf7f1c6bb3940fa6e5ad284bf7b59f27c88a1c36cb84e8f00434bfec29ef005,2c77bb9d9062decbe5c77fe0221a6b971d7ebf217d046c3e79cb893f7a8aaf7a,2026-08-13
0,0.001,shuffled,5,,,dlinear,C2_hybrid,9,False,,False,300.0,22.0,0.52,0.6166666666666667,0.016621093766056118,0.3120100078270085,0.024867875937432764,0.5306126213355599,0.022058166177195915,2.1279215550215196,0.007991572752135544,1.1949481000192463,edf7f1c6bb3940fa6e5ad284bf7b59f27c88a1c36cb84e8f00434bfec29ef005,2c77bb9d9062decbe5c77fe0221a6b971d7ebf217d046c3e79cb893f7a8aaf7a,2026-08-13
0,0.001,shuffled,5,,,dlinear,C2_hybrid,10,False,,False,290.0,12.0,0.4793103448275862,0.45517241379310347,0.016405792662588785,0.3132568434287647,0.022308009355325363,0.6297761518089667,-0.008520868255361136,-0.982903163468582,0.023852884129227016,1.1611426000017673,edf7f1c6bb3940fa6e5ad284bf7b59f27c88a1c36cb84e8f00434bfec29ef005,2c77bb9d9062decbe5c77fe0221a6b971d7ebf217d046c3e79cb893f7a8aaf7a,2026-08-13
0,0.001,shuffled,5,,,dlinear,C2_hybrid,11,False,,False,290.0,25.0,0.5689655172413793,0.5206896551724138,0.01583326962123625,0.32287749717467806,0.02520203627257955,0.4957338537601909,0.01865272148172581,1.6101549252337606,0.02080460939303731,1.355921100010164,edf7f1c6bb3940fa6e5ad284bf7b59f27c88a1c36cb84e8f00434bfec29ef005,2c77bb9d9062decbe5c77fe0221a6b971d7ebf217d046c3e79cb893f7a8aaf7a,2026-08-13
0,0.001,shuffled,5,,,dlinear,C2_hybrid,12,False,,False,285.0,10.0,0.4982456140350877,0.5017543859649123,0.013426687267868144,0.3635938362375498,0.019924210007471885,0.588330931115156,-0.005661017270266577,-0.863122180329324,0.01823136739783382,1.3660519000259228,edf7f1c6bb3940fa6e5ad284bf7b59f27c88a1c36cb84e8f00434bfec29ef005,2c77bb9d9062decbe5c77fe0221a6b971d7ebf217d046c3e79cb893f7a8aaf7a,2026-08-13
0,0.001,shuffled,5,,,dlinear,C2_hybrid,13,False,,False,300.0,13.0,0.5266666666666666,0.5366666666666666,0.016464905335931306,0.25659605856650464,0.022728494667821147,0.5441874078708047,-0.011492814088730818,-1.2759758880025487,0.021904735848231972,1.1516104000038467,edf7f1c6bb3940fa6e5ad284bf7b59f27c88a1c36cb84e8f00434bfec29ef005,2c77bb9d9062decbe5c77fe0221a6b971d7ebf217d046c3e79cb893f7a8aaf7a,2026-08-13
0,0.001,shuffled,5,,,dlinear,C2_hybrid,14,False,,False,295.0,15.0,0.5322033898305085,0.6542372881355932,0.013695873706722055,0.3067620144901029,0.01936663151725192,0.5262429734223195,0.036573430883067415,2.737705372824337,0.011012124396120105,1.2685121999820694,edf7f1c6bb3940fa6e5ad284bf7b59f27c88a1c36cb84e8f00434bfec29ef005,2c77bb9d9062decbe5c77fe0221a6b971d7ebf217d046c3e79cb893f7a8aaf7a,2026-08-13
0,0.001,shuffled,5,,,dlinear,C2_hybrid,15,False,,False,285.0,19.0,0.42105263157894735,0.43508771929824563,0.016777947329978237,0.3407776484729701,0.023439724731265356,0.46050183056344746,-0.024834342026105682,-2.483648433404828,0.04461967561287063,1.288425900042057,edf7f1c6bb3940fa6e5ad284bf7b59f27c88a1c36cb84e8f00434bfec29ef005,2c77bb9d9062decbe5c77fe0221a6b971d7ebf217d046c3e79cb893f7a8aaf7a,2026-08-13
0,0.001,shuffled,5,,,dlinear,C2_hybrid,16,False,,True,290.0,0.0,0.496551724137931,0.43103448275862066,0.01774356425261192,0.30667647490233524,0.02461043932453797,0.45958365002563767,0.0,,0.0,1.3252142000128515,edf7f1c6bb3940fa6e5ad284bf7b59f27c88a1c36cb84e8f00434bfec29ef005,2c77bb9d9062decbe5c77fe0221a6b971d7ebf217d046c3e79cb893f7a8aaf7a,2026-08-13
0,0.001,shuffled,5,24.0,0.041666666666666664,fits,C0_base,1,False,,True,305.0,0.0,0.43278688524590164,0.5245901639344263,0.01652548281531617,0.19507220294801045,0.023899677621552692,,0.0,,0.0,3.307123699982185,08e54c860d8d6ad2a4342af154ad75d5e2dd054ae51a63adc2da4ea9618cb691,8a4a9baab2ac877a0c9c3cb51e9ffed63a62ae53e4bfcea7ca22f16cb14d4eed,2026-08-13
0,0.001,shuffled,5,24.0,0.041666666666666664,fits,C0_base,2,False,,False,295.0,8.0,0.46779661016949153,0.511864406779661,0.014719146460973016,0.18823917510717617,0.020691094120278745,,-0.04072146402453147,-5.463293537815816,0.043916588119607435,3.0500374999828637,08e54c860d8d6ad2a4342af154ad75d5e2dd054ae51a63adc2da4ea9618cb691,8a4a9baab2ac877a0c9c3cb51e9ffed63a62ae53e4bfcea7ca22f16cb14d4eed,2026-08-13
0,0.001,shuffled,5,24.0,0.041666666666666664,fits,C0_base,3,False,,True,290.0,0.0,0.46551724137931033,0.6103448275862069,0.014702020134683741,0.18317740639228688,0.020217574299938,,0.0,,0.0,2.794798399962019,08e54c860d8d6ad2a4342af154ad75d5e2dd054ae51a63adc2da4ea9618cb691,8a4a9baab2ac877a0c9c3cb51e9ffed63a62ae53e4bfcea7ca22f16cb14d4eed,2026-08-13
0,0.001,shuffled,5,24.0,0.041666666666666664,fits,C0_base,4,False,,False,285.0,9.0,0.5263157894736842,0.49122807017543857,0.01443055593566962,0.17659991358424137,0.019798800503825806,,0.001932852232880089,0.28753568504202676,0.015942541433791275,2.5742902000201866,08e54c860d8d6ad2a4342af154ad75d5e2dd054ae51a63adc2da4ea9618cb691,8a4a9baab2ac877a0c9c3cb51e9ffed63a62ae53e4bfcea7ca22f16cb14d4eed,2026-08-13
0,0.001,shuffled,5,24.0,0.041666666666666664,fits,C0_base,5,False,,False,305.0,21.0,0.4918032786885246,0.5737704918032787,0.015218306532064073,0.16209515813298325,0.022148597604158375,,0.07826249511882266,5.463839490553538,0.00960010168451458,2.6623225000221282,08e54c860d8d6ad2a4342af154ad75d5e2dd054ae51a63adc2da4ea9618cb691,8a4a9baab2ac877a0c9c3cb51e9ffed63a62ae53e4bfcea7ca22f16cb14d4eed,2026-08-13
0,0.001,shuffled,5,24.0,0.041666666666666664,fits,C0_base,6,False,,False,295.0,27.0,0.6271186440677966,0.6644067796610169,0.014046501074212526,0.2003825399152703,0.01951964922444361,,0.07905726569767979,6.142934236068637,0.015311883662051922,4.092892899992876,08e54c860d8d6ad2a4342af154ad75d5e2dd054ae51a63adc2da4ea9618cb691,8a4a9baab2ac877a0c9c3cb51e9ffed63a62ae53e4bfcea7ca22f16cb14d4eed,2026-08-13
0,0.001,shuffled,5,24.0,0.041666666666666664,fits,C0_base,7,False,,False,290.0,32.0,0.4689655172413793,0.5655172413793104,0.015434056785471623,0.22985911742486542,0.02306674265801866,,0.04670395384408099,2.5196459820197057,0.012415820878557667,3.0080538000329398,08e54c860d8d6ad2a4342af154ad75d5e2dd054ae51a63adc2da4ea9618cb691,8a4a9baab2ac877a0c9c3cb51e9ffed63a62ae53e4bfcea7ca22f16cb14d4eed,2026-08-13
0,0.001,shuffled,5,24.0,0.041666666666666664,fits,C0_base,8,False,,False,290.0,24.0,0.5448275862068965,0.5758620689655173,0.015193173613811463,0.2177976385293971,0.021931779088143213,,0.0654873093938424,6.059620540360922,0.006793505301307997,2.469142700021621,08e54c860d8d6ad2a4342af154ad75d5e2dd054ae51a63adc2da4ea9618cb691,8a4a9baab2ac877a0c9c3cb51e9ffed63a62ae53e4bfcea7ca22f16cb14d4eed,2026-08-13
0,0.001,shuffled,5,24.0,0.041666666666666664,fits,C0_base,9,False,,False,300.0,26.0,0.5266666666666666,0.6166666666666667,0.015946584959393603,0.2230306206026461,0.024370482689642186,,0.01577981827179986,1.5293219286738475,0.016056897715370423,3.4628260999452323,08e54c860d8d6ad2a4342af154ad75d5e2dd054ae51a63adc2da4ea9618cb691,8a4a9baab2ac877a0c9c3cb51e9ffed63a62ae53e4bfcea7ca22f16cb14d4eed,2026-08-13
0,0.001,shuffled,5,24.0,0.041666666666666664,fits,C0_base,10,False,,False,290.0,20.0,0.45517241379310347,0.45517241379310347,0.015901946444021726,0.20934816037190446,0.02197536954850248,,-0.03947528466050698,-5.216742448080788,0.04189146155866794,2.9289478000137024,08e54c860d8d6ad2a4342af154ad75d5e2dd054ae51a63adc2da4ea9618cb691,8a4a9baab2ac877a0c9c3cb51e9ffed63a62ae53e4bfcea7ca22f16cb14d4eed,2026-08-13
0,0.001,shuffled,5,24.0,0.041666666666666664,fits,C0_base,11,False,,True,290.0,0.0,0.5517241379310345,0.5206896551724138,0.015345407155127885,0.19981397025422473,0.024464101441001387,,0.0,,0.0,3.396770599996671,08e54c860d8d6ad2a4342af154ad75d5e2dd054ae51a63adc2da4ea9618cb691,8a4a9baab2ac877a0c9c3cb51e9ffed63a62ae53e4bfcea7ca22f16cb14d4eed,2026-08-13
0,0.001,shuffled,5,24.0,0.041666666666666664,fits,C0_base,12,False,,False,285.0,10.0,0.49122807017543857,0.5017543859649123,0.012875478161595365,0.2518796803120687,0.01936329621230717,,0.0049122968694566005,0.8190244099823358,0.009965139231281245,2.5923879999900237,08e54c860d8d6ad2a4342af154ad75d5e2dd054ae51a63adc2da4ea9618cb691,8a4a9baab2ac877a0c9c3cb51e9ffed63a62ae53e4bfcea7ca22f16cb14d4eed,2026-08-13
0,0.001,shuffled,5,24.0,0.041666666666666664,fits,C0_base,13,False,,False,300.0,8.0,0.45666666666666667,0.5366666666666666,0.016236369147372073,0.20151030292094305,0.02239540592226408,,-0.006893501861146678,-1.263569487629168,0.019462588702569193,3.553766100027133,08e54c860d8d6ad2a4342af154ad75d5e2dd054ae51a63adc2da4ea9618cb691,8a4a9baab2ac877a0c9c3cb51e9ffed63a62ae53e4bfcea7ca22f16cb14d4eed,2026-08-13
0,0.001,shuffled,5,24.0,0.041666666666666664,fits,C0_base,14,False,,True,295.0,0.0,0.5050847457627119,0.6542372881355932,0.013637609986427553,0.22158989696712963,0.019351363958236424,,0.0,,0.0,3.356322200037539,08e54c860d8d6ad2a4342af154ad75d5e2dd054ae51a63adc2da4ea9618cb691,8a4a9baab2ac877a0c9c3cb51e9ffed63a62ae53e4bfcea7ca22f16cb14d4eed,2026-08-13
0,0.001,shuffled,5,24.0,0.041666666666666664,fits,C0_base,15,False,,False,285.0,25.0,0.5298245614035088,0.43508771929824563,0.015518010229201957,0.23459807777033617,0.022180501949891712,,0.005597710991657179,0.4912470571608941,0.038045833924439255,3.4304504999890924,08e54c860d8d6ad2a4342af154ad75d5e2dd054ae51a63adc2da4ea9618cb691,8a4a9baab2ac877a0c9c3cb51e9ffed63a62ae53e4bfcea7ca22f16cb14d4eed,2026-08-13
0,0.001,shuffled,5,24.0,0.041666666666666664,fits,C0_base,16,False,,True,290.0,0.0,0.5206896551724138,0.43103448275862066,0.01732784262180725,0.24290905583076075,0.024062897627788005,,0.0,,0.0,3.239251699997112,08e54c860d8d6ad2a4342af154ad75d5e2dd054ae51a63adc2da4ea9618cb691,8a4a9baab2ac877a0c9c3cb51e9ffed63a62ae53e4bfcea7ca22f16cb14d4eed,2026-08-13
0,0.001,shuffled,5,24.0,0.041666666666666664,fits,C2_hybrid,-1,True,"deliberately empty (spec 6.4): FITS is univariate and filters frequencies itself, so pre-filtered wavelet bands are redundant",,,,,,,,,,,,,,33eff891f66efe33e5a8551d81ed6b97736438467316f4b170a9ce34626c808a,4188297e3590dcf6b30666bc81bfd0edb2fe976c3ccca70fa49c193bb06401ad,2026-08-13
0,0.001,noise,5,,,buy_and_hold,,1,False,,False,305.0,0.0,0.4721311475409836,0.4721311475409836,,,,,0.003436944872071912,0.1705727790835811,0.0954038536072301,0.07274109998252243,73b5fff25fde5192f1ef867c4500f5ce2014ebe93afcda61beb4130229ebd91b,234ab4993f9332b73848e536fef4969df9f91366e446e460df06a3c0b83f6160,2026-08-13
0,0.001,noise,5,,,buy_and_hold,,2,False,,False,295.0,0.0,0.5254237288135594,0.5254237288135594,,,,,0.04712114800666556,1.3852530167285018,0.04143561045512615,0.07132740004453808,73b5fff25fde5192f1ef867c4500f5ce2014ebe93afcda61beb4130229ebd91b,234ab4993f9332b73848e536fef4969df9f91366e446e460df06a3c0b83f6160,2026-08-13
0,0.001,noise,5,,,buy_and_hold,,3,False,,False,290.0,0.0,0.5862068965517241,0.5862068965517241,,,,,0.14312698828774462,3.797020487618931,0.03222695816800772,0.0686126000364311,73b5fff25fde5192f1ef867c4500f5ce2014ebe93afcda61beb4130229ebd91b,234ab4993f9332b73848e536fef4969df9f91366e446e460df06a3c0b83f6160,2026-08-13
0,0.001,noise,5,,,buy_and_hold,,4,False,,False,285.0,0.0,0.5473684210526316,0.5473684210526316,,,,,0.1175720669833138,2.713744343264779,0.0691788110025767,0.07790889998432249,73b5fff25fde5192f1ef867c4500f5ce2014ebe93afcda61beb4130229ebd91b,234ab4993f9332b73848e536fef4969df9f91366e446e460df06a3c0b83f6160,2026-08-13
0,0.001,noise,5,,,buy_and_hold,,5,False,,False,305.0,0.0,0.45901639344262296,0.45901639344262296,,,,,-0.01748918175259051,-0.4080788793458667,0.0872587156633143,0.06952499999897555,73b5fff25fde5192f1ef867c4500f5ce2014ebe93afcda61beb4130229ebd91b,234ab4993f9332b73848e536fef4969df9f91366e446e460df06a3c0b83f6160,2026-08-13
0,0.001,noise,5,,,buy_and_hold,,6,False,,False,295.0,0.0,0.4847457627118644,0.4847457627118644,,,,,-0.036444712161190274,-1.0117336947094915,0.10381931617152551,0.06882990000303835,73b5fff25fde5192f1ef867c4500f5ce2014ebe93afcda61beb4130229ebd91b,234ab4993f9332b73848e536fef4969df9f91366e446e460df06a3c0b83f6160,2026-08-13
0,0.001,noise,5,,,buy_and_hold,,7,False,,False,290.0,0.0,0.45517241379310347,0.45517241379310347,,,,,-0.03823642519891768,-1.1462920830959218,0.05222412686578254,0.0676555999671109,73b5fff25fde5192f1ef867c4500f5ce2014ebe93afcda61beb4130229ebd91b,234ab4993f9332b73848e536fef4969df9f91366e446e460df06a3c0b83f6160,2026-08-13
0,0.001,noise,5,,,buy_and_hold,,8,False,,False,290.0,0.0,0.5241379310344828,0.5241379310344828,,,,,0.03796504862187455,1.1480901305841358,0.05442269684327797,0.07082900003297254,73b5fff25fde5192f1ef867c4500f5ce2014ebe93afcda61beb4130229ebd91b,234ab4993f9332b73848e536fef4969df9f91366e446e460df06a3c0b83f6160,2026-08-13
0,0.001,noise,5,,,buy_and_hold,,9,False,,False,300.0,0.0,0.48333333333333334,0.48333333333333334,,,,,-0.050085843361550975,-1.2930553934390674,0.07845362291731782,0.0697589999763295,73b5fff25fde5192f1ef867c4500f5ce2014ebe93afcda61beb4130229ebd91b,234ab4993f9332b73848e536fef4969df9f91366e446e460df06a3c0b83f6160,2026-08-13
0,0.001,noise,5,,,buy_and_hold,,10,False,,False,290.0,0.0,0.4896551724137931,0.4896551724137931,,,,,0.042212384850095486,1.1976005637577944,0.06752489522372508,0.0687859000172466,73b5fff25fde5192f1ef867c4500f5ce2014ebe93afcda61beb4130229ebd91b,234ab4993f9332b73848e536fef4969df9f91366e446e460df06a3c0b83f6160,2026-08-13
0,0.001,noise,5,,,buy_and_hold,,11,False,,False,290.0,0.0,0.5758620689655173,0.5758620689655173,,,,,0.0667809304705771,1.6524091446947486,0.048241461438076096,0.07828250003512949,73b5fff25fde5192f1ef867c4500f5ce2014ebe93afcda61beb4130229ebd91b,234ab4993f9332b73848e536fef4969df9f91366e446e460df06a3c0b83f6160,2026-08-13
0,0.001,noise,5,,,buy_and_hold,,12,False,,False,285.0,0.0,0.47017543859649125,0.47017543859649125,,,,,-0.09847761881916695,-2.1908603685629924,0.15565970592370199,0.07422319997567683,73b5fff25fde5192f1ef867c4500f5ce2014ebe93afcda61beb4130229ebd91b,234ab4993f9332b73848e536fef4969df9f91366e446e460df06a3c0b83f6160,2026-08-13
0,0.001,noise,5,,,buy_and_hold,,13,False,,False,300.0,0.0,0.5,0.5,,,,,0.04284349571491752,1.2333885739752828,0.041985424330288505,0.07019649998983368,73b5fff25fde5192f1ef867c4500f5ce2014ebe93afcda61beb4130229ebd91b,234ab4993f9332b73848e536fef4969df9f91366e446e460df06a3c0b83f6160,2026-08-13
0,0.001,noise,5,,,buy_and_hold,,14,False,,False,295.0,0.0,0.535593220338983,0.535593220338983,,,,,0.05757250359536226,1.5966247733748984,0.043644409744959756,0.07506770000327379,73b5fff25fde5192f1ef867c4500f5ce2014ebe93afcda61beb4130229ebd91b,234ab4993f9332b73848e536fef4969df9f91366e446e460df06a3c0b83f6160,2026-08-13
0,0.001,noise,5,,,buy_and_hold,,15,False,,False,285.0,0.0,0.4456140350877193,0.4456140350877193,,,,,-0.05166185896357822,-1.4656149766574835,0.09191141443825517,0.070567500020843,73b5fff25fde5192f1ef867c4500f5ce2014ebe93afcda61beb4130229ebd91b,234ab4993f9332b73848e536fef4969df9f91366e446e460df06a3c0b83f6160,2026-08-13
0,0.001,noise,5,,,buy_and_hold,,16,False,,False,290.0,0.0,0.5482758620689655,0.5482758620689655,,,,,0.09070086738206151,2.3087487341678403,0.05427541252391011,0.07068579999031499,73b5fff25fde5192f1ef867c4500f5ce2014ebe93afcda61beb4130229ebd91b,234ab4993f9332b73848e536fef4969df9f91366e446e460df06a3c0b83f6160,2026-08-13
0,0.001,noise,5,,,persistence,C0_base,1,False,,True,305.0,0.0,,0.4721311475409836,0.01580572165559608,0.0,0.02052294977602217,,0.0,,0.0,0.33782289997907355,319a9f1fb845e79d9e3b8873be13b91804910bf473055956aac191a06e40026a,ffade1e556f07c3fa19d067cedf50b1bc4b96ca37ff03fd2a976e1bc61d5e634,2026-08-13
0,0.001,noise,5,,,persistence,C0_base,2,False,,True,295.0,0.0,,0.5254237288135594,0.016999112574381522,0.0,0.021671927087111357,,0.0,,0.0,0.2846006999607198,319a9f1fb845e79d9e3b8873be13b91804910bf473055956aac191a06e40026a,ffade1e556f07c3fa19d067cedf50b1bc4b96ca37ff03fd2a976e1bc61d5e634,2026-08-13
0,0.001,noise,5,,,persistence,C0_base,3,False,,True,290.0,0.0,,0.5862068965517241,0.017213094875576332,0.0,0.021858679275573646,,0.0,,0.0,0.30598710000049323,319a9f1fb845e79d9e3b8873be13b91804910bf473055956aac191a06e40026a,ffade1e556f07c3fa19d067cedf50b1bc4b96ca37ff03fd2a976e1bc61d5e634,2026-08-13
0,0.001,noise,5,,,persistence,C0_base,4,False,,True,285.0,0.0,,0.5473684210526316,0.018925871209228902,0.0,0.024762274150158824,,0.0,,0.0,0.324913699994795,319a9f1fb845e79d9e3b8873be13b91804910bf473055956aac191a06e40026a,ffade1e556f07c3fa19d067cedf50b1bc4b96ca37ff03fd2a976e1bc61d5e634,2026-08-13
0,0.001,noise,5,,,persistence,C0_base,5,False,,True,305.0,0.0,,0.45901639344262296,0.017216465306429816,0.0,0.02181307378976382,,0.0,,0.0,0.33204040001146495,319a9f1fb845e79d9e3b8873be13b91804910bf473055956aac191a06e40026a,ffade1e556f07c3fa19d067cedf50b1bc4b96ca37ff03fd2a976e1bc61d5e634,2026-08-13
0,0.001,noise,5,,,persistence,C0_base,6,False,,True,295.0,0.0,,0.4847457627118644,0.017697022975739368,0.0,0.02306573575595244,,0.0,,0.0,0.2948894000146538,319a9f1fb845e79d9e3b8873be13b91804910bf473055956aac191a06e40026a,ffade1e556f07c3fa19d067cedf50b1bc4b96ca37ff03fd2a976e1bc61d5e634,2026-08-13
0,0.001,noise,5,,,persistence,C0_base,7,False,,True,290.0,0.0,,0.45517241379310347,0.017099718914641092,0.0,0.021971610437691476,,0.0,,0.0,0.2898899999563582,319a9f1fb845e79d9e3b8873be13b91804910bf473055956aac191a06e40026a,ffade1e556f07c3fa19d067cedf50b1bc4b96ca37ff03fd2a976e1bc61d5e634,2026-08-13
0,0.001,noise,5,,,persistence,C0_base,8,False,,True,290.0,0.0,,0.5241379310344828,0.018451340999837557,0.0,0.023787608806070386,,0.0,,0.0,0.28839120001066476,319a9f1fb845e79d9e3b8873be13b91804910bf473055956aac191a06e40026a,ffade1e556f07c3fa19d067cedf50b1bc4b96ca37ff03fd2a976e1bc61d5e634,2026-08-13
0,0.001,noise,5,,,persistence,C0_base,9,False,,True,300.0,0.0,,0.48333333333333334,0.01770255459728413,0.0,0.023325060653128962,,0.0,,0.0,0.28706340002827346,319a9f1fb845e79d9e3b8873be13b91804910bf473055956aac191a06e40026a,ffade1e556f07c3fa19d067cedf50b1bc4b96ca37ff03fd2a976e1bc61d5e634,2026-08-13
0,0.001,noise,5,,,persistence,C0_base,10,False,,True,290.0,0.0,,0.4896551724137931,0.017157946499517553,0.0,0.021441870321008995,,0.0,,0.0,0.2991520999930799,319a9f1fb845e79d9e3b8873be13b91804910bf473055956aac191a06e40026a,ffade1e556f07c3fa19d067cedf50b1bc4b96ca37ff03fd2a976e1bc61d5e634,2026-08-13
0,0.001,noise,5,,,persistence,C0_base,11,False,,True,290.0,0.0,,0.5758620689655173,0.01849176187820886,0.0,0.023703849354886314,,0.0,,0.0,0.2876813000184484,319a9f1fb845e79d9e3b8873be13b91804910bf473055956aac191a06e40026a,ffade1e556f07c3fa19d067cedf50b1bc4b96ca37ff03fd2a976e1bc61d5e634,2026-08-13
0,0.001,noise,5,,,persistence,C0_base,12,False,,True,285.0,0.0,,0.47017543859649125,0.01690669208854824,0.0,0.021804301510819014,,0.0,,0.0,0.33369240001775324,319a9f1fb845e79d9e3b8873be13b91804910bf473055956aac191a06e40026a,ffade1e556f07c3fa19d067cedf50b1bc4b96ca37ff03fd2a976e1bc61d5e634,2026-08-13
0,0.001,noise,5,,,persistence,C0_base,13,False,,True,300.0,0.0,,0.5,0.017174215710153137,0.0,0.022007481307976067,,0.0,,0.0,0.3594238000223413,319a9f1fb845e79d9e3b8873be13b91804910bf473055956aac191a06e40026a,ffade1e556f07c3fa19d067cedf50b1bc4b96ca37ff03fd2a976e1bc61d5e634,2026-08-13
0,0.001,noise,5,,,persistence,C0_base,14,False,,True,295.0,0.0,,0.535593220338983,0.01710869896068841,0.0,0.022206472888423114,,0.0,,0.0,0.3452492000069469,319a9f1fb845e79d9e3b8873be13b91804910bf473055956aac191a06e40026a,ffade1e556f07c3fa19d067cedf50b1bc4b96ca37ff03fd2a976e1bc61d5e634,2026-08-13
0,0.001,noise,5,,,persistence,C0_base,15,False,,True,285.0,0.0,,0.4456140350877193,0.017146285973339014,0.0,0.022984847804189683,,0.0,,0.0,0.354662699974142,319a9f1fb845e79d9e3b8873be13b91804910bf473055956aac191a06e40026a,ffade1e556f07c3fa19d067cedf50b1bc4b96ca37ff03fd2a976e1bc61d5e634,2026-08-13
0,0.001,noise,5,,,persistence,C0_base,16,False,,True,290.0,0.0,,0.5482758620689655,0.016946669257887813,0.0,0.021440026036283307,,0.0,,0.0,0.4189376999856904,319a9f1fb845e79d9e3b8873be13b91804910bf473055956aac191a06e40026a,ffade1e556f07c3fa19d067cedf50b1bc4b96ca37ff03fd2a976e1bc61d5e634,2026-08-13
0,0.001,noise,5,,,persistence,C2_hybrid,1,False,,True,305.0,0.0,,0.4721311475409836,0.01580572165559608,0.0,0.02052294977602217,,0.0,,0.0,0.40636290004476905,843730afdc1b73213668053f53159944f652f114b40bf382e8935267acf7f784,581274b67e1d9990c58a51d3413847ec3364eb6a7267e23b145069a92c66fe9c,2026-08-13
0,0.001,noise,5,,,persistence,C2_hybrid,2,False,,True,295.0,0.0,,0.5254237288135594,0.016999112574381522,0.0,0.021671927087111357,,0.0,,0.0,0.40133219998097047,843730afdc1b73213668053f53159944f652f114b40bf382e8935267acf7f784,581274b67e1d9990c58a51d3413847ec3364eb6a7267e23b145069a92c66fe9c,2026-08-13
0,0.001,noise,5,,,persistence,C2_hybrid,3,False,,True,290.0,0.0,,0.5862068965517241,0.017213094875576332,0.0,0.021858679275573646,,0.0,,0.0,0.4193729999824427,843730afdc1b73213668053f53159944f652f114b40bf382e8935267acf7f784,581274b67e1d9990c58a51d3413847ec3364eb6a7267e23b145069a92c66fe9c,2026-08-13
0,0.001,noise,5,,,persistence,C2_hybrid,4,False,,True,285.0,0.0,,0.5473684210526316,0.018925871209228902,0.0,0.024762274150158824,,0.0,,0.0,0.3978029999998398,843730afdc1b73213668053f53159944f652f114b40bf382e8935267acf7f784,581274b67e1d9990c58a51d3413847ec3364eb6a7267e23b145069a92c66fe9c,2026-08-13
0,0.001,noise,5,,,persistence,C2_hybrid,5,False,,True,305.0,0.0,,0.45901639344262296,0.017216465306429816,0.0,0.02181307378976382,,0.0,,0.0,0.4058974999934435,843730afdc1b73213668053f53159944f652f114b40bf382e8935267acf7f784,581274b67e1d9990c58a51d3413847ec3364eb6a7267e23b145069a92c66fe9c,2026-08-13
0,0.001,noise,5,,,persistence,C2_hybrid,6,False,,True,295.0,0.0,,0.4847457627118644,0.017697022975739368,0.0,0.02306573575595244,,0.0,,0.0,0.4173481999896467,843730afdc1b73213668053f53159944f652f114b40bf382e8935267acf7f784,581274b67e1d9990c58a51d3413847ec3364eb6a7267e23b145069a92c66fe9c,2026-08-13
0,0.001,noise,5,,,persistence,C2_hybrid,7,False,,True,290.0,0.0,,0.45517241379310347,0.017099718914641092,0.0,0.021971610437691476,,0.0,,0.0,0.41699319996405393,843730afdc1b73213668053f53159944f652f114b40bf382e8935267acf7f784,581274b67e1d9990c58a51d3413847ec3364eb6a7267e23b145069a92c66fe9c,2026-08-13
0,0.001,noise,5,,,persistence,C2_hybrid,8,False,,True,290.0,0.0,,0.5241379310344828,0.018451340999837557,0.0,0.023787608806070386,,0.0,,0.0,0.47984520002501085,843730afdc1b73213668053f53159944f652f114b40bf382e8935267acf7f784,581274b67e1d9990c58a51d3413847ec3364eb6a7267e23b145069a92c66fe9c,2026-08-13
0,0.001,noise,5,,,persistence,C2_hybrid,9,False,,True,300.0,0.0,,0.48333333333333334,0.01770255459728413,0.0,0.023325060653128962,,0.0,,0.0,0.4066579000209458,843730afdc1b73213668053f53159944f652f114b40bf382e8935267acf7f784,581274b67e1d9990c58a51d3413847ec3364eb6a7267e23b145069a92c66fe9c,2026-08-13
0,0.001,noise,5,,,persistence,C2_hybrid,10,False,,True,290.0,0.0,,0.4896551724137931,0.017157946499517553,0.0,0.021441870321008995,,0.0,,0.0,0.4126745000248775,843730afdc1b73213668053f53159944f652f114b40bf382e8935267acf7f784,581274b67e1d9990c58a51d3413847ec3364eb6a7267e23b145069a92c66fe9c,2026-08-13
0,0.001,noise,5,,,persistence,C2_hybrid,11,False,,True,290.0,0.0,,0.5758620689655173,0.01849176187820886,0.0,0.023703849354886314,,0.0,,0.0,0.4088981000240892,843730afdc1b73213668053f53159944f652f114b40bf382e8935267acf7f784,581274b67e1d9990c58a51d3413847ec3364eb6a7267e23b145069a92c66fe9c,2026-08-13
0,0.001,noise,5,,,persistence,C2_hybrid,12,False,,True,285.0,0.0,,0.47017543859649125,0.01690669208854824,0.0,0.021804301510819014,,0.0,,0.0,0.41044390003662556,843730afdc1b73213668053f53159944f652f114b40bf382e8935267acf7f784,581274b67e1d9990c58a51d3413847ec3364eb6a7267e23b145069a92c66fe9c,2026-08-13
0,0.001,noise,5,,,persistence,C2_hybrid,13,False,,True,300.0,0.0,,0.5,0.017174215710153137,0.0,0.022007481307976067,,0.0,,0.0,0.471472300007008,843730afdc1b73213668053f53159944f652f114b40bf382e8935267acf7f784,581274b67e1d9990c58a51d3413847ec3364eb6a7267e23b145069a92c66fe9c,2026-08-13
0,0.001,noise,5,,,persistence,C2_hybrid,14,False,,True,295.0,0.0,,0.535593220338983,0.01710869896068841,0.0,0.022206472888423114,,0.0,,0.0,0.47766600002069026,843730afdc1b73213668053f53159944f652f114b40bf382e8935267acf7f784,581274b67e1d9990c58a51d3413847ec3364eb6a7267e23b145069a92c66fe9c,2026-08-13
0,0.001,noise,5,,,persistence,C2_hybrid,15,False,,True,285.0,0.0,,0.4456140350877193,0.017146285973339014,0.0,0.022984847804189683,,0.0,,0.0,0.4288403000100516,843730afdc1b73213668053f53159944f652f114b40bf382e8935267acf7f784,581274b67e1d9990c58a51d3413847ec3364eb6a7267e23b145069a92c66fe9c,2026-08-13
0,0.001,noise,5,,,persistence,C2_hybrid,16,False,,True,290.0,0.0,,0.5482758620689655,0.016946669257887813,0.0,0.021440026036283307,,0.0,,0.0,0.433445600036066,843730afdc1b73213668053f53159944f652f114b40bf382e8935267acf7f784,581274b67e1d9990c58a51d3413847ec3364eb6a7267e23b145069a92c66fe9c,2026-08-13
0,0.001,noise,5,,,dlinear,C0_base,1,False,,True,305.0,0.0,0.45901639344262296,0.4721311475409836,0.01636629015517156,0.24146372374454972,0.021097819993667267,0.611574792210022,0.0,,0.0,1.4267953999806195,73b5fff25fde5192f1ef867c4500f5ce2014ebe93afcda61beb4130229ebd91b,234ab4993f9332b73848e536fef4969df9f91366e446e460df06a3c0b83f6160,2026-08-13
0,0.001,noise,5,,,dlinear,C0_base,2,False,,False,295.0,7.0,0.5796610169491525,0.5254237288135594,0.017493704065823016,0.2269475168270759,0.022311667982162213,0.659370819925288,-0.006137578101616525,-0.8581832903768838,0.011370687296526684,1.2932747000013478,73b5fff25fde5192f1ef867c4500f5ce2014ebe93afcda61beb4130229ebd91b,234ab4993f9332b73848e536fef4969df9f91366e446e460df06a3c0b83f6160,2026-08-13
0,0.001,noise,5,,,dlinear,C0_base,3,False,,False,290.0,5.0,0.4482758620689655,0.5862068965517241,0.017362684302323867,0.21510698067441256,0.02214214660412627,0.6261592840187518,0.02740053418375643,4.004175219456298,0.008420969135754453,1.4195443000062369,73b5fff25fde5192f1ef867c4500f5ce2014ebe93afcda61beb4130229ebd91b,234ab4993f9332b73848e536fef4969df9f91366e446e460df06a3c0b83f6160,2026-08-13
0,0.001,noise,5,,,dlinear,C0_base,4,False,,False,285.0,12.0,0.47719298245614034,0.5473684210526316,0.019561056403607516,0.2072903444705771,0.025517222946054716,0.5529188745717729,-0.008562561749773545,-1.0709780991562954,0.02230981764112047,1.4333690999774262,73b5fff25fde5192f1ef867c4500f5ce2014ebe93afcda61beb4130229ebd91b,234ab4993f9332b73848e536fef4969df9f91366e446e460df06a3c0b83f6160,2026-08-13
0,0.001,noise,5,,,dlinear,C0_base,5,False,,False,305.0,20.0,0.5049180327868853,0.45901639344262296,0.01742228971675125,0.22223242523286507,0.02215236744710999,0.5739466995870813,-0.022694243607443543,-2.0612772393605345,0.027076679657926733,1.4125409999978729,73b5fff25fde5192f1ef867c4500f5ce2014ebe93afcda61beb4130229ebd91b,234ab4993f9332b73848e536fef4969df9f91366e446e460df06a3c0b83f6160,2026-08-13
0,0.001,noise,5,,,dlinear,C0_base,6,False,,False,295.0,1.0,0.488135593220339,0.4847457627118644,0.018045832367982892,0.22091711242082232,0.023682996727538583,0.6374068154342076,0.005937012717452728,,0.004056815011727073,1.2895990000106394,73b5fff25fde5192f1ef867c4500f5ce2014ebe93afcda61beb4130229ebd91b,234ab4993f9332b73848e536fef4969df9f91366e446e460df06a3c0b83f6160,2026-08-13
0,0.001,noise,5,,,dlinear,C0_base,7,False,,False,290.0,19.0,0.49310344827586206,0.45517241379310347,0.01740346842672183,0.21470127582620083,0.022448255428965856,0.5997192979037865,-0.022668196848779965,-2.114135819178677,0.03210899958954255,1.4063974000164308,73b5fff25fde5192f1ef867c4500f5ce2014ebe93afcda61beb4130229ebd91b,234ab4993f9332b73848e536fef4969df9f91366e446e460df06a3c0b83f6160,2026-08-13
0,0.001,noise,5,,,dlinear,C0_base,8,False,,False,290.0,10.0,0.503448275862069,0.5241379310344828,0.01888473472560586,0.19418188500322395,0.024402846757893587,0.5674153557497528,-0.011544795037901179,-1.8007416012450452,0.014487549632359733,1.2539355999906547,73b5fff25fde5192f1ef867c4500f5ce2014ebe93afcda61beb4130229ebd91b,234ab4993f9332b73848e536fef4969df9f91366e446e460df06a3c0b83f6160,2026-08-13
0,0.001,noise,5,,,dlinear,C0_base,9,False,,False,300.0,6.0,0.53,0.48333333333333334,0.018082990559256454,0.2012100631452861,0.023784065348662457,0.5777263562888583,-0.011840960205095508,-2.347051212285731,0.019013242933394212,1.2409304000320844,73b5fff25fde5192f1ef867c4500f5ce2014ebe93afcda61beb4130229ebd91b,234ab4993f9332b73848e536fef4969df9f91366e446e460df06a3c0b83f6160,2026-08-13
0,0.001,noise,5,,,dlinear,C0_base,10,False,,False,290.0,20.0,0.47586206896551725,0.4896551724137931,0.017589722632306373,0.24165058803656117,0.022083565510431922,0.6097083911596457,-0.005955022817472955,-0.5380059246017072,0.021867785636399933,1.2119583999738097,73b5fff25fde5192f1ef867c4500f5ce2014ebe93afcda61beb4130229ebd91b,234ab4993f9332b73848e536fef4969df9f91366e446e460df06a3c0b83f6160,2026-08-13
0,0.001,noise,5,,,dlinear,C0_base,11,False,,False,290.0,4.0,0.5172413793103449,0.5758620689655173,0.01863852066952656,0.17577418086674884,0.024053506202466095,0.6074910298110898,0.007380378858796055,,0.0062855515742967156,1.3654481999692507,73b5fff25fde5192f1ef867c4500f5ce2014ebe93afcda61beb4130229ebd91b,234ab4993f9332b73848e536fef4969df9f91366e446e460df06a3c0b83f6160,2026-08-13
0,0.001,noise,5,,,dlinear,C0_base,12,False,,False,285.0,27.0,0.512280701754386,0.47017543859649125,0.01700514618342288,0.2109069956334256,0.021963473644792182,0.5903232899136494,-0.004697956735188691,-0.406171232165215,0.023938737964501224,1.2530439000111073,73b5fff25fde5192f1ef867c4500f5ce2014ebe93afcda61beb4130229ebd91b,234ab4993f9332b73848e536fef4969df9f91366e446e460df06a3c0b83f6160,2026-08-13
0,0.001,noise,5,,,dlinear,C0_base,13,False,,False,300.0,3.0,0.5066666666666667,0.5,0.017557090784428898,0.23635833553699792,0.02246427258544896,0.6424600692212573,-0.0058260160527622284,,0.009238084221596025,1.2357118999934755,73b5fff25fde5192f1ef867c4500f5ce2014ebe93afcda61beb4130229ebd91b,234ab4993f9332b73848e536fef4969df9f91366e446e460df06a3c0b83f6160,2026-08-13
0,0.001,noise,5,,,dlinear,C0_base,14,False,,False,295.0,19.0,0.48135593220338985,0.535593220338983,0.017728486637265256,0.28298355552935905,0.02302443159175481,0.5146989421648249,0.020290969210865484,1.5243921945065941,0.012441741806864063,1.367479300010018,73b5fff25fde5192f1ef867c4500f5ce2014ebe93afcda61beb4130229ebd91b,234ab4993f9332b73848e536fef4969df9f91366e446e460df06a3c0b83f6160,2026-08-13
0,0.001,noise,5,,,dlinear,C0_base,15,False,,False,285.0,15.0,0.5087719298245614,0.4456140350877193,0.01769895722552644,0.32486931817250375,0.023861729244897035,0.28854504341337806,0.0010333619302658192,0.13286211486371707,0.013596729663896112,1.9376852000132203,73b5fff25fde5192f1ef867c4500f5ce2014ebe93afcda61beb4130229ebd91b,234ab4993f9332b73848e536fef4969df9f91366e446e460df06a3c0b83f6160,2026-08-13
0,0.001,noise,5,,,dlinear,C0_base,16,False,,True,290.0,0.0,0.5241379310344828,0.5482758620689655,0.01727959573188076,0.21916021914057102,0.02192949928023531,0.5890505773739225,0.0,,0.0,1.2296435000025667,73b5fff25fde5192f1ef867c4500f5ce2014ebe93afcda61beb4130229ebd91b,234ab4993f9332b73848e536fef4969df9f91366e446e460df06a3c0b83f6160,2026-08-13
0,0.001,noise,5,,,dlinear,C2_hybrid,1,False,,False,305.0,7.0,0.4524590163934426,0.4721311475409836,0.016712701741821708,0.3078143241270629,0.021476345662305826,0.582463889034607,-0.004323125026309604,-0.7642542242775272,0.012490838988681773,1.6903771000215784,edf7f1c6bb3940fa6e5ad284bf7b59f27c88a1c36cb84e8f00434bfec29ef005,2c77bb9d9062decbe5c77fe0221a6b971d7ebf217d046c3e79cb893f7a8aaf7a,2026-08-13
0,0.001,noise,5,,,dlinear,C2_hybrid,2,False,,True,295.0,0.0,0.5050847457627119,0.5254237288135594,0.018402564889451318,0.33364729980988067,0.02333071288645597,0.43108195533431937,0.0,,0.0,2.1504349000169896,edf7f1c6bb3940fa6e5ad284bf7b59f27c88a1c36cb84e8f00434bfec29ef005,2c77bb9d9062decbe5c77fe0221a6b971d7ebf217d046c3e79cb893f7a8aaf7a,2026-08-13
0,0.001,noise,5,,,dlinear,C2_hybrid,3,False,,True,290.0,0.0,0.43448275862068964,0.5862068965517241,0.017702671968821894,0.30022754839933297,0.02259601883358857,0.6282212916317678,0.0,,0.0,1.8459841000149027,edf7f1c6bb3940fa6e5ad284bf7b59f27c88a1c36cb84e8f00434bfec29ef005,2c77bb9d9062decbe5c77fe0221a6b971d7ebf217d046c3e79cb893f7a8aaf7a,2026-08-13
0,0.001,noise,5,,,dlinear,C2_hybrid,4,False,,False,285.0,8.0,0.4807017543859649,0.5473684210526316,0.019828742786640124,0.266392394258232,0.025825970162356673,0.5315691689175348,-0.037730312425435675,-6.421698974093907,0.037730312425435696,1.7449748999788426,edf7f1c6bb3940fa6e5ad284bf7b59f27c88a1c36cb84e8f00434bfec29ef005,2c77bb9d9062decbe5c77fe0221a6b971d7ebf217d046c3e79cb893f7a8aaf7a,2026-08-13
0,0.001,noise,5,,,dlinear,C2_hybrid,5,False,,False,305.0,9.0,0.5049180327868853,0.45901639344262296,0.01755875309388392,0.289358040566534,0.022359745686460555,0.5678069987575531,-0.02082993943970457,-3.0750101162175327,0.02121909437821757,1.490137400047388,edf7f1c6bb3940fa6e5ad284bf7b59f27c88a1c36cb84e8f00434bfec29ef005,2c77bb9d9062decbe5c77fe0221a6b971d7ebf217d046c3e79cb893f7a8aaf7a,2026-08-13
0,0.001,noise,5,,,dlinear,C2_hybrid,6,False,,False,295.0,2.0,0.5016949152542373,0.4847457627118644,0.0183942403452771,0.29664857539778694,0.0242162551563449,0.6197427140659512,-0.0025378008117864503,,0.008787879712491703,1.5631896000122651,edf7f1c6bb3940fa6e5ad284bf7b59f27c88a1c36cb84e8f00434bfec29ef005,2c77bb9d9062decbe5c77fe0221a6b971d7ebf217d046c3e79cb893f7a8aaf7a,2026-08-13
0,0.001,noise,5,,,dlinear,C2_hybrid,7,False,,False,290.0,16.0,0.5620689655172414,0.45517241379310347,0.017637112709504823,0.2813495320323943,0.02270912754657871,0.5708613935936293,0.0012816542087463745,0.15185195522470626,0.017836285140105584,16.035830400011037,edf7f1c6bb3940fa6e5ad284bf7b59f27c88a1c36cb84e8f00434bfec29ef005,2c77bb9d9062decbe5c77fe0221a6b971d7ebf217d046c3e79cb893f7a8aaf7a,2026-08-13
0,0.001,noise,5,,,dlinear,C2_hybrid,8,False,,False,290.0,32.0,0.49310344827586206,0.5241379310344828,0.019263941816354248,0.2535975176659915,0.024814595068153047,0.5591257259419878,-0.03604107844544513,-3.16911519559962,0.036041078445445164,1.6665540999965742,edf7f1c6bb3940fa6e5ad284bf7b59f27c88a1c36cb84e8f00434bfec29ef005,2c77bb9d9062decbe5c77fe0221a6b971d7ebf217d046c3e79cb893f7a8aaf7a,2026-08-13
0,0.001,noise,5,,,dlinear,C2_hybrid,9,False,,False,300.0,28.0,0.53,0.48333333333333334,0.018543542625964988,0.27116141626513135,0.02434308047993073,0.5671217612880165,-0.023004368539903397,-1.9678695044147656,0.06274828878047554,1.6259026999468915,edf7f1c6bb3940fa6e5ad284bf7b59f27c88a1c36cb84e8f00434bfec29ef005,2c77bb9d9062decbe5c77fe0221a6b971d7ebf217d046c3e79cb893f7a8aaf7a,2026-08-13
0,0.001,noise,5,,,dlinear,C2_hybrid,10,False,,False,290.0,23.0,0.4862068965517241,0.4896551724137931,0.017788802600092052,0.29570023569006276,0.022405975529014757,0.5829637526316285,-0.0062186781728020835,-0.5907792064140713,0.03027498311778416,1.50982669997029,edf7f1c6bb3940fa6e5ad284bf7b59f27c88a1c36cb84e8f00434bfec29ef005,2c77bb9d9062decbe5c77fe0221a6b971d7ebf217d046c3e79cb893f7a8aaf7a,2026-08-13
0,0.001,noise,5,,,dlinear,C2_hybrid,11,False,,False,290.0,22.0,0.5482758620689655,0.5758620689655173,0.018672195399133742,0.22467002593998023,0.02408098734728406,0.5936727856092809,0.07793759179270743,6.573408843595059,0.005477227402845093,1.5561523999786004,edf7f1c6bb3940fa6e5ad284bf7b59f27c88a1c36cb84e8f00434bfec29ef005,2c77bb9d9062decbe5c77fe0221a6b971d7ebf217d046c3e79cb893f7a8aaf7a,2026-08-13
0,0.001,noise,5,,,dlinear,C2_hybrid,12,False,,False,285.0,39.0,0.5263157894736842,0.47017543859649125,0.017268801817491564,0.27244078270021505,0.022286564077921973,0.5677027090330553,-0.005665376314676562,-0.3957203469676535,0.03334425747788725,1.5344892999855801,edf7f1c6bb3940fa6e5ad284bf7b59f27c88a1c36cb84e8f00434bfec29ef005,2c77bb9d9062decbe5c77fe0221a6b971d7ebf217d046c3e79cb893f7a8aaf7a,2026-08-13
0,0.001,noise,5,,,dlinear,C2_hybrid,13,False,,False,300.0,3.0,0.5,0.5,0.01763157995879413,0.2802840144464953,0.022617436918594216,0.6517411698266502,0.0006362139370268416,,0.009899149038592979,1.3932635000091977,edf7f1c6bb3940fa6e5ad284bf7b59f27c88a1c36cb84e8f00434bfec29ef005,2c77bb9d9062decbe5c77fe0221a6b971d7ebf217d046c3e79cb893f7a8aaf7a,2026-08-13
0,0.001,noise,5,,,dlinear,C2_hybrid,14,False,,False,295.0,12.0,0.5423728813559322,0.535593220338983,0.017970173321605283,0.324907744344587,0.023309176870644176,0.4634254236023776,0.02018614758727022,2.002946170684035,0.00999267367592518,1.7947858999832533,edf7f1c6bb3940fa6e5ad284bf7b59f27c88a1c36cb84e8f00434bfec29ef005,2c77bb9d9062decbe5c77fe0221a6b971d7ebf217d046c3e79cb893f7a8aaf7a,2026-08-13
0,0.001,noise,5,,,dlinear,C2_hybrid,15,False,,False,285.0,5.0,0.5052631578947369,0.4456140350877193,0.01805851621013084,0.36950149205381844,0.024270178408717445,0.37976298793995367,-0.018213220154359888,-4.589771411252654,0.018213220154359878,1.5251130999531597,edf7f1c6bb3940fa6e5ad284bf7b59f27c88a1c36cb84e8f00434bfec29ef005,2c77bb9d9062decbe5c77fe0221a6b971d7ebf217d046c3e79cb893f7a8aaf7a,2026-08-13
0,0.001,noise,5,,,dlinear,C2_hybrid,16,False,,False,290.0,23.0,0.5275862068965518,0.5482758620689655,0.017427416463458568,0.2766873842313863,0.022167255964179896,0.5856443926701855,0.039177777912692946,3.82933399809446,0.015719689766759613,1.189717200002633,edf7f1c6bb3940fa6e5ad284bf7b59f27c88a1c36cb84e8f00434bfec29ef005,2c77bb9d9062decbe5c77fe0221a6b971d7ebf217d046c3e79cb893f7a8aaf7a,2026-08-13
0,0.001,noise,5,24.0,0.041666666666666664,fits,C0_base,1,False,,False,305.0,8.0,0.419672131147541,0.4721311475409836,0.016256398907092,0.21364255434692017,0.02110761693557899,,0.010770100577252917,1.6688089886805177,0.01627786130929064,2.500328099995386,08e54c860d8d6ad2a4342af154ad75d5e2dd054ae51a63adc2da4ea9618cb691,8a4a9baab2ac877a0c9c3cb51e9ffed63a62ae53e4bfcea7ca22f16cb14d4eed,2026-08-13
0,0.001,noise,5,24.0,0.041666666666666664,fits,C0_base,2,False,,False,295.0,12.0,0.5661016949152542,0.5254237288135594,0.017333905855375475,0.2077461291481988,0.02208306297874767,,-0.007650743923312664,-0.9603985708757282,0.025865570514424445,2.3583793999860063,08e54c860d8d6ad2a4342af154ad75d5e2dd054ae51a63adc2da4ea9618cb691,8a4a9baab2ac877a0c9c3cb51e9ffed63a62ae53e4bfcea7ca22f16cb14d4eed,2026-08-13
0,0.001,noise,5,24.0,0.041666666666666664,fits,C0_base,3,False,,False,290.0,12.0,0.5103448275862069,0.5862068965517241,0.01721986315262735,0.17604890633905068,0.0217870188086667,,0.005830774377548309,0.7110606578451266,0.01839420361054971,2.6535735999932513,08e54c860d8d6ad2a4342af154ad75d5e2dd054ae51a63adc2da4ea9618cb691,8a4a9baab2ac877a0c9c3cb51e9ffed63a62ae53e4bfcea7ca22f16cb14d4eed,2026-08-13
0,0.001,noise,5,24.0,0.041666666666666664,fits,C0_base,4,False,,False,285.0,8.0,0.4807017543859649,0.5473684210526316,0.01935845284413144,0.16973909549668512,0.02526896560343763,,-0.01006757669527758,-1.4544481460365375,0.022175742951264253,2.45791310002096,08e54c860d8d6ad2a4342af154ad75d5e2dd054ae51a63adc2da4ea9618cb691,8a4a9baab2ac877a0c9c3cb51e9ffed63a62ae53e4bfcea7ca22f16cb14d4eed,2026-08-13
0,0.001,noise,5,24.0,0.041666666666666664,fits,C0_base,5,False,,False,305.0,28.0,0.5540983606557377,0.45901639344262296,0.01705453964001711,0.20300772352670515,0.021814825779887036,,0.015019262037182735,1.0672590563347646,0.030904636267394526,2.674529399955645,08e54c860d8d6ad2a4342af154ad75d5e2dd054ae51a63adc2da4ea9618cb691,8a4a9baab2ac877a0c9c3cb51e9ffed63a62ae53e4bfcea7ca22f16cb14d4eed,2026-08-13
0,0.001,noise,5,24.0,0.041666666666666664,fits,C0_base,6,False,,False,295.0,2.0,0.48135593220338985,0.4847457627118644,0.01808038546883742,0.19385970029912677,0.023656115366405196,,0.012279939291813369,,0.003910126362510753,4.024056499998551,08e54c860d8d6ad2a4342af154ad75d5e2dd054ae51a63adc2da4ea9618cb691,8a4a9baab2ac877a0c9c3cb51e9ffed63a62ae53e4bfcea7ca22f16cb14d4eed,2026-08-13
0,0.001,noise,5,24.0,0.041666666666666664,fits,C0_base,7,False,,False,290.0,2.0,0.5206896551724138,0.45517241379310347,0.01722621151663728,0.19325515648276206,0.022244967794873217,,0.0010781038897849093,,0.006753113359645162,2.5440914999926463,08e54c860d8d6ad2a4342af154ad75d5e2dd054ae51a63adc2da4ea9618cb691,8a4a9baab2ac877a0c9c3cb51e9ffed63a62ae53e4bfcea7ca22f16cb14d4eed,2026-08-13
0,0.001,noise,5,24.0,0.041666666666666664,fits,C0_base,8,False,,False,290.0,17.0,0.4793103448275862,0.5241379310344828,0.018713335295012196,0.16135120733090066,0.02421114110461983,,-0.024839542282896976,-2.9836976210525723,0.028703478055678237,3.953496699978132,08e54c860d8d6ad2a4342af154ad75d5e2dd054ae51a63adc2da4ea9618cb691,8a4a9baab2ac877a0c9c3cb51e9ffed63a62ae53e4bfcea7ca22f16cb14d4eed,2026-08-13
0,0.001,noise,5,24.0,0.041666666666666664,fits,C0_base,9,False,,True,300.0,0.0,0.47333333333333333,0.48333333333333334,0.018564833183362363,0.20151610591046107,0.024162821012842423,,0.0,,0.0,2.75341359997401,08e54c860d8d6ad2a4342af154ad75d5e2dd054ae51a63adc2da4ea9618cb691,8a4a9baab2ac877a0c9c3cb51e9ffed63a62ae53e4bfcea7ca22f16cb14d4eed,2026-08-13
0,0.001,noise,5,24.0,0.041666666666666664,fits,C0_base,10,False,,True,290.0,0.0,0.4827586206896552,0.4896551724137931,0.01745447436605671,0.19215583480515963,0.021885148495955974,,0.0,,0.0,3.24842079996597,08e54c860d8d6ad2a4342af154ad75d5e2dd054ae51a63adc2da4ea9618cb691,8a4a9baab2ac877a0c9c3cb51e9ffed63a62ae53e4bfcea7ca22f16cb14d4eed,2026-08-13
0,0.001,noise,5,24.0,0.041666666666666664,fits,C0_base,11,False,,False,290.0,13.0,0.4724137931034483,0.5758620689655173,0.018897465914997615,0.13261077372814506,0.024133420570642522,,-0.0031773643793254758,-0.3102185342120513,0.01965433970946554,2.4556049999664538,08e54c860d8d6ad2a4342af154ad75d5e2dd054ae51a63adc2da4ea9618cb691,8a4a9baab2ac877a0c9c3cb51e9ffed63a62ae53e4bfcea7ca22f16cb14d4eed,2026-08-13
0,0.001,noise,5,24.0,0.041666666666666664,fits,C0_base,12,False,,False,285.0,33.0,0.5157894736842106,0.47017543859649125,0.01712608422038433,0.17771459105305573,0.02207644655439278,,-0.02773592542492309,-1.7904461118149195,0.04094604887989627,2.6235321999993175,08e54c860d8d6ad2a4342af154ad75d5e2dd054ae51a63adc2da4ea9618cb691,8a4a9baab2ac877a0c9c3cb51e9ffed63a62ae53e4bfcea7ca22f16cb14d4eed,2026-08-13
0,0.001,noise,5,24.0,0.041666666666666664,fits,C0_base,13,False,,False,300.0,3.0,0.45666666666666667,0.5,0.01737421746597273,0.1507436872750546,0.022298088170774662,,0.010527318564946153,,0.003820808379406143,2.9119245000183582,08e54c860d8d6ad2a4342af154ad75d5e2dd054ae51a63adc2da4ea9618cb691,8a4a9baab2ac877a0c9c3cb51e9ffed63a62ae53e4bfcea7ca22f16cb14d4eed,2026-08-13
0,0.001,noise,5,24.0,0.041666666666666664,fits,C0_base,14,False,,False,295.0,8.0,0.5627118644067797,0.535593220338983,0.01736365292813007,0.19293816497662952,0.02245905724149959,,0.009849998237369872,1.4397147377949768,0.015928237052211896,2.5552207000437193,08e54c860d8d6ad2a4342af154ad75d5e2dd054ae51a63adc2da4ea9618cb691,8a4a9baab2ac877a0c9c3cb51e9ffed63a62ae53e4bfcea7ca22f16cb14d4eed,2026-08-13
0,0.001,noise,5,24.0,0.041666666666666664,fits,C0_base,15,False,,False,285.0,16.0,0.49122807017543857,0.4456140350877193,0.01751365490711739,0.19742452974989322,0.023439157550838193,,-0.04745150241841545,-4.235060957903817,0.05225293480348258,2.601615799998399,08e54c860d8d6ad2a4342af154ad75d5e2dd054ae51a63adc2da4ea9618cb691,8a4a9baab2ac877a0c9c3cb51e9ffed63a62ae53e4bfcea7ca22f16cb14d4eed,2026-08-13
0,0.001,noise,5,24.0,0.041666666666666664,fits,C0_base,16,False,,False,290.0,5.0,0.5724137931034483,0.5482758620689655,0.016839892711175024,0.19630127215155804,0.0214628800681712,,-0.025233247459362285,-4.4210109960539405,0.027592761206723656,2.7163308999734,08e54c860d8d6ad2a4342af154ad75d5e2dd054ae51a63adc2da4ea9618cb691,8a4a9baab2ac877a0c9c3cb51e9ffed63a62ae53e4bfcea7ca22f16cb14d4eed,2026-08-13
0,0.001,noise,5,24.0,0.041666666666666664,fits,C2_hybrid,-1,True,"deliberately empty (spec 6.4): FITS is univariate and filters frequencies itself, so pre-filtered wavelet bands are redundant",,,,,,,,,,,,,,33eff891f66efe33e5a8551d81ed6b97736438467316f4b170a9ce34626c808a,4188297e3590dcf6b30666bc81bfd0edb2fe976c3ccca70fa49c193bb06401ad,2026-08-13
0,0.001,real,2,,,buy_and_hold,,1,False,,False,305.0,0.0,0.45901639344262296,0.45901639344262296,,,,,-0.09269587125081236,-1.005960747344811,0.22655221099340062,0.061457799980416894,aedfea5fb580aa5404b1886feace7d0cc40709ec4c1c8deaac51fed83c3ba140,b5f9c0a22ea61bf80b4afc5567d887b3dc7e62203de50bfd3e30dac25dcb0753,2026-08-13
0,0.001,real,2,,,buy_and_hold,,2,False,,False,295.0,0.0,0.5050847457627119,0.5050847457627119,,,,,-0.06429737471218377,-0.46864086292435314,0.1424587749939713,0.058740600012242794,aedfea5fb580aa5404b1886feace7d0cc40709ec4c1c8deaac51fed83c3ba140,b5f9c0a22ea61bf80b4afc5567d887b3dc7e62203de50bfd3e30dac25dcb0753,2026-08-13
0,0.001,real,2,,,buy_and_hold,,3,False,,False,290.0,0.0,0.6620689655172414,0.6620689655172414,,,,,0.3199465408441078,4.11975107893535,0.08395283462381467,0.05573330004699528,aedfea5fb580aa5404b1886feace7d0cc40709ec4c1c8deaac51fed83c3ba140,b5f9c0a22ea61bf80b4afc5567d887b3dc7e62203de50bfd3e30dac25dcb0753,2026-08-13
0,0.001,real,2,,,buy_and_hold,,4,False,,False,285.0,0.0,0.656140350877193,0.656140350877193,,,,,0.253717512749454,4.1945078393773585,0.03311585313931901,0.05404710001312196,aedfea5fb580aa5404b1886feace7d0cc40709ec4c1c8deaac51fed83c3ba140,b5f9c0a22ea61bf80b4afc5567d887b3dc7e62203de50bfd3e30dac25dcb0753,2026-08-13
0,0.001,real,2,,,buy_and_hold,,5,False,,False,305.0,0.0,0.49508196721311476,0.49508196721311476,,,,,-0.013746494180392421,-0.17355590230439336,0.08677403237299025,0.055756499990820885,aedfea5fb580aa5404b1886feace7d0cc40709ec4c1c8deaac51fed83c3ba140,b5f9c0a22ea61bf80b4afc5567d887b3dc7e62203de50bfd3e30dac25dcb0753,2026-08-13
0,0.001,real,2,,,buy_and_hold,,6,False,,False,295.0,0.0,0.5661016949152542,0.5661016949152542,,,,,0.11511801795412602,2.450726538107511,0.08962101478621556,0.05377749999752268,aedfea5fb580aa5404b1886feace7d0cc40709ec4c1c8deaac51fed83c3ba140,b5f9c0a22ea61bf80b4afc5567d887b3dc7e62203de50bfd3e30dac25dcb0753,2026-08-13
0,0.001,real,2,,,buy_and_hold,,7,False,,False,290.0,0.0,0.6172413793103448,0.6172413793103448,,,,,0.2265028526306616,4.153510089451356,0.04457308496966748,0.05305819999193773,aedfea5fb580aa5404b1886feace7d0cc40709ec4c1c8deaac51fed83c3ba140,b5f9c0a22ea61bf80b4afc5567d887b3dc7e62203de50bfd3e30dac25dcb0753,2026-08-13
0,0.001,real,2,,,buy_and_hold,,8,False,,False,290.0,0.0,0.6482758620689655,0.6482758620689655,,,,,0.1819825299828437,3.5444752488400764,0.07889356123144528,0.053728000028058887,aedfea5fb580aa5404b1886feace7d0cc40709ec4c1c8deaac51fed83c3ba140,b5f9c0a22ea61bf80b4afc5567d887b3dc7e62203de50bfd3e30dac25dcb0753,2026-08-13
0,0.001,real,2,,,buy_and_hold,,9,False,,False,300.0,0.0,0.44333333333333336,0.44333333333333336,,,,,-0.06349672850263999,-0.8935841642541402,0.174398400350851,0.055759400012902915,aedfea5fb580aa5404b1886feace7d0cc40709ec4c1c8deaac51fed83c3ba140,b5f9c0a22ea61bf80b4afc5567d887b3dc7e62203de50bfd3e30dac25dcb0753,2026-08-13
0,0.001,real,2,,,buy_and_hold,,10,False,,False,290.0,0.0,0.6172413793103448,0.6172413793103448,,,,,0.12924325025911476,2.8425833098931443,0.04193034179057526,0.056691600009799004,aedfea5fb580aa5404b1886feace7d0cc40709ec4c1c8deaac51fed83c3ba140,b5f9c0a22ea61bf80b4afc5567d887b3dc7e62203de50bfd3e30dac25dcb0753,2026-08-13
0,0.001,real,2,,,buy_and_hold,,11,False,,False,290.0,0.0,0.4,0.4,,,,,-0.17637484338233467,-2.9331313641088186,0.17637484338233467,0.05881819996284321,aedfea5fb580aa5404b1886feace7d0cc40709ec4c1c8deaac51fed83c3ba140,b5f9c0a22ea61bf80b4afc5567d887b3dc7e62203de50bfd3e30dac25dcb0753,2026-08-13
0,0.001,real,2,,,buy_and_hold,,12,False,,False,285.0,0.0,0.6666666666666666,0.6666666666666666,,,,,0.2661988473618939,2.8407362459888277,0.09133986331956098,0.0533348000026308,aedfea5fb580aa5404b1886feace7d0cc40709ec4c1c8deaac51fed83c3ba140,b5f9c0a22ea61bf80b4afc5567d887b3dc7e62203de50bfd3e30dac25dcb0753,2026-08-13
0,0.001,real,2,,,buy_and_hold,,13,False,,False,300.0,0.0,0.64,0.64,,,,,0.15051270458085853,3.9013811257958984,0.032379680917168835,0.05463699996471405,aedfea5fb580aa5404b1886feace7d0cc40709ec4c1c8deaac51fed83c3ba140,b5f9c0a22ea61bf80b4afc5567d887b3dc7e62203de50bfd3e30dac25dcb0753,2026-08-13
0,0.001,real,2,,,buy_and_hold,,14,False,,False,295.0,0.0,0.5152542372881356,0.5152542372881356,,,,,0.06256423579205794,1.4356038597042873,0.06739475320120715,0.05379550001816824,aedfea5fb580aa5404b1886feace7d0cc40709ec4c1c8deaac51fed83c3ba140,b5f9c0a22ea61bf80b4afc5567d887b3dc7e62203de50bfd3e30dac25dcb0753,2026-08-13
0,0.001,real,2,,,buy_and_hold,,15,False,,False,285.0,0.0,0.4245614035087719,0.4245614035087719,,,,,-0.1434738066488801,-3.547527570100745,0.15619650770694166,0.05812659999355674,aedfea5fb580aa5404b1886feace7d0cc40709ec4c1c8deaac51fed83c3ba140,b5f9c0a22ea61bf80b4afc5567d887b3dc7e62203de50bfd3e30dac25dcb0753,2026-08-13
0,0.001,real,2,,,buy_and_hold,,16,False,,False,290.0,0.0,0.5793103448275863,0.5793103448275863,,,,,0.08568913418307122,1.761560675480944,0.13645681435075346,0.05852510000113398,aedfea5fb580aa5404b1886feace7d0cc40709ec4c1c8deaac51fed83c3ba140,b5f9c0a22ea61bf80b4afc5567d887b3dc7e62203de50bfd3e30dac25dcb0753,2026-08-13
0,0.001,real,2,60.0,0.016666666666666666,fits,C0_base,1,False,,True,305.0,0.0,0.5573770491803278,0.45901639344262296,0.01905349743455791,0.4484780416367204,0.025408163841074048,,0.0,,0.0,3.36688210000284,b325e2bd98c208bbc9be09853d88673602d3b03580917893fb43d99394daa136,6d51f30ba1a5c5f4d9d22041f17400c82839f353bbfe8510c79a91bb17d497f6,2026-08-13
0,0.001,real,2,60.0,0.016666666666666666,fits,C0_base,2,False,,False,295.0,13.0,0.535593220338983,0.5084745762711864,0.024145320646390418,0.3917609083737734,0.032102359363340396,,-0.01812995544266116,-2.1266731284558675,0.02194339058357462,3.019559299980756,b325e2bd98c208bbc9be09853d88673602d3b03580917893fb43d99394daa136,6d51f30ba1a5c5f4d9d22041f17400c82839f353bbfe8510c79a91bb17d497f6,2026-08-13
0,0.001,real,2,60.0,0.016666666666666666,fits,C0_base,3,False,,False,290.0,5.0,0.4413793103448276,0.6620689655172414,0.019772171067124256,0.4757362613417222,0.026308929855745445,,0.0015761623160162053,0.35395500359678017,0.008090778808958393,2.9511291999951936,b325e2bd98c208bbc9be09853d88673602d3b03580917893fb43d99394daa136,6d51f30ba1a5c5f4d9d22041f17400c82839f353bbfe8510c79a91bb17d497f6,2026-08-13
0,0.001,real,2,60.0,0.016666666666666666,fits,C0_base,4,False,,False,285.0,14.0,0.49122807017543857,0.656140350877193,0.017566489374336136,0.5399674232716007,0.024557433099832784,,0.07186141007255609,4.432357500732713,0.006513333390220742,3.703872499987483,b325e2bd98c208bbc9be09853d88673602d3b03580917893fb43d99394daa136,6d51f30ba1a5c5f4d9d22041f17400c82839f353bbfe8510c79a91bb17d497f6,2026-08-13
0,0.001,real,2,60.0,0.016666666666666666,fits,C0_base,5,False,,False,305.0,27.0,0.5180327868852459,0.49508196721311476,0.01568788669078373,0.5477964303616509,0.02123394934628513,,0.011627896930269221,0.7034380032921329,0.025430811278121034,2.7665500000002794,b325e2bd98c208bbc9be09853d88673602d3b03580917893fb43d99394daa136,6d51f30ba1a5c5f4d9d22041f17400c82839f353bbfe8510c79a91bb17d497f6,2026-08-13
0,0.001,real,2,60.0,0.016666666666666666,fits,C0_base,6,False,,True,295.0,0.0,0.5389830508474577,0.5661016949152542,0.014039345464091805,0.46051641054760256,0.018626289306033494,,0.0,,0.0,4.291103900002781,b325e2bd98c208bbc9be09853d88673602d3b03580917893fb43d99394daa136,6d51f30ba1a5c5f4d9d22041f17400c82839f353bbfe8510c79a91bb17d497f6,2026-08-13
0,0.001,real,2,60.0,0.016666666666666666,fits,C0_base,7,False,,False,290.0,17.0,0.5689655172413793,0.6172413793103448,0.013464544857827639,0.39222288925342197,0.01941785641533545,,0.052399251614128506,4.497894954740249,0.010476016640593671,3.278174700040836,b325e2bd98c208bbc9be09853d88673602d3b03580917893fb43d99394daa136,6d51f30ba1a5c5f4d9d22041f17400c82839f353bbfe8510c79a91bb17d497f6,2026-08-13
0,0.001,real,2,60.0,0.016666666666666666,fits,C0_base,8,False,,False,290.0,24.0,0.5689655172413793,0.6482758620689655,0.01560772468049582,0.3772542033617148,0.02229677202194428,,0.04126262881901255,2.8414110419022567,0.018857891342442885,2.6313460000092164,b325e2bd98c208bbc9be09853d88673602d3b03580917893fb43d99394daa136,6d51f30ba1a5c5f4d9d22041f17400c82839f353bbfe8510c79a91bb17d497f6,2026-08-13
0,0.001,real,2,60.0,0.016666666666666666,fits,C0_base,9,False,,False,300.0,11.0,0.38666666666666666,0.44333333333333336,0.01668777055424431,0.37569037530075483,0.024319815742794636,,-0.015666923412216094,-2.644238387752958,0.01566692341221613,2.7808629000210203,b325e2bd98c208bbc9be09853d88673602d3b03580917893fb43d99394daa136,6d51f30ba1a5c5f4d9d22041f17400c82839f353bbfe8510c79a91bb17d497f6,2026-08-13
0,0.001,real,2,60.0,0.016666666666666666,fits,C0_base,10,False,,True,290.0,0.0,0.506896551724138,0.6172413793103448,0.014444501816120501,0.42340623916766396,0.019596636140403665,,0.0,,0.0,3.067809899977874,b325e2bd98c208bbc9be09853d88673602d3b03580917893fb43d99394daa136,6d51f30ba1a5c5f4d9d22041f17400c82839f353bbfe8510c79a91bb17d497f6,2026-08-13
0,0.001,real,2,60.0,0.016666666666666666,fits,C0_base,11,False,,False,290.0,21.0,0.4413793103448276,0.4,0.019646071891740724,0.32913545511597375,0.028499433559579235,,-0.04107026916313694,-4.972383992056096,0.041466734052914546,3.4031162000028417,b325e2bd98c208bbc9be09853d88673602d3b03580917893fb43d99394daa136,6d51f30ba1a5c5f4d9d22041f17400c82839f353bbfe8510c79a91bb17d497f6,2026-08-13
0,0.001,real,2,60.0,0.016666666666666666,fits,C0_base,12,False,,True,285.0,0.0,0.3894736842105263,0.6701754385964912,0.018546942811475477,0.43851175644717705,0.026206549452761106,,0.0,,0.0,3.1469206999754533,b325e2bd98c208bbc9be09853d88673602d3b03580917893fb43d99394daa136,6d51f30ba1a5c5f4d9d22041f17400c82839f353bbfe8510c79a91bb17d497f6,2026-08-13
0,0.001,real,2,60.0,0.016666666666666666,fits,C0_base,13,False,,False,300.0,20.0,0.5,0.64,0.012366411517560976,0.5283738450579795,0.01723687245543163,,0.012449113737803552,1.786376163540969,0.006517849907381215,3.874098000000231,b325e2bd98c208bbc9be09853d88673602d3b03580917893fb43d99394daa136,6d51f30ba1a5c5f4d9d22041f17400c82839f353bbfe8510c79a91bb17d497f6,2026-08-13
0,0.001,real,2,60.0,0.016666666666666666,fits,C0_base,14,False,,False,295.0,27.0,0.4576271186440678,0.5152542372881356,0.014041500231573125,0.3665324155673049,0.019081139498243003,,0.014244241798769819,1.1585334927817548,0.014561905648118758,4.317027300014161,b325e2bd98c208bbc9be09853d88673602d3b03580917893fb43d99394daa136,6d51f30ba1a5c5f4d9d22041f17400c82839f353bbfe8510c79a91bb17d497f6,2026-08-13
0,0.001,real,2,60.0,0.016666666666666666,fits,C0_base,15,False,,False,285.0,12.0,0.5543859649122806,0.4245614035087719,0.015414500043220588,0.3315613327695601,0.020836218648007967,,-0.015131089262368058,-2.199770608022951,0.02450761505299867,3.8518964999821037,b325e2bd98c208bbc9be09853d88673602d3b03580917893fb43d99394daa136,6d51f30ba1a5c5f4d9d22041f17400c82839f353bbfe8510c79a91bb17d497f6,2026-08-13
0,0.001,real,2,60.0,0.016666666666666666,fits,C0_base,16,False,,False,290.0,13.0,0.496551724137931,0.5793103448275863,0.01733935512562682,0.2718790217249348,0.0224177027062911,,-0.00927923026944566,-1.1840140222892641,0.02379335216783241,4.215346799988765,b325e2bd98c208bbc9be09853d88673602d3b03580917893fb43d99394daa136,6d51f30ba1a5c5f4d9d22041f17400c82839f353bbfe8510c79a91bb17d497f6,2026-08-13
0,0.001,real,2,60.0,0.016666666666666666,fits,C2_hybrid,-1,True,"deliberately empty (spec 6.4): FITS is univariate and filters frequencies itself, so pre-filtered wavelet bands are redundant",,,,,,,,,,,,,,ae4a33c588d92736f6c587176561d589de0933262a621c57e58c5589e76de1e2,cfd25f6ecac919913a31bd2b875ff8d8b8711385d41c7150cc333b56a8b5fa3f,2026-08-13
0,0.001,noise,2,,,buy_and_hold,,1,False,,False,305.0,0.0,0.4721311475409836,0.4721311475409836,,,,,0.003436944872071912,0.1705727790835811,0.0954038536072301,0.060894700000062585,aedfea5fb580aa5404b1886feace7d0cc40709ec4c1c8deaac51fed83c3ba140,b5f9c0a22ea61bf80b4afc5567d887b3dc7e62203de50bfd3e30dac25dcb0753,2026-08-13
0,0.001,noise,2,,,buy_and_hold,,2,False,,False,295.0,0.0,0.5254237288135594,0.5254237288135594,,,,,0.04712114800666556,1.3852530167285018,0.04143561045512615,0.05889829999068752,aedfea5fb580aa5404b1886feace7d0cc40709ec4c1c8deaac51fed83c3ba140,b5f9c0a22ea61bf80b4afc5567d887b3dc7e62203de50bfd3e30dac25dcb0753,2026-08-13
0,0.001,noise,2,,,buy_and_hold,,3,False,,False,290.0,0.0,0.5862068965517241,0.5862068965517241,,,,,0.14312698828774462,3.797020487618931,0.03222695816800772,0.05909699999028817,aedfea5fb580aa5404b1886feace7d0cc40709ec4c1c8deaac51fed83c3ba140,b5f9c0a22ea61bf80b4afc5567d887b3dc7e62203de50bfd3e30dac25dcb0753,2026-08-13
0,0.001,noise,2,,,buy_and_hold,,4,False,,False,285.0,0.0,0.5473684210526316,0.5473684210526316,,,,,0.1175720669833138,2.713744343264779,0.0691788110025767,0.05808490002527833,aedfea5fb580aa5404b1886feace7d0cc40709ec4c1c8deaac51fed83c3ba140,b5f9c0a22ea61bf80b4afc5567d887b3dc7e62203de50bfd3e30dac25dcb0753,2026-08-13
0,0.001,noise,2,,,buy_and_hold,,5,False,,False,305.0,0.0,0.45901639344262296,0.45901639344262296,,,,,-0.01748918175259051,-0.4080788793458667,0.0872587156633143,0.06028370000422001,aedfea5fb580aa5404b1886feace7d0cc40709ec4c1c8deaac51fed83c3ba140,b5f9c0a22ea61bf80b4afc5567d887b3dc7e62203de50bfd3e30dac25dcb0753,2026-08-13
0,0.001,noise,2,,,buy_and_hold,,6,False,,False,295.0,0.0,0.4847457627118644,0.4847457627118644,,,,,-0.036444712161190274,-1.0117336947094915,0.10381931617152551,0.058698999986518174,aedfea5fb580aa5404b1886feace7d0cc40709ec4c1c8deaac51fed83c3ba140,b5f9c0a22ea61bf80b4afc5567d887b3dc7e62203de50bfd3e30dac25dcb0753,2026-08-13
0,0.001,noise,2,,,buy_and_hold,,7,False,,False,290.0,0.0,0.45517241379310347,0.45517241379310347,,,,,-0.03823642519891768,-1.1462920830959218,0.05222412686578254,0.05839030002243817,aedfea5fb580aa5404b1886feace7d0cc40709ec4c1c8deaac51fed83c3ba140,b5f9c0a22ea61bf80b4afc5567d887b3dc7e62203de50bfd3e30dac25dcb0753,2026-08-13
0,0.001,noise,2,,,buy_and_hold,,8,False,,False,290.0,0.0,0.5241379310344828,0.5241379310344828,,,,,0.03796504862187455,1.1480901305841358,0.05442269684327797,0.05934689997229725,aedfea5fb580aa5404b1886feace7d0cc40709ec4c1c8deaac51fed83c3ba140,b5f9c0a22ea61bf80b4afc5567d887b3dc7e62203de50bfd3e30dac25dcb0753,2026-08-13
0,0.001,noise,2,,,buy_and_hold,,9,False,,False,300.0,0.0,0.48333333333333334,0.48333333333333334,,,,,-0.050085843361550975,-1.2930553934390674,0.07845362291731782,0.05846229998860508,aedfea5fb580aa5404b1886feace7d0cc40709ec4c1c8deaac51fed83c3ba140,b5f9c0a22ea61bf80b4afc5567d887b3dc7e62203de50bfd3e30dac25dcb0753,2026-08-13
0,0.001,noise,2,,,buy_and_hold,,10,False,,False,290.0,0.0,0.4896551724137931,0.4896551724137931,,,,,0.042212384850095486,1.1976005637577944,0.06752489522372508,0.05866690003313124,aedfea5fb580aa5404b1886feace7d0cc40709ec4c1c8deaac51fed83c3ba140,b5f9c0a22ea61bf80b4afc5567d887b3dc7e62203de50bfd3e30dac25dcb0753,2026-08-13
0,0.001,noise,2,,,buy_and_hold,,11,False,,False,290.0,0.0,0.5758620689655173,0.5758620689655173,,,,,0.0667809304705771,1.6524091446947486,0.048241461438076096,0.057297600025776774,aedfea5fb580aa5404b1886feace7d0cc40709ec4c1c8deaac51fed83c3ba140,b5f9c0a22ea61bf80b4afc5567d887b3dc7e62203de50bfd3e30dac25dcb0753,2026-08-13
0,0.001,noise,2,,,buy_and_hold,,12,False,,False,285.0,0.0,0.47017543859649125,0.47017543859649125,,,,,-0.09847761881916695,-2.1908603685629924,0.15565970592370199,0.0572571000084281,aedfea5fb580aa5404b1886feace7d0cc40709ec4c1c8deaac51fed83c3ba140,b5f9c0a22ea61bf80b4afc5567d887b3dc7e62203de50bfd3e30dac25dcb0753,2026-08-13
0,0.001,noise,2,,,buy_and_hold,,13,False,,False,300.0,0.0,0.5,0.5,,,,,0.04284349571491752,1.2333885739752828,0.041985424330288505,0.05895200005033985,aedfea5fb580aa5404b1886feace7d0cc40709ec4c1c8deaac51fed83c3ba140,b5f9c0a22ea61bf80b4afc5567d887b3dc7e62203de50bfd3e30dac25dcb0753,2026-08-13
0,0.001,noise,2,,,buy_and_hold,,14,False,,False,295.0,0.0,0.535593220338983,0.535593220338983,,,,,0.05757250359536226,1.5966247733748984,0.043644409744959756,0.058177600032649934,aedfea5fb580aa5404b1886feace7d0cc40709ec4c1c8deaac51fed83c3ba140,b5f9c0a22ea61bf80b4afc5567d887b3dc7e62203de50bfd3e30dac25dcb0753,2026-08-13
0,0.001,noise,2,,,buy_and_hold,,15,False,,False,285.0,0.0,0.4456140350877193,0.4456140350877193,,,,,-0.05166185896357822,-1.4656149766574835,0.09191141443825517,0.062162999995052814,aedfea5fb580aa5404b1886feace7d0cc40709ec4c1c8deaac51fed83c3ba140,b5f9c0a22ea61bf80b4afc5567d887b3dc7e62203de50bfd3e30dac25dcb0753,2026-08-13
0,0.001,noise,2,,,buy_and_hold,,16,False,,False,290.0,0.0,0.5482758620689655,0.5482758620689655,,,,,0.09070086738206151,2.3087487341678403,0.05427541252391011,0.05729039997095242,aedfea5fb580aa5404b1886feace7d0cc40709ec4c1c8deaac51fed83c3ba140,b5f9c0a22ea61bf80b4afc5567d887b3dc7e62203de50bfd3e30dac25dcb0753,2026-08-13
0,0.001,noise,2,60.0,0.016666666666666666,fits,C0_base,1,False,,False,305.0,9.0,0.4557377049180328,0.4721311475409836,0.016660763599650484,0.29766301098726283,0.02142412157039753,,-0.0008504719744497624,-0.1265275102477865,0.013510899980679787,3.401947299949825,b325e2bd98c208bbc9be09853d88673602d3b03580917893fb43d99394daa136,6d51f30ba1a5c5f4d9d22041f17400c82839f353bbfe8510c79a91bb17d497f6,2026-08-13
0,0.001,noise,2,60.0,0.016666666666666666,fits,C0_base,2,False,,False,295.0,13.0,0.5525423728813559,0.5254237288135594,0.017964639679382364,0.2693274311118022,0.022934289688316224,,-0.023127094766699607,-2.755022426563744,0.032880484606538994,3.8139351999852806,b325e2bd98c208bbc9be09853d88673602d3b03580917893fb43d99394daa136,6d51f30ba1a5c5f4d9d22041f17400c82839f353bbfe8510c79a91bb17d497f6,2026-08-13
0,0.001,noise,2,60.0,0.016666666666666666,fits,C0_base,3,False,,False,290.0,3.0,0.5103448275862069,0.5862068965517241,0.01735893950392799,0.2548283018508795,0.02200929379642144,,-0.009147430643960286,,0.009147430643960251,3.288635900011286,b325e2bd98c208bbc9be09853d88673602d3b03580917893fb43d99394daa136,6d51f30ba1a5c5f4d9d22041f17400c82839f353bbfe8510c79a91bb17d497f6,2026-08-13
0,0.001,noise,2,60.0,0.016666666666666666,fits,C0_base,4,False,,False,285.0,8.0,0.5052631578947369,0.5473684210526316,0.0194741290767899,0.2300898180794653,0.025333729230482143,,-0.03152069090305054,-5.081227652667559,0.03263467609441893,4.4341994999558665,b325e2bd98c208bbc9be09853d88673602d3b03580917893fb43d99394daa136,6d51f30ba1a5c5f4d9d22041f17400c82839f353bbfe8510c79a91bb17d497f6,2026-08-13
0,0.001,noise,2,60.0,0.016666666666666666,fits,C0_base,5,False,,False,305.0,21.0,0.5344262295081967,0.45901639344262296,0.017610933791146324,0.27730096976403446,0.022387323650190798,,-0.013177268153568011,-1.0920984281289163,0.03545508476873103,3.4780997000052594,b325e2bd98c208bbc9be09853d88673602d3b03580917893fb43d99394daa136,6d51f30ba1a5c5f4d9d22041f17400c82839f353bbfe8510c79a91bb17d497f6,2026-08-13
0,0.001,noise,2,60.0,0.016666666666666666,fits,C0_base,6,False,,False,295.0,17.0,0.488135593220339,0.4847457627118644,0.01841476600028178,0.25190125945883995,0.024015574577966825,,-0.01422622130864093,-1.7290195421477241,0.02858567746752897,4.277872800012119,b325e2bd98c208bbc9be09853d88673602d3b03580917893fb43d99394daa136,6d51f30ba1a5c5f4d9d22041f17400c82839f353bbfe8510c79a91bb17d497f6,2026-08-13
0,0.001,noise,2,60.0,0.016666666666666666,fits,C0_base,7,False,,False,290.0,4.0,0.5,0.45517241379310347,0.01748290828825415,0.2572488848446653,0.02252846437995587,,-0.015724195236810456,-2.853879532446153,0.016129330671803475,3.950456699996721,b325e2bd98c208bbc9be09853d88673602d3b03580917893fb43d99394daa136,6d51f30ba1a5c5f4d9d22041f17400c82839f353bbfe8510c79a91bb17d497f6,2026-08-13
0,0.001,noise,2,60.0,0.016666666666666666,fits,C0_base,8,False,,False,290.0,23.0,0.5,0.5241379310344828,0.019104398083336534,0.22538795762913436,0.024612662435616935,,-0.02342019563846809,-2.5612469854929074,0.027418998087010406,4.071931499987841,b325e2bd98c208bbc9be09853d88673602d3b03580917893fb43d99394daa136,6d51f30ba1a5c5f4d9d22041f17400c82839f353bbfe8510c79a91bb17d497f6,2026-08-13
0,0.001,noise,2,60.0,0.016666666666666666,fits,C0_base,9,False,,False,300.0,17.0,0.4666666666666667,0.48333333333333334,0.01885311231072473,0.2567294541763183,0.024581792725670945,,-0.010993400001718556,-1.2331153850317431,0.014962745650888381,3.864632300043013,b325e2bd98c208bbc9be09853d88673602d3b03580917893fb43d99394daa136,6d51f30ba1a5c5f4d9d22041f17400c82839f353bbfe8510c79a91bb17d497f6,2026-08-13
0,0.001,noise,2,60.0,0.016666666666666666,fits,C0_base,10,False,,True,290.0,0.0,0.49310344827586206,0.4896551724137931,0.017692978581880448,0.23835000819753055,0.02234603476051108,,0.0,,0.0,4.024338500050362,b325e2bd98c208bbc9be09853d88673602d3b03580917893fb43d99394daa136,6d51f30ba1a5c5f4d9d22041f17400c82839f353bbfe8510c79a91bb17d497f6,2026-08-13
0,0.001,noise,2,60.0,0.016666666666666666,fits,C0_base,11,False,,True,290.0,0.0,0.5137931034482759,0.5758620689655173,0.01880187249581063,0.19885849763541516,0.024028225452977676,,0.0,,0.0,5.003560099983588,b325e2bd98c208bbc9be09853d88673602d3b03580917893fb43d99394daa136,6d51f30ba1a5c5f4d9d22041f17400c82839f353bbfe8510c79a91bb17d497f6,2026-08-13
0,0.001,noise,2,60.0,0.016666666666666666,fits,C0_base,12,False,,False,285.0,30.0,0.4982456140350877,0.47017543859649125,0.01733343463582047,0.24671687883030566,0.02224255466546465,,-0.030563515631145566,-2.0572080331697853,0.048623828657634094,3.9086311000282876,b325e2bd98c208bbc9be09853d88673602d3b03580917893fb43d99394daa136,6d51f30ba1a5c5f4d9d22041f17400c82839f353bbfe8510c79a91bb17d497f6,2026-08-13
0,0.001,noise,2,60.0,0.016666666666666666,fits,C0_base,13,False,,False,300.0,6.0,0.4766666666666667,0.5,0.01745255509961278,0.22174691865470705,0.022546154775537095,,0.010318270083469638,2.113078264935967,0.005785451754672445,3.569047400029376,b325e2bd98c208bbc9be09853d88673602d3b03580917893fb43d99394daa136,6d51f30ba1a5c5f4d9d22041f17400c82839f353bbfe8510c79a91bb17d497f6,2026-08-13
0,0.001,noise,2,60.0,0.016666666666666666,fits,C0_base,14,False,,False,295.0,34.0,0.5288135593220339,0.535593220338983,0.017663892674213203,0.25002189744282,0.022778162992418666,,0.03709520180279502,2.665538741203251,0.010125534108141,2.981357200013008,b325e2bd98c208bbc9be09853d88673602d3b03580917893fb43d99394daa136,6d51f30ba1a5c5f4d9d22041f17400c82839f353bbfe8510c79a91bb17d497f6,2026-08-13
0,0.001,noise,2,60.0,0.016666666666666666,fits,C0_base,15,False,,False,285.0,14.0,0.4982456140350877,0.4456140350877193,0.017693773156212594,0.24034178581125232,0.023679802388484626,,-0.04215340013966107,-4.311631936848323,0.04533501933698885,3.4900786000071093,b325e2bd98c208bbc9be09853d88673602d3b03580917893fb43d99394daa136,6d51f30ba1a5c5f4d9d22041f17400c82839f353bbfe8510c79a91bb17d497f6,2026-08-13
0,0.001,noise,2,60.0,0.016666666666666666,fits,C0_base,16,False,,True,290.0,0.0,0.5448275862068965,0.5482758620689655,0.016956100415500733,0.24996547530334842,0.021713525811246,,0.0,,0.0,4.216213800013065,b325e2bd98c208bbc9be09853d88673602d3b03580917893fb43d99394daa136,6d51f30ba1a5c5f4d9d22041f17400c82839f353bbfe8510c79a91bb17d497f6,2026-08-13
0,0.001,noise,2,60.0,0.016666666666666666,fits,C2_hybrid,-1,True,"deliberately empty (spec 6.4): FITS is univariate and filters frequencies itself, so pre-filtered wavelet bands are redundant",,,,,,,,,,,,,,ae4a33c588d92736f6c587176561d589de0933262a621c57e58c5589e76de1e2,cfd25f6ecac919913a31bd2b875ff8d8b8711385d41c7150cc333b56a8b5fa3f,2026-08-13
0,0.001,real,10,,,buy_and_hold,,1,False,,False,305.0,0.0,0.45901639344262296,0.45901639344262296,,,,,-0.09269587125081236,-1.005960747344811,0.22655221099340062,0.057266100018750876,457cf9620785919e30dddd04dea54843dddb214a1d1b957607a0a6b99b4ff042,08310edee33fe7841e3de8484dce602bed1e73604ca17db1408d9b551fce0b90,2026-08-13
0,0.001,real,10,,,buy_and_hold,,2,False,,False,295.0,0.0,0.5050847457627119,0.5050847457627119,,,,,-0.06429737471218377,-0.46864086292435314,0.1424587749939713,0.05424689996289089,457cf9620785919e30dddd04dea54843dddb214a1d1b957607a0a6b99b4ff042,08310edee33fe7841e3de8484dce602bed1e73604ca17db1408d9b551fce0b90,2026-08-13
0,0.001,real,10,,,buy_and_hold,,3,False,,False,290.0,0.0,0.6620689655172414,0.6620689655172414,,,,,0.3199465408441078,4.11975107893535,0.08395283462381467,0.055344699998386204,457cf9620785919e30dddd04dea54843dddb214a1d1b957607a0a6b99b4ff042,08310edee33fe7841e3de8484dce602bed1e73604ca17db1408d9b551fce0b90,2026-08-13
0,0.001,real,10,,,buy_and_hold,,4,False,,False,285.0,0.0,0.656140350877193,0.656140350877193,,,,,0.253717512749454,4.1945078393773585,0.03311585313931901,0.055431900022085756,457cf9620785919e30dddd04dea54843dddb214a1d1b957607a0a6b99b4ff042,08310edee33fe7841e3de8484dce602bed1e73604ca17db1408d9b551fce0b90,2026-08-13
0,0.001,real,10,,,buy_and_hold,,5,False,,False,305.0,0.0,0.49508196721311476,0.49508196721311476,,,,,-0.013746494180392421,-0.17355590230439336,0.08677403237299025,0.05461769999237731,457cf9620785919e30dddd04dea54843dddb214a1d1b957607a0a6b99b4ff042,08310edee33fe7841e3de8484dce602bed1e73604ca17db1408d9b551fce0b90,2026-08-13
0,0.001,real,10,,,buy_and_hold,,6,False,,False,295.0,0.0,0.5661016949152542,0.5661016949152542,,,,,0.11511801795412602,2.450726538107511,0.08962101478621556,0.05464280000887811,457cf9620785919e30dddd04dea54843dddb214a1d1b957607a0a6b99b4ff042,08310edee33fe7841e3de8484dce602bed1e73604ca17db1408d9b551fce0b90,2026-08-13
0,0.001,real,10,,,buy_and_hold,,7,False,,False,290.0,0.0,0.6172413793103448,0.6172413793103448,,,,,0.2265028526306616,4.153510089451356,0.04457308496966748,0.05595700000412762,457cf9620785919e30dddd04dea54843dddb214a1d1b957607a0a6b99b4ff042,08310edee33fe7841e3de8484dce602bed1e73604ca17db1408d9b551fce0b90,2026-08-13
0,0.001,real,10,,,buy_and_hold,,8,False,,False,290.0,0.0,0.6482758620689655,0.6482758620689655,,,,,0.1819825299828437,3.5444752488400764,0.07889356123144528,0.05447560001630336,457cf9620785919e30dddd04dea54843dddb214a1d1b957607a0a6b99b4ff042,08310edee33fe7841e3de8484dce602bed1e73604ca17db1408d9b551fce0b90,2026-08-13
0,0.001,real,10,,,buy_and_hold,,9,False,,False,300.0,0.0,0.44333333333333336,0.44333333333333336,,,,,-0.06349672850263999,-0.8935841642541402,0.174398400350851,0.056069199985358864,457cf9620785919e30dddd04dea54843dddb214a1d1b957607a0a6b99b4ff042,08310edee33fe7841e3de8484dce602bed1e73604ca17db1408d9b551fce0b90,2026-08-13
0,0.001,real,10,,,buy_and_hold,,10,False,,False,290.0,0.0,0.6172413793103448,0.6172413793103448,,,,,0.12924325025911476,2.8425833098931443,0.04193034179057526,0.05507439997745678,457cf9620785919e30dddd04dea54843dddb214a1d1b957607a0a6b99b4ff042,08310edee33fe7841e3de8484dce602bed1e73604ca17db1408d9b551fce0b90,2026-08-13
0,0.001,real,10,,,buy_and_hold,,11,False,,False,290.0,0.0,0.4,0.4,,,,,-0.17637484338233467,-2.9331313641088186,0.17637484338233467,0.05512640002416447,457cf9620785919e30dddd04dea54843dddb214a1d1b957607a0a6b99b4ff042,08310edee33fe7841e3de8484dce602bed1e73604ca17db1408d9b551fce0b90,2026-08-13
0,0.001,real,10,,,buy_and_hold,,12,False,,False,285.0,0.0,0.6666666666666666,0.6666666666666666,,,,,0.2661988473618939,2.8407362459888277,0.09133986331956098,0.054369699966628104,457cf9620785919e30dddd04dea54843dddb214a1d1b957607a0a6b99b4ff042,08310edee33fe7841e3de8484dce602bed1e73604ca17db1408d9b551fce0b90,2026-08-13
0,0.001,real,10,,,buy_and_hold,,13,False,,False,300.0,0.0,0.64,0.64,,,,,0.15051270458085853,3.9013811257958984,0.032379680917168835,0.056949299992993474,457cf9620785919e30dddd04dea54843dddb214a1d1b957607a0a6b99b4ff042,08310edee33fe7841e3de8484dce602bed1e73604ca17db1408d9b551fce0b90,2026-08-13
0,0.001,real,10,,,buy_and_hold,,14,False,,False,295.0,0.0,0.5152542372881356,0.5152542372881356,,,,,0.06256423579205794,1.4356038597042873,0.06739475320120715,0.0553088000160642,457cf9620785919e30dddd04dea54843dddb214a1d1b957607a0a6b99b4ff042,08310edee33fe7841e3de8484dce602bed1e73604ca17db1408d9b551fce0b90,2026-08-13
0,0.001,real,10,,,buy_and_hold,,15,False,,False,285.0,0.0,0.4245614035087719,0.4245614035087719,,,,,-0.1434738066488801,-3.547527570100745,0.15619650770694166,0.05821690004086122,457cf9620785919e30dddd04dea54843dddb214a1d1b957607a0a6b99b4ff042,08310edee33fe7841e3de8484dce602bed1e73604ca17db1408d9b551fce0b90,2026-08-13
0,0.001,real,10,,,buy_and_hold,,16,False,,False,290.0,0.0,0.5793103448275863,0.5793103448275863,,,,,0.08568913418307122,1.761560675480944,0.13645681435075346,0.05488790001254529,457cf9620785919e30dddd04dea54843dddb214a1d1b957607a0a6b99b4ff042,08310edee33fe7841e3de8484dce602bed1e73604ca17db1408d9b551fce0b90,2026-08-13
0,0.001,real,10,12.0,0.08333333333333333,fits,C0_base,1,False,,False,305.0,6.0,0.5868852459016394,0.45901639344262296,0.018847414577658535,0.24449348722698358,0.025758872908253218,,0.0052919651533405165,1.1956051013323243,0.005499090181227832,3.8022576000075787,86725b2c8145743126938132f15475222fcdf9e6ba1927d1e712e27973147c64,b4f459d31bd46ecc1f1f44602ce7be130194145ea86e4ad76210239ba62139d8,2026-08-13
0,0.001,real,10,12.0,0.08333333333333333,fits,C0_base,2,False,,True,295.0,0.0,0.5491525423728814,0.5084745762711864,0.021755139163407176,0.1904884437665176,0.0298840775466745,,0.0,,0.0,3.0333359999931417,86725b2c8145743126938132f15475222fcdf9e6ba1927d1e712e27973147c64,b4f459d31bd46ecc1f1f44602ce7be130194145ea86e4ad76210239ba62139d8,2026-08-13
0,0.001,real,10,12.0,0.08333333333333333,fits,C0_base,3,False,,False,290.0,16.0,0.4517241379310345,0.6620689655172414,0.018722788844710157,0.3124920198231119,0.02524001184979671,,0.02042318112079089,1.8173080976502571,0.014853353804159058,3.2623266000300646,86725b2c8145743126938132f15475222fcdf9e6ba1927d1e712e27973147c64,b4f459d31bd46ecc1f1f44602ce7be130194145ea86e4ad76210239ba62139d8,2026-08-13
0,0.001,real,10,12.0,0.08333333333333333,fits,C0_base,4,False,,False,285.0,9.0,0.5894736842105263,0.656140350877193,0.014686285996584296,0.26013758023278044,0.022372222885067992,,0.008918958112853481,1.733768300662196,0.009784375032900108,3.501532699970994,86725b2c8145743126938132f15475222fcdf9e6ba1927d1e712e27973147c64,b4f459d31bd46ecc1f1f44602ce7be130194145ea86e4ad76210239ba62139d8,2026-08-13
0,0.001,real,10,12.0,0.08333333333333333,fits,C0_base,5,False,,False,305.0,14.0,0.4819672131147541,0.49508196721311476,0.013855485175309976,0.25294193306155244,0.018949894228543304,,-0.016894289547996322,-2.1712382558204477,0.0243678437452901,2.8513462000410073,86725b2c8145743126938132f15475222fcdf9e6ba1927d1e712e27973147c64,b4f459d31bd46ecc1f1f44602ce7be130194145ea86e4ad76210239ba62139d8,2026-08-13
0,0.001,real,10,12.0,0.08333333333333333,fits,C0_base,6,False,,False,295.0,0.0,0.4745762711864407,0.5661016949152542,0.01262117585816265,0.1920698134824785,0.017238611872335618,,0.0,,0.0,3.447812900005374,86725b2c8145743126938132f15475222fcdf9e6ba1927d1e712e27973147c64,b4f459d31bd46ecc1f1f44602ce7be130194145ea86e4ad76210239ba62139d8,2026-08-13
0,0.001,real,10,12.0,0.08333333333333333,fits,C0_base,7,False,,False,290.0,17.0,0.5655172413793104,0.6172413793103448,0.013073687407159232,0.2218127882568172,0.01943848081147547,,0.041774982013772055,3.9857706591287205,0.006652191660139909,2.8506276999833062,86725b2c8145743126938132f15475222fcdf9e6ba1927d1e712e27973147c64,b4f459d31bd46ecc1f1f44602ce7be130194145ea86e4ad76210239ba62139d8,2026-08-13
0,0.001,real,10,12.0,0.08333333333333333,fits,C0_base,8,False,,False,290.0,9.0,0.5482758620689655,0.6482758620689655,0.014604378930235237,0.18168488398330843,0.02101361913328385,,0.020236961129557196,3.4533479645287346,0.007163796880255023,3.1653549000038765,86725b2c8145743126938132f15475222fcdf9e6ba1927d1e712e27973147c64,b4f459d31bd46ecc1f1f44602ce7be130194145ea86e4ad76210239ba62139d8,2026-08-13
0,0.001,real,10,12.0,0.08333333333333333,fits,C0_base,9,False,,False,300.0,18.0,0.37666666666666665,0.44333333333333336,0.016536423492777022,0.1600186814221211,0.023979678376172722,,-0.03892820388608187,-3.809845664395092,0.04606820689867311,3.061832699982915,86725b2c8145743126938132f15475222fcdf9e6ba1927d1e712e27973147c64,b4f459d31bd46ecc1f1f44602ce7be130194145ea86e4ad76210239ba62139d8,2026-08-13
0,0.001,real,10,12.0,0.08333333333333333,fits,C0_base,10,False,,True,290.0,0.0,0.4827586206896552,0.6172413793103448,0.0131619348380073,0.19903214549242185,0.01795856168304155,,0.0,,0.0,3.7377760999952443,86725b2c8145743126938132f15475222fcdf9e6ba1927d1e712e27973147c64,b4f459d31bd46ecc1f1f44602ce7be130194145ea86e4ad76210239ba62139d8,2026-08-13
0,0.001,real,10,12.0,0.08333333333333333,fits,C0_base,11,False,,False,290.0,23.0,0.4241379310344828,0.4,0.01845847890245301,0.14361591884529865,0.0266864800138129,,-0.055984364381713725,-6.515093341609608,0.05765266572790138,2.811056600010488,86725b2c8145743126938132f15475222fcdf9e6ba1927d1e712e27973147c64,b4f459d31bd46ecc1f1f44602ce7be130194145ea86e4ad76210239ba62139d8,2026-08-13
0,0.001,real,10,12.0,0.08333333333333333,fits,C0_base,12,False,,True,285.0,0.0,0.42105263157894735,0.6701754385964912,0.01725053953521176,0.26222844520521654,0.025182903671058313,,0.0,,0.0,2.5038624000153504,86725b2c8145743126938132f15475222fcdf9e6ba1927d1e712e27973147c64,b4f459d31bd46ecc1f1f44602ce7be130194145ea86e4ad76210239ba62139d8,2026-08-13
0,0.001,real,10,12.0,0.08333333333333333,fits,C0_base,13,False,,False,300.0,15.0,0.49,0.64,0.011360863328806243,0.1956305110010023,0.01632912147585727,,0.03052221871752181,3.472546872062818,0.006192194382616426,3.0442744999891147,86725b2c8145743126938132f15475222fcdf9e6ba1927d1e712e27973147c64,b4f459d31bd46ecc1f1f44602ce7be130194145ea86e4ad76210239ba62139d8,2026-08-13
0,0.001,real,10,12.0,0.08333333333333333,fits,C0_base,14,False,,False,295.0,32.0,0.4542372881355932,0.5152542372881356,0.013320132474425362,0.1837387287361257,0.018261120789814997,,-0.00029023013762019545,0.009921233972255427,0.02187843473472901,3.4917251000297256,86725b2c8145743126938132f15475222fcdf9e6ba1927d1e712e27973147c64,b4f459d31bd46ecc1f1f44602ce7be130194145ea86e4ad76210239ba62139d8,2026-08-13
0,0.001,real,10,12.0,0.08333333333333333,fits,C0_base,15,False,,False,285.0,4.0,0.543859649122807,0.4245614035087719,0.014572337859139065,0.1485860484813675,0.019619022652333715,,-0.0059148621447401295,,0.012439585017519635,3.6898157999967225,86725b2c8145743126938132f15475222fcdf9e6ba1927d1e712e27973147c64,b4f459d31bd46ecc1f1f44602ce7be130194145ea86e4ad76210239ba62139d8,2026-08-13
0,0.001,real,10,12.0,0.08333333333333333,fits,C0_base,16,False,,False,290.0,17.0,0.5103448275862069,0.5793103448275863,0.016763248600477516,0.12862422064878087,0.021928364830703727,,-0.00467026945830018,-0.5438829522427835,0.022510748432281687,3.4439525000052527,86725b2c8145743126938132f15475222fcdf9e6ba1927d1e712e27973147c64,b4f459d31bd46ecc1f1f44602ce7be130194145ea86e4ad76210239ba62139d8,2026-08-13
0,0.001,real,10,12.0,0.08333333333333333,fits,C2_hybrid,-1,True,"deliberately empty (spec 6.4): FITS is univariate and filters frequencies itself, so pre-filtered wavelet bands are redundant",,,,,,,,,,,,,,0ac46e96c713dcb8ed514e1db09b7db1b9459457348d29e87774944527758274,78e0effa70731a99b5650d1cf5d71741223f2d427934f583055ba68e8abd22ca,2026-08-13
0,0.001,noise,10,,,buy_and_hold,,1,False,,False,305.0,0.0,0.4721311475409836,0.4721311475409836,,,,,0.003436944872071912,0.1705727790835811,0.0954038536072301,0.06910010002320632,457cf9620785919e30dddd04dea54843dddb214a1d1b957607a0a6b99b4ff042,08310edee33fe7841e3de8484dce602bed1e73604ca17db1408d9b551fce0b90,2026-08-13
0,0.001,noise,10,,,buy_and_hold,,2,False,,False,295.0,0.0,0.5254237288135594,0.5254237288135594,,,,,0.04712114800666556,1.3852530167285018,0.04143561045512615,0.061435499985236675,457cf9620785919e30dddd04dea54843dddb214a1d1b957607a0a6b99b4ff042,08310edee33fe7841e3de8484dce602bed1e73604ca17db1408d9b551fce0b90,2026-08-13
0,0.001,noise,10,,,buy_and_hold,,3,False,,False,290.0,0.0,0.5862068965517241,0.5862068965517241,,,,,0.14312698828774462,3.797020487618931,0.03222695816800772,0.0616886000498198,457cf9620785919e30dddd04dea54843dddb214a1d1b957607a0a6b99b4ff042,08310edee33fe7841e3de8484dce602bed1e73604ca17db1408d9b551fce0b90,2026-08-13
0,0.001,noise,10,,,buy_and_hold,,4,False,,False,285.0,0.0,0.5473684210526316,0.5473684210526316,,,,,0.1175720669833138,2.713744343264779,0.0691788110025767,0.06484910001745448,457cf9620785919e30dddd04dea54843dddb214a1d1b957607a0a6b99b4ff042,08310edee33fe7841e3de8484dce602bed1e73604ca17db1408d9b551fce0b90,2026-08-13
0,0.001,noise,10,,,buy_and_hold,,5,False,,False,305.0,0.0,0.45901639344262296,0.45901639344262296,,,,,-0.01748918175259051,-0.4080788793458667,0.0872587156633143,0.058968800003640354,457cf9620785919e30dddd04dea54843dddb214a1d1b957607a0a6b99b4ff042,08310edee33fe7841e3de8484dce602bed1e73604ca17db1408d9b551fce0b90,2026-08-13
0,0.001,noise,10,,,buy_and_hold,,6,False,,False,295.0,0.0,0.4847457627118644,0.4847457627118644,,,,,-0.036444712161190274,-1.0117336947094915,0.10381931617152551,0.058528800029307604,457cf9620785919e30dddd04dea54843dddb214a1d1b957607a0a6b99b4ff042,08310edee33fe7841e3de8484dce602bed1e73604ca17db1408d9b551fce0b90,2026-08-13
0,0.001,noise,10,,,buy_and_hold,,7,False,,False,290.0,0.0,0.45517241379310347,0.45517241379310347,,,,,-0.03823642519891768,-1.1462920830959218,0.05222412686578254,0.05932450003456324,457cf9620785919e30dddd04dea54843dddb214a1d1b957607a0a6b99b4ff042,08310edee33fe7841e3de8484dce602bed1e73604ca17db1408d9b551fce0b90,2026-08-13
0,0.001,noise,10,,,buy_and_hold,,8,False,,False,290.0,0.0,0.5241379310344828,0.5241379310344828,,,,,0.03796504862187455,1.1480901305841358,0.05442269684327797,0.06203809997532517,457cf9620785919e30dddd04dea54843dddb214a1d1b957607a0a6b99b4ff042,08310edee33fe7841e3de8484dce602bed1e73604ca17db1408d9b551fce0b90,2026-08-13
0,0.001,noise,10,,,buy_and_hold,,9,False,,False,300.0,0.0,0.48333333333333334,0.48333333333333334,,,,,-0.050085843361550975,-1.2930553934390674,0.07845362291731782,0.06153090001316741,457cf9620785919e30dddd04dea54843dddb214a1d1b957607a0a6b99b4ff042,08310edee33fe7841e3de8484dce602bed1e73604ca17db1408d9b551fce0b90,2026-08-13
0,0.001,noise,10,,,buy_and_hold,,10,False,,False,290.0,0.0,0.4896551724137931,0.4896551724137931,,,,,0.042212384850095486,1.1976005637577944,0.06752489522372508,0.05862899997737259,457cf9620785919e30dddd04dea54843dddb214a1d1b957607a0a6b99b4ff042,08310edee33fe7841e3de8484dce602bed1e73604ca17db1408d9b551fce0b90,2026-08-13
0,0.001,noise,10,,,buy_and_hold,,11,False,,False,290.0,0.0,0.5758620689655173,0.5758620689655173,,,,,0.0667809304705771,1.6524091446947486,0.048241461438076096,0.058725599956233054,457cf9620785919e30dddd04dea54843dddb214a1d1b957607a0a6b99b4ff042,08310edee33fe7841e3de8484dce602bed1e73604ca17db1408d9b551fce0b90,2026-08-13
0,0.001,noise,10,,,buy_and_hold,,12,False,,False,285.0,0.0,0.47017543859649125,0.47017543859649125,,,,,-0.09847761881916695,-2.1908603685629924,0.15565970592370199,0.05734399997163564,457cf9620785919e30dddd04dea54843dddb214a1d1b957607a0a6b99b4ff042,08310edee33fe7841e3de8484dce602bed1e73604ca17db1408d9b551fce0b90,2026-08-13
0,0.001,noise,10,,,buy_and_hold,,13,False,,False,300.0,0.0,0.5,0.5,,,,,0.04284349571491752,1.2333885739752828,0.041985424330288505,0.06224309996468946,457cf9620785919e30dddd04dea54843dddb214a1d1b957607a0a6b99b4ff042,08310edee33fe7841e3de8484dce602bed1e73604ca17db1408d9b551fce0b90,2026-08-13
0,0.001,noise,10,,,buy_and_hold,,14,False,,False,295.0,0.0,0.535593220338983,0.535593220338983,,,,,0.05757250359536226,1.5966247733748984,0.043644409744959756,0.060087299963925034,457cf9620785919e30dddd04dea54843dddb214a1d1b957607a0a6b99b4ff042,08310edee33fe7841e3de8484dce602bed1e73604ca17db1408d9b551fce0b90,2026-08-13
0,0.001,noise,10,,,buy_and_hold,,15,False,,False,285.0,0.0,0.4456140350877193,0.4456140350877193,,,,,-0.05166185896357822,-1.4656149766574835,0.09191141443825517,0.061971899995114654,457cf9620785919e30dddd04dea54843dddb214a1d1b957607a0a6b99b4ff042,08310edee33fe7841e3de8484dce602bed1e73604ca17db1408d9b551fce0b90,2026-08-13
0,0.001,noise,10,,,buy_and_hold,,16,False,,False,290.0,0.0,0.5482758620689655,0.5482758620689655,,,,,0.09070086738206151,2.3087487341678403,0.05427541252391011,0.06236640003044158,457cf9620785919e30dddd04dea54843dddb214a1d1b957607a0a6b99b4ff042,08310edee33fe7841e3de8484dce602bed1e73604ca17db1408d9b551fce0b90,2026-08-13
0,0.001,noise,10,12.0,0.08333333333333333,fits,C0_base,1,False,,False,305.0,18.0,0.43934426229508194,0.4721311475409836,0.01616005634874221,0.192429684581711,0.020951731116327362,,-0.007707609893862544,-0.7475985428095417,0.023168560703875615,2.8261985999997705,86725b2c8145743126938132f15475222fcdf9e6ba1927d1e712e27973147c64,b4f459d31bd46ecc1f1f44602ce7be130194145ea86e4ad76210239ba62139d8,2026-08-13
0,0.001,noise,10,12.0,0.08333333333333333,fits,C0_base,2,False,,False,295.0,15.0,0.5864406779661017,0.5254237288135594,0.01711938480594571,0.1860244315662452,0.021832959319241074,,0.006722350388857379,0.7591082879685521,0.013978444177630441,3.089142000011634,86725b2c8145743126938132f15475222fcdf9e6ba1927d1e712e27973147c64,b4f459d31bd46ecc1f1f44602ce7be130194145ea86e4ad76210239ba62139d8,2026-08-13
0,0.001,noise,10,12.0,0.08333333333333333,fits,C0_base,3,False,,False,290.0,18.0,0.46551724137931033,0.5862068965517241,0.017364009613824838,0.1349600745270129,0.02192480338147756,,0.005342995018168928,0.5067329102344261,0.017577435258427244,2.617473600024823,86725b2c8145743126938132f15475222fcdf9e6ba1927d1e712e27973147c64,b4f459d31bd46ecc1f1f44602ce7be130194145ea86e4ad76210239ba62139d8,2026-08-13
0,0.001,noise,10,12.0,0.08333333333333333,fits,C0_base,4,False,,False,285.0,8.0,0.49473684210526314,0.5473684210526316,0.01909285340329793,0.1281776342420822,0.025050606348717714,,-0.030965641822788936,-4.254959490875632,0.034437585729777766,2.596052900014911,86725b2c8145743126938132f15475222fcdf9e6ba1927d1e712e27973147c64,b4f459d31bd46ecc1f1f44602ce7be130194145ea86e4ad76210239ba62139d8,2026-08-13
0,0.001,noise,10,12.0,0.08333333333333333,fits,C0_base,5,False,,False,305.0,27.0,0.5245901639344263,0.45901639344262296,0.017233587886695073,0.17644069157838,0.02187158643715545,,-0.009118338875500287,-0.6747278417615502,0.03907514929618381,3.1942839000257663,86725b2c8145743126938132f15475222fcdf9e6ba1927d1e712e27973147c64,b4f459d31bd46ecc1f1f44602ce7be130194145ea86e4ad76210239ba62139d8,2026-08-13
0,0.001,noise,10,12.0,0.08333333333333333,fits,C0_base,6,False,,False,295.0,19.0,0.4542372881355932,0.4847457627118644,0.01808355564271846,0.17265383974195872,0.02352128777077292,,0.00594271721392281,0.6352937232124283,0.015536682674620403,4.01604389998829,86725b2c8145743126938132f15475222fcdf9e6ba1927d1e712e27973147c64,b4f459d31bd46ecc1f1f44602ce7be130194145ea86e4ad76210239ba62139d8,2026-08-13
0,0.001,noise,10,12.0,0.08333333333333333,fits,C0_base,7,False,,False,290.0,3.0,0.5275862068965518,0.45517241379310347,0.017165109273266112,0.15753478368801105,0.02205501128327064,,-0.011960137243385516,,0.01243379424120554,3.300701400032267,86725b2c8145743126938132f15475222fcdf9e6ba1927d1e712e27973147c64,b4f459d31bd46ecc1f1f44602ce7be130194145ea86e4ad76210239ba62139d8,2026-08-13
0,0.001,noise,10,12.0,0.08333333333333333,fits,C0_base,8,False,,True,290.0,0.0,0.4827586206896552,0.5241379310344828,0.01843148821170249,0.12407280868151699,0.02393881223385811,,0.0,,0.0,3.9799399999901652,86725b2c8145743126938132f15475222fcdf9e6ba1927d1e712e27973147c64,b4f459d31bd46ecc1f1f44602ce7be130194145ea86e4ad76210239ba62139d8,2026-08-13
0,0.001,noise,10,12.0,0.08333333333333333,fits,C0_base,9,False,,False,300.0,10.0,0.45,0.48333333333333334,0.018024793489497093,0.129488543587913,0.023695849917507183,,-0.005913151037677644,-0.7331237714088557,0.015398057089128968,3.7652999000274576,86725b2c8145743126938132f15475222fcdf9e6ba1927d1e712e27973147c64,b4f459d31bd46ecc1f1f44602ce7be130194145ea86e4ad76210239ba62139d8,2026-08-13
0,0.001,noise,10,12.0,0.08333333333333333,fits,C0_base,10,False,,True,290.0,0.0,0.503448275862069,0.4896551724137931,0.01732019403238625,0.14546619147534567,0.02168180641341464,,0.0,,0.0,3.521040300023742,86725b2c8145743126938132f15475222fcdf9e6ba1927d1e712e27973147c64,b4f459d31bd46ecc1f1f44602ce7be130194145ea86e4ad76210239ba62139d8,2026-08-13
0,0.001,noise,10,12.0,0.08333333333333333,fits,C0_base,11,False,,True,290.0,0.0,0.5448275862068965,0.5758620689655173,0.018725097709494633,0.10808757042433831,0.02391056232043476,,0.0,,0.0,3.687403900024947,86725b2c8145743126938132f15475222fcdf9e6ba1927d1e712e27973147c64,b4f459d31bd46ecc1f1f44602ce7be130194145ea86e4ad76210239ba62139d8,2026-08-13
0,0.001,noise,10,12.0,0.08333333333333333,fits,C0_base,12,False,,False,285.0,27.0,0.5087719298245614,0.47017543859649125,0.01705753895474042,0.1518395639435425,0.022019241277959387,,-0.016854444921755918,-1.382735805104042,0.0322247312441408,3.0990699999965727,86725b2c8145743126938132f15475222fcdf9e6ba1927d1e712e27973147c64,b4f459d31bd46ecc1f1f44602ce7be130194145ea86e4ad76210239ba62139d8,2026-08-13
0,0.001,noise,10,12.0,0.08333333333333333,fits,C0_base,13,False,,False,300.0,1.0,0.5066666666666667,0.5,0.01739993758407378,0.12617653113942623,0.022329871588331142,,-0.0030584883623274717,,0.005582970658652097,3.231150899955537,86725b2c8145743126938132f15475222fcdf9e6ba1927d1e712e27973147c64,b4f459d31bd46ecc1f1f44602ce7be130194145ea86e4ad76210239ba62139d8,2026-08-13
0,0.001,noise,10,12.0,0.08333333333333333,fits,C0_base,14,False,,False,295.0,28.0,0.5457627118644067,0.535593220338983,0.017287646542603074,0.16861731807561836,0.022270029130285154,,0.05234833319511312,3.561446861826299,0.011153212951741006,2.7463485000189394,86725b2c8145743126938132f15475222fcdf9e6ba1927d1e712e27973147c64,b4f459d31bd46ecc1f1f44602ce7be130194145ea86e4ad76210239ba62139d8,2026-08-13
0,0.001,noise,10,12.0,0.08333333333333333,fits,C0_base,15,False,,False,285.0,10.0,0.47368421052631576,0.4456140350877193,0.017288261252572375,0.1563983505322276,0.02319669752597739,,0.0016886116999847989,0.2324989961414434,0.012140392667315807,3.092702299996745,86725b2c8145743126938132f15475222fcdf9e6ba1927d1e712e27973147c64,b4f459d31bd46ecc1f1f44602ce7be130194145ea86e4ad76210239ba62139d8,2026-08-13
0,0.001,noise,10,12.0,0.08333333333333333,fits,C0_base,16,False,,True,290.0,0.0,0.5689655172413793,0.5482758620689655,0.0168862653468391,0.13524852751163743,0.021326391572609057,,0.0,,0.0,3.34166739997454,86725b2c8145743126938132f15475222fcdf9e6ba1927d1e712e27973147c64,b4f459d31bd46ecc1f1f44602ce7be130194145ea86e4ad76210239ba62139d8,2026-08-13
0,0.001,noise,10,12.0,0.08333333333333333,fits,C2_hybrid,-1,True,"deliberately empty (spec 6.4): FITS is univariate and filters frequencies itself, so pre-filtered wavelet bands are redundant",,,,,,,,,,,,,,0ac46e96c713dcb8ed514e1db09b7db1b9459457348d29e87774944527758274,78e0effa70731a99b5650d1cf5d71741223f2d427934f583055ba68e8abd22ca,2026-08-13
0,0.001,real,20,,,buy_and_hold,,1,False,,False,305.0,0.0,0.45901639344262296,0.45901639344262296,,,,,-0.09269587125081236,-1.005960747344811,0.22655221099340062,0.05647979996865615,9704f31cbe1c85cf9f34cf176037a181b0ffe25ea83ef6604ee0183470242d5f,66284a12cfcdcc4256728d748d2c11080c0adfab904c1ef1d16688bc2f5521f3,2026-08-13
0,0.001,real,20,,,buy_and_hold,,2,False,,False,295.0,0.0,0.5050847457627119,0.5050847457627119,,,,,-0.06429737471218377,-0.46864086292435314,0.1424587749939713,0.05572629999369383,9704f31cbe1c85cf9f34cf176037a181b0ffe25ea83ef6604ee0183470242d5f,66284a12cfcdcc4256728d748d2c11080c0adfab904c1ef1d16688bc2f5521f3,2026-08-13
0,0.001,real,20,,,buy_and_hold,,3,False,,False,290.0,0.0,0.6620689655172414,0.6620689655172414,,,,,0.3199465408441078,4.11975107893535,0.08395283462381467,0.058855799958109856,9704f31cbe1c85cf9f34cf176037a181b0ffe25ea83ef6604ee0183470242d5f,66284a12cfcdcc4256728d748d2c11080c0adfab904c1ef1d16688bc2f5521f3,2026-08-13
0,0.001,real,20,,,buy_and_hold,,4,False,,False,285.0,0.0,0.656140350877193,0.656140350877193,,,,,0.253717512749454,4.1945078393773585,0.03311585313931901,0.0550478000077419,9704f31cbe1c85cf9f34cf176037a181b0ffe25ea83ef6604ee0183470242d5f,66284a12cfcdcc4256728d748d2c11080c0adfab904c1ef1d16688bc2f5521f3,2026-08-13
0,0.001,real,20,,,buy_and_hold,,5,False,,False,305.0,0.0,0.49508196721311476,0.49508196721311476,,,,,-0.013746494180392421,-0.17355590230439336,0.08677403237299025,0.05727320001460612,9704f31cbe1c85cf9f34cf176037a181b0ffe25ea83ef6604ee0183470242d5f,66284a12cfcdcc4256728d748d2c11080c0adfab904c1ef1d16688bc2f5521f3,2026-08-13
0,0.001,real,20,,,buy_and_hold,,6,False,,False,295.0,0.0,0.5661016949152542,0.5661016949152542,,,,,0.11511801795412602,2.450726538107511,0.08962101478621556,0.05594529997324571,9704f31cbe1c85cf9f34cf176037a181b0ffe25ea83ef6604ee0183470242d5f,66284a12cfcdcc4256728d748d2c11080c0adfab904c1ef1d16688bc2f5521f3,2026-08-13
0,0.001,real,20,,,buy_and_hold,,7,False,,False,290.0,0.0,0.6172413793103448,0.6172413793103448,,,,,0.2265028526306616,4.153510089451356,0.04457308496966748,0.05766270001186058,9704f31cbe1c85cf9f34cf176037a181b0ffe25ea83ef6604ee0183470242d5f,66284a12cfcdcc4256728d748d2c11080c0adfab904c1ef1d16688bc2f5521f3,2026-08-13
0,0.001,real,20,,,buy_and_hold,,8,False,,False,290.0,0.0,0.6482758620689655,0.6482758620689655,,,,,0.1819825299828437,3.5444752488400764,0.07889356123144528,0.0592608000151813,9704f31cbe1c85cf9f34cf176037a181b0ffe25ea83ef6604ee0183470242d5f,66284a12cfcdcc4256728d748d2c11080c0adfab904c1ef1d16688bc2f5521f3,2026-08-13
0,0.001,real,20,,,buy_and_hold,,9,False,,False,300.0,0.0,0.44333333333333336,0.44333333333333336,,,,,-0.06349672850263999,-0.8935841642541402,0.174398400350851,0.05512129998533055,9704f31cbe1c85cf9f34cf176037a181b0ffe25ea83ef6604ee0183470242d5f,66284a12cfcdcc4256728d748d2c11080c0adfab904c1ef1d16688bc2f5521f3,2026-08-13
0,0.001,real,20,,,buy_and_hold,,10,False,,False,290.0,0.0,0.6172413793103448,0.6172413793103448,,,,,0.12924325025911476,2.8425833098931443,0.04193034179057526,0.055446800019126385,9704f31cbe1c85cf9f34cf176037a181b0ffe25ea83ef6604ee0183470242d5f,66284a12cfcdcc4256728d748d2c11080c0adfab904c1ef1d16688bc2f5521f3,2026-08-13
0,0.001,real,20,,,buy_and_hold,,11,False,,False,290.0,0.0,0.4,0.4,,,,,-0.17637484338233467,-2.9331313641088186,0.17637484338233467,0.05444619996706024,9704f31cbe1c85cf9f34cf176037a181b0ffe25ea83ef6604ee0183470242d5f,66284a12cfcdcc4256728d748d2c11080c0adfab904c1ef1d16688bc2f5521f3,2026-08-13
0,0.001,real,20,,,buy_and_hold,,12,False,,False,285.0,0.0,0.6666666666666666,0.6666666666666666,,,,,0.2661988473618939,2.8407362459888277,0.09133986331956098,0.054463300039060414,9704f31cbe1c85cf9f34cf176037a181b0ffe25ea83ef6604ee0183470242d5f,66284a12cfcdcc4256728d748d2c11080c0adfab904c1ef1d16688bc2f5521f3,2026-08-13
0,0.001,real,20,,,buy_and_hold,,13,False,,False,300.0,0.0,0.64,0.64,,,,,0.15051270458085853,3.9013811257958984,0.032379680917168835,0.05836329999146983,9704f31cbe1c85cf9f34cf176037a181b0ffe25ea83ef6604ee0183470242d5f,66284a12cfcdcc4256728d748d2c11080c0adfab904c1ef1d16688bc2f5521f3,2026-08-13
0,0.001,real,20,,,buy_and_hold,,14,False,,False,295.0,0.0,0.5152542372881356,0.5152542372881356,,,,,0.06256423579205794,1.4356038597042873,0.06739475320120715,0.055878099985420704,9704f31cbe1c85cf9f34cf176037a181b0ffe25ea83ef6604ee0183470242d5f,66284a12cfcdcc4256728d748d2c11080c0adfab904c1ef1d16688bc2f5521f3,2026-08-13
0,0.001,real,20,,,buy_and_hold,,15,False,,False,285.0,0.0,0.4245614035087719,0.4245614035087719,,,,,-0.1434738066488801,-3.547527570100745,0.15619650770694166,0.05487280001398176,9704f31cbe1c85cf9f34cf176037a181b0ffe25ea83ef6604ee0183470242d5f,66284a12cfcdcc4256728d748d2c11080c0adfab904c1ef1d16688bc2f5521f3,2026-08-13
0,0.001,real,20,,,buy_and_hold,,16,False,,False,290.0,0.0,0.5793103448275863,0.5793103448275863,,,,,0.08568913418307122,1.761560675480944,0.13645681435075346,0.05742529995040968,9704f31cbe1c85cf9f34cf176037a181b0ffe25ea83ef6604ee0183470242d5f,66284a12cfcdcc4256728d748d2c11080c0adfab904c1ef1d16688bc2f5521f3,2026-08-13
0,0.001,real,20,6.0,0.16666666666666666,fits,C0_base,1,False,,True,305.0,0.0,0.5442622950819672,0.45901639344262296,0.018853063317157033,0.22215385835983226,0.025759360120320724,,0.0,,0.0,2.625238199951127,acc013b350556131e06ab8da7408ac986a201c87c7821e1616c8546442c7c923,584d93819467a41e36a04d5f900dbdf28446957147014564e01bdc6a21bd4d68,2026-08-13
0,0.001,real,20,6.0,0.16666666666666666,fits,C0_base,2,False,,True,295.0,0.0,0.5491525423728814,0.5084745762711864,0.02173052289162048,0.1301632185824678,0.02968198113864129,,0.0,,0.0,3.1097070000250824,acc013b350556131e06ab8da7408ac986a201c87c7821e1616c8546442c7c923,584d93819467a41e36a04d5f900dbdf28446957147014564e01bdc6a21bd4d68,2026-08-13
0,0.001,real,20,6.0,0.16666666666666666,fits,C0_base,3,False,,False,290.0,3.0,0.43448275862068964,0.6620689655172414,0.018381657334312025,0.18564680165595515,0.02481200515238878,,-0.00020687068784053242,,0.004254172734681175,4.380369500024244,acc013b350556131e06ab8da7408ac986a201c87c7821e1616c8546442c7c923,584d93819467a41e36a04d5f900dbdf28446957147014564e01bdc6a21bd4d68,2026-08-13
0,0.001,real,20,6.0,0.16666666666666666,fits,C0_base,4,False,,False,285.0,28.0,0.5789473684210527,0.656140350877193,0.01440313624758698,0.20432075870067026,0.02205957915427231,,0.05979120906757451,3.2070317192240836,0.015545484739026356,2.427282400021795,acc013b350556131e06ab8da7408ac986a201c87c7821e1616c8546442c7c923,584d93819467a41e36a04d5f900dbdf28446957147014564e01bdc6a21bd4d68,2026-08-13
0,0.001,real,20,6.0,0.16666666666666666,fits,C0_base,5,False,,False,305.0,19.0,0.4786885245901639,0.49508196721311476,0.013808734219567912,0.23452377021966883,0.018911845316340374,,-0.022132799516165647,-1.7704110773610167,0.02850241782811403,2.83208670001477,acc013b350556131e06ab8da7408ac986a201c87c7821e1616c8546442c7c923,584d93819467a41e36a04d5f900dbdf28446957147014564e01bdc6a21bd4d68,2026-08-13
0,0.001,real,20,6.0,0.16666666666666666,fits,C0_base,6,False,,False,295.0,2.0,0.535593220338983,0.5661016949152542,0.012271123826617325,0.14663016166620205,0.016818910740783056,,-0.007855024892663098,,0.009431060249193168,3.561524000018835,acc013b350556131e06ab8da7408ac986a201c87c7821e1616c8546442c7c923,584d93819467a41e36a04d5f900dbdf28446957147014564e01bdc6a21bd4d68,2026-08-13
0,0.001,real,20,6.0,0.16666666666666666,fits,C0_base,7,False,,False,290.0,20.0,0.5275862068965518,0.6172413793103448,0.013174677683950854,0.18177183361858,0.019567286249462943,,0.027918812270345095,2.0604085487445225,0.018216594853317575,3.578938399965409,acc013b350556131e06ab8da7408ac986a201c87c7821e1616c8546442c7c923,584d93819467a41e36a04d5f900dbdf28446957147014564e01bdc6a21bd4d68,2026-08-13
0,0.001,real,20,6.0,0.16666666666666666,fits,C0_base,8,False,,False,290.0,11.0,0.5482758620689655,0.6482758620689655,0.01450154962182057,0.16041548607127992,0.02093469855260533,,0.0417735145985898,4.440916941510987,0.0033553244387443107,3.440104200039059,acc013b350556131e06ab8da7408ac986a201c87c7821e1616c8546442c7c923,584d93819467a41e36a04d5f900dbdf28446957147014564e01bdc6a21bd4d68,2026-08-13
0,0.001,real,20,6.0,0.16666666666666666,fits,C0_base,9,False,,False,300.0,10.0,0.38,0.44333333333333336,0.016351485980249696,0.10775657231052332,0.023751031488885407,,-0.0215237090051833,-2.2216747720069976,0.027596374636918157,3.4516839999705553,acc013b350556131e06ab8da7408ac986a201c87c7821e1616c8546442c7c923,584d93819467a41e36a04d5f900dbdf28446957147014564e01bdc6a21bd4d68,2026-08-13
0,0.001,real,20,6.0,0.16666666666666666,fits,C0_base,10,False,,True,290.0,0.0,0.49310344827586206,0.6172413793103448,0.013027985314283489,0.1531678504566366,0.017831738180129793,,0.0,,0.0,3.3307941000093706,acc013b350556131e06ab8da7408ac986a201c87c7821e1616c8546442c7c923,584d93819467a41e36a04d5f900dbdf28446957147014564e01bdc6a21bd4d68,2026-08-13
0,0.001,real,20,6.0,0.16666666666666666,fits,C0_base,11,False,,False,290.0,16.0,0.4724137931034483,0.4,0.018313672007889942,0.11473398280082593,0.026397275335423985,,-0.02883795445916182,-3.7584217305881555,0.03564237220640104,3.679936899978202,acc013b350556131e06ab8da7408ac986a201c87c7821e1616c8546442c7c923,584d93819467a41e36a04d5f900dbdf28446957147014564e01bdc6a21bd4d68,2026-08-13
0,0.001,real,20,6.0,0.16666666666666666,fits,C0_base,12,False,,True,285.0,0.0,0.41754385964912283,0.6701754385964912,0.016736021810159752,0.18356397626810006,0.02480599716031365,,0.0,,0.0,2.5637048999778926,acc013b350556131e06ab8da7408ac986a201c87c7821e1616c8546442c7c923,584d93819467a41e36a04d5f900dbdf28446957147014564e01bdc6a21bd4d68,2026-08-13
0,0.001,real,20,6.0,0.16666666666666666,fits,C0_base,13,False,,False,300.0,15.0,0.49666666666666665,0.64,0.011028473137378206,0.10810531186918,0.01605865778187281,,0.015938380153453835,1.8520370535772324,0.011349278604430363,3.1874515999807045,acc013b350556131e06ab8da7408ac986a201c87c7821e1616c8546442c7c923,584d93819467a41e36a04d5f900dbdf28446957147014564e01bdc6a21bd4d68,2026-08-13
0,0.001,real,20,6.0,0.16666666666666666,fits,C0_base,14,False,,False,295.0,31.0,0.49830508474576274,0.5152542372881356,0.013287228536152657,0.14590769547271062,0.018180953537880205,,-0.0066136980762999675,-0.41727883404351346,0.02459178951373397,3.1913987000007182,acc013b350556131e06ab8da7408ac986a201c87c7821e1616c8546442c7c923,584d93819467a41e36a04d5f900dbdf28446957147014564e01bdc6a21bd4d68,2026-08-13
0,0.001,real,20,6.0,0.16666666666666666,fits,C0_base,15,False,,False,285.0,5.0,0.5263157894736842,0.4245614035087719,0.014639681108416687,0.13290250311180016,0.019719941098428808,,-0.011140929031305702,-2.6373562614714072,0.017246877455762647,3.113329000014346,acc013b350556131e06ab8da7408ac986a201c87c7821e1616c8546442c7c923,584d93819467a41e36a04d5f900dbdf28446957147014564e01bdc6a21bd4d68,2026-08-13
0,0.001,real,20,6.0,0.16666666666666666,fits,C0_base,16,False,,False,290.0,7.0,0.4482758620689655,0.5793103448275863,0.016768970933488836,0.08502983732252589,0.02205896838255771,,-0.021421029327148178,-3.0848055617288805,0.021600193220185554,3.5809398000128567,acc013b350556131e06ab8da7408ac986a201c87c7821e1616c8546442c7c923,584d93819467a41e36a04d5f900dbdf28446957147014564e01bdc6a21bd4d68,2026-08-13
0,0.001,real,20,6.0,0.16666666666666666,fits,C2_hybrid,-1,True,"deliberately empty (spec 6.4): FITS is univariate and filters frequencies itself, so pre-filtered wavelet bands are redundant",,,,,,,,,,,,,,f64c59709e9c5092d5cef4970cc0bc0ffee81293408f95c5531f636faee84d80,96cb1b08ec25f2158613ff939ffef3dbbd903ef9b41fdb85cd8dfb6cbfc3c2dc,2026-08-13
0,0.001,noise,20,,,buy_and_hold,,1,False,,False,305.0,0.0,0.4721311475409836,0.4721311475409836,,,,,0.003436944872071912,0.1705727790835811,0.0954038536072301,0.05904459999874234,9704f31cbe1c85cf9f34cf176037a181b0ffe25ea83ef6604ee0183470242d5f,66284a12cfcdcc4256728d748d2c11080c0adfab904c1ef1d16688bc2f5521f3,2026-08-13
0,0.001,noise,20,,,buy_and_hold,,2,False,,False,295.0,0.0,0.5254237288135594,0.5254237288135594,,,,,0.04712114800666556,1.3852530167285018,0.04143561045512615,0.06264479999663308,9704f31cbe1c85cf9f34cf176037a181b0ffe25ea83ef6604ee0183470242d5f,66284a12cfcdcc4256728d748d2c11080c0adfab904c1ef1d16688bc2f5521f3,2026-08-13
0,0.001,noise,20,,,buy_and_hold,,3,False,,False,290.0,0.0,0.5862068965517241,0.5862068965517241,,,,,0.14312698828774462,3.797020487618931,0.03222695816800772,0.06647160003194585,9704f31cbe1c85cf9f34cf176037a181b0ffe25ea83ef6604ee0183470242d5f,66284a12cfcdcc4256728d748d2c11080c0adfab904c1ef1d16688bc2f5521f3,2026-08-13
0,0.001,noise,20,,,buy_and_hold,,4,False,,False,285.0,0.0,0.5473684210526316,0.5473684210526316,,,,,0.1175720669833138,2.713744343264779,0.0691788110025767,0.05997539998497814,9704f31cbe1c85cf9f34cf176037a181b0ffe25ea83ef6604ee0183470242d5f,66284a12cfcdcc4256728d748d2c11080c0adfab904c1ef1d16688bc2f5521f3,2026-08-13
0,0.001,noise,20,,,buy_and_hold,,5,False,,False,305.0,0.0,0.45901639344262296,0.45901639344262296,,,,,-0.01748918175259051,-0.4080788793458667,0.0872587156633143,0.0592414999846369,9704f31cbe1c85cf9f34cf176037a181b0ffe25ea83ef6604ee0183470242d5f,66284a12cfcdcc4256728d748d2c11080c0adfab904c1ef1d16688bc2f5521f3,2026-08-13
0,0.001,noise,20,,,buy_and_hold,,6,False,,False,295.0,0.0,0.4847457627118644,0.4847457627118644,,,,,-0.036444712161190274,-1.0117336947094915,0.10381931617152551,0.059821900038514286,9704f31cbe1c85cf9f34cf176037a181b0ffe25ea83ef6604ee0183470242d5f,66284a12cfcdcc4256728d748d2c11080c0adfab904c1ef1d16688bc2f5521f3,2026-08-13
0,0.001,noise,20,,,buy_and_hold,,7,False,,False,290.0,0.0,0.45517241379310347,0.45517241379310347,,,,,-0.03823642519891768,-1.1462920830959218,0.05222412686578254,0.058458899962715805,9704f31cbe1c85cf9f34cf176037a181b0ffe25ea83ef6604ee0183470242d5f,66284a12cfcdcc4256728d748d2c11080c0adfab904c1ef1d16688bc2f5521f3,2026-08-13
0,0.001,noise,20,,,buy_and_hold,,8,False,,False,290.0,0.0,0.5241379310344828,0.5241379310344828,,,,,0.03796504862187455,1.1480901305841358,0.05442269684327797,0.05834139999933541,9704f31cbe1c85cf9f34cf176037a181b0ffe25ea83ef6604ee0183470242d5f,66284a12cfcdcc4256728d748d2c11080c0adfab904c1ef1d16688bc2f5521f3,2026-08-13
0,0.001,noise,20,,,buy_and_hold,,9,False,,False,300.0,0.0,0.48333333333333334,0.48333333333333334,,,,,-0.050085843361550975,-1.2930553934390674,0.07845362291731782,0.05968750000465661,9704f31cbe1c85cf9f34cf176037a181b0ffe25ea83ef6604ee0183470242d5f,66284a12cfcdcc4256728d748d2c11080c0adfab904c1ef1d16688bc2f5521f3,2026-08-13
0,0.001,noise,20,,,buy_and_hold,,10,False,,False,290.0,0.0,0.4896551724137931,0.4896551724137931,,,,,0.042212384850095486,1.1976005637577944,0.06752489522372508,0.05874659999972209,9704f31cbe1c85cf9f34cf176037a181b0ffe25ea83ef6604ee0183470242d5f,66284a12cfcdcc4256728d748d2c11080c0adfab904c1ef1d16688bc2f5521f3,2026-08-13
0,0.001,noise,20,,,buy_and_hold,,11,False,,False,290.0,0.0,0.5758620689655173,0.5758620689655173,,,,,0.0667809304705771,1.6524091446947486,0.048241461438076096,0.06341020000400022,9704f31cbe1c85cf9f34cf176037a181b0ffe25ea83ef6604ee0183470242d5f,66284a12cfcdcc4256728d748d2c11080c0adfab904c1ef1d16688bc2f5521f3,2026-08-13
0,0.001,noise,20,,,buy_and_hold,,12,False,,False,285.0,0.0,0.47017543859649125,0.47017543859649125,,,,,-0.09847761881916695,-2.1908603685629924,0.15565970592370199,0.06056090001948178,9704f31cbe1c85cf9f34cf176037a181b0ffe25ea83ef6604ee0183470242d5f,66284a12cfcdcc4256728d748d2c11080c0adfab904c1ef1d16688bc2f5521f3,2026-08-13
0,0.001,noise,20,,,buy_and_hold,,13,False,,False,300.0,0.0,0.5,0.5,,,,,0.04284349571491752,1.2333885739752828,0.041985424330288505,0.06002549995901063,9704f31cbe1c85cf9f34cf176037a181b0ffe25ea83ef6604ee0183470242d5f,66284a12cfcdcc4256728d748d2c11080c0adfab904c1ef1d16688bc2f5521f3,2026-08-13
0,0.001,noise,20,,,buy_and_hold,,14,False,,False,295.0,0.0,0.535593220338983,0.535593220338983,,,,,0.05757250359536226,1.5966247733748984,0.043644409744959756,0.06015749997459352,9704f31cbe1c85cf9f34cf176037a181b0ffe25ea83ef6604ee0183470242d5f,66284a12cfcdcc4256728d748d2c11080c0adfab904c1ef1d16688bc2f5521f3,2026-08-13
0,0.001,noise,20,,,buy_and_hold,,15,False,,False,285.0,0.0,0.4456140350877193,0.4456140350877193,,,,,-0.05166185896357822,-1.4656149766574835,0.09191141443825517,0.058239799982402474,9704f31cbe1c85cf9f34cf176037a181b0ffe25ea83ef6604ee0183470242d5f,66284a12cfcdcc4256728d748d2c11080c0adfab904c1ef1d16688bc2f5521f3,2026-08-13
0,0.001,noise,20,,,buy_and_hold,,16,False,,False,290.0,0.0,0.5482758620689655,0.5482758620689655,,,,,0.09070086738206151,2.3087487341678403,0.05427541252391011,0.05899459996726364,9704f31cbe1c85cf9f34cf176037a181b0ffe25ea83ef6604ee0183470242d5f,66284a12cfcdcc4256728d748d2c11080c0adfab904c1ef1d16688bc2f5521f3,2026-08-13
0,0.001,noise,20,6.0,0.16666666666666666,fits,C0_base,1,False,,False,305.0,15.0,0.4524590163934426,0.4721311475409836,0.015957067761122205,0.17124504005304708,0.020660700223544475,,0.003878123045508053,0.4259764595134349,0.018646264241052764,2.8225030999747105,acc013b350556131e06ab8da7408ac986a201c87c7821e1616c8546442c7c923,584d93819467a41e36a04d5f900dbdf28446957147014564e01bdc6a21bd4d68,2026-08-13
0,0.001,noise,20,6.0,0.16666666666666666,fits,C0_base,2,False,,False,295.0,3.0,0.5796610169491525,0.5254237288135594,0.01709889949063558,0.17205481148193985,0.021861714777940338,,0.011948503005812627,,0.0030584883623145966,3.073075099964626,acc013b350556131e06ab8da7408ac986a201c87c7821e1616c8546442c7c923,584d93819467a41e36a04d5f900dbdf28446957147014564e01bdc6a21bd4d68,2026-08-13
0,0.001,noise,20,6.0,0.16666666666666666,fits,C0_base,3,False,,False,290.0,13.0,0.44482758620689655,0.5862068965517241,0.01742989083351502,0.10954095160342392,0.022021760682363438,,0.0056043696638601315,0.6683518469494754,0.013452112075177252,3.1438879999914207,acc013b350556131e06ab8da7408ac986a201c87c7821e1616c8546442c7c923,584d93819467a41e36a04d5f900dbdf28446957147014564e01bdc6a21bd4d68,2026-08-13
0,0.001,noise,20,6.0,0.16666666666666666,fits,C0_base,4,False,,False,285.0,4.0,0.5263157894736842,0.5473684210526316,0.01911171328755773,0.10344967261574037,0.025065314649210895,,0.007951025492918928,,0.012152004408107637,2.764068899967242,acc013b350556131e06ab8da7408ac986a201c87c7821e1616c8546442c7c923,584d93819467a41e36a04d5f900dbdf28446957147014564e01bdc6a21bd4d68,2026-08-13
0,0.001,noise,20,6.0,0.16666666666666666,fits,C0_base,5,False,,False,305.0,29.0,0.5540983606557377,0.45901639344262296,0.01720706566370161,0.14727013763241217,0.021844613590257883,,-0.012922080553613435,-1.006840980545318,0.03508201551817692,3.2600728000397794,acc013b350556131e06ab8da7408ac986a201c87c7821e1616c8546442c7c923,584d93819467a41e36a04d5f900dbdf28446957147014564e01bdc6a21bd4d68,2026-08-13
0,0.001,noise,20,6.0,0.16666666666666666,fits,C0_base,6,False,,False,295.0,3.0,0.5050847457627119,0.4847457627118644,0.0178603231046712,0.10857827173409579,0.023223617735427107,,-0.0006273909341080186,,0.00688902174211546,3.5235934000229463,acc013b350556131e06ab8da7408ac986a201c87c7821e1616c8546442c7c923,584d93819467a41e36a04d5f900dbdf28446957147014564e01bdc6a21bd4d68,2026-08-13
0,0.001,noise,20,6.0,0.16666666666666666,fits,C0_base,7,False,,False,290.0,9.0,0.496551724137931,0.45517241379310347,0.01718158667393206,0.1358575019842455,0.0220814980772684,,-0.029868438935456654,-4.209196372279759,0.030814834013889913,3.1136809999588877,acc013b350556131e06ab8da7408ac986a201c87c7821e1616c8546442c7c923,584d93819467a41e36a04d5f900dbdf28446957147014564e01bdc6a21bd4d68,2026-08-13
0,0.001,noise,20,6.0,0.16666666666666666,fits,C0_base,8,False,,True,290.0,0.0,0.4517241379310345,0.5241379310344828,0.018426007315029296,0.08270446666789849,0.0239928845677476,,0.0,,0.0,3.147063300013542,acc013b350556131e06ab8da7408ac986a201c87c7821e1616c8546442c7c923,584d93819467a41e36a04d5f900dbdf28446957147014564e01bdc6a21bd4d68,2026-08-13
0,0.001,noise,20,6.0,0.16666666666666666,fits,C0_base,9,False,,False,300.0,23.0,0.43333333333333335,0.48333333333333334,0.01790912491948101,0.09016289329567022,0.023594561890969142,,-0.022008586161500476,-1.6034767621195982,0.03302742572232864,3.2236346999998204,acc013b350556131e06ab8da7408ac986a201c87c7821e1616c8546442c7c923,584d93819467a41e36a04d5f900dbdf28446957147014564e01bdc6a21bd4d68,2026-08-13
0,0.001,noise,20,6.0,0.16666666666666666,fits,C0_base,10,False,,True,290.0,0.0,0.506896551724138,0.4896551724137931,0.017327402606912998,0.11530864730138089,0.02160696275227627,,0.0,,0.0,3.7325664999661967,acc013b350556131e06ab8da7408ac986a201c87c7821e1616c8546442c7c923,584d93819467a41e36a04d5f900dbdf28446957147014564e01bdc6a21bd4d68,2026-08-13
0,0.001,noise,20,6.0,0.16666666666666666,fits,C0_base,11,False,,True,290.0,0.0,0.5,0.5758620689655173,0.01868372629197328,0.08920383493650944,0.02386046890625627,,0.0,,0.0,3.2017293000244536,acc013b350556131e06ab8da7408ac986a201c87c7821e1616c8546442c7c923,584d93819467a41e36a04d5f900dbdf28446957147014564e01bdc6a21bd4d68,2026-08-13
0,0.001,noise,20,6.0,0.16666666666666666,fits,C0_base,12,False,,False,285.0,28.0,0.5017543859649123,0.47017543859649125,0.017144765839467193,0.12309880009391228,0.021995504346921674,,-0.003846328418494638,-0.29197013486664664,0.027375603826648612,3.702670200029388,acc013b350556131e06ab8da7408ac986a201c87c7821e1616c8546442c7c923,584d93819467a41e36a04d5f900dbdf28446957147014564e01bdc6a21bd4d68,2026-08-13
0,0.001,noise,20,6.0,0.16666666666666666,fits,C0_base,13,False,,False,300.0,1.0,0.54,0.5,0.017266891920582214,0.09529874723045355,0.022126512130149375,,-0.0030584883623274717,,0.005582970658652097,3.22380360000534,acc013b350556131e06ab8da7408ac986a201c87c7821e1616c8546442c7c923,584d93819467a41e36a04d5f900dbdf28446957147014564e01bdc6a21bd4d68,2026-08-13
0,0.001,noise,20,6.0,0.16666666666666666,fits,C0_base,14,False,,True,295.0,0.0,0.535593220338983,0.535593220338983,0.017375438902687706,0.15128966964767554,0.022436941384798507,,0.0,,0.0,3.7266921000555158,acc013b350556131e06ab8da7408ac986a201c87c7821e1616c8546442c7c923,584d93819467a41e36a04d5f900dbdf28446957147014564e01bdc6a21bd4d68,2026-08-13
0,0.001,noise,20,6.0,0.16666666666666666,fits,C0_base,15,False,,False,285.0,13.0,0.4666666666666667,0.4456140350877193,0.017363244055737276,0.13581863854663592,0.02327582523326363,,-0.04652904637565691,-5.791904729359023,0.052040478322918186,3.0313424000050873,acc013b350556131e06ab8da7408ac986a201c87c7821e1616c8546442c7c923,584d93819467a41e36a04d5f900dbdf28446957147014564e01bdc6a21bd4d68,2026-08-13
0,0.001,noise,20,6.0,0.16666666666666666,fits,C0_base,16,False,,False,290.0,0.0,0.5827586206896552,0.5482758620689655,0.016958179535247815,0.10597937415714358,0.021385673323834044,,0.0,,0.0,4.278173699975014,acc013b350556131e06ab8da7408ac986a201c87c7821e1616c8546442c7c923,584d93819467a41e36a04d5f900dbdf28446957147014564e01bdc6a21bd4d68,2026-08-13
0,0.001,noise,20,6.0,0.16666666666666666,fits,C2_hybrid,-1,True,"deliberately empty (spec 6.4): FITS is univariate and filters frequencies itself, so pre-filtered wavelet bands are redundant",,,,,,,,,,,,,,f64c59709e9c5092d5cef4970cc0bc0ffee81293408f95c5531f636faee84d80,96cb1b08ec25f2158613ff939ffef3dbbd903ef9b41fdb85cd8dfb6cbfc3c2dc,2026-08-13
