date,Open,High,Low,Close,Open,High,Low,Close,Open,High,Low,Close
22/09/2003,102.849998,102.959999,102.029999,102.550003,34.130001,34.200001,33.77,33.919998,95.720001,95.849998,95.139999,95.559998
23/09/2003,102.589996,103.290001,102.360001,102.940002,33.970001,34.560001,33.91,34.52,95.620003,95.980003,95.160004,95.769997
24/09/2003,103.120003,103.220001,101.07,101.110001,34.509998,34.52,33.169998,33.220001,95.889999,96.089996,94.309998,94.440002
25/09/2003,101.410004,101.879997,100.199997,100.279999,33.380001,33.740002,32.759998,32.790001,94.57,94.739998,93.220001,93.25
26/09/2003,100.440002,100.660004,99.849998,99.949997,32.889999,33.169998,32.52,32.580002,93.620003,93.739998,93.129997,93.300003
29/09/2003,100.300003,100.989998,99.790001,100.93,32.759998,33.169998,32.450001,33.139999,93.510002,94.110001,93.050003,93.919998
30/09/2003,100.480003,100.760002,99.25,99.949997,32.919998,32.959999,32.360001,32.419998,93.739998,93.739998,92.419998,93.129997
01/10/2003,100.239998,102.18,100.199997,102.080002,32.610001,33.23,32.419998,33.150002,93.419998,94.879997,93.32,94.809998
02/10/2003,101.93,102.559998,101.629997,102.449997,33.099998,33.43,32.93,33.259998,94.57,95.290001,94.449997,95.190002
03/10/2003,103.669998,104.279999,103.080002,103.389999,33.849998,34.470001,33.82,34.189999,96.32,96.860001,95.699997,95.919998
06/10/2003,103.480003,103.989998,103.199997,103.860001,34.279999,34.450001,34.060001,34.439999,96.010002,96.440002,95.769997,96.199997
07/10/2003,103.260002,104.309998,102.910004,104.260002,34.16,34.650002,34.009998,34.650002,95.800003,96.699997,95.550003,96.690002
08/10/2003,104.330002,104.389999,103.410004,104,34.810001,34.84,34.220001,34.43,96.739998,96.919998,96.129997,96.730003
09/10/2003,104.879997,105.220001,103.830002,104.279999,34.91,35.27,34.43,34.689999,97.449997,97.900002,96.650002,97.139999
10/10/2003,104.269997,104.599998,103.910004,104.57,34.77,35.029999,34.639999,35.009998,97.080002,97.339996,96.779999,97.290001
13/10/2003,104.709999,105.290001,104.510002,104.900002,35.139999,35.369999,34.919998,35.240002,97.5,98.019997,97.459999,97.900002
14/10/2003,104.800003,105.43,104.360001,105.269997,35.099998,35.43,34.959999,35.330002,97.800003,98.370003,97.540001,98.360001
15/10/2003,105.860001,105.889999,104.639999,104.989998,35.799999,35.849998,35.029999,35.18,98.800003,98.830002,97.849998,98.220001
16/10/2003,104.68,105.730003,104.650002,105.410004,35.099998,35.529999,35.060001,35.459999,97.68,98.5,97.550003,98.18
17/10/2003,105.470001,105.629997,103.980003,104.260002,35.41,35.490002,34.599998,34.610001,98.25,98.370003,97.139999,97.300003
20/10/2003,104.449997,105.040001,103.940002,105.040001,34.650002,35.080002,34.5,35.040001,97.550003,98,97.190002,97.970001
21/10/2003,104.82,105.279999,104.32,104.860001,35.139999,35.450001,34.939999,35.25,97.800003,97.970001,97.400002,97.599998
22/10/2003,104.029999,104.190002,103.190002,103.540001,34.889999,34.93,34.439999,34.57,96.769997,96.959999,95.959999,96.209999
23/10/2003,102.889999,103.949997,102.839996,103.349998,34.150002,34.509998,34.049999,34.169998,95.650002,96.5,95.639999,95.949997
24/10/2003,102.830002,103.580002,102.18,103.580002,33.790001,34.23,33.490002,34.200001,95.43,96.18,95.099998,96.18
27/10/2003,103.739998,104.18,103.269997,103.629997,34.279999,34.450001,34.040001,34.209999,96.449997,96.769997,96.059998,96.290001
28/10/2003,103.980003,105.150002,103.82,105.040001,34.43,35.41,34.369999,35.360001,96.550003,97.730003,96.43,97.629997
29/10/2003,104.769997,105.43,103.870003,105.18,35.200001,35.41,35.07,35.32,97.339996,98.019997,97.290001,97.870003
30/10/2003,105.790001,105.970001,104.800003,105.400002,35.810001,36,35.139999,35.389999,98.550003,98.599998,97.739998,98.300003
31/10/2003,105.400002,105.739998,105.220001,105.300003,35.439999,35.490002,35.060001,35.18,98.230003,98.550003,97.970001,98.029999
03/11/2003,105.75,106.610001,105.709999,105.989998,35.43,35.98,35.360001,35.759998,98.449997,99.150002,98.449997,98.510002
04/11/2003,105.989998,106.269997,105.580002,105.760002,35.689999,35.869999,35.450001,35.52,98.589996,98.900002,98.379997,98.580002
05/11/2003,105.489998,105.970001,104.900002,105.839996,35.52,35.889999,35.150002,35.84,98.339996,98.809998,97.980003,98.559998
06/11/2003,105.599998,106.440002,105.099998,106.400002,35.790001,35.970001,35.34,35.939999,98.349998,98.959999,97.949997,98.93
07/11/2003,106.639999,106.720001,105.57,105.610001,36.080002,36.18,35.599998,35.630001,99.279999,99.349998,98.110001,98.110001
10/11/2003,105.739998,105.839996,105.010002,105.18,35.700001,35.740002,35.09,35.189999,98.339996,98.5,97.599998,97.809998
11/11/2003,105.089996,105.330002,104.800003,105.150002,35.150002,35.299999,34.849998,35.060001,97.690002,97.93,97.43,97.620003
12/11/2003,105.230003,106.470001,105.160004,106.330002,35.169998,35.959999,35.139999,35.810001,97.730003,98.949997,97.660004,98.800003
13/11/2003,106.010002,106.540001,105.779999,106.360001,35.709999,35.900002,35.549999,35.77,98.480003,98.910004,98.279999,98.720001
14/11/2003,106.400002,106.949997,105.290001,105.459999,35.810001,36.02,34.950001,35.040001,98.720001,99.309998,97.739998,97.970001
17/11/2003,104.910004,105.139999,104.040001,104.93,34.84,34.91,34.259998,34.68,97.459999,97.709999,96.629997,97.540001
18/11/2003,105.239998,105.449997,103.699997,103.839996,34.869999,34.970001,33.82,33.880001,97.800003,97.900002,96.470001,96.599998
19/11/2003,104.029999,105.010002,103.919998,104.720001,34.009998,34.400002,33.880001,34.209999,96.709999,97.529999,96.599998,97.379997
20/11/2003,104,105.239998,103.75,103.779999,33.919998,34.68,33.810001,33.880001,96.660004,97.699997,96.529999,96.540001
21/11/2003,104.239998,104.330002,103.620003,104.209999,34.080002,34.259998,33.73,34.23,96.559998,96.620003,95.919998,96.489998
24/11/2003,104.690002,105.779999,104.68,105.589996,34.52,35.25,34.470001,35.18,96.790001,97.650002,96.769997,97.470001
25/11/2003,105.730003,106.419998,105.449997,105.989998,35.290001,35.450001,35.09,35.18,97.580002,98.07,97.370003,97.68
26/11/2003,106.419998,106.449997,105.389999,106.370003,35.400002,35.52,34.810001,35.34,98.080002,98.150002,97.150002,97.900002
28/11/2003,106.279999,106.660004,106.199997,106.449997,35.259998,35.5,35.209999,35.380001,97.860001,98.160004,97.760002,98.080002
01/12/2003,106.849998,107.68,106.800003,107.599998,35.709999,36.009998,35.470001,35.900002,98.330002,99.160004,98.330002,99.099998
02/12/2003,107.379997,107.769997,107.07,107.330002,35.82,36.049999,35.580002,35.700001,98.900002,99.040001,98.510002,98.75
03/12/2003,107.650002,108.080002,107.07,107.160004,35.84,36.119999,35.25,35.25,99,99.589996,98.849998,98.949997
04/12/2003,107.169998,107.720001,106.940002,107.599998,35.380001,35.709999,35.080002,35.630001,98.879997,99.519997,98.860001,99.449997
05/12/2003,107.120003,107.800003,106.620003,106.849998,35.27,35.5,34.959999,35.040001,99.150002,99.330002,98.589996,98.800003
08/12/2003,106.739998,107.639999,106.68,107.57,35.02,35.330002,34.779999,35.240002,98.730003,99.849998,98.730003,99.809998
09/12/2003,107.900002,107.93,106.540001,106.739998,35.439999,35.459999,34.349998,34.43,100,100.150002,99.279999,99.440002
10/12/2003,106.769997,106.980003,105.959999,106.730003,34.5,34.700001,34.130001,34.560001,99.480003,99.769997,98.980003,99.599998
11/12/2003,106.68,108.099998,106.669998,107.93,34.5,35.389999,34.490002,35.299999,99.580002,100.43,99.519997,100.379997
12/12/2003,107.970001,108.199997,107.389999,108.139999,35.310001,35.34,34.900002,35.240002,100.32,100.769997,99.93,100.629997
15/12/2003,109.169998,109.230003,107.480003,107.599998,35.93,35.990002,34.650002,34.779999,101.699997,101.779999,100.199997,100.449997
16/12/2003,107.68,108.5,107.519997,108.160004,34.790001,35.02,34.419998,34.849998,100.669998,101.559998,100.599998,101.5
17/12/2003,108.059998,108.5,107.800003,108.5,34.810001,35,34.57,34.91,101.339996,101.860001,101.110001,101.860001
18/12/2003,108.550003,109.730003,108.389999,109.720001,34.950001,35.639999,34.950001,35.560001,101.889999,102.830002,101.699997,102.809998
19/12/2003,109.300003,109.370003,108.580002,108.900002,35.610001,35.650002,35.200001,35.459999,103.040001,103.07,102.379997,102.739998
22/12/2003,108.790001,109.660004,108.779999,109.660004,35.349998,35.68,35.290001,35.57,102.610001,103.629997,102.610001,103.610001
23/12/2003,109.480003,109.949997,109.379997,109.730003,35.599998,36.02,35.529999,35.84,103.400002,103.870003,103.07,103.459999
24/12/2003,109.519997,109.879997,109.43,109.620003,35.84,36.02,35.799999,35.900002,103.160004,103.440002,103.099998,103.199997
26/12/2003,109.709999,110.080002,109.629997,109.699997,35.959999,36.09,35.82,35.849998,103.25,103.519997,103.199997,103.269997
29/12/2003,110.099998,111.269997,109.779999,111.160004,36.029999,36.529999,36.02,36.439999,103.629997,104.75,103.580002,104.68
30/12/2003,111.089996,111.269997,110.849998,111.18,36.529999,36.580002,36.299999,36.560001,104.529999,104.739998,104.160004,104.330002
31/12/2003,111.220001,111.519997,110.839996,111.279999,36.619999,36.639999,36.25,36.459999,104.480003,104.739998,104.18,104.57
02/01/2004,111.739998,112.190002,110.730003,111.230003,36.66,36.790001,36.220001,36.360001,105.040001,105.470001,103.989998,104.370003
05/01/2004,111.690002,112.519997,111.589996,112.440002,36.580002,37.16,36.560001,37.09,104.839996,105.629997,104.800003,105.580002
06/01/2004,112.160004,112.730003,112,112.550003,37.080002,37.419998,36.950001,37.34,105.25,105.660004,105.139999,105.5
07/01/2004,112.389999,113.059998,111.889999,112.93,37.279999,37.68,37.07,37.68,105.32,105.580002,104.809998,105.550003
08/01/2004,113.25,113.410004,112.769997,113.379997,37.849998,38,37.599998,37.98,105.970001,106.059998,105.510002,106.010002
09/01/2004,112.830002,113.5,112.269997,112.389999,37.709999,38.349998,37.59,37.73,105.360001,105.730003,104.620003,104.690002
12/01/2004,112.550003,113.25,112.360001,113.220001,37.849998,38.349998,37.68,38.330002,104.809998,105.199997,104.599998,105.169998
13/01/2004,113.089996,113.230003,111.760002,112.559998,38.27,38.360001,37.599998,37.950001,105.18,105.279999,103.800003,104.5
14/01/2004,112.760002,113.660004,112.669998,113.5,38.080002,38.25,37.75,38.080002,104.860001,105.739998,104.779999,105.669998
15/01/2004,113.57,114.059998,112.580002,113.779999,37.93,38.459999,37.630001,38.18,106.07,106.120003,104.970001,105.959999
16/01/2004,114.040001,114.309998,113.629997,114.230003,38.380001,38.630001,38.169998,38.57,106.059998,106.160004,105.510002,106.120003
20/01/2004,114.529999,114.650002,113.82,114.199997,38.73,39,38.310001,38.540001,106.400002,106.400002,105.300003,105.459999
21/01/2004,114.129997,115.300003,113.720001,115.099998,38.389999,38.66,38,38.380001,105.510002,106.639999,105.029999,106.300003
22/01/2004,115.139999,115.379997,114.580002,114.800003,38.549999,38.689999,38.060001,38.150002,106.5,106.75,106.190002,106.489998
23/01/2004,115,115.370003,113.949997,114.43,38.209999,38.459999,37.779999,38.009998,106.57,106.589996,105.360001,105.860001
26/01/2004,114.389999,115.93,114.379997,115.870003,37.98,38.650002,37.84,38.59,105.779999,107.230003,105.720001,107.18
27/01/2004,115.75,116.5,114.650002,114.68,38.509998,38.630001,37.689999,37.740002,107.169998,107.220001,106.25,106.290001
28/01/2004,114.980003,115.279999,112.940002,113.370003,37.939999,38.060001,37,37.099998,106.480003,106.779999,104.540001,105.07
29/01/2004,113.559998,113.849998,112.559998,113.480003,37.240002,37.310001,36.66,37.240002,105.449997,105.449997,104.349998,105.080002
30/01/2004,113.519997,113.720001,113.089996,113.480003,37.200001,37.439999,36.970001,37.07,104.940002,105.230003,104.57,105.080002
02/02/2004,113.699997,114.68,113.120003,113.970001,37.200001,37.48,36.82,36.970001,105.199997,105.860001,104.529999,105.300003
03/02/2004,113.739998,114.139999,113.440002,113.779999,36.91,37.240002,36.84,36.93,105,105.449997,104.720001,105.150002
04/02/2004,113.190002,113.730003,112.790001,112.849998,36.619999,36.860001,36.330002,36.330002,104.699997,105.440002,104.610001,104.779999
05/02/2004,113.169998,113.540001,112.779999,113.18,36.509998,36.709999,36.330002,36.470001,105,105.440002,104.68,105.129997
06/02/2004,113.419998,114.699997,113.199997,114.449997,36.599998,37.279999,36.529999,37.130001,105.230003,106.150002,104.830002,106.010002
09/02/2004,114.669998,114.870003,114.290001,114.480003,37.34,37.380001,37.049999,37.119999,106.059998,106.419998,105.800003,106.120003
10/02/2004,114.279999,115.139999,114.260002,114.849998,37.060001,37.41,37.029999,37.18,105.949997,106.559998,105.82,106.25
11/02/2004,114.849998,116.389999,114.169998,116.07,37.240002,37.669998,37.07,37.580002,106.470001,107.779999,106.25,107.400002
12/02/2004,115.970001,116.269997,115.580002,115.650002,37.52,37.700001,37.240002,37.25,107.360001,107.580002,107.190002,107.300003
13/02/2004,115.82,116.199997,114.75,115.129997,37.389999,37.970001,36.759998,36.939999,107.400002,107.669998,106.370003,106.699997
17/02/2004,115.849998,116.43,115.769997,116.169998,37.279999,37.619999,37.220001,37.439999,107.239998,107.660004,107.099998,107.510002
18/02/2004,116.199997,116.599998,115.349998,115.660004,37.509998,37.669998,37.32,37.549999,107.459999,107.589996,106.879997,107.169998
19/02/2004,116.330002,116.389999,115.059998,115.230003,37.869999,37.900002,36.82,36.98,107.650002,107.919998,106.949997,107.099998
20/02/2004,115.480003,115.559998,114.32,114.879997,37,37.139999,36.549999,36.860001,106.989998,107,105.940002,106.419998
23/02/2004,115.220001,115.260002,114.169998,114.589996,37,37.029999,36.110001,36.450001,106.650002,106.68,105.739998,106.230003
24/02/2004,114.269997,114.989998,113.029999,114.389999,36.299999,36.650002,36.099998,36.360001,105.860001,106.529999,105.330002,105.830002
25/02/2004,114.459999,115.059998,114.32,114.870003,36.43,36.669998,36.330002,36.580002,105.720001,106.330002,105.709999,106.190002
26/02/2004,114.610001,115.290001,114.339996,114.940002,36.470001,36.84,36.310001,36.669998,105.879997,106.25,105.519997,105.940002
27/02/2004,115.190002,115.739998,114.629997,115.019997,36.759998,36.939999,36.27,36.57,106.010002,106.660004,105.739998,106.07
01/03/2004,115.43,116.339996,115.25,116.160004,36.68,37.07,36.470001,37.049999,106.449997,107.089996,106.169998,106.959999
02/03/2004,115.940002,116.970001,115.230003,115.480003,36.98,37.18,36.610001,36.619999,106.660004,106.830002,105.849998,106.099998
03/03/2004,115.25,115.870003,114.919998,115.690002,36.509998,36.630001,36.209999,36.419998,105.870003,106.260002,105.620003,106.029999
04/03/2004,115.720001,116.099998,115.519997,115.989998,36.439999,36.830002,36.389999,36.759998,106.110001,106.220001,105.790001,105.889999
05/03/2004,115.419998,116.949997,115.279999,116.379997,36.419998,37.150002,36.360001,36.630001,105.480003,106.690002,105.389999,106.199997
08/03/2004,116.339996,116.620003,114.910004,114.959999,36.689999,36.82,35.73,35.77,106.260002,106.540001,105.160004,105.190002
09/03/2004,115.099998,115.209999,114.239998,114.5,35.810001,35.98,35.52,35.66,105.260002,105.379997,104.370003,104.639999
10/03/2004,114.720001,114.769997,112.559998,112.580002,35.75,36,35.130001,35.189999,104.830002,104.900002,102.769997,102.830002
11/03/2004,112.400002,113.269997,111.099998,111.120003,35.07,35.529999,34.799999,34.869999,102.620003,103.470001,101.389999,101.5
12/03/2004,111.730003,112.709999,111.580002,112.580002,35.18,35.59,35.150002,35.509998,101.849998,102.660004,101.760002,102.5
15/03/2004,112.269997,112.349998,110.900002,111.199997,35.360001,35.400002,34.810001,34.889999,102.339996,102.349998,101.129997,101.449997
16/03/2004,111.779999,112.059998,110.839996,111.790001,35.110001,35.25,34.630001,34.950001,101.889999,102.360001,101.230003,102.139999
17/03/2004,112.18,113.260002,112.099998,113.040001,35.209999,35.619999,35.18,35.5,102.480003,103.550003,102.410004,103.260002
18/03/2004,112.699997,113.269997,111.93,113.07,35.369999,35.459999,34.970001,35.34,102.919998,103.529999,102.349998,103.309998
19/03/2004,112.410004,112.57,111.040001,111.059998,35.279999,35.459999,34.720001,34.75,103.050003,103.279999,101.870003,101.940002
22/03/2004,110.540001,110.57,109.099998,109.650002,34.529999,34.549999,34.029999,34.310001,101.300003,101.32,100.190002,100.720001
23/03/2004,110.25,110.400002,109.360001,109.459999,34.59,34.650002,34.009998,34.029999,101.129997,101.43,100.580002,100.650002
24/03/2004,109.580002,110.139999,108.849998,109.550003,34.150002,34.630001,34.009998,34.419998,100.779999,101.209999,100.120003,100.709999
25/03/2004,110.080002,111.300003,109.790001,111,34.650002,35.459999,34.619999,35.34,101.199997,102.370003,100.989998,102.160004
26/03/2004,110.959999,111.790001,110.800003,111.029999,35.299999,35.580002,35.200001,35.220001,102.099998,102.849998,101.870003,102.199997
29/03/2004,111.629997,112.739998,111.580002,112.589996,35.509998,35.959999,35.490002,35.790001,102.900002,103.620003,102.860001,103.519997
30/03/2004,112.300003,113.07,112.220001,112.970001,35.669998,35.939999,35.52,35.91,103.349998,104.059998,103.199997,104
31/03/2004,112.989998,113.400002,112.379997,113.099998,35.919998,36,35.610001,35.84,103.900002,104.209999,103.290001,103.919998
01/04/2004,113.07,113.870003,113.050003,113.779999,35.810001,36.25,35.779999,36.16,103.599998,104.370003,103.559998,104.080002
02/04/2004,114.809998,114.839996,113.900002,114.639999,36.889999,37.16,36.52,37.099998,105.150002,105.239998,104.400002,104.959999
05/04/2004,114.459999,115.379997,114.440002,115.269997,37.009998,37.5,36.970001,37.450001,104.940002,105.809998,104.769997,105.660004
06/04/2004,114.830002,115.18,114.620003,114.900002,37.16,37.25,36.919998,36.98,105.300003,105.910004,105.199997,105.639999
07/04/2004,114.949997,114.980003,114.110001,114.629997,36.990002,37.110001,36.66,36.939999,105.650002,105.669998,104.839996,105.300003
08/04/2004,115.410004,115.410004,113.739998,114.370003,37.349998,37.389999,36.740002,36.939999,105.919998,105.949997,104.099998,104.690002
12/04/2004,114.580002,115.080002,114.57,114.82,37.02,37.240002,36.98,37.169998,104.879997,105.470001,104.860001,105.309998
13/04/2004,115.260002,115.300003,113.019997,113.209999,37.34,37.360001,36.459999,36.630001,105.699997,105.790001,103.82,103.839996
14/04/2004,112.610001,113.639999,112.550003,113.389999,36.41,36.950001,36.360001,36.810001,103.459999,104.360001,103.330002,104.220001
15/04/2004,113.449997,113.779999,112.360001,112.959999,36.75,36.860001,36.02,36.150002,104.220001,104.529999,103.400002,103.879997
16/04/2004,113.379997,114.050003,112.980003,113.830002,36.200001,36.32,35.790001,36.09,104.260002,104.75,103.860001,104.660004
19/04/2004,113.550003,113.989998,113.269997,113.830002,36.009998,36.59,35.98,36.529999,104.419998,104.669998,104.099998,104.470001
20/04/2004,114.080002,114.32,111.779999,111.919998,36.610001,36.790001,35.639999,35.68,104.769997,104.989998,102.849998,103.029999
21/04/2004,112.199997,112.949997,111.870003,112.669998,35.900002,36.110001,35.650002,35.990002,103.199997,103.5,102.599998,103.300003
22/04/2004,112.480003,114.669998,112.440002,114.25,36,37.009998,35.98,36.919998,103.199997,105.169998,103.120003,104.809998
23/04/2004,114.419998,114.57,113.790001,114.360001,37.080002,37.259998,36.900002,37.209999,104.75,105.010002,104.279999,104.919998
26/04/2004,114.5,114.940002,113.599998,114.199997,37.18,37.290001,36.650002,36.939999,104.93,105.339996,104.360001,104.949997
27/04/2004,114.230003,115.120003,113.959999,114.300003,36.950001,37.189999,36.689999,36.869999,104.919998,105.589996,104.75,105.059998
28/04/2004,113.889999,114.010002,112.5,112.82,36.709999,36.720001,36.02,36.200001,104.75,104.75,103.5,103.769997
29/04/2004,112.720001,113.32,111.160004,111.830002,36.09,36.34,35.299999,35.639999,103.82,104.269997,102.349998,103.059998
30/04/2004,112.169998,112.379997,110.900002,110.959999,35.66,35.799999,34.720001,34.77,103.300003,103.550003,102.349998,102.349998
03/05/2004,111.370003,112.290001,111.349998,112.150002,35,35.52,34.889999,35.099998,102.669998,103.519997,102.660004,103.300003
04/05/2004,112.25,113.260002,111.660004,112.059998,35.209999,35.75,35.029999,35.25,103.360001,104.139999,102.879997,103.129997
05/05/2004,112.410004,112.959999,112.160004,112.779999,35.419998,35.700001,35.200001,35.529999,103.449997,103.720001,103.110001,103.459999
06/05/2004,112.019997,112.589996,111,111.809998,35.23,35.439999,34.849998,35.259998,102.82,103.18,101.910004,102.599998
07/05/2004,111.220001,112.230003,109.959999,109.959999,35.09,35.639999,34.91,34.970001,102.07,103.029999,101.150002,101.150002
10/05/2004,109.440002,109.75,108.360001,108.830002,34.669998,34.900002,34.419998,34.669998,100.610001,101,99.519997,99.910004
11/05/2004,109.459999,110.050003,109.330002,109.75,34.970001,35.380001,34.919998,35.189999,100.459999,100.650002,100,100.239998
12/05/2004,109.57,110.540001,108.059998,110.449997,35.119999,35.290001,34.27,35.259998,100.120003,101.040001,98.809998,100.989998
13/05/2004,109.760002,110.809998,109.629997,109.989998,35.060001,35.450001,34.919998,35.009998,100.32,101.080002,99.989998,100.230003
14/05/2004,109.949997,110.739998,109.269997,110.040001,35.200001,35.310001,34.639999,34.75,100.199997,101,99.720001,100.449997
17/05/2004,108.889999,109.5,108.410004,109.099998,34.380001,34.66,34.110001,34.419998,99.5,99.970001,98.989998,99.559998
18/05/2004,109.489998,109.940002,109.330002,109.650002,34.66,34.900002,34.599998,34.73,99.849998,100.239998,99.599998,99.970001
19/05/2004,110.5,111.18,109.150002,109.269997,35.16,35.509998,34.630001,34.689999,100.82,101.400002,99.650002,99.699997
20/05/2004,109.449997,109.870003,109.040001,109.620003,34.779999,35.02,34.560001,34.849998,99.879997,100.150002,99.419998,100.019997
21/05/2004,109.970001,110.550003,109.470001,109.809998,35.009998,35.169998,34.740002,35.02,99.949997,100.529999,99.550003,99.800003
24/05/2004,110.529999,110.760002,109.68,110.269997,35.299999,35.459999,35,35.259998,100.419998,100.629997,99.419998,99.860001
25/05/2004,109.900002,111.980003,109.599998,111.849998,35.150002,36.080002,34.950001,35.959999,99.580002,101.349998,99.260002,101.269997
26/05/2004,111.660004,112.290001,111.510002,112.239998,35.860001,36.189999,35.810001,36.189999,101,101.449997,100.860001,101.349998
27/05/2004,112.540001,113.029999,112.059998,112.870003,36.290001,36.5,36.060001,36.419998,101.699997,102.370003,101.68,102.300003
28/05/2004,112.730003,112.879997,112.360001,112.860001,36.380001,36.549999,36.209999,36.549999,102.209999,102.300003,101.839996,102.18
01/06/2004,112.459999,112.860001,111.870003,112.709999,36.27,36.549999,36.110001,36.5,101.910004,102.269997,101.459999,102.160004
02/06/2004,113.029999,113.480003,112.459999,113.129997,36.560001,36.66,36.169998,36.419998,102.400002,103.059998,102.089996,102.839996
03/06/2004,112.809998,113.190002,112.07,112.089996,36.299999,36.360001,35.82,35.98,102.489998,102.989998,101.970001,102.129997
04/06/2004,112.980003,113.580002,112.709999,112.980003,36.34,36.619999,36.169998,36.189999,102.760002,103.199997,102.410004,102.660004
07/06/2004,113.43,114.809998,113.419998,114.699997,36.439999,37.099998,36.34,37.049999,103.169998,104.089996,103.120003,103.980003
08/06/2004,114.370003,114.919998,114.169998,114.860001,36.900002,37.189999,36.849998,37.099998,103.730003,104.489998,103.669998,104.470001
09/06/2004,114.510002,114.699997,113.720001,113.790001,36.98,37.049999,36.5,36.580002,104.099998,104.400002,103.769997,103.949997
10/06/2004,114.040001,114.349998,113.93,114.349998,36.689999,36.84,36.549999,36.84,104.099998,104.25,103.940002,104.25
14/06/2004,113.82,113.849998,112.870003,113.220001,36.610001,36.610001,36.099998,36.32,103.970001,103.970001,103.300003,103.599998
15/06/2004,113.900002,114.449997,113.510002,114.019997,36.560001,36.990002,36.560001,36.790001,104.230003,104.510002,103.650002,104.110001
16/06/2004,114,114.199997,113.699997,114,36.77,36.900002,36.650002,36.73,104.129997,104.150002,103.760002,103.989998
17/06/2004,113.849998,114.07,113.330002,113.830002,36.650002,36.66,36.25,36.389999,103.849998,104.129997,103.589996,103.949997
18/06/2004,113.269997,114.220001,113.18,113.629997,36.299999,36.84,36.259998,36.439999,103.849998,104.529999,103.760002,104.220001
21/06/2004,113.75,114.139999,113.129997,113.199997,36.52,36.630001,36.060001,36.150002,104.25,104.550003,103.75,103.809998
22/06/2004,113.129997,113.879997,112.669998,113.769997,36.16,36.700001,36.02,36.68,103.75,104.209999,103.169998,104.169998
23/06/2004,113.610001,114.839996,113.419998,114.75,36.57,37.189999,36.509998,37.119999,103.970001,105.029999,103.730003,104.93
24/06/2004,114.559998,114.93,114.260002,114.389999,37.02,37.349998,36.919998,37.049999,104.779999,105.050003,104.470001,104.610001
25/06/2004,114.410004,114.940002,113.68,113.839996,37,37.389999,36.98,37.330002,104.540001,104.989998,103.919998,104.050003
28/06/2004,114.519997,114.610001,113.410004,113.449997,37.490002,37.52,36.900002,37.02,104.57,104.790001,103.5,103.620003
29/06/2004,113.529999,114.169998,113.419998,113.919998,37.099998,37.59,37.080002,37.369999,103.699997,104.449997,103.57,104.300003
30/06/2004,114.07,114.790001,113.650002,114.529999,37.450001,37.900002,37.349998,37.740002,104.300003,104.889999,103.889999,104.629997
01/07/2004,114.25,114.400002,112.580002,112.940002,37.66,37.66,36.77,37.040001,104.480003,104.650002,102.940002,103.260002
02/07/2004,113.160004,113.290001,112.599998,112.879997,37.040001,37.049999,36.630001,36.82,103.389999,103.489998,102.800003,103.029999
06/07/2004,112.370003,112.449997,111.629997,111.889999,36.599998,36.599998,35.830002,36.029999,102.709999,102.910004,102.059998,102.339996
07/07/2004,111.809998,112.57,111.75,112.220001,35.959999,36.290001,35.919998,36.099998,102.220001,102.919998,102.220001,102.599998
08/07/2004,111.809998,112.32,111.199997,111.440002,35.810001,36.130001,35.549999,35.700001,102.360001,102.900002,101.860001,102.07
09/07/2004,111.720001,111.940002,111.379997,111.730003,35.84,36.040001,35.630001,35.75,102.32,102.620003,102.099998,102.370003
12/07/2004,111.519997,112.040001,111,111.779999,35.57,35.689999,35.240002,35.599998,102.300003,102.790001,101.800003,102.57
13/07/2004,111.919998,112.019997,111.599998,111.860001,35.68,35.810001,35.41,35.549999,102.75,102.800003,102.370003,102.57
14/07/2004,111.260002,112.389999,111.120003,111.519997,35.200001,35.650002,35.049999,35.189999,102.139999,103.089996,101.919998,102.279999
15/07/2004,111.739998,111.910004,110.699997,110.800003,35.32,35.490002,35.060001,35.07,102.480003,102.540001,101.57,101.610001
16/07/2004,111.57,111.669998,110.440002,110.709999,35.43,35.450001,34.619999,34.669998,102.43,102.489998,101.459999,101.699997
19/07/2004,110.75,110.959999,109.989998,110.239998,34.779999,34.970001,34.470001,34.599998,101.610001,101.690002,100.779999,100.949997
20/07/2004,110.529999,111.900002,110.25,111.639999,34.740002,35.59,34.709999,35.43,101.169998,102.150002,100.860001,101.900002
21/07/2004,111.82,112.059998,109.449997,109.580002,35.57,35.650002,34.34,34.400002,102.150002,102.550003,100.360001,100.400002
22/07/2004,109.360001,110.389999,108.769997,109.879997,34.48,35.110001,34.25,34.869999,100.169998,100.970001,99.629997,100.519997
23/07/2004,109.620003,109.709999,108.690002,108.959999,34.619999,34.66,34.029999,34.209999,100.32,100.330002,99.5,99.82
26/07/2004,109.190002,109.43,108.209999,108.75,34.240002,34.41,33.700001,34.060001,100.07,100.25,99.309998,99.779999
27/07/2004,109.050003,110.110001,108.970001,109.769997,34.189999,34.709999,34.040001,34.529999,100.050003,101.209999,99.980003,100.949997
28/07/2004,109.550003,110.370003,108.589996,110.099998,34.41,34.630001,33.810001,34.380001,100.790001,101.690002,100.07,101.379997
29/07/2004,110.540001,110.870003,110,110.57,34.709999,34.919998,34.5,34.779999,101.730003,101.889999,101.050003,101.540001
30/07/2004,110.32,110.900002,110.099998,110.839996,34.759998,35.099998,34.650002,34.889999,101.400002,101.800003,101.059998,101.75
02/08/2004,110.190002,111.360001,110.050003,111.07,34.610001,35.02,34.459999,34.959999,101.279999,102.230003,101.160004,101.940002
03/08/2004,110.93,111.059998,110.160004,110.209999,34.84,34.93,34.189999,34.23,101.779999,101.940002,101.160004,101.25
04/08/2004,109.889999,110.75,109.639999,110.199997,34.150002,34.459999,34.009998,34.240002,100.959999,101.879997,100.870003,101.400002
05/08/2004,110.290001,110.379997,108.269997,108.400002,34.349998,34.400002,33.599998,33.599998,101.5,101.5,99.650002,99.720001
06/08/2004,107.629997,107.959999,106.620003,106.849998,33.400002,33.41,32.66,32.720001,99.110001,99.379997,98.150002,98.370003
09/08/2004,107.019997,107.480003,106.870003,107,32.810001,32.959999,32.650002,32.799999,98.43,98.839996,98.309998,98.419998
10/08/2004,107.309998,108.410004,107.260002,108.379997,32.959999,33.48,32.919998,33.209999,98.620003,99.720001,98.370003,99.57
11/08/2004,107.68,108.330002,107.099998,108.160004,32.849998,33.040001,32.549999,32.919998,99.18,99.860001,98.720001,99.709999
12/08/2004,107.68,107.949997,106.629997,106.980003,32.689999,32.860001,32.369999,32.470001,99.279999,99.480003,98.32,98.580002
13/08/2004,107.099998,107.349998,106.589996,107.190002,32.650002,32.740002,32.349998,32.52,98.699997,98.900002,98.169998,98.699997
16/08/2004,107.139999,108.639999,107.099998,108.300003,32.610001,33.189999,32.59,32.889999,98.669998,100.029999,98.660004,99.800003
17/08/2004,108.75,109.279999,108.529999,108.910004,33.119999,33.439999,32.990002,33.259998,100.199997,100.589996,99.860001,100.25
18/08/2004,108.519997,110.169998,108.489998,110.029999,33.060001,33.91,33.009998,33.849998,99.82,101.300003,99.769997,101.220001
19/08/2004,109.809998,110.019997,109.18,109.709999,33.73,33.849998,33.41,33.669998,101.010002,101.18,100.32,100.849998
20/08/2004,109.610001,110.629997,109.510002,110.480003,33.57,34.139999,33.509998,34.009998,100.389999,101.440002,100.309998,101.25
23/08/2004,110.550003,110.769997,110.050003,110.199997,34.049999,34.27,33.91,34.09,101.269997,101.449997,100.809998,100.900002
24/08/2004,110.639999,110.730003,109.849998,110.349998,34.25,34.310001,33.810001,34.080002,101.330002,101.57,100.730003,101.220001
25/08/2004,110.330002,111.269997,109.900002,111.099998,34.07,34.599998,33.900002,34.549999,101.199997,102.160004,100.790001,101.879997
26/08/2004,110.959999,111.309998,110.849998,111.099998,34.459999,34.549999,34.310001,34.400002,101.849998,102.080002,101.68,101.870003
27/08/2004,111.199997,111.629997,111.050003,111.449997,34.470001,34.68,34.439999,34.560001,101.910004,102.25,101.720001,102.160004
30/08/2004,111.220001,111.339996,110.449997,110.529999,34.41,34.43,33.939999,33.98,101.940002,102.089996,101.309998,101.410004
31/08/2004,110.660004,111.160004,110.099998,111.110001,34.02,34.119999,33.650002,34.02,101.449997,101.910004,100.900002,101.889999
01/09/2004,110.949997,111.639999,110.480003,111.32,33.93,34.470001,33.799999,34.27,101.739998,102.260002,101.220001,101.879997
02/09/2004,111.239998,112.699997,111.239998,112.580002,34.18,34.880001,34.16,34.779999,101.849998,103.239998,101.82,103.040001
03/09/2004,112.330002,112.82,112.010002,112.120003,34.439999,34.669998,34.049999,34.139999,103,103.389999,102.809998,102.860001
07/09/2004,112.540001,113.129997,112.32,112.860001,34.400002,34.610001,34.119999,34.43,103.25,103.82,103.120003,103.639999
08/09/2004,112.620003,113.059998,112.309998,112.580002,34.310001,34.68,34.18,34.299999,103.449997,103.769997,103.220001,103.489998
09/09/2004,112.57,112.879997,112.029999,112.480003,34.450001,34.75,34.139999,34.59,103.370003,103.57,102.870003,103
10/09/2004,112.519997,113.269997,112.080002,113.059998,34.610001,35.189999,34.470001,35.119999,103,103.379997,102.559998,103.230003
13/09/2004,113.309998,113.739998,113.010002,113.43,35.25,35.720001,35.139999,35.580002,103.459999,103.720001,103.18,103.5
14/09/2004,113.300003,113.690002,113.190002,113.660004,35.450001,35.720001,35.360001,35.630001,103.360001,103.629997,103.25,103.5
15/09/2004,113.300003,113.360001,112.68,112.800003,35.419998,35.450001,35.119999,35.25,103.150002,103.199997,102.519997,102.540001
16/09/2004,112.849998,113.370003,112.800003,113.139999,35.259998,35.57,35.130001,35.32,102.669998,103.099998,102.580002,102.75
17/09/2004,112.949997,113.360001,112.690002,113.150002,35.23,35.52,35.16,35.43,102.870003,103.300003,102.690002,103.010002
20/09/2004,112.669998,112.989998,112.279999,112.470001,35.290001,35.77,35.18,35.43,102.559998,102.699997,102.010002,102.150002
21/09/2004,112.75,113.470001,112.540001,112.959999,35.540001,35.849998,35.419998,35.57,102.389999,102.879997,102.139999,102.370003
22/09/2004,112.5,112.519997,111.470001,111.550003,35.439999,35.459999,34.869999,34.950001,101.959999,102,101.080002,101.099998
23/09/2004,111.599998,111.699997,110.949997,110.949997,34.98,35.150002,34.880001,34.919998,101.18,101.220001,100.400002,100.449997
24/09/2004,111.169998,111.730003,111.129997,111.459999,34.990002,35.189999,34.75,34.799999,100.489998,100.940002,100.489998,100.720001
27/09/2004,111.099998,111.199997,110.580002,110.75,34.619999,34.740002,34.380001,34.5,100.379997,100.580002,100,100.160004
28/09/2004,110.910004,111.510002,110.410004,111.279999,34.549999,34.689999,34.23,34.57,100.25,101.150002,99.910004,100.889999
29/09/2004,111.209999,111.849998,111,111.839996,34.540001,35.119999,34.529999,35.080002,100.769997,101.489998,100.620003,101.470001
30/09/2004,111.550003,111.980003,111.260002,111.760002,35.02,35.27,34.889999,35.139999,100.720001,101.07,100.550003,100.870003
01/10/2004,112.260002,113.650002,112.209999,113.650002,35.450001,36.150002,35.360001,36.099998,101.339996,102.190002,101.220001,102.160004
04/10/2004,114.099998,114.440002,113.800003,113.839996,36.360001,36.619999,36.25,36.310001,102.650002,102.879997,102.260002,102.309998
05/10/2004,113.849998,114.160004,113.540001,113.900002,36.23,36.490002,36.16,36.360001,102.32,102.370003,101.730003,102.040001
06/10/2004,113.769997,114.68,113.68,114.68,36.310001,36.689999,36.110001,36.650002,101.910004,102.650002,101.790001,102.639999
07/10/2004,114.379997,114.400002,113.360001,113.449997,36.540001,36.669998,36.169998,36.240002,102.410004,102.43,101.43,101.440002
08/10/2004,113.150002,113.769997,112.349998,112.510002,36.080002,36.240002,35.5,35.580002,101.199997,101.730003,100.589996,100.699997
11/10/2004,112.779999,113.019997,112.639999,112.970001,35.720001,35.860001,35.599998,35.75,100.959999,101.25,100.910004,101.139999
12/10/2004,112.199997,112.830002,111.940002,112.529999,35.43,35.84,35.200001,35.689999,100.599998,101.25,100.360001,101.050003
13/10/2004,113,113.07,111.32,111.540001,36.049999,36.139999,35.43,35.610001,101.43,101.470001,99.769997,100.080002
14/10/2004,111.68,111.93,110.580002,110.639999,35.689999,35.779999,35.330002,35.450001,100.139999,100.239998,99,99.18
15/10/2004,111.019997,111.739998,110.57,111.260002,35.490002,35.860001,35.279999,35.630001,99.419998,99.949997,99.07,99.470001
18/10/2004,110.889999,111.900002,110.699997,111.68,35.509998,36.25,35.400002,36.139999,99.040001,99.800003,98.75,99.629997
19/10/2004,112.019997,112.230003,110.589996,110.739998,36.380001,36.57,35.790001,35.880001,99.980003,100.370003,99.019997,99.099998
20/10/2004,110.379997,110.82,109.75,110.519997,35.830002,36.23,35.650002,36.049999,98.919998,99.089996,98.199997,98.889999
21/10/2004,110.790001,111.32,110.209999,111.239998,36.240002,36.790001,36.099998,36.599998,98.989998,99.25,98.199997,98.940002
22/10/2004,111.190002,111.25,109.860001,109.989998,36.610001,36.68,35.740002,35.799999,98.940002,99.040001,97.669998,97.760002
25/10/2004,109.75,110.120003,109.349998,109.860001,35.73,35.810001,35.490002,35.630001,97.519997,97.970001,97.269997,97.68
26/10/2004,110.129997,111.599998,109.879997,111.540001,35.650002,35.84,35.41,35.82,97.959999,99.099998,97.669998,99.080002
27/10/2004,111.379997,113.099998,111.120003,112.879997,35.84,36.889999,35.709999,36.73,98.949997,100.370003,98.620003,100.139999
28/10/2004,112.779999,113.559998,112.489998,113.220001,36.68,37.119999,36.57,36.959999,100.019997,100.650002,99.730003,100.269997
29/10/2004,113.120003,113.639999,112.900002,113.199997,36.91,37.240002,36.669998,36.900002,100.120003,100.639999,100.089996,100.379997
01/11/2004,113.559998,113.839996,113.199997,113.510002,36.98,37.18,36.799999,37.040001,100.489998,100.970001,100.300003,100.709999
02/11/2004,113.669998,114.57,113.220001,113.550003,37.09,37.549999,37.02,37.16,100.790001,101.529999,100.290001,100.529999
03/11/2004,115.029999,115.360001,114.239998,114.980003,37.759998,37.900002,37.150002,37.41,101.93,102.370003,101.139999,101.709999
04/11/2004,114.779999,116.669998,114.68,116.550003,37.259998,37.779999,37.110001,37.619999,101.57,103.449997,101.5,103.32
05/11/2004,117.050003,117.639999,116.489998,117.279999,38.02,38.16,37.610001,37.959999,103.709999,104.43,103.5,104.220001
08/11/2004,116.980003,117.230003,116.720001,117.110001,37.950001,38.099998,37.849998,38,104.029999,104.330002,103.82,104.290001
09/11/2004,117.080002,117.5,116.760002,116.879997,37.93,38.150002,37.810001,37.919998,104.18,104.580002,103.970001,104.209999
10/11/2004,117.059998,117.550003,116.760002,116.970001,37.93,38.060001,37.650002,37.790001,104.269997,104.809998,104.150002,104.389999
11/11/2004,117.18,118.120003,117.099998,117.860001,37.91,38.380001,37.860001,38.290001,104.489998,105.260002,104.419998,105.089996
12/11/2004,117.970001,119,117.68,118.790001,38.34,38.759998,38.169998,38.66,105.190002,105.760002,105,105.650002
15/11/2004,118.5,118.769997,118.230003,118.730003,38.639999,38.860001,38.5,38.830002,105.540001,105.839996,105.400002,105.730003
16/11/2004,118.360001,118.410004,117.730003,117.879997,38.66,38.68,38.32,38.59,105.43,105.470001,104.940002,105.129997
17/11/2004,118.370003,119.139999,118.07,118.580002,38.830002,39.32,38.830002,39.110001,105.620003,106.260002,105.349998,105.900002
18/11/2004,118.529999,118.800003,118.230003,118.739998,38.98,39.360001,38.889999,39.290001,105.919998,106.099998,105.730003,106
19/11/2004,118.699997,118.720001,117.139999,117.419998,39.240002,39.290001,38.59,38.68,105.660004,105.699997,104.290001,104.57
22/11/2004,117.169998,118.120003,117.029999,117.980003,38.610001,39.07,38.48,39.049999,104.370003,105,104.230003,104.800003
23/11/2004,117.93,118.260002,117.370003,118.160004,39.009998,39.150002,38.610001,38.990002,104.830002,105.029999,104.260002,104.989998
24/11/2004,118.269997,118.589996,118.050003,118.440002,39.09,39.389999,39.07,39.330002,105.019997,105.150002,104.709999,105.029999
26/11/2004,118.510002,118.980003,118.300003,118.349998,39.369999,39.48,39.169998,39.209999,105.089996,105.349998,104.900002,104.919998
29/11/2004,118.790001,119.010002,117.480003,117.809998,39.459999,39.639999,38.970001,39.200001,105.370003,105.510002,104.019997,104.470001
30/11/2004,118,118.239998,117.639999,117.889999,39.299999,39.389999,39.060001,39.119999,104.599998,104.760002,104.190002,104.330002
01/12/2004,118.160004,119.5,118.099998,119.230003,39.27,39.959999,39.27,39.919998,104.629997,105.860001,104.57,105.669998
02/12/2004,119.099998,119.870003,119.010002,119.330002,39.82,40.389999,39.759998,40.07,105.449997,106.269997,105.360001,105.839996
03/12/2004,119.309998,120.139999,119.089996,119.25,40.349998,40.59,40.080002,40.130001,105.660004,106.389999,105.559998,105.690002
06/12/2004,119.209999,119.639999,118.839996,119.209999,40.119999,40.43,39.91,40.27,105.68,105.730003,105.239998,105.349998
07/12/2004,119.489998,119.620003,118.040001,118.099998,40.349998,40.5,39.529999,39.580002,105.470001,105.629997,104.370003,104.410004
08/12/2004,118.209999,118.82,118.010002,118.790001,39.599998,39.98,39.5,39.810001,104.57,105.059998,104.419998,105.010002
09/12/2004,118.139999,119.459999,117.730003,119.209999,39.490002,40.189999,39.240002,40.049999,104.529999,105.599998,104.160004,105.379997
10/12/2004,118.919998,119.559998,118.849998,119.330002,39.84,40.07,39.740002,39.93,105.190002,105.75,105.110001,105.5
13/12/2004,119.760002,120.400002,119.349998,120.370003,40.23,40.34,39.98,40.279999,105.900002,106.459999,105.529999,106.449997
14/12/2004,120.18,120.959999,120.18,120.790001,40.279999,40.59,40.25,40.48,106.239998,106.949997,106.199997,106.760002
15/12/2004,120.699997,121.110001,120.309998,120.879997,40.490002,40.68,40.150002,40.330002,106.620003,107.059998,106.349998,106.849998
16/12/2004,120.720001,121.239998,120.040001,120.809998,40.34,40.450001,39.82,39.950001,106.830002,107.290001,106.620003,107.160004
17/12/2004,119.459999,119.970001,119.160004,119.440002,39.639999,39.810001,39.43,39.470001,106.360001,106.980003,106.220001,106.529999
20/12/2004,119.75,120.290001,119.169998,119.470001,39.57,39.77,39.09,39.200001,106.760002,107.150002,106.349998,106.620003
21/12/2004,119.599998,120.480003,119.459999,120.389999,39.389999,39.709999,39.279999,39.68,106.75,107.470001,106.610001,107.419998
22/12/2004,120.379997,121.080002,120.300003,120.68,39.540001,39.93,39.490002,39.73,107.360001,108.129997,107.300003,108.010002
23/12/2004,120.870003,121.279999,120.660004,120.769997,39.610001,39.91,39.540001,39.759998,108.120003,108.550003,108.029999,108.150002
27/12/2004,121.199997,121.360001,120.389999,120.519997,39.98,40.02,39.400002,39.59,108.43,108.559998,107.720001,107.760002
28/12/2004,120.639999,121.330002,120.599998,121.18,39.669998,40,39.610001,39.970001,107.879997,108.470001,107.800003,108.400002
29/12/2004,121.080002,121.400002,120.949997,121.360001,39.919998,40.16,39.900002,40.02,108.269997,108.309998,107.830002,108.239998
30/12/2004,121.400002,121.57,121.040001,121.129997,40.07,40.119999,39.93,39.990002,108.25,108.410004,107.769997,107.849998
31/12/2004,121.300003,121.660004,120.800003,120.870003,40.029999,40.119999,39.779999,39.919998,107.93,108.190002,107.470001,107.510002
03/01/2005,121.559998,121.760002,119.900002,120.300003,40.09,40.290001,39.369999,39.5,108.150002,108.589996,106.93,107.32
04/01/2005,120.459999,120.540001,118.440002,118.830002,39.669998,39.740002,38.549999,38.779999,107.5,107.599998,105.889999,106.300003
05/01/2005,118.739998,119.25,118,118.010002,38.68,38.959999,38.470001,38.540001,106.300003,106.779999,105.709999,105.709999
06/01/2005,118.440002,119.150002,118.260002,118.610001,38.630001,38.709999,38.34,38.349998,106.129997,106.660004,105.830002,106.040001
07/01/2005,118.970001,119.230003,118.129997,118.440002,38.560001,38.869999,38.209999,38.549999,106.330002,106.5,105.629997,105.839996
10/01/2005,118.339996,119.459999,118.339996,119,38.439999,38.869999,38.389999,38.529999,105.839996,106.629997,105.769997,106.199997
11/01/2005,118.639999,118.739998,117.989998,118.18,38.369999,38.5,38.07,38.259998,105.900002,105.910004,105.269997,105.519997
12/01/2005,118.400002,118.839996,117.519997,118.57,38.43,38.599998,38.009998,38.580002,105.580002,106.230003,104.959999,106.029999
13/01/2005,118.639999,118.730003,117.5,117.620003,38.580002,38.849998,38.009998,38.07,105.959999,106.099998,104.809998,104.949997
14/01/2005,117.970001,118.529999,117.760002,118.239998,38.200001,38.52,38.189999,38.43,105.129997,105.650002,105.050003,105.440002
18/01/2005,118.050003,119.620003,117.949997,119.470001,38.279999,38.790001,38.220001,38.720001,105.25,106.290001,105,106.160004
19/01/2005,119.43,119.519997,118.209999,118.220001,38.73,38.75,38.060001,38.080002,106.150002,106.25,105.230003,105.25
20/01/2005,117.889999,118.199997,117.290001,117.5,37.650002,37.810001,37.32,37.349998,105.059998,105.480003,104.580002,104.760002
21/01/2005,117.790001,118,116.650002,116.779999,37.48,37.549999,36.990002,37.049999,104.949997,105.029999,103.779999,103.839996
24/01/2005,117.089996,117.339996,116.370003,116.550003,37.119999,37.200001,36.459999,36.529999,104.110001,104.309998,103.620003,103.75
25/01/2005,116.910004,117.470001,116.720001,116.879997,36.77,37.09,36.66,36.709999,104.089996,105.010002,104.050003,104.589996
26/01/2005,117.32,117.599998,117.040001,117.230003,36.959999,37.290001,36.82,37.150002,104.919998,105.25,104.68,104.790001
27/01/2005,117.190002,117.75,116.980003,117.43,37.09,37.27,36.869999,37.099998,104.449997,104.830002,104.209999,104.57
28/01/2005,117.489998,117.550003,116.610001,117.43,37.220001,37.27,36.619999,36.919998,104.540001,104.650002,103.760002,104.440002
31/01/2005,117.949997,118.25,117.709999,118.160004,37.360001,37.529999,37.259998,37.400002,104.980003,105.050003,104.480003,104.800003
01/02/2005,118.25,119.080002,118.099998,118.910004,37.490002,37.650002,37.369999,37.52,105.019997,105.639999,104.839996,105.400002
02/02/2005,119.059998,119.589996,118.900002,119.269997,37.639999,37.73,37.310001,37.580002,105.459999,106.129997,105.349998,105.879997
03/02/2005,119.059998,119.160004,118.57,118.959999,37.380001,37.41,37,37.150002,105.699997,105.949997,105.440002,105.900002
04/02/2005,119,120.43,118.980003,120.230003,37.150002,37.82,37.150002,37.75,105.800003,107.209999,105.760002,107
07/02/2005,120.25,120.519997,119.959999,120.07,37.799999,37.91,37.52,37.669998,106.93,107.269997,106.910004,107.010002
08/02/2005,120.169998,120.650002,120.07,120.209999,37.66,38.009998,37.619999,37.740002,107.059998,107.419998,106.910004,107.25
09/02/2005,120.419998,120.489998,119.25,119.309998,37.77,37.799999,37.060001,37.110001,107.419998,107.480003,106.629997,106.739998
10/02/2005,119.660004,120.019997,119.260002,119.739998,37.259998,37.32,36.880001,37.150002,107.029999,107.699997,106.93,107.5
11/02/2005,119.699997,121.040001,119.459999,120.769997,37.029999,37.849998,36.93,37.700001,107.419998,108.389999,107.139999,108.089996
14/02/2005,120.690002,120.860001,120.480003,120.68,37.700001,37.939999,37.689999,37.869999,108.010002,108.120003,107.839996,107.980003
15/02/2005,120.800003,121.43,120.68,121.129997,37.900002,38.48,37.82,38.119999,108.059998,108.610001,107.919998,108.470001
16/02/2005,120.93,121.459999,120.669998,121.209999,38.029999,38.16,37.830002,37.98,108.279999,108.68,108.089996,108.449997
17/02/2005,121.230003,121.330002,120.220001,120.230003,38.049999,38.139999,37.43,37.470001,108.459999,108.559998,107.669998,107.720001
18/02/2005,120.239998,120.480003,119.900002,120.389999,37.48,37.57,37.259998,37.349998,107.480003,107.839996,107.199997,107.809998
22/02/2005,119.900002,120.470001,118.580002,118.599998,37.029999,37.549999,36.790001,36.889999,107.330002,107.669998,105.989998,106.010002
23/02/2005,118.93,119.57,118.620003,119.449997,37.040001,37.07,36.700001,36.939999,106.349998,106.949997,106.190002,106.830002
24/02/2005,119.239998,120.32,118.980003,120.239998,36.849998,37.439999,36.759998,37.41,106.580002,107.550003,106.360001,107.410004
25/02/2005,120.269997,121.669998,120.18,121.43,37.380001,37.700001,37.290001,37.619999,107.43,108.419998,107.300003,108.360001
28/02/2005,121.150002,121.300003,120.040001,120.629997,37.459999,37.599998,36.919998,37.220001,108.110001,108.980003,107.260002,107.699997
01/03/2005,120.82,121.519997,120.779999,121.230003,37.369999,37.700001,37.330002,37.630001,107.760002,108.489998,107.760002,108.230003
02/03/2005,120.760002,121.93,120.650002,121.169998,37.41,38.02,37.360001,37.610001,107.809998,108.690002,107.739998,108.07
03/03/2005,121.660004,121.900002,120.699997,121.220001,37.709999,37.73,37.02,37.299999,108.419998,108.669998,107.639999,108.25
04/03/2005,122.050003,122.830002,121.790001,122.730003,37.599998,37.75,37.400002,37.52,108.910004,109.610001,108.650002,109.540001
07/03/2005,122.660004,123.25,122.400002,122.790001,37.599998,38.290001,37.560001,38.060001,109.389999,109.830002,109.300003,109.330002
08/03/2005,122.669998,123,122.110001,122.330002,38.009998,38.209999,37.650002,37.68,109.290001,109.519997,108.959999,109.160004
09/03/2005,121.970001,122.290001,120.959999,120.970001,37.669998,37.93,37.470001,37.57,108.830002,109.230003,108,108.010002
10/03/2005,121.199997,121.5,120.400002,121.239998,37.610001,37.669998,37.080002,37.52,108.209999,108.730003,107.739998,108.470001
11/03/2005,121.309998,121.720001,120.160004,120.389999,37.689999,37.82,37.02,37.169998,108.489998,108.809998,107.650002,107.839996
14/03/2005,120.610001,121.160004,120.279999,121.139999,37.240002,37.360001,37.029999,37.34,107.949997,108.160004,107.580002,108.139999
15/03/2005,121.419998,121.459999,120.080002,120.139999,37.419998,37.48,36.990002,37.040001,108.389999,108.480003,107.519997,107.57
16/03/2005,119.699997,120.160004,118.900002,119.120003,36.91,37.18,36.529999,36.619999,106.949997,107.110001,106.190002,106.349998
17/03/2005,119.309998,119.739998,118.980003,119.360001,36.610001,36.889999,36.540001,36.709999,106.559998,106.68,106.040001,106.290001
18/03/2005,119.110001,119.529999,118.150002,118.540001,36.75,36.790001,36.349998,36.509998,106.379997,106.440002,105.440002,105.959999
21/03/2005,118.709999,118.779999,117.760002,118.099998,36.599998,36.75,36.25,36.580002,106.040001,106.120003,105.230003,105.419998
22/03/2005,118.370003,118.93,116.900002,116.900002,36.610001,36.75,36.110001,36.130001,105.540001,106.029999,104.5,104.529999
23/03/2005,116.949997,117.720001,116.75,117,36.09,36.490002,36.07,36.259998,104.489998,105.550003,104.209999,104.410004
24/03/2005,117.459999,117.989998,117.059998,117.139999,36.389999,36.650002,36.27,36.27,104.720001,105.150002,104.349998,104.440002
28/03/2005,117.419998,117.940002,117.309998,117.309998,36.41,36.610001,36.310001,36.34,104.599998,105.230003,104.559998,104.760002
29/03/2005,117.139999,117.900002,116.25,116.529999,36.27,36.580002,35.939999,36.049999,104.610001,105.129997,103.860001,104.07
30/03/2005,116.779999,118.199997,116.769997,118.18,36.23,36.779999,36.220001,36.73,104.18,105.389999,104.18,105.339996
31/03/2005,118.190002,118.459999,117.870003,117.959999,36.73,36.75,36.439999,36.57,105.169998,105.32,104.800003,104.989998
01/04/2005,118.629997,118.989998,116.910004,117.43,36.82,36.880001,36.130001,36.200001,105.43,105.620003,103.739998,104.050003
04/04/2005,117.360001,117.860001,116.739998,117.629997,36.25,36.599998,36.029999,36.459999,104.080002,104.82,103.459999,104.220001
05/04/2005,117.779999,118.379997,117.669998,118.190002,36.490002,36.669998,36.419998,36.560001,104.290001,104.68,104.150002,104.589996
06/04/2005,118.449997,118.949997,118.18,118.599998,36.66,36.91,36.419998,36.5,104.800003,105.239998,104.720001,105.019997
07/04/2005,118.410004,119.260002,118.32,119.239998,36.529999,36.950001,36.509998,36.939999,104.809998,105.580002,104.75,105.519997
08/04/2005,119.169998,119.209999,118,118,37,37.07,36.599998,36.639999,105.449997,105.540001,104.519997,104.540001
11/04/2005,118.290001,118.419998,117.830002,118.089996,36.75,36.779999,36.400002,36.48,104.790001,104.809998,104.379997,104.470001
12/04/2005,117.889999,119.059998,117.07,118.699997,36.439999,36.740002,35.91,36.66,104.199997,105.300003,103.559998,104.989998
13/04/2005,118.559998,118.800003,117.129997,117.300003,36.560001,36.599998,35.98,36.060001,104.919998,105.220001,103.75,103.980003
14/04/2005,117.400002,117.5,115.769997,115.769997,36.060001,36.099998,35.5,35.549999,104.099998,104.169998,102.389999,102.400002
15/04/2005,115.739998,116.199997,114.099998,114.150002,35.240002,35.369999,34.68,34.740002,102.209999,102.599998,100.620003,100.699997
18/04/2005,114.120003,114.959999,113.959999,114.5,34.709999,35,34.639999,34.75,100.620003,101.010002,100.110001,100.550003
19/04/2005,115.099998,115.529999,114.830002,115.410004,35.02,35.099998,34.75,34.990002,101.010002,101.5,100.800003,101.25
20/04/2005,115.379997,115.629997,113.550003,113.800003,35.209999,35.290001,34.59,34.700001,101.510002,101.779999,99.889999,100.139999
21/04/2005,114.790001,116.209999,114.379997,116.010002,35.119999,35.709999,34.959999,35.619999,100.949997,102.290001,100.68,102.120003
22/04/2005,115.739998,116.5,114.269997,115.57,35.459999,35.470001,34.82,35.09,101.900002,102.160004,100.620003,101.830002
25/04/2005,115.860001,116.5,115.720001,116.330002,35.299999,35.459999,35.150002,35.380001,102.050003,102.580002,101.879997,102.400002
26/04/2005,115.959999,116.769997,115.150002,115.199997,35.290001,35.700001,35.040001,35.049999,102.059998,102.620003,101.43,101.510002
27/04/2005,114.860001,116.07,114.440002,115.650002,34.869999,35.25,34.73,35.099998,101.110001,102.169998,100.739998,101.900002
28/04/2005,115.269997,115.68,114.199997,114.199997,34.919998,35.150002,34.720001,34.75,101.639999,101.830002,100.519997,100.519997
29/04/2005,115.07,115.870003,113.970001,115.75,35,35.060001,34.349998,34.98,101.309998,101.980003,100.440002,101.879997
02/05/2005,116.07,116.410004,115.519997,116.400002,35.099998,35.259998,34.889999,35.119999,102.239998,102.599998,101.860001,102.580002
03/05/2005,116.07,116.849998,115.690002,116.599998,35.049999,35.43,35.029999,35.299999,102.32,103.080002,102.050003,102.889999
04/05/2005,116.650002,117.75,116.279999,117.5,35.290001,35.830002,35.240002,35.73,103.010002,103.93,102.669998,103.769997
05/05/2005,117.669998,118,116.739998,117.459999,35.75,35.919998,35.529999,35.759998,103.809998,104.080002,102.989998,103.5
06/05/2005,117.93,117.989998,117.059998,117.089996,35.970001,36.02,35.720001,35.860001,103.919998,104.050003,103.400002,103.43
09/05/2005,117.209999,118.080002,117.050003,117.82,35.869999,36.060001,35.66,36.029999,103.459999,103.879997,103.209999,103.75
10/05/2005,117.360001,117.5,116.389999,116.599998,35.860001,35.959999,35.619999,35.77,103.360001,103.489998,102.5,102.699997
11/05/2005,116.93,117.400002,115.849998,117.239998,35.82,36.029999,35.299999,35.950001,102.989998,103.25,101.5,103.019997
12/05/2005,117.32,117.589996,115.949997,115.949997,36.029999,36.200001,35.66,35.849998,103.019997,103.339996,101.93,101.93
13/05/2005,116.300003,116.620003,114.800003,115.720001,35.990002,36.470001,35.889999,36.240002,102.230003,102.470001,100.860001,101.669998
16/05/2005,115.699997,116.839996,115.660004,116.800003,36.240002,36.540001,36.130001,36.48,101.620003,102.709999,101.589996,102.639999
17/05/2005,116.410004,117.699997,116.160004,117.580002,36.349998,36.740002,36.209999,36.700001,102.370003,103.550003,102.279999,103.489998
18/05/2005,118.089996,119.080002,118.010002,118.790001,36.799999,37.360001,36.709999,37.200001,103.919998,105.059998,103.860001,104.839996
19/05/2005,119.019997,119.410004,118.699997,119.290001,37.290001,37.52,37.200001,37.509998,104.959999,105.199997,104.589996,105.139999
20/05/2005,119.339996,119.389999,118.739998,119.120003,37.450001,37.689999,37.349998,37.66,104.830002,104.849998,104.120003,104.629997
23/05/2005,119.209999,120.040001,119.190002,119.779999,37.66,37.990002,37.599998,37.849998,104.629997,105.5,104.629997,105.220001
24/05/2005,119.440002,119.830002,119.199997,119.5,37.759998,38,37.700001,37.970001,104.919998,105.129997,104.629997,104.830002
25/05/2005,119.349998,119.870003,118.830002,119.410004,37.84,37.880001,37.59,37.810001,104.709999,104.709999,104.160004,104.589996
26/05/2005,119.790001,120.209999,119.620003,120.050003,37.98,38.27,37.98,38.189999,104.989998,105.349998,104.839996,105.269997
27/05/2005,120.059998,120.25,119.800003,120.25,38.139999,38.25,38.02,38.209999,105.300003,105.440002,105.07,105.370003
31/05/2005,120.080002,120.169998,119.400002,119.480003,38.189999,38.240002,37.919998,38.080002,105.32,105.349998,104.57,104.629997
01/06/2005,119.519997,120.919998,119.449997,120.5,38.029999,38.68,38.02,38.389999,104.639999,105.830002,104.610001,105.330002
02/06/2005,120.230003,120.839996,120.099998,120.760002,38.330002,38.66,38.299999,38.66,105.110001,105.559998,105.040001,105.470001
03/06/2005,120.550003,120.889999,119.730003,120.150002,38.630001,38.639999,38.02,38.099998,105.269997,105.440002,104.379997,104.720001
06/06/2005,119.949997,120.199997,119.550003,120.040001,38.119999,38.189999,37.959999,38.110001,104.660004,104.989998,104.25,104.629997
07/06/2005,120.389999,121.25,120.010002,120.129997,38.150002,38.470001,37.740002,37.790001,104.889999,105.739998,104.790001,104.879997
08/06/2005,120.43,120.589996,119.669998,119.910004,37.880001,37.950001,37.560001,37.709999,105.269997,105.410004,104.57,104.800003
09/06/2005,119.739998,120.580002,119.440002,120.480003,37.66,38.060001,37.5,37.950001,104.720001,105.239998,104.379997,104.980003
10/06/2005,120.559998,120.650002,119.599998,120.199997,37.900002,37.900002,37.380001,37.549999,105.139999,105.379997,104.480003,105.169998
13/06/2005,119.940002,121.080002,119.809998,120.580002,37.48,37.950001,37.459999,37.73,104.959999,105.940002,104.760002,105.339996
14/06/2005,120.449997,121.199997,120.379997,120.860001,37.689999,37.84,37.5,37.580002,105.279999,105.910004,105.190002,105.57
15/06/2005,121.160004,121.239998,120.230003,121.089996,37.830002,37.869999,37.25,37.700001,105.870003,105.919998,104.989998,105.739998
16/06/2005,121.059998,121.639999,120.919998,121.400002,37.740002,38,37.66,37.900002,105.699997,106.019997,105.459999,105.779999
17/06/2005,121.540001,121.900002,121.220001,121.360001,38.110001,38.209999,37.75,37.869999,106.209999,106.510002,105.889999,106.040001
20/06/2005,121.080002,121.839996,120.940002,121.400002,37.720001,38.080002,37.580002,37.869999,105.68,106.269997,105.540001,105.959999
21/06/2005,121.5,121.650002,121.029999,121.470001,37.84,38.009998,37.700001,37.849998,105.980003,106.199997,105.690002,106
22/06/2005,121.68,121.940002,121.07,121.57,38,38.099998,37.630001,37.810001,106.209999,106.330002,105.669998,106.019997
23/06/2005,121.32,121.599998,119.830002,119.860001,37.869999,38.18,37.330002,37.389999,105.790001,105.870003,104.029999,104.050003
24/06/2005,119.879997,120.010002,118.839996,118.980003,37.380001,37.41,36.959999,36.970001,103.989998,104.019997,102.779999,102.860001
27/06/2005,118.970001,119.410004,118.75,119.150002,36.950001,37.060001,36.700001,36.799999,102.839996,103.260002,102.440002,102.949997
28/06/2005,119.400002,120.239998,119.370003,120.150002,36.950001,37.259998,36.900002,37.150002,103.18,104,103.169998,103.980003
29/06/2005,120.370003,120.400002,119.760002,119.830002,37.25,37.259998,36.970001,37.07,104.230003,104.25,103.550003,103.599998
30/06/2005,120.220001,120.32,118.949997,119.18,37.139999,37.209999,36.75,36.779999,103.940002,104.07,102.559998,102.75
01/07/2005,119.449997,119.800003,119.209999,119.529999,36.860001,37,36.68,36.73,103.07,103.449997,102.830002,103.120003
05/07/2005,119.25,120.650002,119.190002,120.489998,36.599998,37.189999,36.599998,37.110001,102.849998,103.870003,102.800003,103.629997
06/07/2005,120.389999,120.650002,119.410004,119.480003,37.029999,37.279999,36.860001,36.93,103.629997,103.849998,102.610001,102.669998
07/07/2005,118.290001,119.949997,118.260002,119.949997,36.580002,37.09,36.549999,37.060001,101.75,103.199997,101.730003,103.139999
08/07/2005,119.970001,121.32,119.720001,121.32,37.080002,37.810001,36.990002,37.77,103.220001,104.629997,103.059998,104.559998
11/07/2005,121.330002,122.099998,121.309998,121.940002,37.869999,38.16,37.799999,38.119999,104.629997,105.379997,104.629997,105.239998
12/07/2005,121.989998,122.629997,121.639999,122.260002,38.119999,38.459999,38.009998,38.299999,105.190002,105.489998,104.849998,105.099998
13/07/2005,122.269997,122.519997,121.989998,122.43,38.32,38.43,38.169998,38.389999,105.309998,105.660004,105.150002,105.629997
14/07/2005,122.980003,123.440002,122.489998,122.910004,38.669998,38.880001,38.52,38.77,106.07,106.57,106.040001,106.419998
15/07/2005,122.790001,123.040001,122.360001,122.839996,38.830002,39,38.650002,38.889999,106.349998,106.459999,105.910004,106.290001
18/07/2005,122.5,122.629997,122.050003,122.349998,38.790001,38.889999,38.689999,38.73,106.050003,106.25,105.660004,105.919998
19/07/2005,122.709999,123.110001,122.410004,123.019997,38.91,39.200001,38.84,39.18,106.449997,106.589996,106.110001,106.5
20/07/2005,122.589996,123.730003,122.300003,123.440002,38.939999,39.57,38.900002,39.459999,105.860001,106.889999,105.75,106.690002
21/07/2005,123.550003,123.610001,122.470001,122.720001,39.560001,39.689999,39.209999,39.470001,106.910004,106.989998,106.019997,106.190002
22/07/2005,122.879997,123.559998,122.629997,123.540001,39.48,39.59,39.220001,39.419998,106.309998,106.550003,105.82,106.480003
25/07/2005,123.410004,123.949997,122.849998,123.190002,39.459999,39.630001,39.200001,39.27,106.519997,106.849998,105.860001,106.129997
26/07/2005,123.230003,123.529999,122.949997,123.339996,39.389999,39.529999,39.189999,39.419998,106.019997,106.199997,105.639999,105.82
27/07/2005,123.5,123.889999,123.050003,123.790001,39.450001,39.759998,39.23,39.720001,106.089996,106.459999,105.739998,106.349998
28/07/2005,123.959999,124.639999,123.639999,124.57,39.75,39.919998,39.639999,39.91,106.620003,107.129997,106.330002,107.07
29/07/2005,124.410004,124.629997,123.5,123.739998,39.869999,39.919998,39.52,39.580002,107.019997,107.160004,106.389999,106.629997
01/08/2005,123.830002,124.040001,123.449997,123.650002,39.639999,39.830002,39.52,39.650002,106.720001,106.720001,106.099998,106.190002
02/08/2005,123.870003,124.599998,123.739998,124.389999,39.700001,40.139999,39.650002,40.080002,106.470001,107,106.360001,106.709999
03/08/2005,124.25,124.739998,124.120003,124.720001,39.91,40.130001,39.880001,40.060001,106.529999,107.040001,106.370003,107
04/08/2005,124.230003,124.309998,123.57,123.720001,39.880001,39.939999,39.57,39.669998,106.650002,106.730003,106.010002,106.120003
05/08/2005,123.449997,123.980003,122.669998,122.879997,39.610001,39.790001,39.43,39.48,105.940002,106.089996,105.540001,105.650002
08/08/2005,123.150002,123.410004,122.379997,122.650002,39.52,39.610001,39.139999,39.189999,105.940002,106.050003,105.25,105.540001
09/08/2005,123.059998,123.589996,122.870003,123.389999,39.369999,39.59,39.310001,39.450001,105.870003,106.43,105.82,106.269997
10/08/2005,123.82,124.5,122.82,123.330002,39.549999,39.689999,38.970001,39.110001,106.730003,107.330002,105.790001,106.239998
11/08/2005,123.269997,124.029999,123.010002,123.82,39.130001,39.540001,39.099998,39.43,106.129997,107,106.040001,106.870003
12/08/2005,123.57,123.690002,122.75,123.059998,39.119999,39.32,38.970001,39.209999,106.650002,106.68,105.800003,106.010002
15/08/2005,123.220001,123.870003,122.830002,123.82,39.139999,39.630001,39.080002,39.450001,106.059998,106.699997,105.730003,106.620003
16/08/2005,123.440002,123.519997,122.089996,122.209999,39.299999,39.330002,38.740002,38.810001,106.239998,106.400002,105.230003,105.400002
17/08/2005,122.190002,122.870003,122.029999,122.199997,38.919998,39.169998,38.790001,39.040001,105.389999,106.110001,105.279999,105.68
18/08/2005,122.050003,122.559998,121.839996,122.190002,38.869999,39.099998,38.77,38.84,105.470001,106.169998,105.370003,105.760002
19/08/2005,122.629997,122.82,122.199997,122.470001,38.889999,39,38.790001,38.82,105.870003,106.199997,105.519997,105.730003
22/08/2005,122.580002,123.230003,121.879997,122.470001,38.880001,39.18,38.599998,38.84,105.870003,106.379997,105.169998,105.660004
23/08/2005,122.5,122.610001,121.150002,122.239998,38.84,38.919998,38.610001,38.73,105.639999,105.730003,104.910004,105.279999
24/08/2005,121.940002,122.730003,121.089996,121.150002,38.650002,39.18,38.459999,38.5,104.989998,105.5,104.160004,104.18
25/08/2005,121.349998,121.669998,121.209999,121.589996,38.57,38.689999,38.490002,38.59,104.339996,104.589996,104.199997,104.459999
26/08/2005,121.480003,121.489998,120.68,120.760002,38.529999,38.599998,38.27,38.459999,104.360001,104.389999,103.790001,103.900002
29/08/2005,120.410004,121.779999,120.379997,121.690002,38.259998,38.849998,38.259998,38.759998,103.5,104.809998,103.449997,104.639999
30/08/2005,121.25,121.300003,120.389999,121.050003,38.560001,38.66,38.32,38.619999,104.330002,104.330002,103.449997,104
31/08/2005,121.190002,122.660004,120.739998,122.580002,38.639999,39.009998,38.48,38.98,104.080002,104.980003,103.540001,104.889999
01/09/2005,122.519997,123.150002,121.139999,122.489998,39,39.150002,38.779999,38.919998,104.779999,105.190002,104.220001,104.599998
02/09/2005,122.849998,122.879997,122.040001,122.269997,39,39.029999,38.740002,38.77,104.779999,104.93,104.300003,104.599998
06/09/2005,122.660004,123.800003,122.650002,123.699997,38.950001,39.41,38.900002,39.34,104.980003,105.93,104.919998,105.830002
07/09/2005,123.629997,124.129997,123.459999,123.910004,39.299999,39.48,39.209999,39.41,105.809998,106.370003,105.709999,106.230003
08/09/2005,123.660004,124,123.309998,123.5,39.290001,39.57,39.27,39.400002,105.980003,106.290001,105.669998,105.910004
09/09/2005,123.830002,124.739998,123.800003,124.599998,39.41,39.689999,39.310001,39.619999,106.139999,106.93,106.059998,106.760002
12/09/2005,124.449997,124.669998,124.269997,124.349998,39.630001,39.860001,39.580002,39.73,106.699997,107.010002,106.629997,106.809998
13/09/2005,124.129997,124.419998,123.519997,123.660004,39.68,39.91,39.540001,39.630001,106.589996,106.809998,106.010002,106.110001
14/09/2005,123.739998,123.919998,123.019997,123.209999,39.650002,39.68,39.150002,39.18,106.269997,106.410004,105.43,105.57
15/09/2005,123.589996,123.650002,122.900002,123.150002,39.259998,39.34,39.049999,39.16,105.809998,105.900002,105.260002,105.660004
16/09/2005,123.300003,123.739998,122.870003,123.5,39.25,39.459999,39.110001,39.400002,105.949997,106.379997,105.650002,106.230003
19/09/2005,123.470001,123.550003,122.639999,123.089996,39.32,39.380001,38.91,39.09,106.120003,106.150002,105.129997,105.540001
20/09/2005,123.199997,123.610001,121.870003,122.050003,39.16,39.540001,38.810001,38.93,105.68,105.970001,104.57,104.720001
21/09/2005,121.790001,121.870003,120.779999,120.910004,38.82,38.869999,38.470001,38.5,104.510002,104.510002,103.620003,103.720001
22/09/2005,120.949997,121.660004,120.440002,121.339996,38.439999,38.73,38.240002,38.639999,103.739998,104.400002,103.440002,104.040001
23/09/2005,121.239998,121.889999,120.900002,121.440002,38.5,38.880001,38.41,38.75,103.919998,104.5,103.669998,104.099998
26/09/2005,122.019997,122.239998,121.080002,121.580002,38.970001,39.029999,38.549999,38.759998,104.650002,105.029999,104.019997,104.440002
27/09/2005,121.519997,121.989998,121.019997,121.550003,38.790001,38.900002,38.509998,38.669998,104.370003,104.900002,104.07,104.529999
28/09/2005,121.93,122.120003,121.199997,121.669998,38.759998,38.950001,38.560001,38.68,104.800003,105.040001,104.160004,104.699997
29/09/2005,121.550003,122.860001,121.080002,122.660004,38.630001,39.209999,38.450001,39.200001,104.599998,105.550003,104.099998,105.400002
30/09/2005,122.620003,123.040001,121.739998,123.040001,39.169998,39.48,39.130001,39.459999,105.360001,105.790001,105.199997,105.75
03/10/2005,122.959999,123.339996,122.449997,122.599998,39.540001,39.75,39.509998,39.560001,105.739998,106.010002,105.160004,105.279999
04/10/2005,122.790001,123.029999,121.160004,121.220001,39.619999,39.880001,39.290001,39.299999,105.459999,105.639999,104.169998,104.169998
05/10/2005,121.25,121.309998,119.57,119.629997,39.310001,39.34,38.73,38.759998,104.279999,104.349998,103.160004,103.220001
06/10/2005,119.779999,120.260002,118.169998,119.199997,38.73,38.860001,37.919998,38.25,103.339996,103.709999,102.190002,102.900002
07/10/2005,119.699997,120.050003,119.129997,119.610001,38.400002,38.57,38.18,38.34,103.349998,103.510002,102.82,102.970001
10/10/2005,119.68,119.709999,118.300003,118.599998,38.27,38.459999,38.060001,38.130001,103.18,103.239998,102.290001,102.32
11/10/2005,118.989998,119.389999,118.32,118.43,38.240002,38.240002,37.799999,37.939999,102.690002,103.18,102.349998,102.529999
12/10/2005,118.389999,119.129997,117.410004,117.5,37.720001,38.060001,37.43,37.490002,102.540001,103.120003,101.879997,102.029999
13/10/2005,117.459999,118.080002,116.879997,117.43,37.470001,37.91,37.330002,37.779999,102.029999,102.440002,101.580002,101.959999
14/10/2005,118.120003,118.809998,117.559998,118.669998,37.880001,38.07,37.639999,38.060001,102.489998,102.970001,102,102.830002
17/10/2005,118.800003,119.269997,118.449997,119.110001,38.07,38.189999,37.82,38.18,103.07,103.639999,102.940002,103.5
18/10/2005,118.940002,118.959999,117.800003,117.82,38.139999,38.18,37.91,37.91,103.559998,103.760002,102.860001,102.870003
19/10/2005,117.5,119.800003,117.120003,119.779999,37.720001,38.669998,37.610001,38.669998,102.610001,104.349998,102.360001,104.309998
20/10/2005,119.489998,119.809998,117.300003,117.669998,38.709999,38.849998,38.099998,38.310001,104.059998,104.379997,102.489998,102.779999
21/10/2005,118.290001,118.779999,117.510002,118.129997,38.669998,38.75,38.330002,38.549999,102.970001,103.050003,101.870003,102.139999
24/10/2005,118.440002,120.089996,118.410004,119.959999,38.73,39.18,38.470001,39.16,102.540001,103.839996,102.440002,103.75
25/10/2005,119.720001,120.239998,118.940002,119.720001,39.09,39.189999,38.77,39.009998,103.580002,104.059998,103.07,103.730003
26/10/2005,119.510002,120.540001,119.190002,119.370003,38.98,39.27,38.759998,38.810001,103.449997,104.260002,103.309998,103.529999
27/10/2005,119.199997,119.370003,117.93,118.099998,38.779999,38.799999,38.029999,38.029999,103.32,103.419998,102.199997,102.339996
28/10/2005,118.43,119.949997,118.099998,119.800003,38.16,38.389999,37.919998,38.32,102.650002,103.959999,102.459999,103.839996
31/10/2005,120.290001,121.300003,120.129997,120.129997,38.450001,39.049999,38.419998,38.869999,104.239998,104.790001,103.889999,103.910004
01/11/2005,120.580002,120.900002,120.220001,120.489998,38.779999,39.009998,38.709999,38.84,104.25,104.480003,103.970001,104.139999
02/11/2005,120.169998,121.75,120.129997,121.75,38.73,39.459999,38.709999,39.349998,103.860001,104.889999,103.760002,104.699997
03/11/2005,122.150002,122.660004,121.75,122.269997,39.740002,40.09,39.68,39.939999,105.150002,105.589996,104.879997,105.239998
04/11/2005,122.400002,122.459999,121.550003,122.110001,40,40.23,39.84,40.080002,105.370003,105.489998,104.739998,105.190002
07/11/2005,122.370003,122.620003,121.849998,122.230003,40.209999,40.290001,39.950001,40.130001,105.489998,105.870003,105.169998,105.610001
08/11/2005,121.93,122.419998,121.790001,122.230003,40.080002,40.349998,39.990002,40.139999,105.449997,105.739998,105.300003,105.599998
09/11/2005,122.080002,122.949997,121.860001,122.389999,40.119999,40.330002,40.029999,40.16,105.419998,106.110001,105.269997,105.599998
10/11/2005,122.339996,123.519997,121.75,123.339996,40.18,40.689999,39.919998,40.599998,105.589996,106.68,105.330002,106.580002
11/11/2005,123.349998,123.839996,122.43,123.760002,40.77,40.919998,40.68,40.709999,106.559998,107.110001,106.5,107.019997
14/11/2005,123.790001,124.019997,123.379997,123.690002,40.77,40.860001,40.599998,40.709999,106.959999,107.239998,106.889999,107.199997
15/11/2005,123.550003,124.089996,122.860001,123.239998,40.73,40.900002,40.380001,40.52,107.18,107.57,106.769997,107.120003
16/11/2005,123.370003,123.550003,122.980003,123.489998,40.630001,40.779999,40.459999,40.77,107.160004,107.349998,106.730003,107.040001
17/11/2005,123.68,124.650002,123.139999,124.639999,40.91,41.32,40.849998,41.310001,107.139999,107.480003,106.860001,107.379997
18/11/2005,125.059998,125.279999,124.330002,125.129997,41.52,41.650002,41.27,41.450001,107.57,107.699997,106.900002,107.529999
21/11/2005,125.150002,125.910004,124.980003,125.760002,41.400002,41.580002,41.240002,41.549999,107.760002,108.300003,107.529999,108.160004
22/11/2005,125.559998,126.519997,125.419998,126.300003,41.470001,41.869999,41.360001,41.700001,107.980003,108.739998,107.839996,108.639999
23/11/2005,126.25,127.410004,126.209999,127.029999,41.73,42.02,41.709999,41.799999,108.419998,109.459999,108.419998,109.18
25/11/2005,126.980003,127.220001,126.809998,127.129997,41.84,41.939999,41.73,41.889999,109.220001,109.5,109.220001,109.330002
28/11/2005,127.25,127.269997,126.040001,126.230003,42,42,41.5,41.540001,109.419998,109.489998,108.760002,109.040001
29/11/2005,126.650002,126.980003,126.089996,126.089996,41.77,41.849998,41.34,41.34,109.309998,109.589996,108.870003,108.889999
30/11/2005,126.160004,126.519997,125.290001,125.410004,41.279999,41.490002,41.189999,41.240002,108.980003,109.279999,108.07,108.220001
01/12/2005,126.019997,127.029999,125.980003,126.690002,41.509998,42.049999,41.5,42.009998,108.739998,109.389999,108.639999,109.059998
02/12/2005,126.769997,127.080002,126.5,126.849998,41.939999,42.130001,41.869999,42.110001,109.029999,109.260002,108.650002,108.82
05/12/2005,126.699997,126.730003,126.18,126.580002,42.060001,42.060001,41.630001,41.799999,108.589996,108.760002,108.139999,108.389999
06/12/2005,127.050003,127.739998,126.629997,126.82,42.029999,42.310001,41.900002,41.939999,108.809998,109.279999,108.480003,108.699997
07/12/2005,126.769997,126.870003,125.68,126.080002,42,42.029999,41.630001,41.860001,108.68,108.730003,107.690002,108.099998
08/12/2005,126.220001,126.82,125.480003,126,41.959999,42,41.27,41.560001,108.169998,108.529999,107.370003,107.639999
09/12/2005,126.160004,126.779999,125.82,126.330002,41.560001,41.77,41.380001,41.720001,107.669998,108.110001,107.349998,107.739998
12/12/2005,126.709999,126.860001,125.959999,126.449997,41.869999,41.939999,41.68,41.869999,108.099998,108.199997,107.419998,107.720001
13/12/2005,126.419998,127.699997,126.290001,127.309998,41.82,42.209999,41.759998,42.040001,107.760002,108.790001,107.580002,108.389999
14/12/2005,127.190002,128.089996,127.139999,127.809998,41.950001,42.099998,41.709999,41.900002,108.419998,109.290001,108.419998,109
15/12/2005,127.839996,128,127.18,127.440002,42,42.07,41.610001,41.970001,109,109.5,108.699997,108.769997
16/12/2005,127.279999,127.360001,126.360001,126.360001,41.860001,41.939999,41.549999,41.580002,108.980003,109.239998,108.5,108.510002
19/12/2005,126.730003,126.870003,125.690002,125.709999,41.669998,41.709999,40.900002,40.919998,108.800003,109.050003,108.050003,108.209999
20/12/2005,125.860001,126.589996,125.480003,125.830002,40.950001,41.150002,40.75,40.950001,108.239998,108.419998,107.699997,107.889999
21/12/2005,126.220001,126.760002,125.800003,126.029999,41.02,41.41,40.950001,41.130001,108.080002,108.839996,107.989998,108.150002
22/12/2005,126.309998,126.690002,126.080002,126.690002,41.110001,41.459999,41.099998,41.400002,108.360001,108.75,108.160004,108.709999
23/12/2005,126.779999,126.860001,126.419998,126.760002,41.509998,41.59,41.299999,41.400002,108.849998,108.949997,108.599998,108.75
27/12/2005,126.959999,127.050003,125.379997,125.470001,41.52,41.68,40.970001,41.040001,108.940002,109.25,107.639999,107.75
28/12/2005,125.739998,125.989998,125.5,125.75,41.060001,41.23,40.869999,40.990002,107.989998,108.150002,107.690002,107.849998
29/12/2005,125.720001,125.959999,125.059998,125.190002,41.029999,41.119999,40.650002,40.720001,107.940002,108.150002,107.550003,107.68
30/12/2005,124.800003,125.059998,124.360001,124.510002,40.540001,40.580002,40.360001,40.41,107.400002,107.580002,106.82,106.949997
03/01/2006,125.190002,127,124.389999,126.699997,40.650002,41.490002,40.16,41.310001,107.440002,108.559998,106.739998,108.330002
04/01/2006,126.860001,127.489998,126.699997,127.300003,41.41,41.740002,41.32,41.740002,108.43,108.860001,108.269997,108.739998
05/01/2006,127.150002,127.589996,126.879997,127.379997,41.75,42,41.709999,41.919998,108.510002,109.019997,108.360001,108.879997
06/01/2006,128.020004,128.580002,127.360001,128.440002,42.259998,42.700001,42.060001,42.68,109.330002,109.699997,108.760002,109.519997
09/01/2006,128.419998,129.059998,128.380005,128.770004,42.68,42.919998,42.52,42.849998,109.5,110.209999,109.470001,109.980003
10/01/2006,128.389999,128.979996,128.259995,128.899994,42.66,42.919998,42.549999,42.880001,109.559998,110.139999,109.470001,110.080002
11/01/2006,129.020004,129.440002,128.729996,129.309998,43,43.310001,42.869999,43.209999,110.110001,110.459999,109.879997,110.43
12/01/2006,129.080002,129.279999,128.440002,128.800003,43.16,43.290001,42.849998,43,110.220001,110.230003,109.510002,109.769997
13/01/2006,128.570007,128.899994,128.199997,128.679993,42.939999,43.049999,42.73,42.98,109.629997,109.93,109.190002,109.540001
17/01/2006,128.199997,128.419998,127.809998,128.330002,42.650002,42.790001,42.5,42.700001,109.150002,109.269997,108.739998,109.010002
18/01/2006,127.580002,128.899994,127.160004,127.82,42.029999,42.459999,42.02,42.209999,108.400002,108.900002,108.209999,108.599998
19/01/2006,128.130005,128.770004,127.809998,128.309998,42.419998,42.82,42.290001,42.52,108.730003,109.18,108.540001,108.730003
20/01/2006,128.279999,128.309998,125.970001,125.970001,42.459999,42.490002,41.150002,41.25,108.459999,108.5,106.449997,106.470001
23/01/2006,126.209999,126.82,126.129997,126.419998,41.360001,41.450001,41.080002,41.259998,106.639999,107.279999,106.559998,106.860001
24/01/2006,126.629997,127.150002,126.419998,126.550003,41.360001,41.700001,41.310001,41.439999,106.949997,107.410004,106.779999,106.940002
25/01/2006,127.040001,127.18,125.839996,126.660004,41.639999,41.669998,41.080002,41.259998,107.279999,107.519997,106.599998,107.150002
26/01/2006,127.25,127.669998,126.760002,127.360001,41.5,41.689999,41.23,41.549999,107.629997,108.199997,107.449997,108.010002
27/01/2006,127.660004,128.660004,127.449997,128.539993,41.799999,42.389999,41.740002,42.110001,108.220001,109.269997,107.970001,109.110001
30/01/2006,128.440002,128.809998,128.350006,128.440002,42.18,42.32,42.07,42.189999,109.089996,109.199997,108.760002,108.910004
31/01/2006,128.320007,128.539993,127.489998,127.5,42.169998,42.27,41.810001,42,108.790001,109.190002,108.239998,108.269997
01/02/2006,127.82,128.429993,127.720001,128.389999,41.740002,42.169998,41.700001,42.150002,108.5,109.620003,108.5,109.57
02/02/2006,128.100006,128.139999,126.800003,126.900002,42.009998,42.080002,41.41,41.43,109.300003,109.389999,108.190002,108.300003
03/02/2006,126.580002,128.389999,126.139999,126.269997,41.119999,41.23,40.779999,40.919998,108.099998,108.620003,107.739998,107.790001
06/02/2006,126.440002,126.800003,126.169998,126.599998,40.720001,41.009998,40.59,40.810001,107.949997,108.129997,107.669998,108.019997
07/02/2006,126.379997,126.660004,125.400002,125.480003,40.740002,40.93,40.439999,40.630001,107.830002,108.209999,107.32,107.480003
08/02/2006,125.849998,128.100006,125.599998,126.620003,40.919998,41.150002,40.689999,41.099998,107.720001,108.709999,107.68,108.589996
09/02/2006,126.919998,127.599998,126.370003,126.410004,41.209999,41.369999,40.630001,40.709999,108.809998,109.559998,108.669998,108.839996
10/02/2006,126.43,127.129997,125.449997,126.639999,40.68,41.060001,40.259998,40.959999,108.839996,109.510002,108.220001,109.129997
13/02/2006,126.599998,126.790001,125.949997,126.410004,40.700001,40.740002,40.299999,40.490002,109.059998,109.489998,108.559998,109.050003
14/02/2006,126.459999,128.029999,126.209999,127.75,40.57,41.02,40.41,40.900002,109.290001,110.550003,109.120003,110.400002
15/02/2006,127.68,128.320007,127.239998,128.199997,40.790001,41.259998,40.73,41.16,110.300003,110.830002,109.989998,110.699997
16/02/2006,128.339996,129.210007,128.179993,129.160004,41.310001,41.549999,41.150002,41.540001,110.82,111.290001,110.580002,111.269997
17/02/2006,129.050003,129.160004,128.580002,128.809998,41.459999,41.459999,41.200001,41.209999,111.029999,111.230003,110.68,111.019997
21/02/2006,129.110001,129.399994,128.289993,128.490005,41.209999,41.27,40.610001,40.75,111.199997,111.32,110.400002,110.57
22/02/2006,128.770004,129.649994,128.649994,129.270004,40.779999,41.540001,40.68,41.259998,110.790001,111.519997,110.730003,111.099998
23/02/2006,129.270004,129.639999,128.279999,129.080002,41.189999,41.540001,41.080002,41.150002,111.099998,111.339996,110.480003,110.739998
24/02/2006,129.110001,129.479996,128.759995,129.410004,41.189999,41.290001,41.009998,41.259998,110.57,110.860001,110.089996,110.760002
27/02/2006,129.399994,130.039993,129.279999,129.460007,41.360001,41.869999,41.330002,41.720001,110.779999,111.330002,110.75,110.849998
28/02/2006,129.199997,129.910004,128.130005,128.229996,41.610001,41.720001,40.970001,41.099998,110.599998,110.760002,109.779999,109.900002
01/03/2006,128.600006,129.490005,128.5,129.369995,41.23,41.77,41.150002,41.66,110.239998,110.739998,110.089996,110.459999
02/03/2006,128.899994,129.419998,128.610001,129.360001,41.549999,41.84,41.41,41.689999,110.160004,110.5,109.82,110.379997
03/03/2006,128.669998,130.070007,128.649994,128.759995,41.450001,42.009998,41.389999,41.450001,109.870003,111.050003,109.809998,110.07
06/03/2006,129.139999,129.179993,127.849998,128.169998,41.540001,41.630001,40.959999,41.09,110.139999,110.370003,109.279999,109.629997
07/03/2006,127.860001,128.059998,127.400002,127.970001,41.02,41.07,40.650002,40.849998,109.360001,109.910004,109.300003,109.849998
08/03/2006,127.699997,128.440002,127.18,128.240005,40.759998,41.09,40.5,40.869999,109.699997,110.330002,109.269997,110.099998
09/03/2006,128.279999,128.679993,127.379997,127.379997,41,41.150002,40.470001,40.52,110.18,110.550003,109.68,109.709999
10/03/2006,127.709999,128.839996,127.440002,128.589996,40.48,40.790001,40.189999,40.560001,109.989998,111.040001,109.870003,110.849998
13/03/2006,128.839996,129.160004,128.529999,128.830002,40.740002,40.939999,40.619999,40.68,111.040001,111.309998,110.669998,111.010002
14/03/2006,128.710007,130.229996,128.610001,130.179993,40.639999,41.419998,40.639999,41.369999,110.82,111.760002,110.75,111.620003
15/03/2006,130.149994,130.860001,129.850006,130.759995,41.529999,41.720001,41.32,41.720001,111.690002,112.43,111.540001,112.330002
16/03/2006,131.009995,131.470001,130.839996,131.029999,41.849998,41.919998,41.330002,41.369999,112.489998,112.959999,112.43,112.769997
17/03/2006,130.679993,130.899994,130.380005,130.619995,41.34,41.59,41.23,41.450001,112.620003,112.809998,112.449997,112.699997
20/03/2006,130.639999,130.899994,130.210007,130.410004,41.57,41.68,41.400002,41.549999,112.720001,113.010002,112.5,112.690002
21/03/2006,130.369995,130.990005,129.449997,129.589996,41.110001,42.009998,41.080002,41.110001,112.75,113.269997,112.089996,112.309998
22/03/2006,129.509995,130.509995,129.449997,130.380005,40.880001,41.279999,40.860001,41.209999,112.309998,113.190002,112.269997,113.059998
23/03/2006,130.259995,130.389999,129.660004,130.110001,41.09,41.220001,40.82,41.09,113,113.18,112.25,112.779999
24/03/2006,129.990005,130.570007,129.740005,130.210007,41.23,41.5,41.02,41.299999,112.669998,113.080002,112.339996,112.75
27/03/2006,130.029999,130.279999,129.740005,130.020004,41.279999,41.509998,41.240002,41.310001,112.540001,112.720001,112.199997,112.449997
28/03/2006,129.929993,130.529999,129.050003,129.220001,41.389999,41.669998,40.990002,41.139999,112.339996,112.720001,111.32,111.43
29/03/2006,129.410004,130.5,129.289993,130.029999,41.200001,42.099998,41.169998,41.919998,111.629997,112.360001,111.480003,111.970001
30/03/2006,130.110001,130.979996,129.550003,129.800003,42.009998,42.299999,41.790001,42.049999,111.949997,112.5,111.059998,111.419998
31/03/2006,130.020004,130.240005,129.369995,129.830002,42.130001,42.189999,41.84,41.93,111.610001,111.82,110.970001,111.309998
03/04/2006,130.070007,130.869995,129.490005,129.729996,42.150002,42.369999,41.900002,41.98,111.639999,112.389999,111.260002,111.309998
04/04/2006,129.729996,130.729996,129.360001,130.559998,42.049999,42.310001,41.93,42.209999,111.339996,112.199997,111.129997,112
05/04/2006,130.610001,131.279999,130.380005,131.009995,42.299999,42.669998,42.209999,42.610001,111.959999,112.470001,111.589996,112.360001
06/04/2006,130.850006,131.210007,130.190002,130.869995,42.59,42.939999,42.439999,42.73,112.25,112.470001,111.660004,112.169998
07/04/2006,131.059998,131.399994,129.350006,129.539993,42.880001,43.049999,42.299999,42.32,112.459999,112.699997,111.089996,111.239998
10/04/2006,129.740005,130.080002,129.259995,129.740005,42.400002,42.5,42.09,42.259998,111.43,111.839996,111.169998,111.510002
11/04/2006,129.850006,130.059998,128.25,128.639999,42.389999,42.43,41.709999,41.919998,111.720001,111.860001,110.510002,110.93
12/04/2006,128.770004,129.130005,128.610001,128.880005,41.939999,42.080002,41.799999,41.93,111.099998,111.449997,111.019997,111.290001
13/04/2006,128.589996,129.25,128.309998,128.710007,41.900002,42.330002,41.790001,42.099998,111.18,111.809998,111.040001,111.279999
17/04/2006,128.830002,129.309998,128.020004,128.660004,42.040001,42.209999,41.389999,41.66,111.309998,111.620003,110.360001,110.830002
18/04/2006,128.929993,130.940002,128.929993,130.699997,41.77,42.560001,41.77,42.459999,111.029999,112.790001,111.029999,112.639999
19/04/2006,130.75,131.070007,130.240005,130.949997,42.540001,42.650002,42.299999,42.650002,112.82,113.040001,112.349998,112.860001
20/04/2006,131,131.860001,130.600006,131.130005,42.639999,42.82,42.380001,42.5,112.910004,113.879997,112.839996,113.489998
21/04/2006,131.690002,131.789993,130.619995,131.149994,42.66,42.720001,41.82,42,113.910004,113.980003,113.099998,113.400002
24/04/2006,130.889999,131.070007,130.380005,130.910004,41.950001,42.07,41.720001,41.959999,113.25,113.470001,112.93,113.349998
25/04/2006,131.039993,131.119995,129.919998,130.369995,42.07,42.099998,41.650002,41.869999,113.440002,113.470001,112.5,112.839996
26/04/2006,130.5,131.139999,130.300003,130.399994,41.860001,42.060001,41.700001,41.860001,112.970001,113.690002,112.910004,113.389999
27/04/2006,129.899994,131.630005,129.589996,131.029999,41.669998,42.490002,41.5,42.259998,112.889999,114.099998,112.68,113.769997
28/04/2006,130.789993,131.75,130.710007,131.470001,42,42.220001,41.779999,41.849998,113.660004,114.099998,113.389999,113.879997
01/05/2006,131.470001,131.800003,130.320007,130.399994,41.919998,42.049999,41.310001,41.439999,113.949997,114.209999,113.190002,113.300003
02/05/2006,131.009995,131.460007,130.740005,131.380005,41.619999,41.73,41.400002,41.549999,113.720001,114.199997,113.529999,114.150002
03/05/2006,131.149994,131.320007,130.449997,130.889999,41.57,41.639999,41.279999,41.490002,113.93,114.07,113.559998,113.959999
04/05/2006,131.080002,131.619995,130.970001,131.360001,41.529999,41.990002,41.529999,41.830002,114.139999,114.629997,114.139999,114.330002
05/05/2006,132.050003,132.800003,131.850006,132.520004,42.099998,42.209999,41.939999,42.16,114.860001,115.830002,114.779999,115.629997
08/05/2006,132.509995,132.770004,132.360001,132.360001,42.080002,42.279999,42.07,42.200001,115.629997,116,115.629997,115.75
09/05/2006,132.419998,132.770004,132.309998,132.619995,42.099998,42.18,41.970001,42.040001,115.830002,116.419998,115.769997,116.339996
10/05/2006,132.410004,132.75,131.889999,132.550003,41.93,41.98,41.549999,41.669998,116.25,116.800003,116.040001,116.559998
11/05/2006,132.509995,132.550003,130.520004,130.949997,41.630001,41.650002,40.630001,40.740002,116.459999,116.459999,114.849998,115.190002
12/05/2006,130.360001,130.720001,129.190002,129.240005,40.560001,40.619999,40.18,40.189999,114.910004,115.059998,113.82,113.870003
15/05/2006,128.789993,129.740005,128.610001,129.5,40.02,40.34,39.790001,40.16,113.519997,114.43,113.419998,114.32
16/05/2006,129.759995,130,129.009995,129.309998,40.169998,40.259998,39.77,39.860001,114.400002,114.720001,114,114.300003
17/05/2006,128.669998,129.100006,126.769997,126.849998,39.68,39.810001,39.23,39.32,113.699997,113.839996,111.919998,111.989998
18/05/2006,127.349998,127.75,126.110001,126.209999,39.490002,39.66,39,39.049999,112.470001,113.610001,111.300003,111.419998
19/05/2006,126.870003,127.489998,125.800003,127.099998,39.200001,39.470001,38.75,39.349998,111.610001,111.709999,110.629997,111.470001
22/05/2006,126.279999,127.169998,125.5,126.129997,39.009998,39.240002,38.619999,38.970001,110.709999,111.660004,110.269997,110.970001
23/05/2006,127.18,127.629997,125.169998,125.169998,39.259998,39.380001,38.57,38.59,111.620003,111.940002,110.349998,110.370003
24/05/2006,125.68,126.889999,124.760002,126.169998,38.529999,39.040001,38.23,38.849998,110.849998,111.57,110.190002,111.129997
25/05/2006,126.919998,127.730003,126.43,127.730003,39.110001,39.380001,38.82,39.360001,111.559998,112.089996,111.290001,112.050003
26/05/2006,128.009995,128.380005,127.510002,128.380005,39.450001,39.580002,39.23,39.490002,112.440002,112.809998,112.120003,112.779999
30/05/2006,127.970001,128,126.050003,126.099998,39.299999,39.330002,38.610001,38.639999,112.290001,112.379997,110.800003,110.830002
31/05/2006,126.620003,127.510002,126.199997,127.510002,38.709999,39.060001,38.540001,38.82,111.25,111.809998,110.800003,111.730003
01/06/2006,127.379997,128.940002,127.269997,128.729996,38.93,39.740002,38.84,39.740002,111.589996,112.660004,111.470001,112.400002
02/06/2006,129.25,129.429993,128.320007,129,39.959999,40,39.310001,39.639999,112.760002,112.849998,111.879997,112.360001
05/06/2006,128.850006,128.860001,126.769997,127.120003,39.560001,39.560001,38.779999,38.779999,112.160004,112.220001,110.400002,110.690002
06/06/2006,127.209999,127.379997,125.760002,126.809998,38.849998,38.950001,38.349998,38.75,110.779999,110.940002,109.209999,109.989998
07/06/2006,126.910004,127.650002,125.790001,125.860001,38.799999,39.169998,38.450001,38.459999,110.120003,110.730003,109.139999,109.190002
08/06/2006,125.580002,126.5,123.870003,125.75,38.27,38.560001,37.490002,38.400002,109.120003,109.669998,107.519997,109
09/06/2006,126.360001,126.959999,125.290001,125.349998,38.560001,38.740002,38.110001,38.150002,109.43,109.75,108.68,108.830002
12/06/2006,125.879997,125.93,123.82,123.989998,38.200001,38.259998,37.389999,37.400002,109.190002,109.260002,107.849998,107.949997
13/06/2006,123.739998,124.839996,122.550003,122.550003,37.490002,37.799999,37.16,37.25,107.970001,108.690002,106.959999,106.970001
14/06/2006,122.839996,123.629997,122.339996,123.5,37.360001,37.709999,37.200001,37.630001,107.150002,108.360001,106.949997,108.330002
15/06/2006,123.949997,126.360001,123.860001,126.120003,37.849998,38.790001,37.799999,38.650002,108.550003,110.459999,108.459999,110.349998
16/06/2006,125.290001,125.559998,124.459999,124.650002,38.549999,38.68,38.200001,38.34,109.919998,110.379997,109.709999,109.980003
19/06/2006,125.400002,125.480003,123.550003,123.669998,38.5,38.540001,37.91,38.029999,110.300003,110.440002,108.959999,109.169998
20/06/2006,124.010002,124.809998,123.720001,124.089996,38.09,38.48,37.939999,38.080002,109.470001,110.230003,109.269997,109.860001
21/06/2006,124,125.699997,123.959999,125.010002,38.139999,38.990002,38.130001,38.68,109.699997,111.25,109.690002,110.709999
22/06/2006,124.949997,125.059998,124.040001,124.459999,38.59,38.68,37.990002,38.189999,110.589996,110.669998,109.790001,110.199997
23/06/2006,124.330002,125.300003,124.029999,124.440002,38.16,38.529999,37.93,38.150002,110.010002,110.690002,109.660004,109.970001
26/06/2006,124.540001,125.059998,124.25,124.989998,38.169998,38.389999,38.07,38.25,109.940002,110.449997,109.650002,110.400002
27/06/2006,125.010002,125.290001,123.769997,123.910004,38.27,38.330002,37.490002,37.529999,110.410004,110.589996,109.139999,109.260002
28/06/2006,124.190002,124.769997,123.650002,124.75,37.619999,37.84,37.380001,37.810001,109.440002,109.839996,108.970001,109.82
29/06/2006,125.199997,127.349998,125.169998,127.269997,37.98,38.959999,37.900002,38.959999,110.230003,111.870003,110.129997,111.800003
30/06/2006,127.540001,127.660004,126.959999,127.279999,39.119999,39.139999,38.68,38.77,112.220001,112.279999,111.589996,111.790001
03/07/2006,127.43,128.009995,127.309998,127.800003,38.889999,39,38.810001,39,111.949997,112.25,111.860001,112.199997
05/07/2006,127.290001,127.449997,126.519997,127.07,38.639999,38.68,38.09,38.150002,111.730003,111.849998,111.18,111.470001
06/07/2006,127.199997,127.849998,127.080002,127.440002,38.27,38.48,38.009998,38.110001,111.650002,112.559998,111.629997,112.190002
07/07/2006,127.190002,127.559998,126.290001,126.610001,37.900002,38.169998,37.57,37.689999,111.650002,112.400002,110.690002,110.959999
10/07/2006,126.940002,127.43,126.410004,126.849998,37.790001,37.93,37.169998,37.360001,111.339996,111.779999,110.900002,111.150002
11/07/2006,126.610001,127.410004,125.940002,127.410004,37.279999,37.740002,37.080002,37.639999,110.849998,111.529999,110.290001,111.470001
12/07/2006,127.150002,127.400002,125.720001,126.050003,37.560001,37.639999,36.84,36.93,111.339996,111.519997,109.980003,110.330002
13/07/2006,125.449997,125.68,124,124,36.639999,37.040001,36.310001,36.310001,109.760002,109.790001,108.260002,108.300003
14/07/2006,124.129997,124.260002,122.830002,123.519997,36.299999,36.380001,35.790001,35.939999,108.43,108.589996,107.010002,107.32
17/07/2006,123.519997,124.099998,123.150002,123.339996,35.950001,36.25,35.869999,36.029999,107.379997,108.07,107.169998,107.519997
18/07/2006,123.709999,124.050003,122.389999,123.970001,36.220001,36.330002,35.540001,36.150002,107.75,108.239998,106.889999,108.190002
19/07/2006,124.18,126.260002,123.720001,125.690002,36.119999,36.830002,36.09,36.619999,108.440002,110.440002,108.099998,110.040001
20/07/2006,126.120003,126.300003,124.660004,124.830002,36.75,36.799999,36.040001,36.080002,110.300003,110.449997,109.239998,109.419998
21/07/2006,125.150002,125.190002,123.82,123.949997,35.880001,35.959999,35.619999,35.700001,109.599998,109.610001,108.290001,108.559998
24/07/2006,124.440002,126.32,124.440002,126.209999,35.84,36.43,35.799999,36.41,109,110.599998,109,110.5
25/07/2006,125.980003,127.300003,125.720001,126.660004,36.490002,36.740002,36.240002,36.619999,110.269997,111.260002,109.889999,110.790001
26/07/2006,126.589996,127.449997,126.18,126.830002,36.509998,36.869999,36.23,36.59,110.800003,111.480003,110.389999,110.910004
27/07/2006,127.379997,127.690002,126.199997,126.709999,36.740002,37.040001,36.25,36.349998,111.349998,111.779999,110.779999,111.269997
28/07/2006,127.040001,128.139999,126.860001,127.980003,36.529999,37.139999,36.5,37.110001,111.459999,112.330002,111.150002,112.07
31/07/2006,127.660004,127.959999,127.449997,127.849998,37.080002,37.32,36.889999,37.099998,111.800003,112.050003,111.660004,111.900002
01/08/2006,127.339996,127.379997,126.599998,127.220001,36.77,36.799999,36.259998,36.48,111.5,111.519997,110.75,111.220001
02/08/2006,127.580002,128.460007,127.550003,128.080002,36.610001,37.130001,36.610001,36.889999,111.550003,112.199997,111.440002,111.980003
03/08/2006,127.339996,128.550003,127.150002,128.419998,36.52,37.34,36.48,37.119999,111.43,112.660004,111.269997,112.589996
04/08/2006,129.080002,129.429993,127.480003,128.199997,37.450001,37.630001,36.619999,36.950001,113.139999,113.370003,111.82,112.480003
07/08/2006,127.900002,128.080002,127.400002,127.900002,36.91,36.939999,36.529999,36.709999,112.139999,112.419998,111.849998,112.339996
08/08/2006,128.089996,128.460007,126.949997,127.410004,36.810001,36.900002,36.259998,36.48,112.470001,112.760002,111.150002,111.839996
09/08/2006,128.179993,128.600006,126.610001,126.980003,36.990002,37.310001,36.43,36.529999,112.400002,112.510002,110.720001,110.949997
10/08/2006,126.580002,127.5,126.279999,127.370003,36.43,36.880001,36.310001,36.790001,110.849998,111.529999,110.5,111.300003
11/08/2006,127.169998,127.199997,126.389999,127.010002,36.650002,36.689999,36.369999,36.529999,111.059998,111.150002,110.550003,111.050003
14/08/2006,127.629997,128.160004,126.919998,127.110001,36.84,37.27,36.700001,36.77,111.620003,112.129997,110.889999,111.150002
15/08/2006,128.25,128.869995,127.900002,128.630005,37.200001,37.75,37.09,37.700001,112.07,112.449997,111.730003,112.260002
16/08/2006,129.320007,129.889999,129.039993,129.699997,37.98,38.610001,37.84,38.59,112.75,113.550003,112.68,113.379997
17/08/2006,129.580002,130.369995,129.490005,130.029999,38.459999,38.98,38.439999,38.73,113.300003,113.879997,113.190002,113.459999
18/08/2006,130.190002,130.690002,129.589996,130.690002,38.630001,38.830002,38.279999,38.790001,113.449997,113.800003,113.080002,113.800003
21/08/2006,130.179993,130.279999,129.800003,130.130005,38.5,38.560001,38.259998,38.419998,113.43,113.559998,113.099998,113.5
22/08/2006,129.990005,130.520004,129.679993,130.119995,38.360001,38.810001,38.200001,38.43,113.279999,113.75,112.93,113.279999
23/08/2006,130.179993,130.440002,129.190002,129.759995,38.459999,38.669998,37.919998,38.139999,113.279999,113.620003,112.580002,113.110001
24/08/2006,129.990005,130.100006,129.399994,129.649994,38.25,38.349998,37.919998,38.25,113.199997,113.339996,112.669998,112.800003
25/08/2006,129.639999,130.25,129.550003,129.809998,38.169998,38.639999,38.060001,38.32,112.730003,113.150002,112.519997,112.839996
28/08/2006,129.649994,130.820007,129.639999,130.429993,38.290001,38.790001,38.240002,38.610001,112.739998,113.870003,112.730003,113.440002
29/08/2006,130.490005,130.830002,129.809998,130.580002,38.580002,38.759998,38.18,38.73,113.459999,113.760002,112.93,113.510002
30/08/2006,130.869995,131.039993,130.550003,130.660004,38.720001,39.029999,38.599998,38.91,113.75,114.07,113.559998,113.760002
31/08/2006,130.850006,130.990005,130.580002,130.639999,38.959999,39.029999,38.759998,38.869999,113.860001,114.080002,113.68,113.809998
01/09/2006,131.139999,131.580002,130.839996,131.419998,39.080002,39.209999,38.900002,39.080002,114.209999,114.769997,113.949997,114.699997
05/09/2006,131.509995,131.850006,131.199997,131.669998,39.099998,39.48,38.849998,39.459999,114.620003,114.900002,114.379997,114.730003
06/09/2006,131.110001,131.160004,130.330002,130.509995,39.099998,39.189999,38.610001,38.669998,114.269997,114.440002,113.970001,114.139999
07/09/2006,130.059998,130.570007,129.350006,129.910004,38.549999,38.900002,38.360001,38.490002,113.68,113.949997,113.230003,113.559998
08/09/2006,130.080002,130.460007,129.830002,130.279999,38.540001,38.82,38.459999,38.720001,113.610001,114.050003,113.489998,113.870003
11/09/2006,129.860001,130.690002,129.479996,130.410004,38.41,39.150002,38.32,38.959999,113.650002,114.25,113.419998,113.959999
12/09/2006,130.559998,131.839996,130.369995,131.690002,38.950001,39.799999,38.950001,39.68,114.099998,115.18,114,114.980003
13/09/2006,131.639999,132.449997,131.520004,132.220001,39.709999,39.98,39.630001,39.950001,114.860001,115.790001,114.849998,115.470001
14/09/2006,131.960007,132.240005,131.75,132.229996,39.849998,40.220001,39.759998,39.990002,115.279999,115.589996,115.059998,115.510002
15/09/2006,132.309998,132.389999,131.679993,131.960007,40.299999,40.459999,40,40.110001,115.839996,116.029999,115.449997,115.589996
18/09/2006,131.789993,132.389999,131.649994,132.139999,40.119999,40.400002,39.939999,40.119999,115.389999,115.790001,115.129997,115.519997
19/09/2006,132.119995,132.130005,131.070007,131.809998,40.220001,40.25,39.52,39.849998,115.550003,115.559998,114.68,115.339996
20/09/2006,132.25,132.770004,132.059998,132.509995,40.200001,40.540001,40.189999,40.43,115.68,116.209999,115.629997,116.080002
21/09/2006,132.610001,132.75,131.419998,131.869995,40.529999,40.669998,40.080002,40.18,116.089996,116.220001,114.949997,115.370003
22/09/2006,131.669998,131.679993,131,131.470001,40.150002,40.16,39.700001,39.869999,115.260002,115.260002,114.669998,115.010002
25/09/2006,131.729996,132.850006,131.050003,132.479996,40.040001,40.66,39.68,40.57,115.190002,116.099998,114.769997,115.599998
26/09/2006,132.5,133.600006,132.399994,133.580002,40.52,40.799999,40.400002,40.77,115.669998,116.639999,115.559998,116.589996
27/09/2006,133.490005,133.970001,133.270004,133.740005,40.669998,40.950001,40.5,40.720001,116.540001,117.110001,116.480003,116.980003
28/09/2006,133.740005,133.990005,133.279999,133.690002,40.77,40.889999,40.43,40.830002,116.980003,117.18,116.5,116.900002
29/09/2006,133.800003,133.940002,133.479996,133.580002,40.900002,40.93,40.619999,40.650002,117.07,117.330002,116.669998,116.739998
02/10/2006,133.539993,133.830002,132.949997,133.080002,40.599998,40.700001,40.080002,40.139999,116.75,117.199997,116.470001,116.620003
03/10/2006,132.889999,133.869995,132.649994,133.360001,40.02,40.48,39.880001,40.310001,116.510002,117.489998,116.440002,117.139999
04/10/2006,133.229996,135,133.080002,134.919998,40.240002,41.310001,40.139999,41.299999,117.040001,118.480003,117,118.389999
05/10/2006,134.919998,135.410004,134.75,135.179993,41.299999,41.560001,41.18,41.5,118.360001,118.709999,118.199997,118.620003
06/10/2006,134.949997,135.100006,134.399994,135.009995,41.360001,41.560001,41.240002,41.41,118.43,118.57,117.970001,118.519997
09/10/2006,134.850006,135.300003,134.639999,135.089996,41.360001,41.740002,41.32,41.549999,118.32,118.739998,118.099998,118.620003
10/10/2006,135.100006,135.449997,134.839996,135.270004,41.599998,41.75,41.310001,41.619999,118.669998,118.769997,118.300003,118.559998
11/10/2006,134.839996,135.429993,134.300003,135.110001,41.43,41.830002,41.169998,41.540001,118.209999,118.779999,117.910004,118.580002
12/10/2006,135.449997,136.389999,135.399994,136.279999,41.759998,42.25,41.700001,42.200001,118.879997,119.580002,118.870003,119.459999
13/10/2006,136.160004,136.710007,136.039993,136.630005,42.23,42.52,42.139999,42.43,119.370003,119.68,119.07,119.639999
16/10/2006,136.520004,137.050003,136.419998,136.839996,42.43,42.619999,42.400002,42.470001,119.57,119.970001,119.419998,119.769997
17/10/2006,136.470001,136.699997,135.669998,136.410004,42.169998,42.200001,41.759998,42,119.599998,119.75,118.870003,119.57
18/10/2006,137.039993,137.369995,136.100006,136.589996,42.220001,42.310001,41.650002,41.799999,120.169998,120.489998,119.5,119.900002
19/10/2006,136.389999,136.880005,136.229996,136.809998,41.689999,42.110001,41.59,41.900002,119.82,120.309998,119.669998,120.150002
20/10/2006,136.839996,136.949997,136.330002,136.839996,42.040001,42.080002,41.639999,42,119.75,120.010002,119.379997,119.93
23/10/2006,136.559998,137.800003,136.389999,137.470001,41.919998,42.580002,41.82,42.43,119.720001,121.129997,119.699997,120.870003
24/10/2006,137.279999,137.929993,137.220001,137.880005,42.279999,42.450001,41.919998,42.139999,120.860001,121.25,120.75,121.209999
25/10/2006,137.740005,138.410004,137.509995,138.350006,42.16,42.52,42.049999,42.43,121.050003,121.400002,120.690002,121.389999
26/10/2006,138.660004,139,137.979996,138.779999,42.580002,42.919998,42.220001,42.82,121.449997,121.550003,120.839996,121.43
27/10/2006,138.610001,138.75,137.630005,137.910004,42.720001,42.82,42.080002,42.209999,121.25,121.410004,120.629997,120.860001
30/10/2006,137.660004,138.199997,137.399994,137.809998,42.16,42.650002,42.060001,42.48,120.599998,121.059998,120.360001,120.769997
31/10/2006,138.070007,138.259995,137.25,137.789993,42.560001,42.759998,42.310001,42.580002,120.849998,121.029999,120.120003,120.730003
01/11/2006,138.220001,138.309998,136.720001,136.860001,42.73,42.77,41.82,42,121.059998,121.110001,119.980003,120.260002
02/11/2006,136.509995,137.009995,136.360001,136.779999,41.810001,42.139999,41.740002,42.040001,119.879997,120.239998,119.720001,120
03/11/2006,137.270004,137.389999,135.619995,136.539993,42.099998,42.189999,41.610001,41.93,120.459999,120.620003,119.599998,119.779999
06/11/2006,136.960007,138.279999,136.949997,138.080002,42.07,42.709999,42.060001,42.540001,120.059998,121.139999,120.019997,121.010002
07/11/2006,138.199997,138.979996,138,138.610001,42.540001,43.09,42.470001,42.830002,121.120003,121.879997,120.959999,121.550003
08/11/2006,138,139.050003,136.860001,138.910004,42.59,43.200001,42.470001,43.029999,121.190002,121.959999,121.029999,121.830002
09/11/2006,139.009995,139.139999,137.899994,138.179993,43.259998,43.349998,42.669998,42.830002,121.779999,121.900002,120.910004,121.160004
10/11/2006,138.139999,138.339996,137.720001,138.240005,42.84,43.040001,42.669998,43.029999,121.120003,121.260002,120.769997,121.110001
13/11/2006,138.179993,139.039993,138.070007,138.580002,43.049999,43.540001,43,43.470001,121.120003,121.82,120.980003,121.349998
14/11/2006,138.970001,139.740005,138.119995,139.619995,43.5,43.970001,43.240002,43.93,121.669998,122.449997,120.989998,122.32
15/11/2006,139.570007,140.449997,139.529999,140.020004,43.990002,44.400002,43.919998,44.110001,122.339996,123.110001,122.279999,122.690002
16/11/2006,140.440002,140.679993,139.490005,140.380005,44.259998,44.419998,44.02,44.299999,123.050003,123.449997,122.800003,123.360001
17/11/2006,139.929993,140.429993,139.729996,140.419998,44.060001,44.299999,43.950001,44.299999,122.809998,123.300003,122.669998,123.260002
20/11/2006,140.300003,140.740005,139.940002,140.5,44.16,44.48,44.009998,44.389999,123.099998,123.449997,122.900002,123.129997
21/11/2006,140.490005,140.669998,140.289993,140.639999,44.419998,44.509998,44.25,44.450001,123.160004,123.32,122.860001,123.150002
22/11/2006,140.75,141.160004,140.5,140.919998,44.580002,44.75,44.259998,44.73,123.230003,123.510002,122.93,123.25
24/11/2006,140.240005,140.839996,140.199997,140.350006,44.400002,44.860001,44.380001,44.650002,122.669998,123.099998,122.529999,122.68
27/11/2006,140.279999,140.350006,138.380005,138.419998,44.509998,44.610001,43.639999,43.639999,122.699997,122.720001,121.07,121.110001
28/11/2006,138.240005,139.160004,138.110001,139.020004,43.509998,43.84,43.34,43.77,121,121.449997,120.68,121.260002
29/11/2006,139.470001,140.529999,139.080002,140.470001,44,44.18,43.66,44.07,121.589996,122.400002,121.550003,122.330002
30/11/2006,140.440002,141.050003,139.759995,140.529999,44.049999,44.279999,43.790001,44.040001,122.330002,122.769997,121.629997,122.279999
01/12/2006,140.529999,140.660004,138.970001,140.220001,44,44.349998,43.259998,43.66,122.370003,122.459999,120.900002,122.050003
04/12/2006,140.25,141.550003,140.229996,141.289993,43.790001,44.48,43.790001,44.259998,122.040001,123.110001,122,122.800003
05/12/2006,141.559998,141.960007,141.259995,141.899994,44.389999,44.549999,44.189999,44.419998,122.980003,123.370003,122.730003,123.360001
06/12/2006,141.869995,142.070007,141.5,141.779999,44.279999,44.400002,44.07,44.259998,123.309998,123.400002,122.970001,123.150002
07/12/2006,142.029999,142.300003,141.110001,141.160004,44.34,44.48,43.700001,43.700001,123.339996,123.650002,122.68,122.760002
08/12/2006,141.130005,141.899994,140.779999,141.419998,43.560001,44.259998,43.470001,43.900002,122.68,123.379997,122.32,123
11/12/2006,141.419998,142.089996,141.339996,141.830002,43.830002,44.369999,43.75,44.060001,123.110001,123.550003,123.07,123.339996
12/12/2006,141.690002,141.869995,140.889999,141.720001,44.049999,44.130001,43.560001,43.799999,123.269997,123.330002,122.540001,123.190002
13/12/2006,142.229996,142.339996,141.559998,141.869995,44.099998,44.110001,43.619999,43.880001,123.650002,123.739998,123.059998,123.349998
14/12/2006,141.860001,143.240005,141.839996,143.119995,43.970001,44.57,43.939999,44.369999,123.209999,124.379997,123.199997,124.230003
15/12/2006,142.639999,142.889999,142.240005,142.339996,44.68,44.759998,44.349998,44.43,124.190002,124.589996,124.099998,124.150002
18/12/2006,142.539993,142.880005,141.75,141.949997,44.580002,44.75,43.799999,43.990002,124.309998,124.629997,124.029999,124.220001
19/12/2006,141.550003,142.559998,141.190002,142.220001,43.650002,44.060001,43.380001,43.849998,123.900002,124.639999,123.699997,124.379997
20/12/2006,142.279999,142.660004,142.009995,142.139999,43.900002,44.110001,43.669998,43.689999,124.419998,124.720001,124.279999,124.419998
21/12/2006,142.270004,142.429993,141.320007,141.619995,43.740002,43.790001,43.209999,43.380001,124.449997,124.599998,123.720001,123.989998
22/12/2006,141.639999,141.649994,140.669998,140.75,43.400002,43.41,42.93,42.93,124.010002,124.239998,123.18,123.18
26/12/2006,140.809998,141.610001,140.779999,141.580002,42.93,43.119999,42.880001,43.110001,123.169998,124.010002,123.169998,123.970001
27/12/2006,141.869995,142.600006,141.830002,142.509995,43.209999,43.400002,43.099998,43.330002,124.360001,124.989998,124.25,124.93
28/12/2006,142.410004,142.699997,141.990005,142.210007,43.200001,43.380001,43.049999,43.119999,124.900002,125.139999,124.589996,124.800003
29/12/2006,142.059998,142.539993,141.429993,141.619995,43.189999,43.610001,43.119999,43.16,124.800003,125.099998,124.339996,124.410004
03/01/2007,142.25,142.860001,140.570007,141.369995,43.459999,44.060001,42.52,43.240002,125.160004,125.68,123.879997,124.470001
04/01/2007,141.229996,142.050003,140.610001,141.669998,43.299999,44.209999,43.150002,44.060001,124.480003,124.949997,123.889999,124.68
05/01/2007,141.330002,141.399994,140.380005,140.539993,43.950001,43.950001,43.48,43.849998,124.470001,124.5,123.519997,123.739998
08/01/2007,140.820007,141.410004,140.25,141.190002,43.889999,44.119999,43.639999,43.880001,123.870003,124.389999,123.25,124.139999
09/01/2007,141.309998,141.600006,140.399994,141.070007,44.009998,44.290001,43.630001,44.099998,124.339996,124.57,123.419998,124.07
10/01/2007,140.580002,141.570007,140.300003,141.539993,43.959999,44.66,43.82,44.619999,123.739998,124.550003,123.5,124.43
11/01/2007,141.580002,142.619995,141.5,142.160004,44.709999,45.240002,44.650002,45.080002,124.510002,125.349998,124.339996,124.989998
12/01/2007,142.149994,143.240005,142.110001,143.240005,45.02,45.349998,44.970001,45.310001,124.940002,125.660004,124.809998,125.660004
16/01/2007,143.070007,143.440002,142.729996,142.960007,45.349998,45.400002,45.130001,45.279999,125.540001,125.75,125.290001,125.699997
17/01/2007,142.850006,143.460007,142.729996,143.020004,45.09,45.290001,44.830002,44.91,125.540001,126.099998,125.43,125.75
18/01/2007,143.169998,143.259995,142.309998,142.539993,44.790001,44.84,43.950001,44.080002,125.959999,126.080002,125.389999,125.510002
19/01/2007,142.539993,143.100006,142.460007,142.820007,43.970001,44.279999,43.91,44.169998,125.25,125.709999,125.18,125.550003
22/01/2007,143.070007,143.100006,141.929993,142.380005,44.209999,44.23,43.509998,43.689999,125.480003,125.510002,124.379997,124.75
23/01/2007,142.259995,143.080002,142.059998,142.800003,43.66,43.98,43.5,43.580002,124.709999,125.410004,124.580002,125.330002
24/01/2007,142.970001,143.979996,142.910004,143.949997,43.860001,44.32,43.77,44.299999,125.510002,126.120003,125.379997,126.07
25/01/2007,143.860001,143.919998,142.009995,142.259995,44.360001,44.470001,43.580002,43.73,126.029999,126.120003,124.790001,124.970001
26/01/2007,142.570007,142.649994,141.580002,142.130005,43.810001,43.830002,43.290001,43.57,125.209999,125.279999,124.209999,124.769997
29/01/2007,142.190002,142.800003,141.740005,142.050003,43.459999,43.91,43.400002,43.610001,124.830002,125.309998,124.690002,124.82
30/01/2007,142.350006,142.860001,142.059998,142.789993,43.68,43.790001,43.52,43.630001,124.900002,125.269997,124.639999,125.160004
31/01/2007,142.630005,144.130005,142.399994,143.75,43.580002,44.189999,43.330002,44.07,125.190002,126.489998,125.129997,126.239998
01/02/2007,144.149994,144.660004,143.910004,144.610001,44.27,44.400002,43.849998,44,126.459999,126.769997,126.169998,126.739998
02/02/2007,144.729996,144.949997,144.380005,144.809998,44.119999,44.25,43.939999,44.16,126.800003,126.830002,126.32,126.529999
05/02/2007,144.699997,144.940002,144.339996,144.850006,44.139999,44.360001,43.959999,44.119999,126.440002,126.739998,126.25,126.68
06/02/2007,144.970001,145.029999,144.330002,144.889999,44.200001,44.23,43.639999,44.060001,126.620003,126.790001,126.300003,126.650002
07/02/2007,145.119995,145.360001,144.570007,145.210007,44.279999,44.650002,44.119999,44.459999,126.760002,127.059998,126.330002,126.790001
08/02/2007,144.779999,145.119995,144.270004,145.020004,44.400002,44.599998,44.23,44.450001,126.550003,126.580002,125.779999,126.470001
09/02/2007,145.059998,145.330002,143.389999,143.940002,44.57,44.720001,43.73,43.880001,126.519997,126.790001,125.480003,125.879997
12/02/2007,143.940002,144.039993,143.190002,143.449997,43.869999,43.889999,43.59,43.709999,125.879997,126.040001,125.389999,125.589996
13/02/2007,143.770004,144.899994,143.759995,144.660004,43.779999,44,43.700001,43.860001,126.019997,127,125.980003,126.629997
14/02/2007,144.800003,145.899994,144.779999,145.610001,44.040001,44.709999,44.040001,44.599998,126.779999,127.830002,126.699997,127.480003
15/02/2007,145.669998,145.949997,145.429993,145.800003,44.630001,44.860001,44.549999,44.860001,127.610001,127.900002,127.489998,127.769997
16/02/2007,145.440002,145.759995,145.229996,145.729996,44.66,44.830002,44.57,44.709999,127.410004,127.57,127.309998,127.57
20/02/2007,145.559998,146.199997,145,146.039993,44.639999,45.119999,44.43,45.049999,127.449997,127.849998,126.919998,127.660004
21/02/2007,145.610001,146.070007,145.350006,145.979996,44.919998,45.209999,44.830002,45.189999,127.300003,127.589996,126.980003,127.370003
22/02/2007,146.050003,146.419998,145.169998,145.869995,45.360001,45.549999,45.07,45.419998,127.400002,127.589996,126.440002,126.790001
23/02/2007,145.740005,145.789993,145.029999,145.300003,45.419998,45.459999,45.060001,45.259998,126.720001,126.739998,126.269997,126.410004
26/02/2007,145.830002,145.949997,144.75,145.169998,45.48,45.5,44.759998,45.040001,126.860001,127,126.089996,126.339996
27/02/2007,143.880005,144.199997,139,139.5,44.369999,44.48,43.060001,43.189999,125.339996,126.440002,120.5,121.599998
28/02/2007,140.389999,141.979996,139.800003,140.929993,43.150002,43.759998,42.93,43.330002,122.410004,123.470001,121.5,122.660004
01/03/2007,139.339996,141.25,138.050003,140.509995,42.549999,43.540001,42.240002,43.130001,121.410004,122.900002,120.050003,122.440002
02/03/2007,140.050003,140.660004,138.660004,138.669998,42.779999,43.139999,42.470001,42.48,122,122.470001,120.959999,120.959999
05/03/2007,137.929993,139.580002,137.330002,137.350006,42.150002,42.799999,42.060001,42.150002,120.400002,121.910004,120.279999,120.300003
06/03/2007,138.779999,140.119995,137.720001,139.699997,42.529999,42.990002,42.5,42.849998,121.279999,122.290001,120.980003,122.059998
07/03/2007,139.589996,140.460007,139.399994,139.559998,42.860001,42.98,42.650002,42.68,122.010002,122.599998,121.870003,122
08/03/2007,140.539993,141.160004,140.070007,140.740005,43.130001,43.240002,42.84,42.970001,122.730003,123.080002,122.279999,122.800003
09/03/2007,141.309998,141.419998,140.080002,140.779999,43.330002,43.34,42.650002,42.93,123.230003,123.349998,122.330002,122.989998
12/03/2007,140.419998,141.339996,140.160004,140.990005,42.869999,43.279999,42.830002,43.209999,122.690002,123.529999,122.519997,123.150002
13/03/2007,140.179993,140.770004,138.039993,138.25,43,43.240002,42.360001,42.369999,122.519997,122.989998,120.860001,121.019997
14/03/2007,138.429993,139.360001,136.75,139.279999,42.43,43,42.099998,42.990002,121.029999,121.690002,119.5,121.660004
15/03/2007,138.970001,139.990005,138.800003,139.470001,42.900002,43.060001,42.720001,42.889999,121.25,122.040001,121.209999,121.790001
16/03/2007,139.309998,139.630005,138.119995,138.529999,42.939999,43.040001,42.610001,42.830002,121.690002,121.779999,120.25,121.050003
19/03/2007,139.259995,140.330002,139.149994,140.199997,43.060001,43.389999,42.950001,43.27,121.559998,122.279999,121.5,122.279999
20/03/2007,140.080002,141.050003,139.960007,140.970001,43.259998,43.59,43.209999,43.580002,122.040001,122.82,122.010002,122.82
21/03/2007,141.100006,143.649994,140.820007,143.289993,43.639999,44.439999,43.349998,44.419998,122.800003,124.739998,122.32,124.290001
22/03/2007,143.479996,143.679993,142.789993,143.179993,44.439999,44.450001,44.09,44.259998,124.459999,124.639999,123.980003,124.449997
23/03/2007,143.279999,143.809998,143.149994,143.389999,44.259998,44.369999,44.07,44.119999,124.5,125.010002,124.370003,124.690002
26/03/2007,143.5,143.649994,142.089996,143.199997,44.139999,44.32,43.630001,44.299999,124.75,124.75,123.57,124.360001
27/03/2007,143.119995,143.160004,142.389999,142.860001,44.23,44.240002,43.950001,43.990002,124.209999,124.230003,123.660004,123.889999
28/03/2007,142.139999,142.470001,141.259995,141.820007,43.799999,44.029999,43.509998,43.52,123.519997,123.610001,122.449997,123
29/03/2007,142.539993,142.610001,141.190002,141.970001,43.82,43.849998,43.099998,43.57,123.669998,123.720001,122.559998,123.300003
30/03/2007,142.240005,142.839996,140.559998,142,43.560001,43.869999,43.220001,43.529999,123.370003,124.059998,122.330002,123.589996
02/04/2007,142.160004,142.460007,141.479996,142.160004,43.669998,43.759998,43.299999,43.59,123.57,123.82,123.110001,123.650002
03/04/2007,142.970001,143.979996,142.910004,143.690002,43.82,44.310001,43.790001,44.16,124.209999,125.260002,124.209999,124.989998
04/04/2007,143.690002,143.949997,143.160004,143.850006,44.189999,44.380001,44.130001,44.34,125.080002,125.339996,124.870003,125.18
05/04/2007,143.669998,144.440002,143.610001,144.240005,44.290001,44.580002,44.23,44.560001,125.120003,125.699997,124.949997,125.459999
09/04/2007,144.649994,144.800003,144.149994,144.440002,44.709999,44.75,44.380001,44.450001,125.720001,125.900002,125.529999,125.650002
10/04/2007,144.330002,144.850006,144.270004,144.610001,44.439999,44.68,44.41,44.68,125.650002,125.860001,125.470001,125.589996
11/04/2007,144.820007,144.860001,143.539993,144.020004,44.639999,44.66,44.07,44.209999,125.760002,125.779999,124.529999,124.900002
12/04/2007,143.740005,144.919998,143.339996,144.660004,44.139999,44.619999,43.950001,44.560001,124.75,125.540001,124.260002,125.410004
13/04/2007,144.899994,145.320007,144.360001,145.320007,44.57,44.720001,44.290001,44.650002,125.760002,126.150002,125.199997,126.150002
16/04/2007,145.830002,146.860001,145.820007,146.699997,44.830002,45.150002,44.830002,45.060001,126.470001,127.290001,126.449997,127.040001
17/04/2007,146.970001,147.399994,146.649994,147.089996,45.150002,45.200001,44.959999,45.16,127.279999,127.870003,127.040001,127.75
18/04/2007,146.600006,147.699997,146.570007,147.270004,44.93,45.23,44.830002,45.009998,127.440002,128.339996,127.290001,128.039993
19/04/2007,146.550003,147.399994,146.360001,147.229996,44.810001,45.25,44.720001,45.150002,127.330002,128.270004,127.269997,128.229996
20/04/2007,148.220001,148.619995,147.039993,148.619995,45.52,45.669998,45.200001,45.400002,129.089996,129.570007,128.889999,129.570007
23/04/2007,148.369995,148.729996,147.970001,148.059998,45.459999,45.599998,45.34,45.470001,129.389999,129.729996,129.059998,129.169998
24/04/2007,148.229996,148.399994,147.320007,148.119995,45.630001,45.830002,45.330002,45.700001,129.330002,129.770004,128.899994,129.479996
25/04/2007,148.729996,149.660004,148.020004,149.479996,45.849998,46.32,45.700001,46.310001,129.919998,130.990005,129.559998,130.619995
26/04/2007,149.490005,149.800003,149.100006,149.649994,46.419998,46.650002,46.330002,46.549999,130.800003,131.220001,130.619995,131.199997
27/04/2007,149.089996,149.740005,148.839996,149.529999,46.369999,46.700001,46.290001,46.57,130.710007,131.369995,130.630005,131.229996
30/04/2007,149.639999,149.740005,148.210007,148.289993,46.490002,46.529999,45.919998,45.959999,131.169998,131.979996,130.539993,130.669998
01/05/2007,148.419998,149.470001,147.669998,148.669998,45.970001,46.139999,45.66,45.919998,130.839996,131.320007,130.309998,131.289993
02/05/2007,148.899994,149.949997,148.75,149.539993,46.09,46.580002,46.049999,46.419998,131.5,132.490005,131.360001,132.139999
03/05/2007,149.970001,150.399994,149.729996,150.350006,46.509998,46.720001,46.43,46.59,132.279999,132.429993,131.899994,132.389999
04/05/2007,150.75,151.119995,150.220001,150.919998,46.77,46.889999,46.419998,46.630001,132.649994,132.800003,132.229996,132.740005
07/05/2007,150.880005,151.199997,150.809998,150.949997,46.66,46.779999,46.57,46.630001,132.809998,133.130005,132.740005,133.039993
08/05/2007,150.580002,150.919998,150.130005,150.75,46.470001,46.77,46.299999,46.73,132.690002,133.220001,132.350006,133.119995
09/05/2007,150.639999,152.820007,150.369995,151.160004,46.490002,46.970001,46.459999,46.830002,132.990005,133.770004,132.800003,133.570007
10/05/2007,150.729996,151.020004,149.270004,149.580002,46.669998,46.779999,46.07,46.189999,133.190002,133.429993,132.210007,132.5
11/05/2007,149.75,150.929993,149.720001,150.860001,46.240002,46.779999,46.18,46.779999,132.639999,133.559998,132.600006,133.559998
14/05/2007,150.860001,151.300003,149.789993,150.529999,46.77,46.880001,46.189999,46.459999,133.610001,133.949997,133.089996,133.720001
15/05/2007,150.699997,151.660004,150.190002,150.570007,46.419998,46.700001,45.990002,46.099998,133.789993,134.940002,133.630005,134.119995
16/05/2007,150.800003,151.630005,150.380005,151.600006,46.200001,46.560001,45.91,46.549999,134.309998,135.149994,133.850006,135.119995
17/05/2007,151.380005,151.960007,151.110001,151.300003,46.490002,46.57,46.290001,46.330002,134.949997,135.399994,134.710007,134.929993
18/05/2007,152.009995,152.619995,151.809998,152.619995,46.48,46.709999,46.380001,46.709999,135.080002,135.5,135,135.5
21/05/2007,152.580002,153.229996,152.5,152.539993,46.740002,47.240002,46.669998,47.009998,135.389999,135.740005,135.160004,135.199997
22/05/2007,152.699997,153.160004,152.380005,152.419998,47.040001,47.279999,46.869999,47.049999,135.369995,135.729996,135.119995,135.160004
23/05/2007,152.949997,153.5,152.360001,152.440002,47.189999,47.369999,46.799999,46.830002,135.559998,135.990005,134.940002,135.199997
24/05/2007,152.529999,153.210007,150.740005,151.059998,46.860001,47.040001,45.970001,46.16,135.270004,136.330002,134.149994,134.389999
25/05/2007,151.5,152.020004,151.179993,151.690002,46.259998,46.560001,46.18,46.450001,134.759995,135.050003,134.389999,134.889999
29/05/2007,151.940002,152.5,151.449997,152.240005,46.5,46.860001,46.41,46.810001,135.169998,135.899994,134.570007,135.220001
30/05/2007,151.460007,153.539993,151.339996,153.479996,46.48,47.200001,46.349998,47.189999,134.580002,136.309998,134.419998,136.279999
31/05/2007,153.669998,153.889999,153.119995,153.320007,47.32,47.52,47.209999,47.41,136.399994,136.660004,136.080002,136.289993
01/06/2007,153.880005,154.399994,153.509995,154.080002,47.580002,47.77,47.369999,47.439999,136.610001,136.839996,136.160004,136.610001
04/06/2007,153.539993,154.389999,153.479996,154.100006,47.27,47.639999,47.240002,47.580002,136.229996,136.809998,136.130005,136.559998
05/06/2007,153.740005,153.899994,152.860001,153.490005,47.450001,47.580002,47,47.580002,136.259995,136.320007,135.429993,135.979996
06/06/2007,152.860001,152.949997,151.75,151.839996,47.369999,47.380001,46.959999,47.07,135.5,135.5,134.320007,134.490005
07/06/2007,151.559998,152.5,149.059998,149.100006,46.91,47.209999,46.32,46.34,134.279999,134.789993,132.369995,132.529999
08/06/2007,149.580002,151.190002,149.089996,151.039993,46.32,46.93,46.16,46.91,132.809998,134.229996,132.479996,134.100006
11/06/2007,150.929993,151.949997,150.699997,151.300003,46.880001,47.189999,46.759998,46.82,134.070007,134.75,133.770004,134.240005
12/06/2007,150.669998,151.539993,149.550003,149.649994,46.57,47.040001,46.450001,46.540001,133.690002,134.460007,132.919998,132.919998
13/06/2007,150.5,152.070007,149.720001,151.889999,46.740002,47.09,46.540001,47.049999,133.580002,134.889999,133.240005,134.800003
14/06/2007,152.059998,153.119995,152.029999,152.860001,47.099998,47.490002,47.09,47.360001,134.960007,135.869995,134.850006,135.699997
15/06/2007,153.139999,153.660004,152.929993,153.070007,47.759998,47.869999,47.650002,47.759998,136.360001,136.850006,136.179993,136.190002
18/06/2007,153.380005,153.389999,152.660004,152.889999,47.849998,47.869999,47.669998,47.77,136.490005,136.539993,135.929993,135.940002
19/06/2007,152.550003,153.380005,152.360001,153.270004,47.630001,47.860001,47.509998,47.759998,135.820007,136.399994,135.619995,136.270004
20/06/2007,153.580002,153.580002,150.960007,151.139999,47.830002,47.919998,47.240002,47.310001,136.610001,136.619995,134.690002,134.850006
21/06/2007,151.080002,152.110001,150.25,151.979996,47.290001,47.790001,47.080002,47.740002,134.800003,135.550003,133.869995,135.369995
22/06/2007,151.520004,151.770004,149.850006,150.550003,47.639999,47.709999,47.139999,47.290001,134.949997,135.179993,133.539993,133.970001
25/06/2007,150.240005,151.25,149.020004,149.830002,47.299999,47.580002,46.82,47.09,133.809998,134.770004,132.889999,133.619995
26/06/2007,150.210007,150.460007,148.279999,148.289993,47.310001,47.32,46.740002,46.82,133.809998,134.429993,132.800003,132.800003
27/06/2007,148.130005,150.570007,148.059998,150.399994,46.77,47.560001,46.700001,47.540001,132.710007,134.220001,132.529999,134.119995
28/06/2007,150.380005,151.410004,149.669998,150.380005,47.52,47.849998,47.470001,47.52,134.089996,135.100006,133.899994,134.089996
29/06/2007,150.899994,151.649994,149.149994,150.429993,47.779999,47.880001,47.209999,47.599998,134.360001,135.119995,132.850006,134.199997
02/07/2007,150.869995,151.919998,150.770004,151.789993,47.709999,48.049999,47.68,48.029999,134.419998,135.369995,134.380005,135.270004
03/07/2007,152.179993,152.5,151.990005,152.339996,48.09,48.32,48.040001,48.310001,135.509995,135.860001,135.339996,135.690002
05/07/2007,152.399994,152.559998,151.630005,152.179993,48.34,48.77,48.290001,48.66,135.580002,135.720001,135.050003,135.559998
06/07/2007,152.380005,153.169998,151.929993,152.979996,48.709999,48.91,48.5,48.860001,135.630005,136.309998,135.360001,136.130005
09/07/2007,153.160004,153.360001,152.619995,153.100006,48.900002,48.98,48.720001,48.889999,136.389999,136.690002,136.130005,136.479996
10/07/2007,152.289993,152.610001,150.770004,150.919998,48.619999,48.900002,48.43,48.48,136.070007,136.25,134.869995,135.020004
11/07/2007,150.75,152.050003,150.520004,151.990005,48.369999,48.810001,48.32,48.810001,134.889999,135.929993,134.75,135.899994
12/07/2007,152.369995,154.75,152.339996,154.389999,48.970001,49.669998,48.919998,49.560001,136.330002,138.669998,136.320007,138.339996
13/07/2007,154.570007,155.460007,154.389999,154.850006,49.630001,49.970001,49.57,49.900002,138.470001,139.300003,138.410004,138.910004
16/07/2007,154.990005,155.529999,154.580002,154.830002,49.889999,50.080002,49.759998,49.849998,138.979996,139.860001,138.919998,139.460007
17/07/2007,154.929993,155.479996,154.679993,154.75,49.959999,50.299999,49.919998,50.23,139.630005,140.460007,139.529999,139.800003
18/07/2007,154.229996,154.800003,153.300003,154.470001,49.950001,50.169998,49.639999,50.169998,139.330002,139.699997,138.279999,139.330002
19/07/2007,155.199997,155.529999,154.75,155.070007,50.41,50.66,50.310001,50.32,139.929993,140.169998,139.529999,139.889999
20/07/2007,154.889999,154.990005,152.830002,153.5,50.290001,50.360001,49.740002,50.049999,139.220001,139.559998,137.880005,138.539993
23/07/2007,154.179993,154.720001,153.300003,153.970001,50.220001,50.310001,49.919998,50.07,139.110001,139.619995,138.809998,139.210007
24/07/2007,153.119995,154.279999,150.759995,151.300003,49.700001,50.099998,49.049999,49.330002,138.5,138.820007,136.899994,137.270004
25/07/2007,152.020004,152.389999,150.25,151.610001,49.580002,49.669998,49.060001,49.400002,137.960007,138.100006,136.440002,137.5
26/07/2007,150.190002,150.800003,146.389999,148.020004,49.060001,49.470001,48.049999,48.98,136.550003,137.139999,131.139999,134.710007
27/07/2007,148.210007,148.869995,145.050003,145.110001,48.889999,49.119999,47.990002,47.990002,134.619995,135.100006,132.110001,132.110001
30/07/2007,145.929993,147.809998,145.289993,147.380005,48.220001,48.73,47.950001,48.549999,132.919998,133.850006,132.130005,133.539993
31/07/2007,148.330002,149.460007,145.039993,145.720001,48.970001,48.990002,47.43,47.529999,134.279999,134.830002,131.699997,132.169998
01/08/2007,145.179993,147.009995,143.949997,146.429993,47.389999,47.93,46.98,47.900002,131.889999,133.789993,131.199997,133.410004
02/08/2007,146.759995,147.759995,145.259995,147.600006,47.93,48.43,47.790001,48.34,133.509995,135,132.979996,134.779999
03/08/2007,147.279999,147.580002,143.199997,143.800003,48.25,48.310001,47.150002,47.419998,134.440002,134.720001,131.539993,132.190002
06/08/2007,144.210007,146.830002,142.529999,146.210007,47.470001,48.02,47.029999,47.970001,132.399994,134.610001,131.539993,134.199997
07/08/2007,145.940002,149,145.229996,147.770004,47.880001,48.619999,47.48,48.310001,133.889999,136.029999,133.389999,135.050003
08/08/2007,148.410004,150.589996,147.339996,149.830002,48.509998,49.060001,48.400002,48.84,135.389999,136.960007,134.880005,136.550003
09/08/2007,147.429993,148.949997,145.289993,145.389999,48.189999,48.970001,47.689999,47.709999,134.630005,135.820007,132.770004,132.789993
10/08/2007,144.389999,146.5,143.119995,144.710007,47.200001,47.830002,46.630001,47.279999,131.899994,133.119995,130.639999,131.940002
13/08/2007,146.5,146.889999,145.020004,145.229996,47.68,47.880001,47.48,47.599998,133.240005,133.440002,132.149994,132.179993
14/08/2007,145.699997,146.059998,142.720001,143.009995,47.700001,47.740002,46.73,46.790001,132.539993,132.899994,130.289993,130.490005
15/08/2007,142.720001,144.460007,140.619995,141.039993,46.68,47.09,45.810001,45.900002,130.210007,131.289993,128.470001,128.850006
16/08/2007,139.789993,142.940002,137,142.100006,45.529999,45.91,44.389999,45.450001,127.839996,129.259995,125.309998,129.149994
17/08/2007,145.5,145.809998,141.389999,144.710007,46.310001,46.59,45.59,46.310001,131.240005,131.860001,128.949997,130.550003
20/08/2007,145.169998,145.470001,143.289993,144.639999,46.490002,46.720001,46.080002,46.529999,130.949997,131.699997,129.699997,130.960007
21/08/2007,144.600006,145.970001,144.139999,144.929993,46.48,47.130001,46.389999,47.02,130.820007,131.660004,130.419998,130.679993
22/08/2007,146.009995,146.800003,145.330002,146.649994,47.380001,47.700001,47.27,47.66,131.580002,132.399994,131.350006,132.289993
23/08/2007,147.339996,147.649994,145.610001,146.520004,47.790001,47.849998,47.23,47.529999,132.720001,133.080002,131.619995,132.169998
24/08/2007,146.479996,148.330002,146.279999,148.330002,47.380001,48.23,47.32,48.200001,132.190002,133.75,132.029999,133.639999
27/08/2007,147.850006,148.330002,146.729996,146.949997,48.060001,48.200001,47.84,47.880001,133.350006,133.789993,132.979996,133.119995
28/08/2007,146.160004,146.25,143.460007,143.720001,47.599998,47.700001,46.709999,46.740002,132.539993,132.699997,130.309998,130.490005
29/08/2007,144.369995,146.740005,143.960007,146.539993,47.049999,48.119999,47.049999,48.080002,131.080002,132.949997,130.970001,132.740005
30/08/2007,145.449997,147.190002,145.309998,146.149994,47.830002,48.740002,47.75,48.330002,131.910004,133.100006,131.75,132.570007
31/08/2007,147.649994,148.5,146.830002,147.589996,48.860001,49.060001,48.610001,48.869999,133.559998,134.25,132.899994,133.399994
04/09/2007,147.449997,149.979996,147.399994,149.080002,48.93,50,48.91,49.68,133.220001,134.889999,133.110001,134.339996
05/09/2007,148.199997,148.360001,147,147.789993,49.560001,49.650002,48.869999,49.18,133.770004,133.820007,132.490005,133.220001
06/09/2007,147.949997,148.610001,147.119995,148.130005,49.23,49.360001,48.810001,49.139999,133.479996,133.979996,132.759995,133.529999
07/09/2007,146.479996,146.889999,145.259995,146.070007,48.529999,48.599998,47.950001,48.23,132.369995,132.419998,130.830002,131.520004
10/09/2007,146.520004,146.720001,144.330002,145.789993,48.619999,48.75,47.810001,48.200001,131.839996,132.070007,130.240005,131.429993
11/09/2007,146.240005,147.699997,146.130005,147.490005,48.509998,48.990002,48.43,48.93,131.899994,133.270004,131.809998,133.080002
12/09/2007,147.289993,148.440002,146.979996,147.869995,48.84,49.369999,48.779999,48.939999,132.929993,133.690002,132.729996,133.25
13/09/2007,148.550003,149.449997,148.199997,148.910004,49.290001,49.349998,48.939999,49.18,133.880005,134.779999,133.669998,134.300003
14/09/2007,147.960007,149.089996,147.740005,148.899994,48.799999,49.310001,48.73,49.220001,133.539993,134.690002,133.350006,134.460007
17/09/2007,148.309998,148.649994,147.630005,148.100006,49,49.099998,48.59,48.810001,134.119995,134.589996,133.690002,134.059998
18/09/2007,148.830002,152.5,148.130005,152.460007,49.09,50.080002,48.830002,50.040001,134.690002,137.479996,134.410004,137.350006
19/09/2007,153.410004,154.389999,152.710007,153.360001,50.290001,50.59,49.98,50.169998,138.190002,139.309998,137.889999,138.160004
20/09/2007,153.339996,153.429993,152.110001,152.279999,50.060001,50.259998,49.919998,50.029999,138.289993,138.309998,137.529999,137.699997
21/09/2007,152.710007,153.119995,151.740005,151.970001,50.279999,50.52,50.009998,50.360001,138.369995,139.020004,137.899994,137.899994
24/09/2007,152.419998,152.820007,151.360001,151.690002,50.490002,50.959999,50.330002,50.59,138.360001,138.649994,137.369995,137.550003
25/09/2007,150.809998,151.660004,150.470001,151.389999,50.419998,51.07,50.360001,51.07,137.029999,137.820007,136.830002,137.720001
26/09/2007,152.25,152.770004,151.389999,152.190002,51.360001,51.509998,51.119999,51.32,138.360001,139.009995,138.039993,138.529999
27/09/2007,152.910004,153.100006,152.190002,153.089996,51.619999,51.650002,51.360001,51.580002,139.059998,139.130005,138.550003,139.130005
28/09/2007,152.850006,153.190002,151.979996,152.580002,51.540001,51.68,51.18,51.41,138.960007,139.100006,138.360001,138.910004
01/10/2007,152.600006,154.75,152.5,154.300003,51.450001,52.16,51.380001,52,138.960007,141,138.960007,140.600006
02/10/2007,154.610001,154.649994,153.809998,154.089996,52.040001,52.060001,51.720001,52.009998,140.800003,140.910004,140,140.119995
03/10/2007,153.809998,154.410004,153.009995,153.779999,51.84,52.07,51.5,51.650002,139.889999,140.270004,139.380005,139.610001
04/10/2007,154.110001,154.259995,153.589996,154.020004,51.75,51.830002,51.34,51.77,139.899994,140.039993,139.429993,139.509995
05/10/2007,155.029999,156.100006,154.630005,155.850006,52.169998,52.900002,52.060001,52.82,140.429993,141.210007,140.139999,140.679993
08/10/2007,155.389999,155.490005,154.770004,155.020004,52.799999,53.16,52.709999,53.150002,140.559998,140.580002,140.009995,140.259995
09/10/2007,155.600006,156.5,155.029999,156.479996,53.27,53.450001,53.029999,53.380001,140.669998,141.649994,140.300003,141.570007
10/10/2007,156.039993,156.440002,155.410004,156.220001,53.389999,53.57,53.209999,53.509998,141.389999,141.440002,140.050003,140.729996
11/10/2007,156.929993,157.520004,154.539993,155.470001,53.790001,53.939999,52.279999,52.66,141.360001,141.949997,139.460007,140.210007
12/10/2007,155.460007,156.350006,155.270004,156.330002,52.900002,53.540001,52.799999,53.529999,140.369995,141.119995,140.089996,141.119995
15/10/2007,156.270004,156.360001,153.940002,155.009995,53.610001,53.709999,52.700001,53.119999,141.080002,141.110001,139.009995,140.020004
16/10/2007,154.410004,154.520004,153.470001,153.779999,52.790001,53.279999,52.68,52.869999,139.600006,139.649994,138.720001,139.160004
17/10/2007,154.979996,155.089996,152.470001,154.25,53.619999,53.66,52.68,53.549999,140.110001,140.179993,137.740005,139.160004
18/10/2007,153.449997,154.190002,153.080002,153.690002,53.330002,53.889999,53.119999,53.779999,138.529999,139.160004,138.220001,138.800003
19/10/2007,153.089996,156.479996,149.660004,149.669998,53.77,53.77,52.389999,52.439999,137.910004,138.75,134.929993,134.929993
22/10/2007,148.860001,150.759995,148.660004,150.539993,52.16,53.119999,52.02,53.07,134.059998,135.759995,133.919998,135.449997
23/10/2007,151.460007,151.949997,150.25,151.759995,53.610001,54.209999,53.34,54.18,136.169998,136.679993,135.270004,136.419998
24/10/2007,151.210007,151.740005,148.839996,151.479996,53.740002,53.939999,52.599998,53.77,136.100006,136.789993,134.559998,136.5
25/10/2007,151.649994,152.289993,149.880005,151.839996,53.889999,53.98,52.75,53.049999,136.710007,137.289993,135.350006,136.899994
26/10/2007,153.059998,153.619995,151.899994,153.619995,54.080002,54.200001,53.439999,53.93,137.610001,138.059998,136.839996,137.949997
29/10/2007,153.929993,154.440002,153.550003,154.130005,54.189999,54.330002,53.84,54.150002,138.279999,138.869995,138.160004,138.649994
30/10/2007,153.449997,153.75,152.869995,153.059998,53.939999,54.560001,53.900002,54.259998,138.190002,138.550003,137.660004,137.820007
31/10/2007,153.979996,155.270004,152.839996,154.649994,54.470001,55.07,54.040001,55.029999,138.440002,139.529999,137.259995,138.949997
01/11/2007,153.289993,153.410004,150.589996,151.029999,54.68,54.77,53.970001,54,137.860001,137.899994,135.380005,135.850006
02/11/2007,151.529999,152,149.210007,151.199997,54.419998,54.549999,53.599998,54.419998,136.190002,136.229996,134.380005,136.050003
05/11/2007,149.639999,151.160004,148.970001,150.050003,53.860001,54.400002,53.59,54.07,134.839996,136.110001,134.399994,135.210007
06/11/2007,150.860001,152.110001,149.899994,152.070007,54.330002,54.689999,53.779999,54.68,135.830002,136.619995,135.050003,136.509995
07/11/2007,150.440002,151.130005,147.550003,147.910004,54.220001,54.580002,53.310001,53.349998,135.179993,135.729996,132.929993,133.350006
08/11/2007,147.990005,148.399994,145.070007,147.160004,53.139999,53.330002,50.799999,51.73,133.520004,133.600006,130.830002,132.449997
09/11/2007,145.690002,147.539993,144.889999,145.139999,50.73,51.119999,50,50,131.289993,132.080002,130.179993,130.309998
12/11/2007,145.210007,146.610001,143.699997,143.699997,49.919998,50.240002,48.650002,48.73,130.350006,131.649994,129.740005,129.770004
13/11/2007,145.369995,148.309998,145.220001,148.080002,49.389999,50.790001,49.349998,50.740002,130.839996,133.399994,130.800003,133.139999
14/11/2007,149.220001,149.399994,146.779999,147.669998,51.389999,51.439999,49.900002,50.09,133.960007,133.990005,132.240005,132.710007
15/11/2007,146.570007,147.490005,144.520004,145.539993,50,50.540001,49.369999,49.82,132.160004,132.889999,130.820007,131.470001
16/11/2007,146.309998,146.470001,144.570007,145.789993,50.16,50.490002,49.34,50.279999,131.75,132.020004,130.399994,131.440002
19/11/2007,145.279999,145.360001,143.190002,143.759995,50.16,50.450001,49.41,49.700001,131.020004,131.660004,129.270004,129.600006
20/11/2007,144.020004,145.529999,142.110001,144.639999,49.959999,50.779999,48.93,49.900002,129.830002,131,128.320007,130.330002
21/11/2007,143.080002,143.910004,141.669998,141.679993,49.450001,50.169998,48.849998,49.310001,129.119995,129.639999,127.790001,127.790001
23/11/2007,143.070007,144.339996,142.699997,144.130005,49.630001,49.970001,49.369999,49.84,128.720001,129.679993,128.610001,129.419998
26/11/2007,144.429993,144.880005,140.660004,140.949997,49.970001,50.369999,48.900002,48.98,129.699997,130.320007,127.25,127.459999
27/11/2007,141.740005,143.229996,140.949997,142.570007,49.400002,50.049999,49.099998,49.959999,127.940002,129.910004,127.709999,129.320007
28/11/2007,144.190002,147.470001,144.139999,147.130005,50.630001,51.700001,50.599998,51.48,130.479996,133.25,130.410004,132.830002
29/11/2007,146.619995,147.720001,146.100006,147.179993,51.279999,51.889999,51.200001,51.700001,132.490005,133.479996,132.179993,133.169998
30/11/2007,149.039993,149.869995,147.330002,148.660004,52.209999,52.25,50.950001,51.310001,134.520004,134.699997,132.850006,134.160004
03/12/2007,148.190002,148.449997,147.289993,147.679993,51.09,51.529999,50.82,50.880001,133.690002,134.089996,132.979996,133.309998
04/12/2007,146.660004,147.539993,146.309998,146.360001,50.490002,50.939999,50.380001,50.669998,132.509995,133.179993,132.360001,132.429993
05/12/2007,147.929993,149.199997,147.830002,148.809998,51.200001,52,51.16,51.580002,133.690002,134.669998,133.539993,134.449997
06/12/2007,148.630005,151.210007,148.570007,150.940002,51.630001,52.369999,51.610001,52.32,134.389999,136.399994,134.309998,136.080002
07/12/2007,151.419998,151.5,150.550003,150.910004,52.290001,52.540001,52.080002,52.330002,136.449997,136.770004,136.089996,136.389999
10/12/2007,151.279999,152.25,150.860001,152.080002,52.459999,52.689999,52.32,52.540001,136.779999,137.630005,136.509995,137.399994
11/12/2007,152.139999,152.889999,147.830002,147.910004,52.619999,52.84,51.209999,51.32,137.539993,137.899994,134.210007,134.399994
12/12/2007,151.059998,151.770004,147.199997,149.369995,52.25,52.43,50.889999,51.779999,136.940002,137.119995,133.330002,135
13/12/2007,148.320007,149.389999,147.300003,149.059998,51.330002,51.630001,50.98,51.5,134.279999,135.360001,133.630005,135
14/12/2007,147.929993,149.100006,147.100006,147.169998,51.09,51.599998,50.919998,50.970001,134.350006,135.130005,133.419998,133.449997
17/12/2007,146.610001,146.869995,144.860001,145.070007,50.779999,50.990002,49.709999,49.73,132.990005,133.149994,131.690002,131.929993
18/12/2007,146.100006,146.479996,143.960007,145.880005,50.240002,50.27,49.18,49.889999,132.669998,132.919998,131.059998,132.550003
19/12/2007,145.940002,146.889999,144.940002,145.880005,49.889999,50.200001,49.610001,49.880001,132.509995,133.119995,131.580002,132.270004
20/12/2007,146.839996,146.860001,145.179993,146.800003,50.619999,50.959999,50.200001,50.900002,132.809998,132.839996,131.660004,132.710007
21/12/2007,147.369995,148.419998,147.089996,148.130005,51.68,51.900002,51.48,51.849998,133.399994,134.649994,133.300003,134.339996
24/12/2007,148.820007,149.479996,148.479996,149.229996,52.009998,52.400002,51.950001,52.240002,134.789993,135.479996,134.740005,135.309998
26/12/2007,148.649994,149.679993,148.5,149.550003,52.130001,52.630001,52,52.5,135.009995,135.5,134.789993,135.419998
27/12/2007,149.020004,149.029999,147.320007,147.669998,52.330002,52.5,51.709999,51.869999,134.929993,134.990005,133.350006,133.679993
28/12/2007,148.539993,148.610001,146.899994,147.300003,52.040001,52.16,51.43,51.82,134.220001,134.399994,132.820007,133.410004
31/12/2007,147.100006,147.610001,146.059998,146.210007,51.57,51.68,51.209999,51.220001,133.130005,133.240005,132.160004,132.550003
02/01/2008,146.529999,146.990005,143.880005,144.929993,51.27,51.470001,50.130001,50.41,132.470001,132.669998,129.820007,130.630005
03/01/2008,144.910004,145.490005,144.070007,144.860001,50.41,50.759998,50.150002,50.619999,130.710007,131.270004,130.130005,130.740005
04/01/2008,143.339996,143.440002,140.910004,141.309998,49.810001,49.830002,48.209999,48.400002,129.570007,129.729996,127.82,128.169998
07/01/2008,141.809998,142.229996,140.100006,141.190002,48.400002,48.599998,47.43,48.169998,128.539993,128.740005,127.220001,128.059998
08/01/2008,142.080002,142.899994,138.440002,138.910004,48.27,48.759998,46.919998,46.919998,128.529999,129,125.629997,125.849998
09/01/2008,139.089996,140.789993,137.699997,140.369995,47.110001,47.959999,46.459999,47.919998,126.120003,127.389999,125.010002,126.959999
10/01/2008,139.679993,142.800003,139.369995,141.289993,47.43,48.41,47.290001,47.990002,126.519997,129.320007,126.290001,127.82
11/01/2008,140.779999,141.899994,139,140.149994,47.73,47.77,46.700001,47.049999,127.519997,127.580002,125.410004,126.190002
14/01/2008,141.160004,141.860001,140.399994,141.279999,47.689999,48.009998,47.310001,47.869999,127.279999,127.919998,126.690002,127.510002
15/01/2008,139.789993,141.490005,137.899994,138.169998,47.369999,47.52,46.349998,46.549999,126.489998,126.910004,124.879997,125.300003
16/01/2008,137.360001,139.119995,136.279999,136.979996,46.189999,46.91,45.459999,46.049999,124.639999,126.139999,123.940002,124.650002
17/01/2008,137.809998,137.880005,132.929993,133.429993,46.240002,46.580002,45.200001,45.41,125.050003,125.199997,121.269997,121.769997
18/01/2008,134.740005,135.020004,131.100006,132.059998,45.639999,46.139999,44.98,45.349998,122.330002,123.279999,120.120003,120.57
22/01/2008,127.209999,132.429993,126,130.720001,42.830002,44.77,42.73,44.18,116.309998,120.690002,115.800003,119.220001
23/01/2008,127.089996,134.190002,126.839996,133.860001,42.540001,44.150002,41.610001,44.009998,117.239998,122.809998,116.379997,122.699997
24/01/2008,134.479996,135.460007,133.309998,134.990005,44.189999,44.93,44.060001,44.91,122.900002,123.919998,122.260002,123.43
25/01/2008,136.509995,136.759995,132.600006,133.039993,45.869999,45.869999,43.939999,43.990002,124.639999,124.709999,121.720001,122.190002
28/01/2008,133.259995,135.520004,132.059998,135.240005,44.02,44.439999,43.57,44.330002,122.019997,123.800003,121,123.529999
29/01/2008,136.100006,136.449997,134.880005,135.910004,44.560001,44.68,44.040001,44.41,124.25,124.900002,123.339996,124.540001
30/01/2008,135.580002,138.539993,134.600006,134.910004,44.25,45.32,44.18,44.369999,124.209999,126.68,123.480003,123.779999
31/01/2008,133.399994,138.539993,133.199997,137.369995,43.869999,45.59,43.82,45.130001,122.669998,126.900002,122.410004,126
01/02/2008,137.940002,139.610001,137.520004,139.580002,45.5,45.880001,44.880001,45.59,126.489998,127.610001,125.959999,127.43
04/02/2008,139.210007,139.300003,137.639999,137.820007,45.580002,45.610001,44.939999,44.950001,127.209999,127.260002,125.980003,126.029999
05/02/2008,135.940002,136.25,133.669998,134.130005,44.169998,44.599998,43.639999,43.669998,124.690002,124.879997,122.550003,122.959999
06/02/2008,134.580002,135.25,132.410004,133.050003,43.919998,44.169998,42.77,42.810001,123.410004,123.919998,121.809998,122.260002
07/02/2008,131.800003,134.789993,131.729996,133.929993,42.330002,43.790001,42.150002,43.110001,121.599998,123.389999,121.25,122.730003
08/02/2008,133.089996,134.220001,132.100006,133.070007,43.200001,43.77,42.939999,43.599998,122.18,122.879997,121.080002,121.75
11/02/2008,133.100006,134.229996,132.039993,133.75,43.77,44.220001,43.540001,44.07,121.690002,122.589996,120.760002,122.32
12/02/2008,134.910004,136.309998,133.979996,134.990005,44.34,44.68,43.509998,43.82,123.169998,124.739998,122.959999,123.769997
13/02/2008,136.009995,137.059998,135.139999,136.369995,44.389999,44.880001,44.16,44.779999,124.510002,125.849998,124.160004,125.260002
14/02/2008,136.949997,137,134.789993,135.169998,44.849998,44.849998,43.889999,43.970001,125.690002,125.699997,123.75,124.010002
15/02/2008,134.5,135.220001,133.910004,135.139999,43.73,43.98,43.450001,43.82,123.339996,123.57,122.669998,123.330002
19/02/2008,136.720001,136.889999,134.610001,135.520004,44.400002,44.5,43.27,43.740002,124.730003,124.949997,122.959999,123.68
20/02/2008,133.990005,136.550003,133.759995,135.919998,43.259998,44.09,43.240002,43.939999,122.540001,124.57,122.230003,124.089996
21/02/2008,136.660004,137.009995,134.070007,134.789993,44.360001,44.470001,43.34,43.52,124.68,124.980003,122.470001,123.199997
22/02/2008,134.970001,135.850006,132.860001,135.619995,43.669998,43.689999,42.599998,43.68,123.209999,124.050003,121.559998,123.800003
25/02/2008,135.539993,137.649994,134.779999,137.330002,43.630001,44.07,43.34,43.900002,123.720001,125.849998,123.410004,125.57
26/02/2008,136.75,138.949997,136.5,138.360001,43.650002,44.48,43.369999,44.07,125.139999,127.330002,125.110001,126.809998
27/02/2008,137.559998,139.139999,137.410004,138.220001,43.77,44.459999,43.669998,44.290001,126.220001,127.57,126.110001,126.830002
28/02/2008,137.240005,137.960007,136.550003,136.869995,44.119999,44.529999,43.950001,44.119999,126.099998,126.470001,125.379997,125.839996
29/02/2008,135.600006,135.679993,132.779999,133.820007,43.650002,43.77,42.849998,42.950001,124.699997,124.699997,122.279999,123.010002
03/03/2008,133.139999,133.809998,132.240005,133.5,42.919998,42.990002,42.240002,42.669998,122.470001,122.849998,121.650002,122.5
04/03/2008,132.229996,133.399994,130.990005,132.990005,42.400002,43.040001,42.02,42.91,121.510002,122.419998,120.360001,122.400002
05/03/2008,133.419998,134.770004,132.339996,133.830002,42.990002,43.540001,42.75,43.119999,122.629997,123.589996,121.540001,122.870003
06/03/2008,132.979996,133.220001,130.550003,131.059998,43.09,43.27,42.099998,42.169998,122.199997,122.389999,120.309998,120.800003
07/03/2008,129.770004,131.740005,128.580002,129.710007,41.919998,42.639999,41.380001,42.07,119.470001,121.040001,118.300003,118.93
10/03/2008,129.839996,129.929993,127.589996,128,42.009998,42.139999,41.169998,41.259998,119.290001,119.309998,117.459999,117.980003
11/03/2008,130.720001,132.720001,128.949997,132.600006,41.860001,42.849998,41.509998,42.830002,120,122.059998,118.949997,122.059998
12/03/2008,132.740005,133.770004,131.160004,131.360001,43,43.439999,42.599998,42.709999,122.029999,123.209999,121.120003,121.400002
13/03/2008,129.610001,132.639999,128.600006,131.649994,42.23,43.330002,41.810001,43.040001,119.82,122.370003,118.970001,121.510002
14/03/2008,132.770004,132.809998,127.779999,129.610001,43.330002,43.380001,41.740002,42.25,122.370003,122.370003,118.510002,120.019997
17/03/2008,126.57,129.259995,126.07,128.300003,41.290001,42.009998,41.049999,41.48,117.68,120.959999,117.650002,120.089996
18/03/2008,130.619995,133.690002,129.979996,133.630005,42.240002,43.34,42.110001,43.330002,121.809998,124.25,121.199997,124.050003
19/03/2008,134.139999,134.649994,130.039993,130.320007,43.509998,43.599998,42.23,42.259998,124.480003,124.82,121.019997,121.440002
20/03/2008,130.050003,132.910004,129.259995,132.080002,42.349998,43.099998,42.099998,43.09,121.510002,123.690002,120.900002,123.110001
24/03/2008,133.309998,135.809998,133.240005,134.720001,43.279999,44.759998,43.279999,44.580002,124.050003,126.099998,123.959999,125.339996
25/03/2008,134.860001,135.550003,133.770004,134.850006,44.700001,45.07,44.279999,44.830002,125.389999,125.610001,124.400002,125.129997
26/03/2008,134.460007,135.089996,133.110001,133.199997,44.669998,44.849998,44.279999,44.700001,124.790001,124.800003,123.68,123.919998
27/03/2008,134.199997,134.440002,132.360001,132.779999,44.439999,44.509998,43.709999,43.709999,124.559998,124.699997,122.830002,123.150002
28/03/2008,132.990005,133.360001,131.059998,131.509995,44.02,44.34,43.330002,43.490002,123.43,123.709999,121.870003,122.230003
31/03/2008,131.289993,132.729996,131.089996,131.970001,43.650002,44.02,43.450001,43.720001,121.900002,123.169998,121.68,122.400002
01/04/2008,133.610001,136.839996,133.509995,136.610001,44.419998,45.610001,44.41,45.59,123.889999,126.459999,123.849998,126.07
02/04/2008,137.050003,137.669998,135.979996,136.699997,45.700001,46.02,45.169998,45.490002,126.360001,126.870003,125.449997,126.190002
03/04/2008,135.960007,137.440002,135.710007,137.039993,45.290001,45.91,45.139999,45.59,125.529999,126.639999,125.220001,126.330002
04/04/2008,137.119995,137.960007,136.119995,136.889999,45.77,46.349998,45.400002,45.860001,126.290001,126.809998,125.199997,126.099998
07/04/2008,137.869995,138.570007,136.740005,136.960007,46.139999,46.41,45.650002,45.759998,126.760002,127.220001,125.75,126.050003
08/04/2008,136.190002,136.919998,135.949997,136.820007,45.41,45.720001,45.18,45.41,125.419998,126.129997,125.239998,126.129997
09/04/2008,136.610001,136.800003,134.889999,135.830002,45.470001,45.490002,44.630001,44.900002,126.050003,126.199997,124.669998,125.650002
10/04/2008,135.419998,136.669998,134.899994,136.020004,44.93,45.84,44.93,45.540001,125.510002,126.470001,124.989998,125.949997
11/04/2008,134.490005,135.119995,133.009995,133.380005,45.02,45.099998,44.119999,44.279999,124.550003,124.699997,123.010002,123.339996
14/04/2008,133.190002,133.539993,132.550003,132.929993,44.209999,44.48,43.950001,44.080002,123.32,123.68,122.790001,123.169998
15/04/2008,133.580002,133.690002,132.330002,133.240005,44.240002,44.349998,43.68,44.139999,123.75,123.839996,122.699997,123.480003
16/04/2008,134.539993,136.910004,134.520004,136.850006,44.689999,45.48,44.650002,45.369999,124.529999,126.650002,124.519997,126.639999
17/04/2008,136.020004,137.25,135.660004,137.050003,45.419998,45.470001,44.98,45.27,125.800003,126.699997,125.660004,126.699997
18/04/2008,138.940002,139.559998,138.259995,138.479996,46.470001,46.93,46.220001,46.709999,127.959999,128.830002,127.760002,127.860001
21/04/2008,138.229996,138.979996,137.850006,138.550003,46.619999,47.080002,46.490002,47.040001,127.739998,128.339996,127.410004,128.029999
22/04/2008,138.190002,138.309998,136.899994,137.940002,46.75,46.77,45.93,46.34,127.75,127.849998,126.440002,127.370003
23/04/2008,138.089996,138.779999,137.119995,137.720001,46.68,47.060001,46.27,46.849998,127.489998,128.240005,126.910004,127.300003
24/04/2008,138.080002,139.740005,137.039993,138.320007,46.869999,47.790001,46.389999,47.27,127.769997,129.309998,126.940002,128.100006
25/04/2008,139.399994,139.889999,137.910004,139.600006,47.32,47.349998,46.57,47.150002,128.910004,128.940002,127.32,128.800003
28/04/2008,139.880005,140.25,139.380005,139.630005,47.259998,47.619999,47.130001,47.240002,128.880005,129.279999,127.690002,128.789993
29/04/2008,139.389999,139.729996,138.610001,139.080002,47.150002,47.759998,47.060001,47.599998,128.380005,128.789993,127.940002,128.179993
30/04/2008,139.289993,140.589996,138.259995,138.259995,47.700001,48.060001,47.029999,47.209999,128.529999,129.979996,128,128.190002
01/05/2008,138.380005,141.119995,138.270004,141.119995,47.23,48.720001,47.220001,48.700001,128,130.179993,127.919998,129.960007
02/05/2008,142.339996,142.369995,140.559998,141.509995,49.16,49.189999,48.34,48.77,131.289993,131.289993,129.729996,130.729996
05/05/2008,141.050003,141.610001,140.410004,140.830002,48.77,49.029999,48.400002,48.630001,130.380005,130.5,129.330002,129.630005
06/05/2008,140.020004,142.199997,139.690002,142.050003,48.490002,49.130001,48.139999,48.93,129.100006,130.399994,128.580002,130.25
07/05/2008,141.889999,142.039993,139.130005,139.520004,48.939999,49.23,47.869999,48.040001,130.270004,130.369995,128,128.399994
08/05/2008,139.740005,140.320007,138.979996,139.160004,48.240002,48.700001,48.060001,48.400002,128.619995,129.100006,127.970001,128.240005
09/05/2008,138.600006,139.389999,138.449997,138.899994,48.040001,48.459999,47.900002,48.209999,127.660004,128.029999,127.199997,127.5
12/05/2008,139.25,140.559998,138.729996,140.460007,48.279999,49.189999,48.200001,49.09,127.82,129.100006,127.529999,128.759995
13/05/2008,140.800003,140.889999,139.729996,140.479996,49.110001,49.330002,48.759998,49.220001,128.979996,128.990005,127.900002,128.410004
14/05/2008,141.070007,142.199997,140.460007,140.770004,49.41,49.93,49.040001,49.110001,128.779999,130.080002,128.75,129
15/05/2008,141.039993,142.630005,140.830002,142.529999,49.119999,50.02,48.98,49.970001,129,130.199997,128.75,130.050003
16/05/2008,142.860001,142.869995,141.610001,142.660004,50.07,50.110001,49.450001,50.009998,130.020004,130.020004,128.800003,129.600006
19/05/2008,142.809998,144.300003,142.300003,143.050003,50.049999,50.470001,49.34,49.650002,129.710007,131.259995,129.509995,130.229996
20/05/2008,142.270004,142.339996,141,141.889999,49.470001,49.470001,48.889999,49.27,129.520004,129.559998,127.690002,128.309998
21/05/2008,141.809998,142.119995,139,139.490005,49.330002,49.599998,48.02,48.18,128.429993,128.559998,125.660004,126.059998
22/05/2008,139.429993,140.169998,139,139.509995,48.299999,48.689999,48.110001,48.349998,126.120003,126.650002,125.879997,126.019997
23/05/2008,139.050003,139.660004,137.520004,137.639999,48.18,48.349998,47.82,48.200001,125.629997,125.809998,124.57,124.610001
27/05/2008,137.800003,139,137.529999,138.660004,48.299999,49.110001,48.290001,49.049999,124.870003,125.68,124.370003,125.43
28/05/2008,139.169998,140,138,139.300003,49.279999,49.360001,48.75,49.25,125.769997,126,124.910004,125.839996
29/05/2008,139.130005,140.929993,139.080002,140,49.279999,49.970001,49.25,49.689999,125.68,127.230003,125.489998,126.230003
30/05/2008,140.470001,140.740005,139.940002,140.350006,49.880001,50.240002,49.75,50.009998,126.699997,126.849998,125.900002,126.129997
02/06/2008,139.830002,139.860001,138,138.899994,49.919998,49.919998,48.959999,49.400002,125.980003,126,124.239998,125.160004
03/06/2008,139.300003,139.619995,137.229996,138.089996,49.59,49.900002,48.669998,49.130001,125.389999,125.529999,123.410004,123.959999
04/06/2008,137.699997,139.160004,137.460007,138.020004,48.98,50.099998,48.939999,49.759998,123.82,125.040001,123.480003,123.989998
05/06/2008,138.580002,140.889999,138.320007,140.779999,49.889999,50.610001,49.700001,50.549999,124.349998,126.25,124.120003,126.110001
06/06/2008,139.550003,139.800003,136.220001,136.289993,50.110001,50.209999,49.02,49.029999,125.18,125.220001,121.959999,122.120003
09/06/2008,136.860001,137.5,135.410004,136.619995,49.130001,49.189999,47.950001,48.77,122.389999,123.440002,122.080002,122.959999
10/06/2008,135.669998,137.100006,135.350006,135.940002,48.27,48.939999,48.16,48.540001,122.25,123.809998,122.209999,122.959999
11/06/2008,135.970001,136.259995,133.929993,133.940002,48.439999,48.52,47.349998,47.369999,122.68,122.720001,120.980003,121.050003
12/06/2008,134.600006,135.869995,133.520004,134.449997,47.709999,48.110001,47,47.419998,121.559998,122.849998,120.93,121.629997
13/06/2008,135.169998,136.520004,134.419998,136.149994,47.709999,48.470001,47.459999,48.369999,121.989998,123.32,121.769997,123.099998
16/06/2008,135.550003,136.929993,135.460007,136.229996,48.119999,49.02,48.07,48.799999,122.529999,123.370003,122.25,122.660004
17/06/2008,137.070007,137.119995,135.369995,135.570007,48.950001,49.060001,48.470001,48.540001,123.379997,123.43,121.610001,121.93
18/06/2008,134.690002,135.520004,133.710007,134.25,48.259998,48.450001,47.830002,48.02,121.300003,121.550003,120.080002,120.330002
19/06/2008,134.149994,135.240005,133.5,134.419998,47.93,49.009998,47.610001,48.77,120.550003,121.32,119.940002,120.629997
20/06/2008,132.839996,133.089996,131.220001,131.580002,48.330002,48.349998,47.209999,47.419998,119.610001,119.709999,118.089996,118.239998
23/06/2008,132.089996,132.229996,131.320007,131.449997,47.610001,47.740002,46.98,47.049999,118.620003,118.760002,118.040001,118.330002
24/06/2008,131.050003,132.440002,130.190002,131.190002,46.830002,47.369999,46.41,46.810001,118.040001,118.949997,117.160004,117.940002
25/06/2008,131.720001,133.399994,131.240005,131.809998,47.009998,48,46.939999,47.57,118.199997,119.129997,117.779999,117.910004
26/06/2008,130.570007,131.419998,128.080002,128.229996,46.689999,46.700001,45.639999,45.650002,117.010002,117.059998,114.440002,114.669998
27/06/2008,128.279999,128.860001,127.040001,127.529999,45.599998,45.900002,44.970001,45.650002,114.57,114.739998,112.860001,113.459999
30/06/2008,127.889999,128.910004,127.300003,127.980003,45.509998,45.830002,45.150002,45.169998,113.480003,114.269997,112.75,113.419998
01/07/2008,126.519997,128.470001,125.93,128.380005,44.810001,45.860001,44.68,45.810001,112.379997,114.029999,111.760002,113.769997
02/07/2008,128.789993,129.160004,125.949997,126.18,45.950001,46.130001,44.639999,44.709999,113.779999,114.260002,112.029999,112.150002
03/07/2008,127.110001,127.110001,124.989998,126.309998,44.98,45.080002,44.279999,44.630001,112.809998,113.32,111.480003,113.050003
07/07/2008,126.790001,127.339996,123.919998,125.019997,45.040001,45.459999,44.240002,44.900002,113.169998,113.919998,111.139999,112.209999
08/07/2008,124.989998,127.389999,124.199997,127.239998,44.950001,46.009998,44.77,45.970001,112.25,113.900002,111.739998,113.739998
09/07/2008,127.5,127.739998,124.389999,124.790001,45.959999,46.029999,44.73,44.75,114.050003,114.199997,111.449997,111.660004
10/07/2008,124.43,125.790001,123.580002,125.300003,44.82,45.419998,44.380001,45.279999,111.610001,112.709999,110.870003,112.220001
11/07/2008,123.970001,125.900002,122.489998,123.839996,44.810001,45.27,43.849998,44.560001,111.139999,112.440002,109.779999,111
14/07/2008,125.260002,125.5,122.400002,122.720001,45.139999,45.18,44.07,44.23,112.169998,112.389999,110.050003,110.5
15/07/2008,121.800003,123.489998,120.019997,120.989998,44.009998,44.93,43.299999,44.240002,109.760002,111.260002,108.32,109.300003
16/07/2008,121.449997,124.57,121.099998,123.959999,44.360001,45.380001,43.919998,45.34,109.730003,112.470001,109.199997,112.169998
17/07/2008,125.139999,126.260002,124.089996,125.199997,45.610001,45.82,44.98,45.639999,113.160004,114.610001,112.169998,114.139999
18/07/2008,126.169998,126.419998,125.150002,125.980003,45.139999,45.169998,44.59,44.59,114.599998,115.099998,113.699997,114.949997
21/07/2008,126.510002,126.800003,125.190002,126.050003,45,45.189999,44.490002,44.779999,115.410004,115.510002,114.139999,114.650002
22/07/2008,125.150002,127.800003,124.849998,127.480003,44.029999,44.810001,43.860001,44.779999,113.959999,116.080002,113.75,115.699997
23/07/2008,127.889999,129.149994,127.550003,128.169998,44.849998,45.889999,44.720001,45.369999,115.949997,116.879997,115.489998,116.230003
24/07/2008,128.339996,128.410004,125.160004,125.510002,45.580002,45.610001,44.650002,44.689999,116.25,116.290001,113.370003,113.599998
25/07/2008,125.889999,126.489998,125.169998,125.480003,44.98,45.48,44.759998,45.27,113.889999,114.360001,113.150002,113.169998
28/07/2008,125.510002,126.059998,123.419998,123.639999,45.259998,45.52,44.209999,44.419998,113.269997,113.519997,111.169998,111.339996
29/07/2008,123.980003,126.379997,123.639999,126.279999,44.610001,45.540001,44.57,45.34,111.599998,113.910004,111.510002,113.849998
30/07/2008,127.110001,128.600006,126.279999,128.529999,45.470001,45.82,44.880001,45.57,114.589996,115.93,114.019997,115.82
31/07/2008,127.400002,128.570007,126.629997,126.830002,45.119999,46.150002,45.02,45.459999,114.720001,115.559998,113.580002,113.699997
01/08/2008,127.120003,127.279999,125.459999,126.160004,45.509998,45.549999,44.400002,44.880001,114.120003,114.260002,112.589996,113.120003
04/08/2008,126.040001,126.139999,124.760002,124.989998,44.869999,44.919998,44.299999,44.43,113.139999,113.75,112.129997,112.769997
05/08/2008,126.019997,128.559998,124.970001,128.360001,44.889999,45.970001,44.84,45.93,113.75,116.07,113.709999,116.010002
06/08/2008,128.020004,129.300003,127.480003,128.929993,45.950001,46.810001,45.580002,46.630001,115.529999,116.879997,115.239998,116.489998
07/08/2008,127.959999,128.440002,126.540001,127.010002,46.349998,46.849998,46.080002,46.27,115.489998,115.919998,114.230003,114.589996
08/08/2008,126.580002,129.929993,126.379997,129.369995,46.240002,47.439999,46.150002,47.32,114.220001,117.639999,114,116.949997
11/08/2008,129.470001,131.509995,129.229996,130.710007,47.299999,48.279999,47.139999,47.75,117.029999,118.730003,116.800003,117.800003
12/08/2008,130.279999,130.699997,128.729996,129.350006,47.740002,48.16,47.509998,47.799999,117.459999,117.519997,116.080002,116.57
13/08/2008,128.789993,129.649994,127.669998,128.570007,47.720001,48.119999,47.25,47.700001,116.080002,116.209999,114.68,115.400002
14/08/2008,127.839996,130.279999,127.75,129.539993,47.540001,48.459999,47.490002,48.25,114.849998,117.339996,114.690002,116.410004
15/08/2008,129.929993,130.5,129.300003,130.169998,48.330002,48.57,47.959999,48.16,116.459999,117.07,115.949997,116.529999
18/08/2008,130.429993,130.479996,127.660004,128.389999,48.299999,48.310001,47.259998,47.599998,116.860001,116.889999,114.290001,114.860001
19/08/2008,127.419998,127.690002,126.529999,126.989998,47.360001,47.59,46.75,47.009998,114.110001,114.209999,113.150002,113.489998
20/08/2008,127.389999,127.949997,126.339996,127.580002,47.34,47.560001,46.740002,47.09,113.870003,114.540001,112.889999,114.040001
21/08/2008,126.75,128.440002,126.599998,127.800003,46.740002,47.080002,46.380001,46.869999,113.230003,114.779999,113.07,114.050003
22/08/2008,128.669998,129.649994,127.800003,129.649994,47.119999,47.68,47.080002,47.490002,114.949997,116.370003,114.839996,116.32
25/08/2008,128.800003,129.649994,126.75,127.019997,47.16,47.209999,46.369999,46.490002,115.669998,115.709999,113.660004,113.849998
26/08/2008,127.019997,127.870003,126.580002,127.389999,46.52,46.77,46.119999,46.43,114.050003,114.419998,113.459999,114.07
27/08/2008,127.550003,128.830002,127.300003,128.630005,46.450001,47.09,46.290001,46.73,114.239998,115.589996,113.839996,115
28/08/2008,129.279999,130.339996,129.110001,130.190002,46.919998,47.279999,46.830002,47.110001,115.720001,117.18,115.660004,117.129997
29/08/2008,129.729996,130.139999,128.509995,128.789993,46.610001,47.119999,45.919998,46.119999,116.510002,117.040001,115.400002,115.449997
02/09/2008,130.029999,130.710007,127.519997,127.989998,46.869999,47.080002,45.34,45.549999,116.959999,118.010002,114.779999,115.160004
03/09/2008,127.879997,128.5,126.93,127.879997,45.450001,45.639999,44.790001,45.119999,115.25,115.739998,114.330002,115.510002
04/09/2008,126.970001,127.230003,123.959999,124.029999,44.860001,44.91,43.66,43.66,114.599998,114.739998,111.989998,112.199997
05/09/2008,123.290001,124.949997,122,124.419998,43.279999,43.779999,42.810001,43.450001,111.580002,112.629997,110.57,112.349998
08/09/2008,128.039993,128.240005,124.419998,126.989998,44.02,44.220001,42.68,43.369999,115.529999,115.93,112.400002,115.160004
09/09/2008,127.099998,127.360001,122.800003,123.220001,43.349998,43.790001,42.349998,42.450001,115.160004,115.980003,112.43,112.529999
10/09/2008,123.889999,124.900002,122.550003,123.720001,42.860001,43.18,42.450001,42.799999,113.110001,114,112.339996,113
11/09/2008,122.120003,125.739998,121.599998,125.510002,42.200001,43.689999,42.169998,43.599998,111.779999,114.860001,111.220001,114.860001
12/09/2008,124.290001,126.209999,123.830002,126.089996,43.23,43.709999,42.900002,43.43,113.639999,114.839996,113.010002,114.790001
15/09/2008,121.629997,125.650002,119.889999,120.089996,42.400002,43.290001,42.029999,42.080002,111.150002,114.440002,109.639999,109.800003
16/09/2008,117.199997,122.32,117,122.099998,41.48,42.84,41.43,42.41,107.879997,111.160004,107.580002,110.660004
17/09/2008,119.639999,121.849998,116,116.610001,41.869999,42.419998,40.189999,40.209999,109.230003,109.589996,105.5,106.760002
18/09/2008,118.050003,121.790001,113.800003,120.07,41.099998,41.970001,39.5,41.57,107.419998,111,104.860001,109.970001
19/09/2008,126.699997,128,123.330002,124.120003,43.77,43.830002,42.099998,42.900002,116.139999,116.139999,112.660004,113.57
22/09/2008,124.449997,124.75,120.360001,121.309998,42.740002,42.84,40.799999,40.880001,113.82,113.980003,109.860001,110.5
23/09/2008,120.849998,122.019997,118.279999,118.550003,41.200001,41.75,40.439999,40.57,110.260002,111.379997,108.260002,108.5
24/09/2008,119.349998,120,117.790001,118.93,40.810001,41.259998,40.52,40.849998,108.93,109.230003,107.459999,108.300003
25/09/2008,119.400002,121.910004,118.440002,120.790001,41.23,42.02,41.029999,41.5,109.010002,111.209999,108.779999,110.269997
26/09/2008,118.830002,121.5,118.510002,120.849998,40.310001,41.490002,40.220001,41.080002,108.650002,111.599998,108.470001,111.150002
29/09/2008,119.139999,119.339996,110.970001,111.379997,40.259998,40.380001,37.18,37.82,109.830002,109.989998,104.010002,104.75
30/09/2008,113.510002,116.800003,110.529999,115.989998,37.720001,39.299999,37.599998,38.91,105.559998,108.629997,105.220001,108.360001
01/10/2008,115.269997,116.690002,113.949997,116.059998,38.84,38.970001,38.029999,38.5,107.57,108.790001,106.279999,108.699997
02/10/2008,114.949997,115.110001,111.059998,111.849998,38.25,38.25,36.639999,36.75,107.5,107.650002,104.379997,105.269997
03/10/2008,112.860001,115.449997,109.68,110.339996,37.259998,38.18,36.099998,36.18,105.75,107.940002,103.089996,103.199997
06/10/2008,107.150002,107.620003,100.639999,104.720001,35.259998,35.529999,32.91,34.860001,100.860001,101.440002,95.209999,99.900002
07/10/2008,106.839996,107.330002,99.650002,100.029999,35.139999,35.200001,32.27,32.650002,100.540001,101.209999,94.410004,95.07
08/10/2008,97.519997,102.18,96.809998,97.510002,31.950001,34.119999,31.84,32.389999,93.25,96.389999,91.400002,91.400002
09/10/2008,99.660004,100.620003,90.25,90.699997,33.150002,33.68,30.969999,31.52,93.919998,94.510002,85.400002,85.550003
10/10/2008,86.760002,93.940002,83.580002,88.5,30.52,32.48,29.379999,31.32,82.389999,89.080002,78.940002,83.75
13/10/2008,93.870003,101.349998,89.949997,101.349998,32.860001,35.25,32.400002,35.130001,88.040001,95.029999,87.459999,95.029999
14/10/2008,104.699997,105.529999,97.110001,99.849998,36.150002,36.150002,33.189999,33.610001,97.900002,98.800003,90.900002,93.669998
15/10/2008,97.459999,97.800003,89.709999,90.019997,33.23,33.349998,30.540001,30.6,91.839996,92.059998,84.760002,84.870003
16/10/2008,91.290001,94.769997,86.540001,93.769997,30.809999,32.27,29.25,32.259998,86.309998,90.160004,82.080002,89.870003
17/10/2008,91.989998,98.589996,91.650002,93.209999,31.67,33.650002,31.41,32.299999,87.599998,92.760002,87.160004,87.540001
20/10/2008,95.349998,99.099998,94.089996,98.809998,32.759998,33.259998,31.700001,33.200001,89.480003,93.279999,88.739998,93.279999
21/10/2008,96.970001,98.639999,95.220001,95.860001,32.66,33.259998,31.48,31.48,91.540001,92.800003,89.970001,90.379997
22/10/2008,93.199997,95.860001,87.529999,90.639999,31.370001,31.6,29.709999,30.610001,88.059998,88.419998,83.330002,85.5
23/10/2008,90.290001,92.449997,85.809998,91.690002,30.49,31.09,28.9,30.49,85.669998,87.989998,82.400002,87.989998
24/10/2008,84.059998,89.919998,84,87.040001,28.23,30.25,28.09,29.51,80.540001,85.849998,80.150002,83.089996
27/10/2008,85.970001,89.510002,83.699997,83.949997,29.17,30.200001,28.66,28.690001,82.580002,85.980003,80.260002,80.260002
28/10/2008,87.339996,94.239998,84.529999,93.760002,29.68,31.879999,28.85,31.860001,83.839996,91.139999,81.699997,91.139999
29/10/2008,93.769997,97.169998,92.099998,93.080002,31.91,33.080002,31.25,31.780001,90.489998,93.620003,88.699997,89.150002
30/10/2008,95.779999,96.540001,92.900002,96.300003,32.669998,33.060001,31.98,32.84,92.040001,92.660004,89.720001,92.5
31/10/2008,95.080002,98.57,94.480003,96.830002,32.369999,33.43,32.09,32.889999,91.57,94.529999,91.129997,93.5
03/11/2008,96.779999,97.690002,95.949997,97.110001,32.810001,33.290001,32.509998,32.82,93.139999,94.080002,92.519997,93.43
04/11/2008,99.059998,100.860001,96.709999,100.410004,33.459999,34.009998,32.98,33.75,95.160004,96.5,94.32,96.209999
05/11/2008,99.199997,100.709999,95,96.190002,33.529999,33.599998,31.92,31.99,94.989998,95.589996,91.150002,91.849998
06/11/2008,94.459999,95.440002,90.059998,90.860001,31.49,31.870001,30.4,30.559999,90.790001,91.660004,86.480003,87.129997
07/11/2008,91.650002,94,90.5,93.860001,30.92,31.48,30.59,31.190001,87.959999,90.160004,87.400002,90.129997
10/11/2008,95.209999,95.529999,90.919998,92.629997,31.969999,31.969999,30.4,30.77,91.669998,91.75,87.709999,88.93
11/11/2008,90.760002,92.139999,88.650002,89.769997,30.48,30.76,29.719999,30.1,87.559998,88.809998,85.720001,86.75
12/11/2008,88.230003,88.949997,85.120003,85.82,29.65,29.799999,28.65,28.709999,85.410004,86,82.839996,83.089996
13/11/2008,86.129997,91.730003,82.089996,91.169998,28.610001,30.530001,27.280001,30.459999,83.57,89,79.849998,88.699997
14/11/2008,89.410004,92.059998,86.519997,86.620003,29.780001,30.42,28.870001,28.98,86.989998,89.489998,84.220001,84.220001
17/11/2008,86.379997,88.559998,85.160004,85.470001,28.49,29.23,28.26,28.370001,83.980003,85.980003,82.720001,82.949997
18/11/2008,85.150002,87.220001,82.910004,87.080002,28.559999,28.75,27.389999,28.34,82.989998,85.050003,81.309998,84.339996
19/11/2008,85.910004,86.870003,80.919998,81.5,28.4,28.780001,26.790001,26.860001,84.230003,85.370003,80.18,80.360001
20/11/2008,80.129997,82.510002,75.050003,75.449997,26.530001,27.450001,25.469999,25.559999,79.400002,82.199997,75.370003,76.059998
21/11/2008,77.459999,80.900002,74.339996,79.519997,26.01,26.68,25.049999,26.67,77.129997,80.730003,74.5,80.540001
24/11/2008,81.919998,86.989998,80.360001,85.029999,27.219999,28.639999,26.98,28.299999,81.959999,85.970001,81.029999,83.900002
25/11/2008,87.300003,87.510002,83.82,85.660004,28.610001,28.639999,27.52,28.17,85.43,86.07,82.790001,84.809998
26/11/2008,84.300003,89.190002,84.239998,88.970001,27.879999,29.360001,27.809999,29.35,83.160004,87.300003,82.989998,87.18
28/11/2008,88.629997,90.129997,88.480003,90.089996,29.02,29.190001,28.83,29.120001,86.68,88.360001,86.68,88.300003
01/12/2008,87.510002,87.550003,81.860001,82.110001,28.5,28.51,26.889999,26.93,86.300003,86.370003,81.459999,81.660004
02/12/2008,83.470001,85.489998,82.040001,85.269997,27.299999,27.889999,26.84,27.83,82.629997,84.419998,81.5,84.360001
03/12/2008,83.400002,87.830002,83.139999,87.32,27.129999,28.709999,27.07,28.620001,82.650002,86.339996,82.440002,86.040001
04/12/2008,86.059998,88.050003,83.739998,85.300003,28.17,28.780001,27.32,27.809999,84.739998,86.459999,82.730003,83.739998
05/12/2008,83.650002,88.419998,82.239998,87.93,27.5,29.07,26.950001,28.940001,82.970001,86.980003,81.309998,86.589996
08/12/2008,90.339996,92.379997,88.080002,91,29.59,30.459999,29.440001,30.08,88.32,90.389999,88,89.120003
09/12/2008,90.370003,92.129997,88.980003,89.5,29.68,30.83,29.57,30.01,88.339996,89.410004,86.620003,87.110001
10/12/2008,90.32,91.360001,89,90.110001,30.1,30.459999,29.620001,29.91,88.059998,88.93,86.550003,87.639999
11/12/2008,89.540001,91,87.370003,87.940002,29.809999,30.27,28.940001,29.09,86.610001,88.269997,85.269997,85.860001
12/12/2008,85.550003,89.07,85.199997,88.989998,28.690001,29.860001,28.469999,29.68,83.510002,87.029999,83.230003,86.360001
15/12/2008,89.019997,89.150002,86.290001,87.75,29.73,29.76,28.74,29.16,86.949997,87,84.849998,85.989998
16/12/2008,91.879997,92.019997,88.18,91.879997,29.42,30.66,29.1,30.559999,89.57,89.75,86.330002,89.57
17/12/2008,90.839996,92.43,90.059998,90.989998,30.25,30.6,29.82,30.190001,88.459999,89.800003,87.949997,88.349998
18/12/2008,91.400002,91.669998,88.209999,89.290001,30.190001,30.4,29.360001,29.66,88.839996,89.040001,85.419998,86.360001
19/12/2008,89.099998,90.620003,88.089996,88.190002,29.93,30.370001,29.66,29.860001,86.739998,87.82,85.360001,85.360001
22/12/2008,88.580002,88.669998,85.489998,87.059998,29.860001,29.92,28.74,29.209999,85.800003,85.93,83.589996,84.959999
23/12/2008,87.529999,87.93,85.800003,86.160004,29.33,29.620001,28.889999,29.059999,85.589996,85.93,83.839996,84.07
24/12/2008,86.449997,86.870003,86,86.660004,29.200001,29.209999,28.98,29.139999,84.43,84.93,84.139999,84.480003
26/12/2008,87.239998,87.300003,86.5,87.160004,29.200001,29.23,28.969999,29.129999,85.010002,85.279999,84.559998,85.07
29/12/2008,87.239998,87.330002,85.599998,86.910004,29.209999,29.24,28.459999,28.889999,85.269997,85.279999,83.589996,84.910004
30/12/2008,87.510002,89.050003,86.879997,88.970001,28.969999,29.59,28.940001,29.49,85.25,86.779999,84.860001,86.68
31/12/2008,89.080002,90.970001,88.870003,90.239998,29.459999,30.08,29.450001,29.74,86.809998,88.370003,86.629997,87.519997
02/01/2009,90.440002,93.440002,89.849998,92.959999,29.75,31.129999,29.690001,31.030001,87.949997,90.620003,87.57,90.199997
05/01/2009,92.629997,93.660004,91.889999,92.849998,30.83,31.33,30.59,31.02,89.870003,90.330002,88.870003,89.699997
06/01/2009,93.639999,94.449997,92.68,93.470001,31.25,31.629999,31.110001,31.33,90.18,90.900002,89.379997,90.150002
07/01/2009,92,92.260002,90.199997,90.669998,30.73,30.9,30.190001,30.440001,88.879997,89.18,87.230003,87.860001
08/01/2009,90.160004,91.089996,89.669998,91.040001,30.379999,30.799999,30.08,30.76,87.07,87.57,86.550003,87.43
09/01/2009,91.160004,91.32,85.360001,89.089996,30.77,30.790001,29.92,30.07,87.669998,87.760002,85.839996,86.139999
12/01/2009,88.839996,88.910004,86.410004,86.949997,30.110001,30.15,29.200001,29.52,85.769997,86.019997,84.260002,84.790001
13/01/2009,86.730003,87.879997,86.199997,87.110001,29.51,29.98,29.18,29.530001,84.610001,85.290001,83.830002,84.419998
14/01/2009,85.540001,85.75,83.160004,84.370003,29.190001,29.280001,28.469999,28.629999,83.160004,83.360001,81.480003,82.080002
15/01/2009,84.120003,85.25,81.720001,84.400002,28.57,29.34,28.07,29.1,82.07,82.980003,80.040001,82.18
16/01/2009,85.860001,85.989998,83.050003,85.059998,29.5,29.6,28.700001,29.42,83.220001,83.400002,81.029999,82.690002
20/01/2009,84.230003,85.059998,80.050003,80.57,29.299999,29.43,27.959999,27.959999,82.209999,82.410004,79.360001,79.410004
21/01/2009,81.940002,84.239998,80.470001,84.050003,28.43,29.190001,28.1,29.15,80.650002,82.410004,79.349998,82.239998
22/01/2009,82.419998,84.040001,81.169998,82.75,28.52,29.23,28.26,28.76,80.900002,82.040001,79.550003,81.160004
23/01/2009,80.900002,83.989998,80.57,83.110001,28.290001,29.35,28.139999,28.9,79.5,81.529999,79.050003,80.519997
26/01/2009,83.589996,85.360001,82.809998,83.68,28.940001,29.59,28.75,29.110001,80.860001,82.290001,80.190002,81.07
27/01/2009,84.129997,85.150002,83.300003,84.529999,29.120001,29.57,29.120001,29.32,81.489998,82.239998,80.800003,81.510002
28/01/2009,86.400002,87.949997,86.07,87.389999,29.809999,30.65,29.809999,30.35,83.040001,84.040001,82.589996,83.68
29/01/2009,86.110001,87.489998,84.470001,84.550003,29.98,30.4,29.48,29.58,82.580002,82.940002,81.349998,81.529999
30/01/2009,84.980003,85.400002,82.209999,82.830002,29.799999,29.93,28.940001,29.059999,81.830002,81.959999,79.599998,80.080002
02/02/2009,81.57,83.18,81.309998,82.580002,28.780001,29.610001,28.74,29.41,79.139999,79.919998,78.650002,79.32
03/02/2009,83.099998,84.360001,82.220001,83.739998,29.469999,30.43,29.030001,29.870001,79.779999,81.099998,79.019997,80.629997
04/02/2009,84.300003,85.370003,83.040001,83.330002,29.940001,30.870001,29.790001,29.91,80.800003,81.709999,79.339996,79.690002
05/02/2009,82.699997,85.290001,77.730003,84.57,29.48,30.77,29.459999,30.57,79.260002,81.150002,78.5,80.550003
06/02/2009,84.860001,87.339996,84.68,86.980003,30.68,31.51,30.58,31.370001,80.870003,83.269997,80.720001,82.860001
09/02/2009,86.959999,87.739998,86.32,87.099998,31.389999,31.67,31.190001,31.5,82.800003,83.290001,82.099998,82.75
10/02/2009,86.269997,87.029999,82.449997,83.110001,31.299999,31.68,30.1,30.34,82.230003,82.730003,78.610001,79.190002
11/02/2009,83.449997,84.050003,82.400002,83.599998,30.379999,30.530001,29.73,30.200001,79.620003,80.010002,78.68,79.550003
12/02/2009,82.169998,83.82,81.050003,83.660004,29.85,30.610001,29.639999,30.57,78.43,79.620003,77.150002,79.5
13/02/2009,83.550003,84.239998,82.739998,82.760002,30.48,30.780001,30.290001,30.43,79.480003,79.949997,78.470001,78.550003
17/02/2009,80.160004,82.959999,79.169998,79.220001,29.49,29.67,29.059999,29.219999,76.599998,77.059998,75.720001,75.75
18/02/2009,79.790001,79.940002,78.279999,79.029999,29.41,29.67,28.870001,29.24,76.25,76.489998,75.089996,75.760002
19/02/2009,79.839996,80.150002,78.019997,78.18,29.42,29.610001,28.719999,28.790001,76.43,76.5,74.800003,75.029999
20/02/2009,76.730003,78.339996,75.769997,77.419998,28.469999,29.15,28.389999,28.870001,73.32,74.709999,72.480003,73.730003
23/02/2009,78.269997,78.269997,74.589996,74.650002,29.030001,29.049999,27.73,27.860001,74.239998,74.410004,71.07,71.150002
24/02/2009,75.290001,77.949997,74.699997,77.480003,28.01,28.98,27.959999,28.780001,71.57,73.800003,71.150002,73.379997
25/02/2009,77.139999,78.419998,75.629997,76.870003,28.610001,29.17,28.139999,28.59,73.029999,74.050003,71.559998,72.669998
26/02/2009,77.82,79.669998,75.529999,75.620003,28.780001,28.950001,27.700001,27.790001,73.480003,74.07,71.760002,71.839996
27/02/2009,74.010002,75.690002,73.809998,73.93,27.5,27.98,27.389999,27.530001,70.629997,72,70.370003,70.760002
02/03/2009,72.519997,73.919998,70.370003,70.599998,27.120001,27.51,26.469999,26.639999,69.650002,69.82,67.589996,67.830002
03/03/2009,71.610001,71.699997,69.639999,70.07,26.860001,27.16,26.42,26.620001,68.480003,68.599998,67.089996,67.209999
04/03/2009,71.230003,72.870003,70.07,71.730003,27.01,27.709999,26.92,27.33,68.349998,69.879997,67.629997,68.769997
05/03/2009,70.099998,71.730003,68.169998,68.800003,27.030001,27.24,26.42,26.51,67.5,68.050003,65.529999,66.07
06/03/2009,69.400002,70.449997,67.099998,68.919998,26.65,26.809999,25.709999,26.299999,66.540001,67.629997,64.779999,66.5
09/03/2009,67.949997,70,67.730003,68.110001,26.09,26.809999,25.629999,25.74,65.510002,67.169998,65.25,65.440002
10/03/2009,69.510002,72.370003,69.370003,72.169998,26.25,27.389999,26.16,27.33,66.620003,69.230003,66.540001,69.139999
11/03/2009,73,73.75,71.830002,72.639999,27.610001,27.99,27.26,27.75,69.690002,70.32,68.82,69.480003
12/03/2009,72.620003,75.75,71.970001,75.5,27.73,28.76,27.440001,28.67,69.379997,71.989998,68.849998,71.769997
13/03/2009,76.010002,76.980003,74.730003,76.089996,28.66,28.84,28.32,28.74,72.190002,72.589996,71.199997,72.32
16/03/2009,76.959999,77.970001,75.809998,75.860001,28.93,28.98,28.190001,28.26,72.970001,74.07,72.199997,72.309998
17/03/2009,76.07,78.360001,75.449997,78.18,28.4,29.33,28.299999,29.33,72.290001,74.120003,71.860001,74.080002
18/03/2009,77.809998,80.900002,77.07,79.93,29.209999,30.200001,29.08,29.700001,73.489998,75.889999,72.720001,74.970001
19/03/2009,80.93,81,78.690002,78.940002,30.110001,30.129999,29.459999,29.68,75.830002,75.870003,73.830002,74.110001
20/03/2009,78.760002,78.910004,76.529999,76.709999,29.690001,30.030001,28.98,29.18,74.43,74.559998,72.529999,72.739998
23/03/2009,78.739998,82.290001,78.309998,82.220001,29.9,30.940001,29.200001,30.9,74.550003,77.779999,74.169998,77.760002
24/03/2009,81.239998,82.360001,80.510002,80.599998,30.639999,30.879999,30.309999,30.33,76.910004,77.949997,76.440002,76.699997
25/03/2009,81.230003,82.699997,79.059998,81.449997,30.59,31.049999,29.66,30.469999,77.25,78.620003,75.480003,77.410004
26/03/2009,82.25,83.300003,81.32,83.110001,30.799999,31.459999,30.42,31.41,78.18,79.300003,77.519997,79.099998
27/03/2009,82.050003,82.529999,81.309998,81.610001,31,31.18,30.709999,30.82,78.139999,78.419998,77.330002,77.809998
30/03/2009,79.800003,79.870003,77.959999,78.790001,30.299999,30.32,29.620001,30.059999,76.089996,76.120003,74.370003,75.25
31/03/2009,79.559998,81.080002,79.050003,79.519997,30.290001,30.950001,30.27,30.32,76.040001,77.230003,75.199997,75.839996
01/04/2009,78.529999,81.419998,78.330002,81.059998,29.940001,30.879999,29.790001,30.77,74.879997,77.870003,74.800003,77.529999
02/04/2009,83.080002,84.610001,81.129997,83.43,31.32,32.27,31.23,31.76,79.379997,80.760002,78.980003,79.709999
03/04/2009,83.489998,84.279999,82.669998,84.260002,32.09,32.400002,31.83,32.349998,79.760002,80.190002,78.959999,80.160004
06/04/2009,83.339996,84.279999,82.290001,83.599998,31.99,32.330002,31.65,32.27,79.459999,79.93,78.599998,79.760002
07/04/2009,82.25,82.650002,81.510002,81.650002,31.92,31.92,31.209999,31.42,78.739998,78.739998,77.690002,77.889999
08/04/2009,82.059998,82.940002,81.540001,82.529999,31.73,32.150002,31.49,31.950001,78.18,78.940002,77.57,78.370003
09/04/2009,84.669998,85.82,84.330002,85.809998,32.549999,33.009998,32.43,32.939999,80.010002,80.919998,79.760002,80.889999
13/04/2009,84.919998,86.540001,84.580002,85.830002,32.84,33.07,32.529999,32.889999,80.029999,81.18,79.690002,80.550003
14/04/2009,85.029999,85.760002,84.080002,84.349998,32.689999,32.880001,32.27,32.490002,79.970001,80.339996,79.080002,79.269997
15/04/2009,83.839996,85.419998,83.610001,85.25,32.259998,32.43,31.85,32.400002,79.040001,80.459999,78.739998,80.300003
16/04/2009,85.93,87.150002,84.769997,86.5,32.849998,33.43,32.509998,33.240002,80.860001,81.790001,79.709999,81.260002
17/04/2009,86.830002,87.650002,86.139999,87.080002,33.169998,33.5,32.93,33.310001,81.440002,81.849998,80.82,81.309998
20/04/2009,85.540001,87.050003,83.339996,83.43,32.709999,32.82,32.060001,32.240002,80.050003,80.160004,78.349998,78.519997
21/04/2009,82.82,85.129997,82.75,85.059998,32.119999,32.740002,32.080002,32.689999,77.830002,79.760002,77.809998,79.589996
22/04/2009,84.290001,86.339996,84.07,84.540001,32.5,33.529999,32.389999,32.790001,79.029999,80.449997,78.660004,78.809998
23/04/2009,84.709999,85.419998,83.629997,85.370003,33,33.139999,32.490002,33.110001,78.940002,79.849998,78.019997,79.650002
24/04/2009,86.029999,87.309998,85.690002,86.660004,33.34,33.93,33.07,33.689999,80.099998,81.269997,79.93,80.730003
27/04/2009,85.68,87.010002,85.540001,85.839996,33.419998,34.060001,33.349998,33.73,79.769997,81.230003,79.660004,80.260002
28/04/2009,84.970001,86.589996,84.760002,85.57,33.52,33.91,33.360001,33.48,79.470001,80.949997,79.370003,80.120003
29/04/2009,86.519997,88.360001,86.300003,87.389999,33.75,34.400002,33.700001,33.939999,80.82,82.550003,80.690002,81.769997
30/04/2009,88.550003,89.019997,86.919998,87.419998,34.389999,34.900002,34.040001,34.279999,82.730003,83.059998,81.349998,81.669998
01/05/2009,87.440002,88.209999,86.720001,87.889999,34.27,34.540001,34.009998,34.369999,81.790001,82.190002,80.959999,82.160004
04/05/2009,88.550003,90.940002,88.379997,90.879997,34.68,35.09,34.52,35.049999,82.739998,84.300003,82.599998,84.239998
05/05/2009,90.57,90.93,89.839996,90.57,34.990002,35.060001,34.630001,35.02,84.059998,84.559998,83.610001,84.160004
06/05/2009,91.68,92.199997,90.610001,92.139999,35.290001,35.34,34.459999,35.029999,85.050003,85.269997,84.190002,85.199997
07/05/2009,93.010002,93.150002,90.279999,90.860001,35.27,35.27,33.880001,34.209999,85.800003,85.910004,83.650002,84.169998
08/05/2009,92.029999,93.220001,91.440002,92.980003,34.470001,34.740002,33.880001,34.23,85.139999,85.970001,84.610001,85.720001
11/05/2009,91.699997,92.110001,91.040001,91.239998,33.790001,34.720001,33.68,34.349998,84.760002,84.989998,84.199997,84.43
12/05/2009,91.629997,91.830002,89.849998,90.970001,34.419998,34.48,33.52,33.93,84.769997,85.279999,83.769997,84.720001
13/05/2009,89.739998,90.010002,88.5,88.68,33.630001,33.650002,32.959999,33.02,83.709999,83.860001,82.800003,83.129997
14/05/2009,88.720001,90.120003,88.5,89.440002,33.099998,33.700001,33.080002,33.389999,83.120003,83.970001,82.940002,83.389999
15/05/2009,89.370003,90,88.150002,88.709999,33.34,33.82,33.23,33.369999,83.150002,83.949997,82.279999,82.779999
18/05/2009,89.550003,91.339996,88.57,91.230003,33.599998,34.279999,33.389999,34.240002,83.580002,85.120003,83.5,85.120003
19/05/2009,91.18,91.970001,90.809998,91.120003,34.16,34.740002,33.950001,34.400002,84.940002,85.389999,84.629997,84.739998
20/05/2009,91.949997,92.800003,90.410004,90.510002,34.529999,35.040001,34.18,34.279999,85.339996,85.970001,84.099998,84.190002
21/05/2009,89.459999,89.800003,88.260002,89.209999,34.02,34.259998,33.310001,33.650002,83.279999,83.330002,82.300003,83.099998
22/05/2009,89.459999,90,88.68,89.019997,33.779999,33.970001,33.32,33.540001,83.419998,83.739998,82.660004,82.870003
26/05/2009,88.360001,91.559998,88.32,91.300003,33.25,34.830002,33.18,34.790001,82.269997,85.059998,82.269997,84.849998
27/05/2009,91.440002,91.75,89.529999,89.669998,34.689999,35.189999,34.43,34.549999,84.970001,85.07,82.970001,83.160004
28/05/2009,90.459999,91.339996,89.099998,90.919998,34.759998,35.07,34.209999,34.950001,83.790001,84.449997,82.529999,84.019997
29/05/2009,91.419998,93.699997,90.68,92.529999,34.970001,35.5,34.759998,35.380001,84.389999,85.760002,83.760002,85.389999
01/06/2009,93.669998,95.169998,93.43,94.769997,35.759998,36.5,35.610001,36.389999,86.279999,87.669998,86.050003,87.349998
02/06/2009,94.400002,95.370003,94.230003,94.849998,36.189999,36.790001,36.110001,36.439999,87.139999,87.970001,86.93,87.5
03/06/2009,94.040001,94.129997,92.760002,93.650002,36.330002,36.369999,35.93,36.330002,87.019997,87.110001,86.080002,86.949997
04/06/2009,94,94.669998,93.300003,94.529999,36.41,36.790001,36.34,36.740002,86.910004,87.660004,86.489998,87.510002
05/06/2009,95.489998,95.669998,93.800003,94.550003,36.959999,37.080002,36.419998,36.779999,88.25,88.550003,87.120003,87.910004
08/06/2009,93.839996,95.099998,93.040001,94.160004,36.549999,36.950001,36.119999,36.669998,87.220001,88.400002,86.5,87.739998
09/06/2009,94.690002,95.139999,94.019997,94.639999,36.84,37.169998,36.669998,36.950001,87.970001,88.230003,87.440002,87.739998
10/06/2009,95.480003,95.489998,93.190002,94.400002,37.16,37.169998,36.290001,36.82,88.550003,88.580002,86.580002,87.650002
11/06/2009,94.580002,96.110001,94.559998,94.82,36.77,37.23,36.75,36.82,87.860001,89.019997,87.800003,87.860001
12/06/2009,94.400002,95.139999,94,95.080002,36.669998,36.720001,36.200001,36.650002,87.599998,88.330002,87.370003,88.309998
15/06/2009,93.959999,94.019997,92.400002,92.900002,36.299999,36.330002,35.580002,35.900002,87.230003,87.279999,86,86.489998
16/06/2009,93.230003,93.290001,91.580002,91.639999,36.040001,36.189999,35.52,35.549999,86.690002,86.760002,85.220001,85.260002
17/06/2009,91.599998,92.330002,90.830002,91.550003,35.700001,36.209999,35.450001,35.889999,85.220001,85.860001,84.830002,85.230003
18/06/2009,91.690002,92.669998,91.25,92.220001,35.830002,36.060001,35.57,35.82,85.279999,86.150002,84.980003,85.620003
19/06/2009,92.580002,92.699997,91.519997,92.040001,36.049999,36.360001,35.91,36.16,85.959999,86.099998,84.919998,85.309998
22/06/2009,91.139999,91.190002,89.25,89.279999,35.830002,35.889999,35.02,35.080002,84.580002,84.769997,83.32,83.32
23/06/2009,89.470001,89.879997,88.849998,89.349998,35.18,35.259998,34.77,35,83.419998,83.709999,82.849998,83.18
24/06/2009,90.160004,91.080002,89.599998,90.120003,35.299999,35.869999,35.279999,35.59,83.739998,84.279999,82.580002,83.029999
25/06/2009,89.669998,92.169998,89.57,92.080002,35.360001,36.360001,35.279999,36.290001,82.690002,84.900002,82.57,84.720001
26/06/2009,91.769997,92.239998,91.269997,91.839996,36.119999,36.5,36.049999,36.369999,84.459999,84.690002,84.019997,84.269997
29/06/2009,92.110001,92.82,91.599998,92.699997,36.470001,36.75,36.119999,36.450001,84.510002,85.349998,84.300003,85.25
30/06/2009,92.720001,93.059998,91.269997,91.949997,36.549999,36.73,36.110001,36.380001,85.330002,85.639999,83.959999,84.660004
01/07/2009,92.339996,93.230003,92.209999,92.330002,36.560001,36.84,36.389999,36.400002,84.980003,85.830002,84.93,85.029999
02/07/2009,91.129997,92.360001,89.760002,89.809998,36.09,36.099998,35.5,35.599998,84,84.040001,82.949997,82.989998
06/07/2009,88.940002,89.93,88.660004,89.800003,35.380001,35.540001,35.040001,35.41,82.209999,83.309998,82.080002,83.25
07/07/2009,89.709999,89.82,88,88.059998,35.419998,35.490002,34.509998,34.529999,83.160004,83.190002,81.540001,81.550003
08/07/2009,88.589996,88.800003,87,88,34.740002,34.869999,34.299999,34.709999,81.93,82.279999,80.959999,81.93
09/07/2009,88.610001,88.900002,87.910004,88.169998,34.84,35.009998,34.650002,34.77,82.239998,82.410004,81.529999,81.769997
10/07/2009,87.699997,88.489998,87.349998,87.959999,34.669998,35.139999,34.560001,34.919998,81.410004,81.940002,81.019997,81.440002
13/07/2009,88.309998,90.169998,87.589996,90.099998,34.950001,35.599998,34.48,35.59,81.690002,83.389999,81.389999,83.309998
14/07/2009,90.379997,90.690002,89.730003,90.610001,35.549999,35.790001,35.400002,35.720001,83.540001,83.709999,82.93,83.660004
15/07/2009,91.809998,93.510002,90.68,93.260002,36.32,36.93,36.139999,36.919998,84.589996,86.360001,84.540001,86.199997
16/07/2009,93,94.510002,92.82,93.110001,36.75,37.439999,36.720001,37.360001,86.110001,87.5,86.029999,87.230003
17/07/2009,94.059998,94.32,93.540001,94.129997,37.349998,37.57,37.169998,37.560001,87.220001,87.540001,86.720001,87.459999
20/07/2009,94.68,95.290001,94.190002,95.129997,37.759998,38,37.610001,37.919998,87.879997,88.540001,87.540001,88.330002
21/07/2009,95.870003,95.900002,94.419998,95.57,38.07,38.18,37.639999,38.18,89.129997,89.269997,88.099998,89.169998
22/07/2009,94.959999,96.129997,94.889999,95.550003,38.209999,38.689999,38.130001,38.5,88.760002,89.529999,88.629997,88.879997
23/07/2009,95.610001,98.080002,95.529999,97.660004,38.459999,39.490002,38.389999,39.349998,88.900002,91,88.839996,90.629997
24/07/2009,97.199997,98.139999,96.690002,98.059998,38.93,39.369999,38.779999,39.049999,90.400002,91.029999,90.07,90.970001
27/07/2009,97.879997,98.400002,97.339996,98.349998,39.330002,39.41,38.869999,39.349998,90.860001,91.269997,90.370003,91.139999
28/07/2009,97.660004,98.370003,97.059998,97.889999,39.18,39.59,38.93,39.080002,90.610001,91.279999,90.080002,90.989998
29/07/2009,97.440002,98.089996,96.980003,97.650002,39.32,39.43,39,39.34,90.68,90.949997,90.160004,90.68
30/07/2009,98.830002,99.830002,98.599998,98.669998,39.75,40.18,39.509998,39.57,91.580002,92.480003,91.269997,91.419998
31/07/2009,98.650002,99.470001,98.379997,98.809998,39.57,39.849998,39.41,39.450001,91.470001,92.209999,91.360001,91.669998
03/08/2009,99.849998,100.529999,99.309998,100.440002,39.869999,40.060001,39.639999,40.040001,92.470001,93,91.970001,92.860001
04/08/2009,99.989998,100.839996,99.779999,100.699997,39.849998,40.189999,39.77,40.040001,92.589996,93.239998,92.540001,93.190002
05/08/2009,100.769997,100.860001,99.580002,100.410004,40.130001,40.139999,39.459999,39.73,93.129997,93.220001,92.120003,92.830002
06/08/2009,100.870003,101.019997,99.419998,99.889999,39.82,39.93,39.240002,39.380001,93.239998,93.349998,92.190002,92.629997
07/08/2009,100.940002,102.029999,100.389999,101.199997,39.919998,40.07,39.59,39.880001,93.550003,94.5,93.110001,93.790001
10/08/2009,100.739998,101.220001,100.269997,100.989998,39.740002,39.849998,39.34,39.599998,93.489998,93.809998,93,93.5
11/08/2009,100.540001,100.610001,99.459999,99.730003,39.470001,39.5,39.049999,39.259998,93.190002,93.230003,92.300003,92.580002
12/08/2009,99.559998,101.559998,99.510002,100.800003,39.23,40.220001,39.200001,39.869999,92.550003,94.419998,92.529999,93.769997
13/08/2009,101.260002,101.610001,100.260002,101.57,40.110001,40.16,39.639999,40.09,94.139999,94.260002,93.169998,94.190002
14/08/2009,101.519997,101.599998,99.699997,100.790001,39.869999,39.959999,39.279999,39.630001,94.07,94.120003,92.5,93.410004
17/08/2009,98.849998,98.949997,98.110001,98.309998,38.959999,39.009998,38.459999,38.48,91.870003,91.980003,91.400002,91.610001
18/08/2009,98.529999,99.440002,98.349998,99.089996,38.720001,39.110001,38.610001,39.029999,91.879997,92.589996,91.75,92.300003
19/08/2009,98.309998,100.300003,98.209999,99.959999,38.57,39.400002,38.540001,39.299999,91.690002,93.449997,91.57,93.129997
20/08/2009,100.089996,101.220001,99.870003,100.989998,39.279999,39.84,39.200001,39.759998,93.150002,93.949997,92.93,93.790001
21/08/2009,101.82,103.129997,101.620003,102.970001,39.990002,40.360001,39.740002,40.290001,93.980003,95.209999,93.900002,95.029999
24/08/2009,103.389999,103.949997,102.589996,102.959999,40.360001,40.57,40.099998,40.25,95.43,95.910004,94.889999,95.129997
25/08/2009,103.370003,104.260002,102.940002,103.160004,40.34,40.759998,40.25,40.369999,95.449997,96.82,95.279999,95.480003
26/08/2009,102.839996,103.639999,102.489998,103.169998,40.279999,40.599998,40.080002,40.299999,95.260002,95.849998,94.870003,95.459999
27/08/2009,103.110001,103.720001,101.940002,103.400002,40.290001,40.470001,39.669998,40.400002,95.5,96.120003,94.599998,95.82
28/08/2009,104.230003,104.349998,102.669998,103.379997,40.900002,41.080002,40.16,40.439999,96.389999,96.449997,95.010002,95.580002
31/08/2009,102.370003,102.580002,101.790001,102.459999,40.139999,40.200001,39.790001,40.029999,94.709999,95.089996,94.410004,95.050003
01/09/2009,101.949997,103.239998,99.989998,100.199997,39.889999,40.59,39.16,39.279999,94.599998,95.660004,92.980003,93.209999
02/09/2009,99.779999,100.440002,99.57,99.82,39.07,39.470001,39.040001,39.25,92.940002,93.419998,92.709999,92.830002
03/09/2009,100.400002,100.769997,99.589996,100.650002,39.439999,39.57,39.02,39.509998,93.239998,93.610001,92.629997,93.449997
04/09/2009,100.849998,102.089996,100.550003,102.059998,39.580002,40.380001,39.52,40.360001,93.57,94.57,93.300003,94.449997
08/09/2009,103,103.050003,102.389999,102.940002,40.68,40.779999,40.459999,40.740002,95.199997,95.220001,94.620003,95.059998
09/09/2009,103.120003,104.080002,102.800003,103.730003,40.77,41.290001,40.59,41.09,95.089996,95.910004,94.870003,95.529999
10/09/2009,103.800003,104.860001,103.220001,104.790001,41.110001,41.529999,41,41.48,95.57,96.459999,95.190002,96.339996
11/09/2009,104.989998,105.300003,104.279999,104.769997,41.509998,41.619999,41.220001,41.52,96.370003,96.629997,95.860001,96.220001
14/09/2009,103.879997,105.459999,103.150002,105.279999,41.25,41.709999,41.209999,41.68,95.440002,96.449997,95.400002,96.32
15/09/2009,105.449997,106.110001,104.760002,105.720001,41.650002,41.950001,41.57,41.810001,96.5,97.309998,95.959999,96.900002
16/09/2009,106.099998,107.339996,105.730003,107.32,42,42.48,41.84,42.419998,97.32,98.150002,96.940002,98.080002
17/09/2009,107.169998,108.059998,106.57,107.160004,42.310001,42.66,42.209999,42.41,97.970001,98.720001,97.639999,98.059998
18/09/2009,107.150002,107.160004,106.360001,106.720001,42.540001,42.619999,42.209999,42.439999,98.339996,98.459999,97.919998,98.110001
21/09/2009,105.889999,107,105.660004,106.449997,42.200001,42.700001,42.16,42.57,97.559998,98.040001,97.230003,97.739998
22/09/2009,107.080002,107.370003,106.599998,107.07,42.810001,42.830002,42.439999,42.650002,98.309998,98.419998,97.690002,98.209999
23/09/2009,107.32,108.029999,105.989998,106.18,42.830002,43.169998,42.380001,42.450001,98.360001,99.160004,97.400002,97.580002
24/09/2009,106.410004,106.639999,104.550003,105.010002,42.619999,42.689999,41.77,42.07,97.75,98.019997,96.620003,96.989998
25/09/2009,104.779999,105.360001,104.089996,104.449997,41.759998,42.09,41.580002,41.700001,96.879997,97.349998,96.379997,96.739998
28/09/2009,104.849998,106.550003,104.830002,106.32,41.93,42.66,41.889999,42.41,97.010002,98.239998,96.949997,97.839996
29/09/2009,106.510002,107.019997,105.779999,106,42.41,42.619999,42.029999,42.220001,97.949997,98.360001,97.389999,97.440002
30/09/2009,106.360001,106.459999,104.620003,105.589996,42.389999,42.599998,41.599998,42.25,97.620003,97.790001,96.07,97.089996
01/10/2009,103,105.730003,102.949997,102.970001,42.099998,42.130001,41,41,96.919998,96.940002,95.010002,95.120003
02/10/2009,102.019997,103.099998,101.989998,102.489998,40.720001,41.25,40.720001,40.880001,94.220001,95.269997,94.199997,94.860001
05/10/2009,102.900002,104.32,102.599998,104.019997,41.09,41.400002,40.830002,41.209999,95.07,96.279999,94.800003,95.970001
06/10/2009,104.769997,106.110001,104.709999,105.510002,41.439999,42.139999,41.419998,41.939999,96.580002,97.769997,96.559998,97.290001
07/10/2009,105.269997,105.910004,105.07,105.800003,41.889999,42.080002,41.77,42.060001,97.129997,97.480003,96.830002,97.279999
08/10/2009,106.550003,107.169998,105.849998,106.610001,42.310001,42.619999,42.139999,42.240002,97.940002,98.449997,97.540001,97.910004
09/10/2009,106.639999,107.260002,106.360001,107.260002,42.150002,42.549999,42.060001,42.48,97.870003,98.720001,97.690002,98.690002
12/10/2009,107.760002,108.089996,107.279999,107.68,42.650002,42.869999,42.279999,42.57,99,99.389999,98.559998,98.940002
13/10/2009,107.389999,107.709999,106.760002,107.459999,42.529999,42.75,42.369999,42.580002,98.639999,99.019997,98.220001,98.830002
14/10/2009,108.720001,109.419998,107.419998,109.309998,43.110001,43.209999,42.849998,43.16,99.769997,100.360001,99.43,100.230003
15/10/2009,108.779999,109.709999,108.730003,109.709999,42.93,43.119999,42.869999,43.060001,99.870003,100.669998,99.839996,100.650002
16/10/2009,108.800003,109.269997,108.230003,108.889999,42.900002,42.990002,42.48,42.779999,99.739998,100.209999,99.370003,99.989998
19/10/2009,109.07,110.129997,108.730003,109.790001,42.810001,43.27,42.59,43.209999,100.110001,101.169998,99.93,100.860001
20/10/2009,109.949997,109.989998,108.68,109.209999,43.459999,43.459999,42.939999,43.220001,100.970001,101.010002,99.900002,100.389999
21/10/2009,109.040001,110.309998,108.150002,108.230003,43.209999,43.82,43.060001,43.139999,100.220001,101.199997,99.410004,99.43
22/10/2009,108.190002,109.68,107.5,109.330002,43.060001,43.490002,42.790001,43.310001,99.620003,101.089996,99.199997,100.739998
23/10/2009,109.690002,109.760002,107.629997,108.080002,43.73,43.73,43.02,43.130001,100.980003,101.07,99.370003,99.830002
26/10/2009,108.199997,109.309998,106.610001,106.910004,43.200001,43.759998,42.790001,42.990002,99.900002,100.769997,98.519997,98.809998
27/10/2009,107.029999,107.389999,106.160004,106.419998,42.93,43.110001,42.18,42.34,98.949997,99.529999,98.400002,98.82
28/10/2009,106.150002,106.480003,104.349998,104.410004,42.189999,42.32,41.299999,41.389999,98.620003,99.07,97.620003,97.68
29/10/2009,105.190002,106.860001,104.940002,106.650002,41.630001,42.189999,41.540001,42.09,98.339996,99.739998,98.050003,99.540001
30/10/2009,106.300003,106.620003,103.440002,103.559998,42.060001,42.150002,40.919998,40.959999,99.349998,99.639999,96.870003,97.059998
02/11/2009,104.129997,105.410004,103.080002,104.32,41,41.57,40.639999,41.130001,97.400002,99,96.82,97.849998
03/11/2009,103.739998,104.800003,103.540001,104.650002,40.91,41.32,40.84,41.259998,97.260002,97.93,97.07,97.800003
04/11/2009,105.510002,106.330002,104.650002,104.919998,41.529999,41.869999,41.279999,41.330002,98.379997,99.379997,97.940002,98.169998
05/11/2009,105.660004,106.879997,105.440002,106.849998,41.810001,42.400002,41.779999,42.349998,98.860001,100.230003,98.809998,100.160004
06/11/2009,106.260002,107.400002,106.050003,107.129997,42.119999,42.650002,42.080002,42.599998,99.650002,100.599998,99.43,100.370003
09/11/2009,107.949997,109.629997,107.870003,109.57,42.93,43.52,42.880001,43.509998,101.07,102.440002,100.910004,102.419998
10/11/2009,109.309998,109.93,108.970001,109.589996,43.459999,43.77,43.400002,43.619999,102.269997,102.800003,102.150002,102.690002
11/11/2009,110.309998,110.82,109.620003,110.150002,43.950001,44.139999,43.610001,43.900002,103.110001,103.620003,102.639999,103.129997
12/11/2009,110,110.57,108.75,109.029999,43.93,44.16,43.549999,43.650002,102.959999,103.410004,101.900002,102.169998
13/11/2009,109.309998,110.089996,108.75,109.620003,43.779999,44.139999,43.630001,44.009998,102.349998,103.25,102.099998,102.910004
16/11/2009,110.379997,111.690002,110.32,111.209999,44.200001,44.650002,44.119999,44.459999,103.400002,104.57,103.349998,104.260002
17/11/2009,110.919998,111.389999,110.5,111.339996,44.34,44.599998,44.25,44.599998,104.089996,104.639999,103.860001,104.589996
18/11/2009,111.260002,111.43,110.57,111.269997,44.459999,44.490002,44.049999,44.349998,104.5,104.620003,103.910004,104.550003
19/11/2009,110.510002,111.309998,109.129997,109.82,44.049999,44.080002,43.349998,43.66,104.040001,104.07,102.870003,103.650002
20/11/2009,109.25,109.760002,109.010002,109.43,43.43,43.549999,43.279999,43.439999,102.919998,103.449997,102.720001,103.25
23/11/2009,110.720001,111.739998,110.599998,110.82,43.889999,44.400002,43.860001,44.139999,104.199997,104.980003,104.129997,104.459999
24/11/2009,111,111.199997,110.010002,110.989998,44.119999,44.150002,43.73,43.990002,104.440002,104.559998,103.589996,104.360001
25/11/2009,111.169998,111.5,110.82,111.379997,44.139999,44.220001,44.009998,44.18,104.540001,104.839996,104.199997,104.629997
27/11/2009,108.400002,110.32,108.290001,109.57,42.970001,43.830002,42.900002,43.509998,102.459999,103.839996,102.230003,103.18
30/11/2009,109.480003,110.199997,108.120003,109.940002,43.41,43.619999,43.110001,43.560001,103.110001,103.739998,102.709999,103.580002
01/12/2009,110.919998,111.660004,110.730003,111.300003,43.889999,44.299999,43.880001,44.009998,104.279999,105.129997,104.269997,104.730003
02/12/2009,111.279999,112.010002,110.919998,111.25,44.16,44.490002,43.98,44.07,104.739998,105.25,104.32,104.580002
03/12/2009,111.550003,112.18,110.290001,110.379997,44.23,44.5,43.880001,43.889999,104.849998,105.18,103.589996,103.690002
04/12/2009,111.839996,112.379997,110.040001,111.010002,44.450001,44.73,43.66,44.119999,104.959999,105.269997,103.199997,103.989998
07/12/2009,110.910004,111.529999,110.489998,110.839996,44.09,44.290001,43.82,43.91,103.830002,104.529999,103.690002,104.050003
08/12/2009,110.040001,110.769997,109.269997,109.610001,43.66,44,43.360001,43.639999,103.419998,103.440002,101.75,102.940002
09/12/2009,109.580002,110.18,109.019997,110.019997,43.599998,44.119999,43.32,44.080002,102.959999,103.559998,102.480003,103.449997
10/12/2009,110.699997,111.120003,110.449997,110.639999,44.27,44.540001,44.240002,44.299999,103.989998,104.620003,103.949997,104.18
11/12/2009,111.110001,111.360001,110.610001,111.110001,44.540001,44.59,43.950001,44.130001,104.510002,105.040001,104.25,104.919998
14/12/2009,111.870003,112,111.129997,111.870003,44.43,44.599998,44.189999,44.549999,105.32,105.379997,104.919998,105.199997
15/12/2009,111.459999,111.919998,111,111.349998,44.41,44.669998,44.169998,44.299999,104.910004,105.150002,104.470001,104.739998
16/12/2009,111.800003,112.129997,111.269997,111.519997,44.470001,44.700001,44.290001,44.360001,105.089996,105.309998,104.470001,104.669998
17/12/2009,110.720001,110.93,110.080002,110.18,44.16,44.209999,43.759998,43.82,104.040001,104.150002,103.290001,103.379997
18/12/2009,110.199997,110.300003,109.279999,110.209999,44.16,44.48,44,44.459999,103.449997,103.639999,102.43,103.139999
21/12/2009,110.760002,111.699997,110.760002,111.330002,44.689999,45.130001,44.669998,44.959999,103.559998,104.389999,103.519997,103.879997
22/12/2009,111.57,111.970001,111.43,111.730003,45.110001,45.290001,45.029999,45.23,104.220001,104.610001,104.050003,104.449997
23/12/2009,112,112.110001,111.5,111.949997,45.32,45.57,45.209999,45.560001,104.650002,104.720001,104.169998,104.449997
24/12/2009,112.190002,112.599998,112,112.480003,45.610001,45.98,45.599998,45.98,104.57,105.040001,104.550003,105
28/12/2009,112.900002,112.989998,112.32,112.720001,46.09,46.299999,45.939999,46.220001,105.199997,105.349998,104.889999,105.290001
29/12/2009,113.010002,113.029999,112.550003,112.559998,46.23,46.25,45.990002,46.029999,105.489998,105.639999,105.25,105.290001
30/12/2009,112.230003,112.650002,112.169998,112.519997,45.98,46.259998,45.959999,46.169998,104.93,105.330002,104.879997,105.220001
31/12/2009,112.769997,112.800003,111.389999,111.440002,46.259998,46.279999,45.75,45.75,105.339996,105.389999,104.029999,104.07
04/01/2010,112.370003,113.389999,111.510002,113.330002,46.330002,46.490002,46.27,46.419998,104.839996,105.870003,104.760002,105.660004
05/01/2010,113.260002,113.68,112.849998,113.629997,46.389999,46.5,46.16,46.419998,105.610001,105.669998,104.970001,105.489998
06/01/2010,113.519997,113.989998,113.43,113.709999,46.400002,46.549999,46.07,46.139999,105.5,105.849998,105.360001,105.559998
07/01/2010,113.5,114.330002,113.18,114.190002,46.209999,46.27,45.919998,46.169998,105.379997,106.019997,104.949997,105.940002
08/01/2010,113.889999,114.620003,113.660004,114.57,46.07,46.549999,45.93,46.549999,105.669998,106.110001,105.440002,106.110001
11/01/2010,115.080002,115.129997,114.239998,114.730003,46.610001,46.639999,46.119999,46.360001,106.400002,106.660004,105.82,106.540001
12/01/2010,113.970001,114.209999,113.220001,113.660004,46.080002,46.139999,45.529999,45.779999,105.849998,106.419998,105.580002,106.139999
13/01/2010,113.949997,114.940002,113.370003,114.620003,45.919998,46.490002,45.610001,46.349998,106.330002,106.989998,106.040001,106.75
14/01/2010,114.489998,115.139999,114.419998,114.93,46.259998,46.52,46.220001,46.389999,106.639999,107.150002,106.580002,107.029999
15/01/2010,114.730003,114.839996,113.199997,113.639999,46.470001,46.549999,45.650002,45.849998,106.940002,106.980003,105.540001,106.010002
19/01/2010,113.620003,115.129997,113.589996,115.059998,45.959999,46.639999,45.950001,46.59,105.900002,107.230003,105.860001,107.169998
20/01/2010,114.279999,114.449997,112.980003,113.889999,46.259998,46.599998,45.43,45.919998,106.5,106.540001,105.129997,106.019997
21/01/2010,113.919998,114.269997,111.559998,111.699997,46.049999,46.349998,45.299999,45.490002,105.970001,106.110001,103.709999,103.709999
22/01/2010,111.199997,111.739998,109.089996,109.209999,45.34,45.48,44.040001,44.16,103.379997,103.860001,101.550003,101.629997
25/01/2010,110.209999,110.410004,109.410004,109.769997,44.43,44.599998,44.119999,44.310001,102.389999,102.519997,101.669998,101.910004
26/01/2010,109.339996,110.470001,109.040001,109.309998,44.259998,44.889999,44.049999,44.349998,101.660004,103.059998,101.480003,101.879997
27/01/2010,109.169998,110.080002,108.330002,109.830002,44.27,44.849998,44.009998,44.700001,101.669998,102.510002,100.989998,102.300003
28/01/2010,110.190002,110.25,107.910004,108.57,44.400002,44.43,43.32,43.549999,102.589996,102.620003,100.510002,101.199997
29/01/2010,109.040001,109.800003,107.220001,107.389999,43.91,44.02,42.630001,42.790001,101.559998,102.360001,100.410004,100.550003
01/02/2010,108.150002,109.07,107.5,109.059998,42.900002,43.279999,42.880001,43.259998,101.209999,102.349998,101.07,101.839996
02/02/2010,109.260002,110.589996,108.879997,110.379997,43.330002,43.779999,43.029999,43.650002,101.949997,103.099998,101.68,102.879997
03/02/2010,109.879997,110.480003,109.510002,109.830002,43.439999,43.970001,43.419998,43.889999,102.620003,103.059998,102.339996,102.629997
04/02/2010,108.980003,109.029999,106.419998,106.440002,43.57,43.66,42.619999,42.619999,101.949997,102.07,100.010002,100.040001
05/02/2010,106.559998,106.879997,104.580002,106.660004,42.73,43.02,42.119999,42.98,100.150002,100.339996,98.360001,100.160004
08/02/2010,106.739998,107.330002,105.809998,105.889999,42.91,43.18,42.639999,42.669998,100,100.379997,99.120003,99.220001
09/02/2010,107.129997,108.150002,106.269997,107.220001,43.18,43.509998,42.759998,43.110001,100.160004,101.489998,99.839996,100.650002
10/02/2010,107.050003,107.599998,106.110001,107.010002,43.110001,43.310001,42.75,43.02,100.550003,100.970001,99.75,100.519997
11/02/2010,106.870003,108.25,106.25,108.129997,43.029999,43.790001,42.759998,43.669998,100.419998,101.75,99.870003,101.580002
12/02/2010,106.989998,108.099998,106.510002,108.040001,43.279999,43.880001,43.16,43.759998,100.529999,101.370003,99.989998,101.269997
16/02/2010,108.860001,109.849998,107.82,109.739998,44.080002,44.349998,43.849998,44.32,102.010002,102.970001,101.589996,102.809998
17/02/2010,110.269997,110.410004,109.739998,110.260002,44.52,44.57,44.259998,44.57,103.160004,103.440002,102.949997,103.379997
18/02/2010,110.080002,111.139999,110.040001,110.910004,44.540001,44.93,44.450001,44.849998,103.169998,104.300003,103.160004,104.169998
19/02/2010,110.620003,111.57,110.360001,111.139999,44.73,45.049999,44.619999,44.830002,103.699997,104.389999,103.419998,103.989998
22/02/2010,111.550003,111.580002,110.830002,111.160004,45.009998,45.029999,44.560001,44.740002,104.379997,104.379997,103.709999,103.839996
23/02/2010,110.860001,111.199997,109.519997,109.809998,44.709999,44.740002,43.950001,44.16,103.610001,104.139999,102.690002,102.870003
24/02/2010,110.139999,111,109.860001,110.82,44.389999,44.790001,44.32,44.610001,103.18,103.949997,102.989998,103.699997
25/02/2010,109.239998,110.75,108.940002,110.669998,44.139999,44.700001,43.830002,44.599998,102.25,103.339996,101.919998,103.300003
26/02/2010,110.769997,111.120003,110.110001,110.739998,44.59,44.860001,44.400002,44.759998,103.349998,103.610001,102.779999,103.300003
01/03/2010,111.199997,112,111.169998,111.889999,44.959999,45.490002,44.950001,45.41,103.669998,104.199997,103.580002,104.019997
02/03/2010,112.370003,112.739998,112,112.199997,45.57,45.849998,45.450001,45.549999,104.43,104.639999,103.949997,104.010002
03/03/2010,112.489998,112.970001,112.019997,112.300003,45.66,45.82,45.43,45.599998,104.349998,104.769997,103.830002,104.089996
04/03/2010,112.449997,112.800003,112.029999,112.639999,45.630001,45.810001,45.400002,45.75,104.239998,104.57,103.959999,104.5
05/03/2010,113.370003,114.339996,113.099998,114.25,46.09,46.540001,45.990002,46.439999,104.989998,105.769997,104.870003,105.760002
08/03/2010,114.260002,114.519997,114.07,114.269997,46.459999,46.639999,46.439999,46.529999,105.720001,105.959999,105.5,105.589996
09/03/2010,113.93,114.989998,113.870003,114.459999,46.43,47.049999,46.400002,46.790001,105.440002,106.230003,105.410004,105.709999
10/03/2010,114.510002,115.279999,114.410004,114.970001,46.82,47.279999,46.799999,47.169998,105.82,106.139999,105.379997,105.769997
11/03/2010,114.699997,115.480003,114.349998,115.449997,47.060001,47.349998,46.98,47.349998,105.639999,106.290001,105.239998,106.279999
12/03/2010,115.949997,115.970001,115.139999,115.459999,47.5,47.529999,47.099998,47.360001,106.639999,106.68,106.129997,106.419998
15/03/2010,115.260002,115.57,114.599998,115.489998,47.259998,47.380001,46.91,47.240002,106.300003,106.629997,105.870003,106.57
16/03/2010,115.809998,116.519997,115.489998,116.410004,47.389999,47.610001,47.23,47.540001,106.779999,107.120003,106.410004,107.07
17/03/2010,116.760002,117.480003,116.419998,117.099998,47.610001,47.900002,47.529999,47.669998,107.309998,107.870003,107.230003,107.519997
18/03/2010,117.110001,117.269997,116.57,117.040001,47.709999,47.880001,47.599998,47.830002,107.529999,108.029999,107.459999,107.949997
19/03/2010,115.970001,117.290001,115.519997,115.970001,47.919998,47.950001,47.32,47.490002,107.339996,108.169998,106.919998,107.339996
22/03/2010,115.309998,116.800003,115.239998,116.589996,47.299999,48.110001,47.25,47.919998,106.949997,108.07,106.919998,107.790001
23/03/2010,116.760002,117.510002,116.379997,117.410004,47.990002,48.299999,47.77,48.25,108.029999,108.919998,107.830002,108.870003
24/03/2010,116.970001,117.43,115.580002,116.839996,48.169998,48.169998,47.91,48.02,108.519997,108.809998,108.220001,108.400002
25/03/2010,117.629997,118.169998,116.510002,116.650002,48.419998,48.599998,47.900002,47.950001,108.989998,109.529999,108.32,108.440002
26/03/2010,116.870003,117.419998,116.120003,116.580002,48.150002,48.330002,47.740002,48,108.629997,109.07,108.129997,108.43
29/03/2010,117.169998,117.529999,116.690002,117.32,48.240002,48.400002,48.099998,48.23,108.790001,109.160004,108.669998,108.919998
30/03/2010,117.459999,117.830002,116.910004,117.400002,48.380001,48.549999,48.060001,48.389999,109.010002,109.379997,108.669998,109.129997
31/03/2010,116.949997,117.519997,116.610001,117,48.240002,48.450001,48.07,48.16,108.82,109.040001,108.32,108.610001
01/04/2010,117.800003,118.25,117.099998,117.800003,48.360001,48.700001,47.790001,48.16,109.239998,109.580002,108.660004,109.279999
05/04/2010,118.25,118.839996,117.919998,118.760002,48.27,48.720001,48.139999,48.610001,109.589996,109.879997,109.25,109.730003
06/04/2010,118.419998,119.25,118.290001,119.040001,48.5,48.900002,48.389999,48.75,109.449997,109.870003,109.279999,109.720001
07/04/2010,118.800003,119.360001,117.809998,118.360001,48.68,48.869999,48.369999,48.630001,109.550003,109.699997,108.519997,109.050003
08/04/2010,117.949997,118.970001,117.599998,118.769997,48.490002,48.82,48.240002,48.740002,108.709999,109.57,108.5,109.370003
09/04/2010,119.019997,119.599998,118.800003,119.550003,48.75,49.049999,48.630001,49.029999,109.519997,110.080002,109.410004,110.059998
12/04/2010,119.699997,120.050003,119.559998,119.739998,49.049999,49.200001,48.939999,49.07,110.139999,110.360001,109.980003,110.18
13/04/2010,119.620003,120.040001,119,119.830002,49.02,49.349998,48.860001,49.32,110,110.440002,109.529999,110.25
14/04/2010,120.269997,121.190002,120.080002,121.190002,49.580002,49.919998,49.5,49.91,110.599998,111.32,110.43,111.290001
15/04/2010,120.989998,121.57,120.949997,121.290001,49.869999,50.189999,49.869999,50.130001,111.080002,111.620003,111.040001,111.559998
16/04/2010,120.860001,121.290001,118.75,119.360001,49.950001,50.119999,49.200001,49.529999,111.260002,111.5,109.699997,110.18
19/04/2010,119.010002,119.93,118.470001,119.809998,49.349998,49.66,48.900002,49.5,109.860001,110.910004,109.739998,110.839996
20/04/2010,120.559998,120.980003,119.870003,120.879997,49.77,49.880001,49.43,49.75,111.220001,111.43,110.779999,111.099998
21/04/2010,120.949997,121.230003,119.989998,120.660004,50.09,50.189999,49.720001,50.029999,111.139999,111.5,110.690002,111.160004
22/04/2010,119.809998,121.169998,119.120003,121.019997,49.549999,50.360001,49.259998,50.310001,110.610001,111.510002,110.150002,111.349998
23/04/2010,120.940002,121.860001,120.629997,121.809998,50.299999,50.57,50.09,50.52,111.290001,112.040001,111.050003,111.959999
26/04/2010,121.849998,122.120003,121.230003,121.349998,50.57,50.650002,50.299999,50.41,112.110001,112.580002,112.019997,112.080002
27/04/2010,120.650002,121.339996,118.25,118.480003,50.209999,50.43,49.209999,49.34,111.760002,112.18,109.730003,109.870003
28/04/2010,119.050003,119.68,118.269997,119.379997,49.599998,49.630001,48.98,49.369999,110.379997,110.839996,109.690002,110.550003
29/04/2010,120.099998,121.110001,120.07,120.860001,49.650002,50.330002,49.610001,50.23,110.940002,112,110.919998,111.690002
30/04/2010,120.879997,121.010002,118.779999,118.809998,50.209999,50.290001,49.200001,49.240002,111.809998,112,110.040001,110.099998
03/05/2010,119.379997,120.68,119.199997,120.349998,49.450001,50.169998,49.43,49.93,110.57,111.82,110.57,111.540001
04/05/2010,119.010002,119.029999,116.919998,117.519997,49.32,49.32,48.080002,48.43,110.510002,110.540001,108.699997,109.360001
05/05/2010,116.559998,117.800003,115.970001,116.82,47.919998,48.5,47.639999,48.18,108.550003,109.559998,108.25,108.800003
06/05/2010,116.260002,117,105,112.940002,47.849998,48.32,42.639999,46.57,108.370003,109.150002,99.160004,105.260002
07/05/2010,112.639999,113.769997,109.410004,111.260002,46.220001,46.799999,44.279999,45.41,105.019997,105.940002,102.540001,103.779999
10/05/2010,115.809998,116.650002,114.910004,116.160004,47.43,47.799999,47.310001,47.77,107.57,108.470001,107,108
11/05/2010,115.07,117.360001,114.910004,115.830002,47.290001,48.389999,47.200001,47.720001,107.139999,108.93,106.980003,107.669998
12/05/2010,116.290001,117.620003,116.089996,117.449997,47.98,48.66,47.900002,48.619999,108.080002,109.349998,107.949997,109.260002
13/05/2010,117.129997,117.68,115.889999,115.989998,48.41,48.790001,47.73,47.849998,108.949997,109.459999,107.970001,108.099998
14/05/2010,115.120003,115.330002,112.870003,113.889999,47.490002,47.52,46.380001,46.93,107.449997,107.669998,105.620003,106.510002
17/05/2010,114.199997,114.519997,111.769997,113.949997,47.02,47.27,46.07,47.080002,106.690002,106.919998,104.660004,106.519997
18/05/2010,114.879997,115.220001,112.029999,112.400002,47.48,47.580002,46.220001,46.43,107.290001,107.510002,105.139999,105.389999
19/05/2010,111.769997,112.769997,110.360001,111.760002,46.259998,46.630001,45.549999,46.060001,104.959999,105.580002,103.589996,104.769997
20/05/2010,109.379997,109.889999,107.470001,107.540001,45.16,45.279999,44.25,44.349998,102.970001,103.25,101,101.110001
21/05/2010,105.910004,109.379997,105.360001,109.110001,43.66,45.639999,43.490002,44.84,99.300003,101.970001,99.019997,101.839996
24/05/2010,108.519997,109.389999,107.610001,107.709999,44.82,45.330002,44.639999,44.66,101.370003,101.980003,100.529999,100.68
25/05/2010,105.110001,107.870003,104.379997,107.82,43.68,44.759998,43.23,44.700001,98.529999,100.57,97.75,100.459999
26/05/2010,108.480003,109.470001,106.849998,107.169998,45.009998,45.57,44.119999,44.200001,100.879997,101.800003,99.519997,99.68
27/05/2010,109.190002,110.800003,108.779999,110.760002,45.200001,45.889999,45.09,45.869999,101.440002,102.730003,101.07,102.720001
28/05/2010,110.639999,110.720001,108.849998,109.370003,45.950001,45.990002,45.200001,45.599998,102.589996,102.629997,101.040001,101.470001
01/06/2010,108.349998,109.949997,107.370003,107.529999,45.43,46.25,45.130001,45.18,100.669998,102.290001,100.230003,100.32
02/06/2010,108.080002,110.339996,107.510002,110.330002,45.439999,46.279999,45.130001,46.25,100.860001,102.650002,100.410004,102.610001
03/06/2010,110.650002,111.059998,109.580002,110.709999,46.380001,46.77,46.080002,46.689999,102.989998,103.260002,101.839996,102.690002
04/06/2010,108.610001,109.330002,106.459999,106.82,45.700001,46.290001,44.939999,45.09,100.970001,101.18,99,99.440002
07/06/2010,107.199997,107.610001,105.410004,105.489998,45.32,45.459999,44.220001,44.27,99.660004,99.919998,98.199997,98.269997
08/06/2010,105.57,106.830002,104.650002,106.620003,44.349998,44.48,43.59,44.189999,98.360001,99.669998,97.699997,99.440002
09/06/2010,107.239998,108.279999,105.599998,106.050003,44.5,44.91,43.689999,43.82,99.980003,100.779999,98.800003,99.150002
10/06/2010,107.860001,109.279999,106.040001,109.150002,44.360001,45.119999,44.240002,45.07,100.599998,101.980003,100.599998,101.879997
11/06/2010,108.190002,109.75,108.120003,109.68,44.610001,45.540001,44.610001,45.5,101.07,102.349998,101.019997,102.309998
14/06/2010,110.519997,111.120003,109.400002,109.510002,45.919998,46.240002,45.41,45.490002,102.989998,103.489998,102.040001,102.139999
15/06/2010,110.279999,112.099998,110.089996,112,45.73,46.77,45.450001,46.709999,102.809998,104.290001,102.099998,104.169998
16/06/2010,111.419998,112.419998,111.199997,111.959999,46.580002,47.139999,46.5,46.900002,103.690002,104.480003,103.519997,104.290001
17/06/2010,112.279999,112.330002,111.050003,112.139999,47.16,47.18,46.639999,47.049999,104.510002,104.620003,103.379997,104.559998
18/06/2010,111.830002,112.129997,111.370003,111.730003,47.049999,47.34,46.860001,47,104.510002,104.839996,104.230003,104.489998
21/06/2010,113.120003,113.199997,110.790001,111.410004,47.599998,47.68,46.330002,46.599998,105.730003,105.959999,103.959999,104.449997
22/06/2010,111.410004,111.900002,109.410004,109.57,46.799999,47.139999,46.150002,46.240002,104.5,104.940002,102.839996,102.93
23/06/2010,109.639999,110.029999,108.480003,109.230003,46.290001,46.470001,45.689999,46.049999,103.080002,103.68,102.269997,102.989998
24/06/2010,108.690002,108.830002,107.139999,107.419998,45.849998,45.990002,45.200001,45.349998,102.510002,102.639999,101.300003,101.559998
25/06/2010,107.739998,108.419998,106.769997,107.870003,45.509998,45.66,44.950001,45.27,101.800003,102.029999,100.830002,101.720001
28/06/2010,108.029999,108.32,107.139999,107.529999,45.27,45.549999,44.810001,45.110001,101.690002,102.050003,101.040001,101.440002
29/06/2010,106.019997,107.510002,103.550003,104.209999,44.419998,44.459999,43.07,43.369999,100.190002,100.230003,98.129997,98.730003
30/06/2010,103.919998,104.879997,102.879997,103.220001,43.23,43.669998,42.639999,42.709999,98.510002,99.129997,97.589996,97.730003
01/07/2010,103.150002,103.489998,101.129997,102.760002,42.84,42.959999,41.77,42.59,97.75,98,96.260002,97.339996
02/07/2010,103.110001,103.419998,101.620003,102.199997,42.66,42.82,42.09,42.470001,97.529999,97.739998,96.169998,96.870003
06/07/2010,103.639999,104.370003,101.879997,102.870003,43.099998,43.369999,42.25,42.599998,97.989998,98.620003,96.610001,97.449997
07/07/2010,103.129997,106.239998,103.019997,106.110001,42.740002,44.009998,42.700001,43.959999,97.540001,100.370003,97.5,100.290001
08/07/2010,107,107.279999,105.910004,107.160004,44.310001,44.380001,43.68,44.200001,100.900002,101.510002,100.400002,101.510002
09/07/2010,107.129997,107.970001,106.93,107.959999,44.18,44.630001,44.080002,44.619999,101.459999,102.129997,101.279999,102.110001
12/07/2010,107.599998,108.239998,107.150002,108.029999,44.580002,45.029999,44.459999,44.75,101.849998,102.300003,101.550003,102.25
13/07/2010,109.150002,110.089996,108.93,109.660004,45.139999,45.5,44.799999,45.330002,103.220001,104.18,103.169998,103.730003
14/07/2010,109.309998,110.080002,108.860001,109.650002,45.419998,45.810001,45.240002,45.560001,103.529999,104.089996,103.120003,103.75
15/07/2010,109.610001,110.059998,108.169998,109.68,45.470001,45.740002,44.990002,45.599998,103.720001,103.879997,102.489998,103.699997
16/07/2010,109.089996,109.209999,106.449997,106.660004,45.439999,45.630001,44.299999,44.34,103.010002,103.110001,100.830002,101.010002
19/07/2010,107.050003,107.629997,106.220001,107.290001,44.470001,44.810001,44.099998,44.720001,101.410004,101.900002,100.760002,101.620003
20/07/2010,105.870003,108.559998,105.82,108.480003,44,45.259998,43.860001,45.259998,100.099998,102.400002,100.040001,102.330002
21/07/2010,109.040001,109.07,106.629997,107.07,45.740002,45.759998,44.560001,44.639999,102.669998,102.699997,100.720001,101.230003
22/07/2010,108.339996,109.940002,108.330002,109.459999,45.27,45.98,45.240002,45.77,102.25,103.709999,102.220001,103.25
23/07/2010,109.239998,110.57,108.93,110.410004,45.459999,46.099998,45.380001,46.060001,103.110001,104.5,102.919998,104.269997
26/07/2010,110.599998,111.669998,110.290001,111.559998,46.119999,46.459999,45.91,46.439999,104.410004,105.330002,104.209999,105.260002
27/07/2010,112.169998,112.290001,111.110001,111.550003,46.639999,46.720001,46.209999,46.419998,105.75,105.839996,105,105.440002
28/07/2010,111.32,111.660004,110.459999,110.830002,46.369999,46.580002,45.880001,46.049999,105.239998,105.550003,104.690002,105.089996
29/07/2010,111.519997,111.82,109.410004,110.290001,46.32,46.41,45.25,45.709999,105.660004,105.93,103.919998,104.669998
30/07/2010,109.169998,110.860001,108.980003,110.269997,45.330002,46.09,45.07,45.810001,103.800003,105.129997,103.540001,104.699997
02/08/2010,111.989998,112.940002,111.540001,112.760002,46.389999,46.790001,46.209999,46.669998,106.080002,106.989998,105.879997,106.730003
03/08/2010,112.480003,112.769997,111.849998,112.220001,46.639999,46.700001,46.25,46.470001,106.480003,106.830002,106.059998,106.389999
04/08/2010,112.529999,113.110001,112.160004,112.970001,46.68,46.990002,46.5,46.939999,106.650002,107.150002,106.379997,106.959999
05/08/2010,112.25,112.910004,112.080002,112.849998,46.709999,46.919998,46.52,46.830002,106.43,106.879997,106.230003,106.879997
06/08/2010,111.739998,112.57,110.919998,112.389999,46.32,46.849998,46.049999,46.759998,105.919998,106.730003,105.309998,106.690002
09/08/2010,112.919998,113.18,112.32,112.989998,47,47.189999,46.790001,47.080002,107,107.370003,106.639999,107.120003
10/08/2010,112.029999,112.980003,111.370003,112.379997,46.700001,46.950001,46.279999,46.669998,106.360001,107.18,105.669998,106.660004
11/08/2010,110.650002,110.690002,109.120003,109.300003,45.900002,45.919998,45.209999,45.400002,105.190002,105.209999,103.910004,104.129997
12/08/2010,107.650002,109.019997,107.599998,108.629997,44.529999,45.240002,44.450001,45.040001,102.849998,103.870003,102.779999,103.449997
13/08/2010,108.290001,108.959999,108.18,108.309998,44.869999,45.060001,44.709999,44.720001,103.209999,103.800003,103.099998,103.349998
16/08/2010,107.57,108.610001,107.18,108.260002,44.5,45.110001,44.299999,44.799999,102.809998,103.589996,102.379997,103.279999
17/08/2010,109.190002,110.389999,108.879997,109.589996,45.119999,45.779999,45.029999,45.369999,103.989998,105.120003,103.669998,104.330002
18/08/2010,109.540001,110.379997,108.910004,109.790001,45.279999,45.82,45.110001,45.549999,104.260002,105.110001,103.68,104.57
19/08/2010,109.220001,109.489998,107.43,107.879997,45.279999,45.459999,44.560001,44.860001,104.080002,104.309998,102.550003,103.059998
20/08/2010,107.559998,107.940002,106.75,107.529999,44.790001,45.029999,44.540001,44.919998,102.43,102.480003,101.470001,102.139999
23/08/2010,108.040001,108.57,107.07,107.120003,45.200001,45.34,44.459999,44.48,102.540001,103.050003,101.699997,101.760002
24/08/2010,105.949997,106.389999,104.970001,105.529999,43.970001,44.119999,43.470001,43.650002,100.730003,101.150002,99.910004,100.400002
25/08/2010,104.949997,106.339996,104.290001,105.940002,43.34,44.259998,43.27,44.07,99.910004,100.980003,99.370003,100.610001
26/08/2010,106.440002,106.580002,104.879997,105.230003,44.220001,44.32,43.5,43.540001,100.959999,101.059998,99.669998,99.93
27/08/2010,105.889999,106.970001,104.309998,106.860001,43.860001,44.16,42.970001,44.07,100.529999,101.629997,99.400002,101.580002
30/08/2010,106.580002,106.910004,105.300003,105.309998,43.860001,44.25,43.599998,43.610001,101.230003,101.540001,100.160004,100.169998
31/08/2010,104.919998,105.980003,104.489998,105.309998,43.380001,43.849998,43.18,43.459999,99.889999,100.849998,99.519997,100.199997
01/09/2010,106.730003,108.610001,106.660004,108.459999,44.099998,44.91,44.07,44.759998,101.360001,102.900002,101.330002,102.800003
02/09/2010,108.720001,109.489998,108.489998,109.470001,44.84,45.279999,44.73,45.259998,102.910004,103.290001,102.620003,103.279999
03/09/2010,110.540001,110.989998,109.949997,110.889999,45.759998,46.02,45.549999,46.009998,104.220001,104.629997,103.290001,104.580002
07/09/2010,110.370003,110.510002,109.550003,109.639999,45.82,46.029999,45.630001,45.700001,104.160004,104.290001,103.410004,103.559998
08/09/2010,109.860001,110.849998,109.809998,110.410004,45.830002,46.450001,45.82,46.25,103.709999,104.400002,103.68,103.980003
09/09/2010,111.650002,111.68,110.620003,110.919998,46.66,46.700001,46.32,46.43,104.980003,105,103.970001,104.25
10/09/2010,111.120003,111.610001,110.870003,111.480003,46.48,46.669998,46.25,46.599998,104.419998,104.82,104.150002,104.779999
13/09/2010,112.580002,112.949997,112.129997,112.720001,46.959999,47.369999,46.939999,47.25,105.650002,105.860001,105.059998,105.669998
14/09/2010,112.5,113.290001,112.080002,112.650002,47.189999,47.700001,47.080002,47.450001,105.480003,106.07,105.169998,105.440002
15/09/2010,112.32,113.209999,111.980003,113.080002,47.330002,47.799999,47.189999,47.75,105.199997,106.059998,104.980003,105.940002
16/09/2010,112.730003,113.120003,112.349998,113.050003,47.66,47.98,47.540001,47.939999,105.669998,106.239998,105.400002,106.190002
17/09/2010,113.040001,113.150002,112.18,112.489998,48.139999,48.139999,47.75,47.990002,106.349998,106.489998,105.650002,106.07
20/09/2010,112.879997,114.459999,112.519997,114.209999,48.169998,48.93,48.110001,48.830002,106.400002,107.720001,106.199997,107.519997
21/09/2010,114.300003,114.839996,113.510002,113.980003,48.860001,49.169998,48.610001,48.82,107.540001,108.309998,107.169998,107.620003
22/09/2010,113.800003,114.440002,113.099998,113.419998,48.619999,49.02,48.419998,48.689999,107.559998,108.040001,107.080002,107.400002
23/09/2010,112.489998,113.669998,112.18,112.5,48.369999,49.16,48.32,48.669998,106.639999,107.620003,106.410004,106.669998
24/09/2010,113.75,114.900002,113.650002,114.82,49.220001,49.689999,49.150002,49.66,107.769997,108.660004,107.669998,108.57
27/09/2010,114.860001,114.989998,114.160004,114.269997,49.630001,49.75,49.349998,49.389999,108.57,108.730003,108.080002,108.190002
28/09/2010,114.419998,115.040001,113.18,114.669998,49.509998,49.540001,48.59,49.369999,108.360001,108.870003,107.300003,108.559998
29/09/2010,114.379997,114.910004,114.019997,114.470001,49.299999,49.529999,49.110001,49.290001,108.349998,108.709999,108,108.309998
30/09/2010,115.050003,115.790001,113.589996,114.129997,49.540001,49.84,48.75,49.07,108.910004,109.519997,107.470001,107.910004
01/10/2010,114.989998,115.120003,113.93,114.610001,49.48,49.529999,48.779999,49.009998,108.550003,108.730003,107.839996,108.32
04/10/2010,114.370003,114.849998,113.18,113.75,48.869999,49.049999,48.200001,48.48,108.160004,108.550003,107.07,107.57
05/10/2010,114.800003,116.32,114.669998,116.040001,49.029999,49.759998,49,49.66,108.410004,109.68,108.269997,109.400002
06/10/2010,116.019997,116.330002,115.559998,116.029999,49.599998,49.709999,48.91,49.23,109.440002,109.830002,109.269997,109.769997
07/10/2010,116.5,116.529999,115.190002,115.889999,49.509998,49.540001,49,49.41,110.089996,110.110001,109.010002,109.599998
08/10/2010,116.050003,116.860001,115.610001,116.540001,49.43,49.869999,49.080002,49.75,109.660004,110.410004,109.379997,110.160004
11/10/2010,116.720001,116.970001,116.25,116.650002,49.779999,50.02,49.619999,49.77,110.290001,110.400002,109.879997,110.260002
12/10/2010,116.269997,117.349998,115.650002,117.010002,49.689999,50.209999,49.259998,50.110001,109.93,110.629997,109.209999,110.260002
13/10/2010,117.660004,118.550003,117.379997,117.919998,50.43,50.75,50.279999,50.52,110.82,111.639999,110.660004,111.059998
14/10/2010,117.809998,118.010002,116.720001,117.459999,50.549999,50.639999,50.169998,50.419998,111.050003,111.230003,110.309998,111.07
15/10/2010,118.279999,118.349998,116.760002,117.699997,51.040001,51.5,50.630001,51.490002,111.43,111.470001,110.110001,110.68
18/10/2010,117.739998,118.669998,117.309998,118.279999,51.5,51.720001,51.299999,51.299999,110.68,111.589996,110.550003,111.010002
19/10/2010,117.190002,117.849998,116.019997,116.730003,50.82,51.299999,50.419998,50.82,110.290001,110.68,109.169998,109.839996
20/10/2010,116.940002,118.440002,116.870003,117.870003,50.959999,51.57,50.869999,51.189999,110.089996,111.580002,109.82,111.089996
21/10/2010,118.400002,119.089996,117.209999,118.129997,51.509998,51.709999,50.790001,51.290001,111.580002,112.209999,110.699997,111.540001
22/10/2010,118.309998,118.529999,118,118.349998,51.299999,51.689999,51.209999,51.639999,111.589996,111.68,111.150002,111.360001
25/10/2010,119.139999,119.760002,118.610001,118.699997,51.849998,52.23,51.849998,51.889999,111.900002,112.550003,111.660004,111.709999
26/10/2010,118.099998,118.839996,117.870003,118.720001,51.630001,52.150002,51.419998,52.029999,111.199997,111.910004,110.93,111.760002
27/10/2010,117.889999,118.510002,117.260002,118.379997,51.759998,52.23,51.66,52.189999,111.120003,111.459999,110.260002,111.309998
28/10/2010,119.059998,119.110001,117.830002,118.400002,52.41,52.450001,51.84,52.299999,111.769997,111.860001,110.580002,111.099998
29/10/2010,118.279999,118.720001,118.07,118.489998,52.299999,52.490002,52.169998,52.18,111.019997,111.379997,110.809998,111.309998
01/11/2010,119.07,119.75,117.849998,118.529999,52.369999,52.75,51.98,52.220001,111.68,112.510002,110.669998,111.32
02/11/2010,119.419998,119.75,119.099998,119.470001,52.650002,52.93,52.580002,52.779999,112.010002,112.279999,111.849998,111.879997
03/11/2010,119.68,120.019997,118.449997,119.949997,52.830002,53.040001,52.360001,53.02,112.07,112.370003,111.059998,112.300003
04/11/2010,121.279999,122.32,119.970001,122.260002,53.599998,53.860001,53.5,53.669998,113.309998,114.519997,113.239998,114.43
05/11/2010,122.339996,122.919998,122.18,122.720001,53.700001,53.810001,53.509998,53.669998,114.449997,114.629997,114.050003,114.540001
08/11/2010,122.339996,122.690002,121.940002,122.489998,53.580002,53.830002,53.450001,53.740002,114.139999,114.349998,113.779999,114.220001
09/11/2010,122.82,122.949997,121.120003,121.610001,53.950001,54.040001,53.209999,53.450001,114.379997,114.410004,113.230003,113.690002
10/11/2010,121.580002,122.160004,120.660004,122.099998,53.52,53.77,53.099998,53.720001,113.620003,113.889999,112.760002,113.730003
11/11/2010,121.050003,121.82,120.68,121.639999,52.91,53.48,52.66,53.380001,112.900002,113.260002,112.529999,113.080002
12/11/2010,120.82,121.349998,119.650002,120.199997,53.099998,53.369999,52.110001,52.509998,112.459999,112.989998,111.650002,112.160004
15/11/2010,120.580002,121.050003,119.980003,120.029999,52.779999,52.880001,52.290001,52.310001,112.32,113.029999,112.18,112.25
16/11/2010,119.290001,119.489998,117.589996,118.160004,51.939999,52.25,50.849998,51.450001,111.589996,111.739998,110.07,110.5
17/11/2010,118.209999,118.709999,117.860001,118.220001,51.48,51.869999,51.349998,51.599998,110.639999,110.790001,110.260002,110.440002
18/11/2010,119.360001,120.389999,119.349998,119.959999,52.16,52.790001,52.130001,52.43,111.360001,112.370003,111.349998,112.150002
19/11/2010,119.900002,120.339996,119.25,120.290001,52.360001,52.59,52.139999,52.470001,111.660004,112.059998,111.18,112.010002
22/11/2010,119.690002,120.239998,118.769997,120.190002,52.259998,52.91,52.169998,52.91,111.550003,111.860001,110.540001,111.82
23/11/2010,118.769997,119.019997,117.989998,118.449997,52.369999,52.450001,51.77,52.07,110.779999,110.809998,109.900002,110.389999
24/11/2010,119.199997,120.230003,119.18,120.199997,52.580002,53.25,52.560001,53.119999,111,111.959999,111,111.849998
26/11/2010,119.160004,119.809998,118.800003,118.800003,52.779999,53.130001,52.669998,52.77,110.940002,111.349998,110.639999,110.639999
29/11/2010,118.5,119.480003,117.739998,119.160004,52.700001,52.900002,52.099998,52.73,110.260002,110.860001,109.400002,110.650002
30/11/2010,117.980003,119.169998,117.809998,118.489998,52.18,52.740002,51.880001,52.09,109.669998,110.760002,109.559998,110.169998
01/12/2010,120.199997,121.239998,120.190002,121.010002,52.860001,53.459999,52.84,53.189999,111.68,112.900002,111.589996,112.669998
02/12/2010,121.199997,122.650002,121.129997,122.559998,53.27,53.810001,53.209999,53.73,112.769997,113.870003,112.75,113.739998
03/12/2010,122.139999,123.029999,122.110001,122.889999,53.5,53.939999,53.5,53.869999,113.339996,114.019997,113.309998,113.940002
06/12/2010,122.629997,123.040001,122.5,122.760002,53.880001,53.950001,53.68,53.849998,113.779999,114.050003,113.629997,113.739998
07/12/2010,123.940002,124.010002,122.760002,122.830002,54.5,54.52,53.82,53.880001,114.620003,114.709999,113.669998,113.730003
08/12/2010,122.980003,123.379997,122.410004,123.279999,54.02,54.150002,53.689999,54.080002,113.699997,114.080002,113.449997,113.889999
09/12/2010,123.970001,124.019997,123.150002,123.760002,54.41,54.439999,53.950001,54.130001,114.349998,114.389999,113.510002,113.919998
10/12/2010,124.139999,124.599998,123.730003,124.480003,54.290001,54.549999,54.09,54.490002,114.099998,114.339996,113.769997,114.290001
13/12/2010,125.050003,125.199997,124.519997,124.559998,54.700001,54.740002,54.27,54.299999,114.669998,115.029999,114.43,114.489998
14/12/2010,124.75,125.230003,124.290001,124.669998,54.439999,54.619999,54.23,54.400002,114.629997,115.379997,114.589996,115.010002
15/12/2010,124.440002,124.93,123.889999,124.099998,54.369999,54.700001,54.029999,54.16,114.910004,115.440002,114.68,114.889999
16/12/2010,124.18,124.910004,123.75,124.82,54.209999,54.66,54.060001,54.580002,114.989998,115.389999,114.419998,115.239998
17/12/2010,124.080002,124.459999,123.82,124.300003,54.540001,54.68,54.41,54.52,114.93,114.989998,114.480003,114.949997
20/12/2010,124.639999,124.900002,123.980003,124.599998,54.619999,54.759998,54.16,54.560001,115.139999,115.150002,114.379997,114.75
21/12/2010,124.989998,125.470001,124.870003,125.389999,54.77,54.889999,54.619999,54.889999,115.110001,115.459999,114.989998,115.309998
22/12/2010,125.480003,125.82,125.410004,125.779999,54.869999,54.959999,54.790001,54.880001,115.349998,115.660004,115.25,115.580002
23/12/2010,125.639999,125.779999,125.290001,125.599998,54.779999,54.869999,54.610001,54.740002,115.510002,115.790001,115.400002,115.730003
27/12/2010,125.129997,125.769997,125.040001,125.650002,54.580002,54.860001,54.209999,54.77,115.360001,115.639999,115.150002,115.540001
28/12/2010,125.900002,125.949997,125.5,125.830002,54.880001,54.919998,54.549999,54.669998,115.769997,115.879997,115.339996,115.790001
29/12/2010,125.980003,126.199997,125.900002,125.919998,54.82,54.900002,54.73,54.790001,115.709999,115.980003,115.620003,115.650002
30/12/2010,125.800003,126.129997,125.529999,125.720001,54.790001,54.799999,54.549999,54.66,115.529999,115.709999,115.260002,115.449997
31/12/2010,125.529999,125.870003,125.330002,125.75,54.59,54.619999,54.209999,54.459999,115.32,115.730003,115.040001,115.629997
03/01/2011,126.709999,127.599998,125.699997,127.050003,54.970001,55.689999,54.950001,55.310001,116.410004,116.860001,116.360001,116.410004
04/01/2011,127.330002,127.370003,126.190002,126.980003,55.509998,55.549999,54.919998,55.27,116.709999,116.730003,116.110001,116.639999
05/01/2011,126.580002,127.720001,126.459999,127.639999,55.099998,55.759998,55.07,55.740002,116.459999,117.190002,116.300003,117.040001
06/01/2011,127.690002,127.830002,127.010002,127.389999,55.799999,55.959999,55.68,55.919998,117.139999,117.190002,116.5,116.779999
07/01/2011,127.559998,127.769997,126.150002,127.139999,56.02,56.049999,55.32,55.869999,116.910004,117.099998,115.82,116.57
10/01/2011,126.580002,127.160004,126.199997,126.980003,55.75,56.18,55.580002,56.080002,116.160004,116.339996,115.559998,116.199997
11/01/2011,127.440002,127.739998,126.949997,127.43,56.310001,56.360001,55.950001,56.16,116.629997,116.860001,116.169998,116.550003
12/01/2011,128.210007,128.720001,127.459999,128.580002,56.43,56.560001,56.200001,56.560001,117.150002,117.650002,117.010002,117.400002
13/01/2011,128.630005,128.690002,128.050003,128.369995,56.599998,56.73,56.41,56.580002,117.370003,117.379997,116.82,117.199997
14/01/2011,128.190002,129.330002,128.100006,129.300003,56.599998,57.02,56.459999,57,116.879997,117.769997,116.809998,117.690002
18/01/2011,129.179993,129.639999,129.029999,129.520004,56.57,57.23,56.490002,57.16,117.760002,118.43,117.739998,118.230003
19/01/2011,129.410004,129.539993,127.910004,128.25,57.259998,57.259998,56.32,56.509998,118.349998,118.489998,117.860001,118.160004
20/01/2011,127.959999,128.399994,127.129997,128.080002,56.27,56.349998,55.68,56.110001,117.839996,118.339996,117.330002,118.120003
21/01/2011,128.880005,129.169998,128.229996,128.369995,56.389999,56.490002,55.650002,55.68,118.709999,118.800003,117.970001,118.459999
24/01/2011,128.289993,129.25,128.259995,129.100006,55.790001,56.459999,55.68,56.450001,118.360001,119.580002,118.339996,119.559998
25/01/2011,128.759995,129.279999,128.110001,129.169998,56.169998,56.549999,56.049999,56.529999,119.300003,119.589996,118.709999,119.489998
26/01/2011,129.490005,130.050003,129.229996,129.669998,56.610001,56.98,56.450001,56.830002,119.550003,119.940002,119.339996,119.610001
27/01/2011,129.699997,130.210007,129.470001,129.990005,57.009998,57.349998,56.919998,57.18,119.620003,119.93,119.449997,119.639999
28/01/2011,130.139999,130.350006,127.510002,127.720001,57.169998,57.220001,55.470001,55.73,119.660004,119.860001,117.760002,118.019997
31/01/2011,128.070007,128.779999,127.75,128.679993,55.810001,56.16,55.389999,56,118.25,118.650002,117.879997,118.599998
01/02/2011,129.460007,130.970001,129.380005,130.740005,56.419998,57.18,56.360001,57.049999,119.160004,120.230003,119.080002,120.089996
02/02/2011,130.399994,130.839996,130.330002,130.490005,56.93,57.169998,56.84,56.959999,119.889999,120.32,119.889999,120.099998
03/02/2011,130.259995,130.979996,129.570007,130.779999,56.849998,57.139999,56.400002,57.060001,120.029999,120.57,119.559998,120.370003
04/02/2011,130.830002,131.199997,130.229996,131.149994,57.049999,57.419998,56.900002,57.380001,120.370003,120.690002,120.019997,120.690002
07/02/2011,131.440002,132.399994,131.429993,131.970001,57.490002,57.970001,57.400002,57.650002,120.879997,121.650002,120.849998,121.349998
08/02/2011,132.089996,132.639999,131.729996,132.570007,57.669998,58.07,57.560001,58.029999,121.449997,122.220001,121.330002,122.139999
09/02/2011,132.210007,132.630005,131.610001,132.270004,57.939999,58.119999,57.75,57.93,122.110001,122.400002,121.75,122.279999
10/02/2011,131.600006,132.470001,131.300003,132.320007,57.549999,58.099998,57.490002,58.02,121.769997,122.25,121.43,122.169998
11/02/2011,131.800003,133.279999,131.770004,133.110001,57.849998,58.48,57.77,58.439999,121.82,122.760002,121.709999,122.650002
14/02/2011,133.029999,133.539993,132.880005,133.429993,58.439999,58.66,58.380001,58.580002,122.489998,122.709999,122.300003,122.610001
15/02/2011,133.020004,133.220001,132.320007,133.009995,58.439999,58.57,58.23,58.5,122.339996,122.370003,121.879997,122.199997
16/02/2011,133.460007,134.009995,133.190002,133.850006,58.650002,59.040001,58.630001,58.880001,122.489998,123.059998,122.370003,122.879997
17/02/2011,133.460007,134.429993,133.339996,134.25,58.59,58.970001,58.549999,58.860001,122.650002,123.339996,122.57,123.160004
18/02/2011,134.369995,134.690002,134.059998,134.529999,58.860001,58.970001,58.509998,58.73,122.970001,123.639999,122.82,123.599998
22/02/2011,133.119995,134.559998,131.470001,131.830002,57.93,58.130001,56.939999,57.029999,122.870003,123.279999,121.489998,121.889999
23/02/2011,131.75,132.070007,130.210007,131.020004,57.029999,57.23,56.130001,56.560001,121.669998,121.769997,120.360001,120.849998
24/02/2011,130.880005,131.440002,129.699997,130.929993,56.68,57.029999,56.139999,56.860001,120.769997,121.040001,119.559998,120.419998
25/02/2011,131.479996,132.410004,131.399994,132.330002,57.18,57.720001,57.119999,57.650002,120.940002,121.330002,120.739998,121.139999
28/02/2011,132.820007,133.320007,132.380005,133.149994,57.880001,58.049999,57.43,57.77,121.5,122.18,121.440002,122.150002
01/03/2011,133.570007,133.690002,130.889999,130.929993,58.02,58.02,56.700001,56.84,122.400002,122.480003,120.370003,120.370003
02/03/2011,130.75,131.820007,130.350006,131.210007,56.810001,57.509998,56.790001,57.139999,120.25,120.980003,120,120.449997
03/03/2011,132.399994,133.619995,132.389999,133.470001,57.669998,58.369999,57.669998,58.27,121.440002,122.660004,121.43,122.360001
04/03/2011,133.369995,133.630005,131.600006,132.470001,58.25,58.259998,57.59,57.970001,122.43,122.529999,120.599998,121.470001
07/03/2011,132.860001,133.160004,130.740005,131.429993,58.209999,58.259998,56.669998,57.189999,121.769997,122.260002,120.209999,120.709999
08/03/2011,131.639999,133,131.070007,132.580002,57.119999,57.68,56.77,57.419998,120.870003,122.389999,120.580002,121.989998
09/03/2011,132.320007,132.800003,131.600006,132.389999,57.209999,57.27,56.720001,57.029999,121.870003,122.459999,121.449997,122.010002
10/03/2011,131,131.179993,129.809998,129.940002,56.389999,56.52,55.91,56.139999,120.949997,121.050003,119.620003,119.730003
11/03/2011,129.520004,131.309998,129.490005,130.839996,55.82,56.66,55.82,56.490002,119.269997,120.839996,119.220001,120.419998
14/03/2011,129.990005,130.479996,129.059998,130.050003,56.18,56.59,55.860001,56.290001,119.769997,120.110001,118.919998,119.849998
15/03/2011,126.589996,129.330002,126.5,128.559998,54.639999,55.82,54.470001,55.490002,117.099998,119.129997,116.919998,118.43
16/03/2011,128.149994,128.570007,125.279999,126.18,55.029999,55.34,53.77,54.150002,117.989998,118.209999,115.510002,116.160004
17/03/2011,128,128.389999,127.099998,127.849998,55.009998,55.240002,54.130001,54.650002,117.449997,117.980003,116.910004,117.690002
18/03/2011,128.839996,128.880005,127.510002,127.760002,55.220001,55.220001,54.41,54.450001,118.830002,119.010002,118,118.269997
21/03/2011,129.350006,130.009995,129.199997,129.740005,55.279999,55.779999,54.5,55.5,119.550003,120.519997,119.550003,120.07
22/03/2011,129.720001,129.889999,129.169998,129.289993,55.580002,55.610001,55.279999,55.400002,120.150002,120.239998,119.769997,119.919998
23/03/2011,128.929993,130,128.320007,129.660004,55.200001,55.869999,54.82,55.709999,119.68,120.910004,119.440002,120.629997
24/03/2011,130.399994,131.089996,129.669998,130.899994,56.130001,56.82,55.82,56.700001,121.25,121.650002,120.720001,121.459999
25/03/2011,131.240005,131.869995,130.889999,131.300003,56.880001,57.220001,56.73,56.84,121.699997,122.330002,121.599998,121.959999
28/03/2011,131.580002,131.919998,130.940002,130.979996,57.09,57.099998,56.5,56.529999,122.110001,122.459999,121.699997,121.760002
29/03/2011,130.869995,131.899994,130.440002,131.860001,56.400002,57.080002,56.23,57.080002,121.739998,122.599998,121.489998,122.510002
30/03/2011,132.550003,133.160004,132.360001,132.770004,57.360001,57.43,57.080002,57.349998,123,123.580002,122.940002,123.209999
31/03/2011,132.600006,132.960007,132.449997,132.589996,57.25,57.48,57.150002,57.43,123.18,123.559998,122.949997,123.019997
01/04/2011,133.410004,133.770004,132.830002,133.149994,57.720001,57.900002,57.290001,57.459999,123.589996,123.949997,123.139999,123.459999
04/04/2011,133.429993,133.669998,132.880005,133.259995,57.619999,57.68,57.02,57.27,123.639999,123.839996,123.449997,123.760002
05/04/2011,133,133.830002,132.940002,133.240005,57.16,57.490002,57,57.119999,123.519997,124.139999,123.260002,123.650002
06/04/2011,133.880005,134,133.119995,133.660004,57.560001,57.73,56.93,57.259998,124.209999,124.360001,123.800003,124.169998
07/04/2011,133.419998,133.979996,132.660004,133.320007,57.240002,57.599998,56.810001,57.220001,124.040001,124.25,123.110001,123.910004
08/04/2011,133.910004,133.990005,132.309998,132.860001,57.48,57.57,56.650002,56.950001,124.290001,124.349998,123.050003,123.650002
11/04/2011,133,133.449997,132.139999,132.460007,57.169998,57.290001,56.560001,56.759998,123.790001,124.279999,123.360001,123.639999
12/04/2011,131.720001,131.979996,130.990005,131.470001,56.5,56.639999,56.150002,56.369999,122.919998,123.099998,122.169998,122.459999
13/04/2011,132.080002,132.179993,130.960007,131.460007,56.790001,57,56.400002,56.849998,123.169998,123.209999,122.080002,122.550003
14/04/2011,130.699997,131.759995,130.270004,131.559998,56.459999,56.830002,56.23,56.75,121.970001,122.889999,121.459999,122.720001
15/04/2011,131.800003,132.369995,131.410004,132.039993,56.529999,56.869999,56.279999,56.650002,122.879997,123.419998,122.449997,123.190002
18/04/2011,130.589996,132.029999,129.509995,130.559998,56.080002,56.27,55.32,56.25,121.830002,121.879997,120.650002,121.739998
19/04/2011,130.759995,131.350006,130.440002,131.309998,56.400002,56.599998,56.099998,56.599998,121.959999,122.489998,121.730003,122.389999
20/04/2011,132.880005,133.389999,132.789993,133.100006,57.599998,57.939999,57.529999,57.880001,123.93,124.529999,123.760002,124.339996
21/04/2011,133.789993,133.839996,133.100006,133.779999,58.439999,58.470001,58.16,58.34,124.629997,124.809998,124.190002,124.790001
25/04/2011,133.679993,133.860001,133.199997,133.639999,58.389999,58.52,58.279999,58.490002,124.660004,124.709999,124.209999,124.550003
26/04/2011,134.050003,135.059998,133.910004,134.789993,58.639999,59.029999,58.509998,58.82,124.790001,125.879997,124.650002,125.699997
27/04/2011,135.050003,135.869995,134.5,135.669998,58.93,59.290001,58.66,59.220001,125.879997,126.870003,125.669998,126.690002
28/04/2011,135.429993,136.289993,135.410004,136.110001,59.040001,59.23,58.880001,59.130001,126.559998,127.540001,126.540001,127.419998
29/04/2011,136.160004,136.570007,135.979996,136.429993,59.02,59.290001,58.98,59.080002,127.559998,128.119995,127.540001,128.039993
02/05/2011,137.070007,137.179993,135.949997,136.220001,59.169998,59.34,58.82,58.970001,128.600006,128.630005,127.620003,127.839996
03/05/2011,135.960007,136.190002,135.039993,135.729996,58.939999,59,58.330002,58.689999,127.760002,128.179993,127.269997,127.82
04/05/2011,135.669998,135.729996,134.229996,134.830002,58.720001,58.869999,58.110001,58.599998,127.669998,127.760002,126.510002,126.970001
05/05/2011,134.080002,134.949997,133.020004,133.610001,58.310001,58.970001,58.080002,58.279999,126.580002,126.839996,125,125.639999
06/05/2011,134.940002,135.630005,133.679993,134.199997,58.860001,59.200001,58.310001,58.470001,126.730003,127.440002,125.830002,126.269997
09/05/2011,134.190002,135.110001,133.979996,134.720001,58.57,58.919998,58.34,58.689999,126.239998,127.07,126.040001,126.709999
10/05/2011,135.169998,136.110001,135,135.869995,58.860001,59.279999,58.779999,59.189999,126.959999,127.669998,126.809998,127.449997
11/05/2011,135.669998,135.690002,133.820007,134.440002,59.099998,59.310001,58.360001,58.759998,127.199997,127.25,125.739998,126.309998
12/05/2011,134.080002,135.360001,133.389999,135.080002,58.580002,59.189999,58.240002,59.110001,125.959999,127.160004,125.370003,126.989998
13/05/2011,135.149994,135.339996,133.559998,134.039993,58.970001,59.07,58.389999,58.41,126.980003,127.120003,125.410004,125.959999
16/05/2011,133.559998,134.610001,132.970001,133.190002,58.139999,58.32,57.27,57.400002,125.57,126.419998,125.290001,125.470001
17/05/2011,132.690002,133.350006,132.119995,133.169998,57.099998,57.57,56.98,57.560001,124.93,125.260002,123.849998,124.809998
18/05/2011,133.240005,134.5,132.949997,134.360001,57.48,58.139999,57.41,58.040001,124.889999,125.849998,124.559998,125.709999
19/05/2011,134.800003,135.029999,133.940002,134.679993,58.220001,58.34,57.849998,58.209999,126.110001,126.480003,125.459999,126.18
20/05/2011,134.330002,134.679993,133.360001,133.610001,58.150002,58.209999,57.689999,57.77,125.510002,125.660004,124.57,124.849998
23/05/2011,131.979996,132.720001,131.589996,132.059998,56.98,57.150002,56.650002,56.919998,123.220001,123.879997,123.029999,123.519997
24/05/2011,132.440002,132.729996,131.699997,131.949997,57.060001,57.07,56.560001,56.57,123.809998,123.959999,123.209999,123.300003
25/05/2011,131.419998,132.940002,131.380005,132.389999,56.5,57.060001,56.470001,56.790001,122.839996,124.129997,122.800003,123.650002
26/05/2011,132.029999,133.240005,131.779999,133,56.619999,57.299999,56.610001,57.139999,123.410004,124.169998,122.919998,123.800003
27/05/2011,133.369995,133.869995,132.960007,133.509995,57.240002,57.490002,57.189999,57.43,124.18,124.650002,123.980003,124.230003
31/05/2011,134.770004,134.919998,133.839996,134.899994,57.970001,58.360001,57.669998,58.360001,125.330002,125.550003,124.599998,125.5
01/06/2011,134.509995,134.919998,131.759995,131.869995,58.220001,58.360001,57.040001,57.09,125.129997,125.18,122.620003,122.699997
02/06/2011,131.960007,132.240005,130.960007,131.729996,57.200001,57.41,56.889999,57.209999,122.760002,122.870003,121.720001,122.300003
03/06/2011,130.149994,131.419998,130.080002,130.419998,56.549999,56.990002,56.27,56.349998,120.879997,122,120.839996,121.32
06/06/2011,130.089996,130.360001,128.869995,129.039993,56.220001,56.529999,55.860001,55.889999,121.099998,121.339996,120.510002,120.730003
07/06/2011,129.699997,130.070007,128.850006,128.960007,56.040001,56.259998,55.75,55.790001,121.279999,121.599998,120.470001,120.489998
08/06/2011,128.759995,129.190002,128.179993,128.419998,55.669998,55.77,55.23,55.389999,120.410004,120.830002,120.080002,120.300003
09/06/2011,128.770004,129.929993,128.460007,129.399994,55.41,55.759998,55.23,55.490002,120.589996,121.68,120.43,121.120003
10/06/2011,128.850006,128.929993,127.260002,127.599998,55.23,55.34,54.59,54.639999,120.650002,120.739998,119.209999,119.370003
13/06/2011,127.889999,128.240005,127.050003,127.699997,54.669998,54.93,54.450001,54.639999,119.730003,120.040001,119.089996,119.459999
14/06/2011,128.869995,129.770004,128.820007,129.320007,55.060001,55.470001,55.029999,55.34,120.25,121.139999,120.209999,120.699997
15/06/2011,128.240005,129.300003,126.68,127.019997,54.810001,55.150002,54.18,54.290001,119.650002,120.059998,118.550003,118.879997
16/06/2011,127.059998,127.970001,126.32,127.300003,54.32,54.5,53.619999,54.080002,118.839996,119.849998,118.690002,119.529999
17/06/2011,127.93,127.940002,126.620003,127.050003,54.400002,54.599998,53.630001,53.790001,120.230003,120.470001,119.43,119.739998
20/06/2011,126.620003,127.970001,126.580002,127.699997,53.639999,54.23,53.639999,54.07,119.349998,120.739998,119.339996,120.540001
21/06/2011,128.360001,129.699997,127.75,129.449997,54.259998,55.290001,54.029999,55.23,120.980003,121.910004,120.739998,121.589996
22/06/2011,129.050003,129.809998,128.589996,128.669998,55,55.32,54.82,54.830002,121.150002,121.809998,120.790001,120.809998
23/06/2011,127.160004,128.639999,126.190002,128.300003,54.240002,55.369999,54.060001,55.34,119.620003,120.339996,118.489998,120.32
24/06/2011,128.270004,128.369995,126.620003,126.809998,55.080002,55.130001,54.27,54.380001,120.230003,120.309998,118.989998,119.199997
27/06/2011,126.889999,128.429993,126.639999,127.940002,54.439999,55.529999,54.32,55.25,119.269997,120.730003,119.080002,120.199997
28/06/2011,128.449997,129.630005,128.270004,129.610001,55.369999,56.080002,55.290001,56.07,120.629997,121.650002,120.489998,121.610001
29/06/2011,130.199997,130.929993,129.630005,130.720001,56.200001,56.41,55.900002,56.299999,122,122.610001,121.489998,122.449997
30/06/2011,131.139999,132.179993,130.710007,131.970001,56.5,57.09,56.470001,57.049999,122.900002,124.019997,122.760002,123.830002
01/07/2011,132.089996,134.100006,131.779999,133.919998,57.080002,57.990002,56.919998,57.91,124.089996,125.720001,123.800003,125.580002
05/07/2011,133.779999,134.080002,133.389999,133.809998,57.970001,58.259998,57.830002,58.200001,125.540001,125.809998,125.160004,125.489998
06/07/2011,133.490005,134.139999,133.110001,133.970001,58.130001,58.490002,57.939999,58.389999,125.379997,126.260002,125.230003,126.089996
07/07/2011,135.160004,135.699997,134.880005,135.360001,58.830002,59.360001,58.740002,59.189999,126.830002,127.370003,126.599998,127.099998
08/07/2011,133.830002,135.360001,133.389999,134.399994,58.68,59.040001,58.369999,59.029999,126.029999,126.419998,125.5,126.389999
11/07/2011,132.75,133.179993,131.660004,131.970001,58.41,58.709999,57.759998,57.959999,125.169998,125.459999,124.540001,124.949997
12/07/2011,131.690002,132.779999,131.360001,131.399994,57.950001,58.07,57.459999,57.52,124.860001,125.540001,124.309998,124.330002
13/07/2011,132.089996,133.220001,131.520004,131.839996,57.939999,58.34,57.549999,57.759998,124.959999,125.940002,124.489998,124.800003
14/07/2011,132.169998,132.779999,130.679993,130.929993,57.91,58.18,56.869999,57.09,124.889999,125.669998,123.970001,124.209999
15/07/2011,131.660004,131.869995,130.770004,131.690002,57.73,57.849998,57.310001,57.849998,124.709999,124.769997,123.779999,124.559998
18/07/2011,131.080002,131.279999,129.630005,130.610001,57.529999,57.790001,56.98,57.540001,123.900002,124.019997,122.720001,123.620003
19/07/2011,131.339996,132.889999,131.309998,132.729996,58.09,58.900002,58.09,58.849998,124.400002,125.82,124.32,125.629997
20/07/2011,133.070007,133.149994,132.419998,132.649994,59.18,59.189999,58.5,58.599998,125.769997,125.830002,125.260002,125.459999
21/07/2011,133.399994,134.820007,132.669998,134.490005,58.66,59.32,58.34,58.990002,126.029999,127.300003,125.730003,127.029999
22/07/2011,134.520004,134.720001,133.759995,134.580002,58.959999,59.700001,58.919998,59.599998,126.879997,127.019997,126.220001,126.599998
25/07/2011,133.300003,134.490005,133.160004,133.830002,59.130001,59.810001,59.02,59.48,125.339996,126.339996,125.129997,125.760002
26/07/2011,133.740005,133.960007,133.029999,133.330002,59.439999,59.830002,59.32,59.630001,125.360001,125.529999,124.669998,124.830002
27/07/2011,132.589996,132.630005,130.429993,130.600006,59.240002,59.290001,57.939999,58.09,124.370003,124.389999,122.690002,122.839996
28/07/2011,130.600006,131.770004,130.009995,130.220001,58.119999,58.93,57.889999,58.189999,122.82,123.660004,122.07,122.279999
29/07/2011,128.910004,130.550003,127.970001,129.330002,57.720001,58.610001,57.439999,58,121.080002,122.230003,120.639999,121.129997
01/08/2011,130.839996,130.960007,127.529999,128.779999,58.700001,58.82,57.029999,57.73,122.739998,122.959999,119.769997,121.110001
02/08/2011,127.809998,128.5,125.489998,125.489998,57.459999,57.720001,56.209999,56.27,120.32,121,118.419998,118.459999
03/08/2011,125.660004,126.309998,123.529999,126.169998,56.34,56.880001,55.349998,56.810001,118.599998,118.889999,116.830002,118.800003
04/08/2011,124.419998,124.620003,120.059998,120.260002,56,56.09,54.169998,54.169998,117.32,117.57,113.559998,113.709999
05/08/2011,121.760002,122.07,116.860001,120.080002,54.720001,55.029999,52.32,53.830002,115.129997,115.559998,111.260002,114.25
08/08/2011,116.910004,120.120003,112.019997,112.260002,52.18,53.119999,50.59,50.59,111.269997,113.029999,108.019997,108.07
09/08/2011,114.07,117.639999,110.269997,117.480003,51.349998,53.080002,49.93,53.029999,109.660004,112.379997,105.940002,112.370003
10/08/2011,115.260002,116.279999,111.949997,112.290001,51.830002,53.040001,50.799999,50.860001,110.220001,110.669998,106.870003,107.169998
11/08/2011,113.260002,118.919998,112.32,117.330002,51.59,53.689999,51.34,53.099998,108.199997,112.82,107.830002,111.25
12/08/2011,118.400002,119.209999,117.279999,118.120003,53.43,53.900002,52.880001,53.57,112.489998,113.489998,111.580002,112.800003
15/08/2011,119.190002,120.739998,119,120.620003,53.790001,54.360001,53.529999,54.360001,113.779999,114.879997,113.440002,114.809998
16/08/2011,119.470001,120.690002,118.309998,119.589996,53.830002,54.349998,53.18,53.900002,113.940002,114.910004,112.970001,114.080002
17/08/2011,120.25,121.199997,118.720001,119.669998,53.970001,54.419998,53.02,53.580002,114.699997,115.459999,113.379997,114.260002
18/08/2011,116.5,119.709999,113.389999,114.510002,52.130001,52.139999,50.48,50.950001,111.599998,111.699997,109.010002,110.07
19/08/2011,112.959999,115.879997,112.5,112.639999,50.419998,51.669998,49.990002,50.029999,108.290001,110.629997,107.769997,107.910004
22/08/2011,115.169998,115.230003,112.410004,112.730003,51.23,51.240002,50.060001,50.209999,110.18,110.300003,108.010002,108.300003
23/08/2011,113.150002,116.57,112.580002,116.440002,50.549999,52.279999,50.34,52.279999,108.849998,111.470001,108.43,111.370003
24/08/2011,116.190002,118.239998,115.919998,118.080002,52.130001,52.790001,51.709999,52.689999,111.25,113.07,110.910004,112.949997
25/08/2011,118.730003,119.400002,115.870003,116.279999,52.66,52.900002,51.650002,51.830002,113.389999,113.779999,110.809998,111.260002
26/08/2011,115.690002,118.510002,113.849998,117.970001,51.66,53.310001,51.150002,53.130001,110.720001,113.07,109.089996,112.699997
29/08/2011,119.559998,121.43,118.059998,121.360001,53.66,54.669998,53.639999,54.610001,113.970001,115.199997,113.919998,115.139999
30/08/2011,120.830002,122.43,119.260002,121.68,54.41,55.299999,54.110001,54.970001,114.830002,116.160004,114.129997,115.349998
31/08/2011,122.459999,123.510002,121.300003,122.220001,55.299999,55.740002,54.599998,55.060001,116.160004,116.970001,115.120003,115.949997
01/09/2011,122.290001,123.400002,120.779999,120.940002,55.200001,55.639999,54.459999,54.560001,116.089996,117.029999,114.720001,114.870003
02/09/2011,118.419998,120.870003,117.43,117.849998,53.580002,54.610001,52.990002,53.279999,112.739998,113.279999,111.949997,112.279999
06/09/2011,114.389999,117.160004,114.379997,116.989998,52.040001,53.369999,51.91,53.290001,109.400002,111.459999,109.18,111.209999
07/09/2011,118.760002,120.339996,118.360001,120.290001,54.049999,54.650002,53.900002,54.639999,112.739998,114.019997,112.400002,113.940002
08/09/2011,119.57,120.940002,118.769997,119.040001,54.360001,55.169998,54.209999,54.389999,113.379997,114.68,112.730003,112.870003
09/09/2011,117.68,119.059998,115.279999,115.919998,54.009998,54.240002,52.849998,53.18,111.639999,111.699997,109.220001,109.82
12/09/2011,114.470001,116.760002,114.050003,116.669998,52.59,53.900002,52.57,53.860001,108.370003,110.550003,108.150002,110.510002
13/09/2011,117.050003,118.18,116.220001,117.739998,54.060001,54.689999,53.799999,54.580002,110.68,111.370003,109.82,110.919998
14/09/2011,118.339996,120.800003,116.720001,119.370003,54.860001,55.98,54.32,55.360001,111.489998,113.830002,109.870003,112.400002
15/09/2011,120.650002,121.470001,119.400002,121.43,55.959999,56.279999,55.389999,56.18,113.43,114.330002,112.830002,114.260002
16/09/2011,121.290001,121.970001,120.32,121.519997,56.200001,56.650002,56.09,56.59,114.610001,115.129997,113.809998,114.860001
19/09/2011,119.529999,120.93,118.720001,120.309998,55.889999,56.91,55.43,56.610001,113.099998,114.220001,112.290001,113.720001
20/09/2011,120.82,121.989998,120.010002,120.169998,56.900002,57.349998,56.23,56.360001,114.260002,115.260002,113.480003,113.879997
21/09/2011,120.230003,120.599998,116.440002,116.629997,56.650002,56.93,55.369999,55.380001,113.93,114.230003,110.879997,110.949997
22/09/2011,113.25,114.209999,111.300003,112.860001,53.970001,54.459999,52.75,53.580002,107.949997,108.400002,105.720001,107.07
23/09/2011,112.110001,114.160004,112.019997,113.540001,53.130001,54.380001,53.09,54.150002,106.440002,107.870003,106.129997,107.449997
26/09/2011,114.610001,116.400002,112.980003,116.239998,54.419998,54.880001,53.209999,54.779999,108.410004,110.330002,107.480003,110.239998
27/09/2011,118.529999,119.559998,116.839996,117.540001,55.709999,56.200001,54.98,55.349998,112.410004,113.449997,111.089996,111.709999
28/09/2011,117.779999,118.489998,114.970001,115.139999,55.59,55.970001,54.400002,54.529999,112.099998,112.959999,109.739998,109.830002
29/09/2011,117.050003,117.629997,113.93,116.050003,55.360001,55.43,52.970001,53.880001,111.870003,112.5,109.43,111.379997
30/09/2011,114.449997,115.449997,113.07,113.150002,53.16,53.610001,52.459999,52.490002,109.809998,111.160004,108.870003,108.93
03/10/2011,112.489998,113.949997,109.809998,109.93,52.02,52.849998,51.110001,51.139999,108.209999,109.610001,106.300003,106.360001
04/10/2011,108.349998,112.580002,107.43,112.339996,50.619999,52.290001,50.099998,52.189999,105.080002,108.089996,103.839996,107.720001
05/10/2011,112.620003,114.720001,111.580002,114.419998,52.060001,53.68,51.66,53.529999,107.849998,109.410004,107.260002,109.279999
06/10/2011,114.360001,116.660004,113.510002,116.489998,53.459999,54.439999,53.209999,54.43,109.300003,111.209999,108.470001,111.089996
07/10/2011,117.169998,117.25,115.059998,115.709999,54.400002,54.66,53.720001,54.07,111.870003,112.209999,110.379997,111.019997
10/10/2011,117.68,119.629997,117.669998,119.580002,54.990002,55.939999,54.889999,55.939999,112.599998,114.239998,112.589996,114.209999
11/10/2011,118.870003,120.040001,118.75,119.699997,55.790001,56.459999,55.700001,56.32,113.620003,114.349998,113.529999,114.010002
12/10/2011,120.599998,122.139999,120.330002,120.75,56.860001,57.23,56.560001,56.599998,114.769997,116.120003,114.410004,114.989998
13/10/2011,120.040001,120.870003,119.120003,120.510002,56.490002,57.189999,56.43,57.119999,114.529999,115.010002,113.639999,114.660004
14/10/2011,121.910004,122.599998,121.230003,122.57,57.82,58.189999,57.509998,58.18,115.82,116.349998,115.160004,116.339996
17/10/2011,121.989998,122.550003,119.93,120.230003,57.91,58.09,56.970001,57.279999,115.839996,115.879997,113.639999,113.900002
18/10/2011,120.139999,123.5,119.199997,122.580002,57.189999,58.290001,56.66,57.990002,113.540001,116.419998,112.830002,115.510002
19/10/2011,122.379997,123.080002,120.709999,121.129997,57.669998,57.849998,56.68,56.869999,115.470001,116.25,114.580002,114.949997
20/10/2011,121.43,122.099998,119.82,121.660004,56.860001,56.919998,55.790001,56.59,115.07,115.769997,113.839996,115.330002
21/10/2011,123.089996,124.120003,122.720001,123.970001,57.189999,57.66,56.779999,57.299999,116.449997,117.879997,116.43,117.849998
24/10/2011,124.169998,125.800003,124.059998,125.489998,57.509998,58.650002,57.310001,58.490002,118.169998,119.160004,118.010002,118.879997
25/10/2011,124.889999,124.949997,122.779999,123.050003,58.299999,58.32,57.220001,57.34,118.220001,118.360001,116.57,116.790001
26/10/2011,124.349998,124.769997,122.209999,124.300003,57.66,57.779999,56.209999,57.27,118.379997,118.660004,116.68,118.410004
27/10/2011,127.629997,129.419998,126.610001,128.630005,58.639999,59.200001,58.029999,58.849998,121.080002,122.580002,120.449997,121.940002
28/10/2011,128,128.850006,127.800003,128.600006,58.52,59.009998,58.5,58.939999,121.580002,122.239998,121.360001,122.040001
31/10/2011,127.160004,128.619995,125.32,125.5,58.43,58.639999,57.91,57.950001,120.75,120.919998,119.269997,119.339996
01/11/2011,122.029999,123.510002,121.519997,122,56.52,57.91,56.119999,56.439999,116.900002,117.669998,116.029999,116.379997
02/11/2011,123.830002,124.400002,122.790001,123.989998,57.029999,57.16,56.380001,56.919998,117.800003,118.519997,117.169998,118.129997
03/11/2011,125.269997,126.5,123.599998,126.25,57.369999,58.18,56.709999,58.099998,119.230003,120.410004,118.160004,120.190002
04/11/2011,125.230003,125.699997,124.010002,125.480003,57.82,58.049999,57.220001,57.799999,119.400002,119.68,118.239998,119.599998
07/11/2011,125.389999,126.389999,124.199997,126.260002,57.759998,58.25,57.169998,58.209999,119.519997,120.5,118.550003,120.449997
08/11/2011,126.919998,128.020004,125.709999,127.879997,58.630001,58.98,57.970001,58.880001,121.010002,121.75,119.900002,121.589996
09/11/2011,124.889999,125.800003,122.860001,123.160004,57.740002,57.830002,56.630001,56.810001,119.330002,119.669998,117.239998,117.690002
10/11/2011,124.790001,124.940002,123.019997,124.32,57.369999,57.419998,56.23,56.779999,118.959999,119.550003,117.879997,118.889999
11/11/2011,125.830002,126.989998,125.790001,126.660004,57.27,58.02,57.200001,57.849998,120.239998,121.709999,120.220001,121.529999
14/11/2011,126.190002,127.449997,124.919998,125.459999,57.689999,58.009998,57.279999,57.490002,121.330002,121.57,120.18,120.709999
15/11/2011,125.169998,126.75,124.720001,126.080002,57.32,58.360001,57.259998,58.130001,120.379997,121.580002,119.93,120.870003
16/11/2011,124.809998,126.339996,123.900002,124.080002,57.709999,58.16,57.060001,57.169998,119.870003,121.139999,118.910004,119.099998
17/11/2011,123.849998,124.160004,121.230003,122.110001,57.02,57.040001,55.48,55.830002,119.059998,119.510002,116.790001,117.830002
18/11/2011,122.5,122.75,121.470001,121.980003,55.84,55.900002,55.299999,55.400002,117.959999,118.300003,117.290001,117.730003
21/11/2011,120.199997,120.349998,118.650002,119.660004,54.650002,54.73,53.779999,54.34,116.110001,116.32,114.279999,115.160004
22/11/2011,119.400002,120.099998,118.519997,119.190002,54.200001,54.68,53.869999,54.52,114.980003,115.529999,114.129997,114.739998
23/11/2011,118.07,119.190002,116.559998,116.559998,54.110001,54.169998,53.259998,53.290001,113.75,113.889999,112.330002,112.330002
25/11/2011,116.379997,117.699997,116.199997,116.339996,53.060001,53.669998,52.869999,52.880001,112.279999,113.459999,112.139999,112.139999
28/11/2011,119.540001,120.18,118.82,119.709999,54.169998,54.790001,54.139999,54.720001,114.779999,115.480003,114.309998,115.099998
29/11/2011,120.050003,121,119.610001,120.050003,54.689999,55.099998,54.220001,54.380001,115.32,116.18,115.110001,115.559998
30/11/2011,123.489998,125.220001,120,124.989998,55.860001,56.439999,55.669998,56.389999,118.410004,120.389999,118.410004,120.190002
01/12/2011,124.849998,125.639999,124.43,124.970001,56.380001,56.93,56.349998,56.779999,120.010002,120.550003,119.660004,120.129997
02/12/2011,126.120003,126.5,124.779999,124.860001,57.34,57.34,56.57,56.619999,121.220001,121.400002,120,120.059998
05/12/2011,126.839996,127.18,125.440002,126.220001,57.470001,57.619999,56.919998,57.240002,121.769997,121.849998,120.209999,120.949997
06/12/2011,126.209999,127.110001,125.760002,126.260002,57.290001,57.450001,56.889999,57.080002,120.959999,122.089996,120.68,121.389999
07/12/2011,125.839996,127.260002,124.970001,126.730003,56.919998,57.34,56.349998,57.080002,121.059998,122.57,120.580002,122.07
08/12/2011,125.900002,126.18,123.650002,123.949997,56.709999,57.150002,56.009998,56.119999,121.5,121.809998,119.639999,119.940002
09/12/2011,124.510002,126.370003,124.400002,126.050003,56.259998,57.189999,56.240002,57.02,120.470001,122.110001,120.410004,121.779999
12/12/2011,124.949997,124.970001,123.160004,124.209999,56.419998,57.009998,55.900002,56.380001,120.910004,120.959999,119.379997,120.239998
13/12/2011,124.860001,125.57,122.449997,123.050003,56.75,56.98,55.529999,55.759998,120.910004,121.489998,119.050003,119.510002
14/12/2011,122.559998,123.029999,121.470001,121.739998,55.549999,55.59,54.580002,54.889999,119.080002,119.489998,117.910004,118.32
15/12/2011,123.029999,123.199997,121.989998,122.18,55.360001,55.419998,54.66,54.740002,119.589996,119.75,118.580002,118.809998
16/12/2011,122.230003,122.949997,121.300003,121.589996,54.869999,55.610001,54.77,54.860001,119.099998,119.400002,117.889999,118.220001
19/12/2011,122.059998,122.32,120.029999,120.290001,55.07,55.200001,54.169998,54.32,118.650002,118.980003,117.050003,117.360001
20/12/2011,122.18,124.139999,120.370003,123.93,55.200001,56,55.169998,55.93,119.110001,120.879997,119.07,120.68
21/12/2011,123.93,124.360001,122.75,124.169998,55.599998,55.639999,54.490002,55.130001,120.800003,120.870003,119.690002,120.809998
22/12/2011,124.629997,125.400002,124.230003,125.269997,55.25,55.630001,55.169998,55.599998,121.139999,121.550003,120.910004,121.529999
23/12/2011,125.669998,126.43,125.410004,126.389999,55.709999,56.080002,55.580002,56.080002,121.699997,122.68,121.5,122.629997
27/12/2011,126.169998,126.82,126.059998,126.489998,55.990002,56.419998,55.93,56.240002,122.480003,123,122.400002,122.669998
28/12/2011,126.510002,126.529999,124.730003,124.830002,56.169998,56.259998,55.439999,55.59,122.660004,122.720001,121.129997,121.25
29/12/2011,125.239998,126.25,124.860001,126.120003,55.68,56.029999,55.5,55.990002,121.519997,122.68,121.459999,122.519997
30/12/2011,126.019997,126.330002,125.5,125.5,55.869999,56.119999,55.82,55.830002,122.330002,122.629997,121.839996,121.849998
03/01/2012,127.760002,128.380005,127.43,127.5,56.91,57.189999,56.75,56.900002,123.940002,124.529999,123.610001,123.629997
04/01/2012,127.199997,127.809998,126.709999,127.699997,56.810001,57.220001,56.560001,57.139999,123.400002,124.050003,123.110001,123.970001
05/01/2012,127.010002,128.229996,126.43,128.039993,57.02,57.66,56.799999,57.610001,123.459999,124.110001,122.589996,123.949997
06/01/2012,128.199997,128.220001,127.290001,127.709999,57.619999,57.939999,57.400002,57.810001,124.080002,124.080002,123.139999,123.529999
09/01/2012,128,128.179993,127.410004,128.020004,57.959999,57.98,57.43,57.619999,123.690002,123.910004,123.139999,123.660004
10/01/2012,129.389999,129.649994,128.949997,129.130005,58.23,58.400002,57.639999,58.040001,124.879997,125,124.269997,124.379997
11/01/2012,128.729996,129.369995,128.520004,129.199997,58.029999,58.290001,57.810001,58.16,124.040001,124.449997,123.800003,124.290001
12/01/2012,129.570007,129.699997,128.539993,129.509995,58.290001,58.470001,57.860001,58.389999,124.5,124.669998,123.660004,124.529999
13/01/2012,128.639999,129.050003,127.720001,128.839996,58.080002,58.200001,57.68,58.18,123.709999,124.160004,122.919998,124.160004
17/01/2012,130.080002,130.320007,128.899994,129.339996,58.689999,58.959999,58.490002,58.709999,125.040001,125.57,124.459999,124.620003
18/01/2012,129.309998,130.839996,129.080002,130.770004,58.82,59.490002,58.68,59.490002,124.529999,125.720001,124.410004,125.620003
19/01/2012,131.220001,131.570007,130.800003,131.460007,59.759998,59.970001,59.650002,59.860001,125.989998,126.18,125.519997,126.169998
20/01/2012,131.240005,131.949997,130.919998,131.949997,59.599998,59.799999,59.560001,59.77,126.040001,126.959999,125.949997,126.959999
23/01/2012,131.509995,132.25,130.979996,131.610001,59.779999,60.209999,59.439999,59.790001,126.889999,127.360001,126.379997,126.809998
24/01/2012,130.800003,131.5,130.600006,131.460007,59.52,59.84,59.41,59.68,126.099998,126.550003,125.870003,126.43
25/01/2012,131.259995,132.869995,130.75,132.559998,60.259998,60.580002,59.830002,60.43,126.059998,127.519997,125.470001,127.25
26/01/2012,133.149994,133.399994,131.360001,131.880005,60.689999,60.799999,59.93,60.220001,127.849998,128.130005,126.650002,127.059998
27/01/2012,131.240005,132.050003,131.149994,131.820007,60.09,60.509998,60.060001,60.400002,126.470001,126.760002,126.010002,126.449997
30/01/2012,130.509995,131.440002,130.059998,131.369995,59.889999,60.540001,59.66,60.450001,125.389999,126.309998,125,126.230003
31/01/2012,132.020004,132.179993,130.679993,131.320007,60.75,60.860001,60.139999,60.529999,126.879997,126.919998,125.379997,126.07
01/02/2012,132.289993,133.139999,132.130005,132.470001,60.880001,61.240002,60.66,61.02,127.07,127.589996,126.769997,126.910004
02/02/2012,132.729996,133.020004,132.210007,132.679993,61.220001,61.41,60.970001,61.209999,127.019997,127.160004,126.480003,126.839996
03/02/2012,134,134.619995,133.770004,134.539993,61.779999,62.119999,61.68,62.049999,128.039993,128.490005,127.830002,128.369995
06/02/2012,133.979996,134.509995,133.830002,134.449997,61.82,62.02,61.66,62,127.830002,128.190002,127.68,128.119995
07/02/2012,134.169998,135.020004,133.639999,134.789993,61.950001,62.25,61.669998,62.130001,127.949997,128.759995,127.550003,128.509995
08/02/2012,134.860001,135.220001,134.309998,135.190002,62.139999,62.459999,61.91,62.459999,128.619995,128.800003,128.029999,128.710007
09/02/2012,135.410004,135.589996,134.559998,135.360001,62.700001,62.98,62.32,62.91,128.960007,129.119995,128.300003,128.759995
10/02/2012,134.160004,134.470001,133.839996,134.360001,62.459999,62.639999,62.25,62.470001,127.760002,127.919998,127.300003,127.849998
13/02/2012,135.320007,135.520004,134.740005,135.360001,62.939999,63.130001,62.650002,63.049999,128.679993,128.770004,128.080002,128.589996
14/02/2012,135,135.270004,134.25,135.190002,62.91,63.220001,62.689999,63.209999,128.380005,128.690002,127.779999,128.660004
15/02/2012,135.630005,135.830002,134.289993,134.559998,63.509998,63.860001,62.669998,62.77,129,129.039993,127.57,127.860001
16/02/2012,134.570007,136.169998,134.330002,136.050003,62.790001,63.700001,62.630001,63.630001,127.980003,129.179993,127.949997,129.070007
17/02/2012,136.520004,136.630005,135.960007,136.410004,63.639999,63.689999,63.150002,63.43,129.309998,129.389999,128.860001,129.229996
21/02/2012,136.729996,137.050003,136.050003,136.470001,63.5,63.889999,63.209999,63.610001,129.619995,129.75,128.960007,129.350006
22/02/2012,136.259995,136.550003,135.789993,136.029999,63.490002,63.68,63.23,63.32,129.229996,129.5,128.850006,129.139999
23/02/2012,135.960007,136.729996,135.5,136.630005,63.400002,63.810001,63.09,63.740002,128.990005,129.690002,128.550003,129.580002
24/02/2012,136.929993,137.199997,136.630005,136.929993,63.919998,64.07,63.799999,63.959999,129.770004,129.899994,129.25,129.619995
27/02/2012,136.020004,137.529999,135.800003,137.160004,63.610001,64.260002,63.330002,64.050003,128.929993,130.039993,128.570007,129.660004
28/02/2012,137.199997,137.720001,136.929993,137.559998,64.110001,64.699997,64.029999,64.699997,129.639999,130.039993,129.339996,129.860001
29/02/2012,137.759995,138.190002,136.539993,137.020004,64.75,64.959999,64.199997,64.410004,130.020004,130.369995,129.089996,129.289993
01/03/2012,137.309998,137.990005,136.929993,137.729996,64.650002,64.980003,64.459999,64.919998,129.600006,130.160004,129.229996,129.570007
02/03/2012,137.639999,137.820007,137,137.309998,64.830002,65.080002,64.660004,64.870003,129.539993,129.789993,129.080002,129.550003
05/03/2012,137.100006,137.199997,136.279999,136.75,64.830002,64.910004,63.990002,64.199997,129.419998,129.589996,128.639999,129.419998
06/03/2012,135.350006,135.429993,134.360001,134.75,63.57,63.720001,63.23,63.57,127.93,129.460007,127.18,127.449997
07/03/2012,135.059998,135.910004,134.929993,135.690002,63.869999,64.209999,63.77,64.059998,127.639999,128.449997,127.459999,128.229996
08/03/2012,136.520004,137.320007,136.240005,137.039993,64.440002,64.940002,64.300003,64.75,128.820007,129.270004,128.550003,128.919998
09/03/2012,137.300003,137.929993,137.130005,137.570007,64.860001,65.139999,64.82,65.019997,129.220001,129.589996,128.940002,129.149994
12/03/2012,137.550003,137.759995,137.089996,137.580002,65,65.110001,64.720001,65.050003,129.169998,129.669998,129.100006,129.460007
13/03/2012,138.320007,140.130005,138.089996,140.059998,65.400002,66.260002,65.269997,66.260002,130.050003,131.770004,129.850006,131.679993
14/03/2012,140.100006,140.449997,139.479996,139.910004,66.330002,66.739998,66.080002,66.489998,131.789993,132.169998,131.619995,131.880005
15/03/2012,140.119995,140.779999,139.759995,140.720001,66.690002,66.82,66.349998,66.68,132.009995,132.490005,131.669998,132.410004
16/03/2012,140.360001,140.479996,140,140.300003,66.669998,66.669998,66.360001,66.519997,132.529999,132.610001,132.020004,132.050003
19/03/2012,140.210007,141.279999,140.110001,140.850006,66.629997,67.150002,66.449997,66.989998,131.910004,132.399994,131.779999,132.070007
20/03/2012,140.050003,140.610001,139.639999,140.440002,66.639999,67.18,66.459999,67.110001,131.360001,131.699997,130.919998,131.380005
21/03/2012,140.520004,140.649994,139.919998,140.210007,67.120003,67.489998,67.029999,67.120003,131.529999,131.610001,130.809998,130.990005
22/03/2012,139.179993,139.550003,138.740005,139.199997,66.720001,67.139999,66.68,66.980003,130.240005,130.550003,129.860001,130.169998
23/03/2012,139.320007,139.809998,138.550003,139.649994,67.059998,67.080002,66.559998,66.940002,130.220001,130.710007,129.710007,130.600006
26/03/2012,140.649994,141.610001,140.600006,141.610001,67.389999,68.110001,67.330002,68.110001,131.389999,132.139999,131.339996,132.089996
27/03/2012,141.740005,141.830002,141.080002,141.169998,68.160004,68.489998,68.129997,68.209999,132.220001,132.350006,131.649994,131.669998
28/03/2012,141.100006,141.320007,139.639999,140.470001,68.25,68.510002,67.540001,67.940002,131.729996,131.860001,130.410004,130.979996
29/03/2012,139.639999,140.490005,139.089996,140.229996,67.599998,67.93,67.199997,67.68,130.270004,131.240005,130.039993,131.130005
30/03/2012,140.919998,141.050003,140.050003,140.809998,67.980003,68.019997,67.279999,67.550003,131.710007,131.970001,131.179993,131.800003
02/04/2012,140.639999,142.210007,140.360001,141.839996,67.480003,68.339996,67.360001,68.25,131.559998,132.679993,131.229996,132.300003
03/04/2012,141.639999,141.880005,140.429993,141.259995,68.309998,68.550003,67.849998,68.230003,132.149994,132.399994,131.050003,131.669998
04/04/2012,140.220001,140.339996,139.339996,139.860001,67.720001,67.760002,66.910004,67.300003,130.660004,130.770004,129.949997,130.509995
05/04/2012,139.380005,140.199997,139.259995,139.789993,67.18,67.779999,67.129997,67.720001,130.100006,130.710007,129.929993,130.389999
09/04/2012,138.029999,139.839996,137.839996,138.220001,66.879997,67.480003,66.760002,67.209999,128.960007,129.589996,128.839996,129.119995
10/04/2012,137.949997,138.339996,135.759995,135.899994,67.18,67.440002,65.919998,66.129997,128.869995,129.070007,126.919998,127.010002
11/04/2012,137.289993,137.539993,136.75,137,66.709999,66.889999,66.279999,66.449997,128.169998,128.289993,127.739998,127.849998
12/04/2012,137.130005,138.899994,137.029999,138.789993,66.580002,67.279999,66.480003,67.209999,128.119995,129.789993,128.039993,129.720001
13/04/2012,138.470001,138.820007,137.009995,137.139999,66.980003,67.199997,66.160004,66.190002,129.320007,129.360001,128.270004,128.399994
16/04/2012,137.839996,138.039993,136.580002,137.050003,66.519997,66.559998,65.239998,65.449997,129.229996,129.699997,128.679993,129.070007
17/04/2012,137.839996,139.360001,137.699997,139.080002,65.730003,66.989998,65.629997,66.779999,129.830002,131.130005,129.809998,130.940002
18/04/2012,138.460007,139.080002,138.380005,138.610001,66.589996,67,66.410004,66.610001,130.270004,130.800003,130.080002,130.149994
19/04/2012,138.630005,139.149994,137.070007,137.720001,66.370003,67.169998,65.620003,65.860001,130.229996,130.669998,128.820007,129.539993
20/04/2012,138.330002,138.830002,137.869995,137.949997,66.220001,66.510002,65.580002,65.68,129.960007,130.529999,129.899994,129.979996
23/04/2012,136.539993,136.910004,135.940002,136.789993,65.059998,65.18,64.489998,65.080002,128.740005,129.080002,128.160004,129.020004
24/04/2012,136.910004,137.660004,136.800003,137.309998,64.959999,65.230003,64.449997,64.730003,129.270004,130.229996,129.259995,129.720001
25/04/2012,138.649994,139.25,138.529999,139.190002,66.07,66.489998,65.970001,66.449997,130.5,130.830002,130.110001,130.639999
26/04/2012,138.889999,140.320007,138.809998,140.160004,66.440002,66.989998,66.349998,66.839996,130.559998,132.029999,130.490005,131.850006
27/04/2012,140.580002,140.789993,139.800003,140.389999,67.120003,67.449997,66.769997,67.239998,132.089996,132.410004,131.660004,132
30/04/2012,140.110001,140.210007,139.490005,139.869995,67.040001,67.169998,66.709999,66.760002,131.809998,132.020004,131.490005,131.800003
01/05/2012,139.789993,141.660004,139.630005,140.740005,66.690002,67.629997,66.589996,66.870003,131.850006,133.139999,131.399994,132.529999
02/05/2012,139.919998,140.460007,139.460007,140.320007,66.540001,67.110001,66.379997,67.059998,132.039993,132.509995,131.649994,132.399994
03/05/2012,140.339996,140.449997,138.990005,139.25,67.099998,67.150002,66.18,66.349998,132.410004,132.580002,131.5,131.809998
04/05/2012,138.520004,139.300003,136.919998,137,65.739998,66.349998,64.690002,64.699997,131.130005,131.320007,129.970001,130.089996
07/05/2012,136.509995,137.559998,136.460007,137.100006,64.309998,65.07,64.290001,64.760002,129.5,130.25,129.449997,129.839996
08/05/2012,136.279999,136.770004,134.919998,136.550003,64.349998,64.739998,63.48,64.519997,129.169998,129.330002,127.910004,129.080002
09/05/2012,135.100006,136.610001,134.490005,135.740005,63.77,64.68,63.509998,64.32,128,129.119995,127.379997,128.339996
10/05/2012,136.679993,136.850006,135.710007,136.020004,64.610001,64.629997,63.950001,64.190002,128.809998,129.279999,128.210007,128.440002
11/05/2012,135.169998,136.869995,135.110001,135.610001,63.970001,64.860001,63.91,64.18,127.800003,129.160004,127.730003,128.179993
14/05/2012,134.309998,135.610001,133.910004,134.110001,63.630001,64.080002,63.48,63.580002,127.18,127.690002,126.599998,126.949997
15/05/2012,134.020004,134.809998,133.130005,133.339996,63.75,64.269997,63.259998,63.369999,126.82,127.589996,126.07,126.309998
16/05/2012,133.940002,134.550003,132.800003,132.830002,63.59,63.779999,62.810001,62.939999,126.779999,127.370003,126.129997,126.18
17/05/2012,132.860001,133.020004,130.789993,130.860001,62.959999,63.060001,61.599998,61.610001,126.209999,126.25,124.550003,124.57
18/05/2012,131.369995,131.600006,129.550003,129.740005,61.799999,61.959999,60.759998,60.810001,124.529999,124.650002,123.089996,123.309998
21/05/2012,130.160004,132.020004,129.949997,131.970001,60.93,62.57,60.849998,62.509998,123.690002,124.809998,123.440002,124.809998
22/05/2012,132.309998,133.229996,131.339996,132.199997,62.689999,62.950001,61.990002,62.439999,124.900002,125.480003,124.190002,124.830002
23/05/2012,131.25,132.460007,129.990005,132.270004,61.91,62.709999,61.369999,62.560001,123.949997,124.800003,122.82,124.709999
24/05/2012,132.630005,132.839996,131.419998,132.529999,62.650002,62.709999,61.689999,62.150002,124.919998,125.160004,123.959999,125.120003
25/05/2012,132.479996,132.850006,131.779999,132.100006,62.209999,62.32,61.889999,62.07,124.93,125.099998,123.970001,124.260002
29/05/2012,133.160004,133.929993,131.169998,133.699997,62.650002,63.150002,62.279999,62.860001,125.230003,125.919998,124.900002,125.599998
30/05/2012,132.559998,133.690002,131.490005,131.759995,62.290001,62.549999,61.68,62.330002,124.529999,124.610001,123.739998,123.989998
31/05/2012,131.710007,132.449997,130.339996,131.470001,62.25,62.41,61.59,62.060001,124.019997,124.739998,123.010002,123.699997
01/06/2012,129.410004,131.5,128.160004,128.160004,60.939999,61.32,60.389999,60.41,122.129997,122.419998,120.910004,121.010002
04/06/2012,128.389999,128.740005,127.139999,128.100006,60.580002,60.959999,60.040001,60.869999,121.089996,121.279999,120.190002,120.779999
05/06/2012,127.849998,129.259995,127.779999,129.070007,60.66,61.240002,60.630001,61.119999,120.639999,121.32,120.519997,121.089996
06/06/2012,129.970001,132.029999,129.929993,131.970001,61.580002,62.57,61.52,62.52,121.989998,123.989998,121.949997,123.93
07/06/2012,133.470001,133.529999,131.779999,132.050003,63.18,63.18,62.220001,62.27,125.169998,125.43,124.260002,124.519997
08/06/2012,131.710007,133.130005,131.289993,133.100006,62.169998,62.950001,61.959999,62.869999,124.120003,125.43,123.860001,125.43
11/06/2012,134.169998,134.25,131.279999,131.410004,63.349998,63.380001,61.77,61.810001,126.379997,126.489998,123.849998,123.980003
12/06/2012,131.789993,133.009995,131.160004,132.919998,62.099998,62.59,61.68,62.560001,124.400002,125.660004,124.040001,125.589996
13/06/2012,132.529999,133.360001,131.619995,132.070007,62.380001,62.849998,61.919998,62.130001,125.339996,125.940002,124.480003,124.889999
14/06/2012,132.339996,134,131.979996,133.470001,62.119999,62.610001,61.799999,62.360001,125.120003,126.940002,124.949997,126.370003
15/06/2012,133.380005,134.259995,133.100006,134.139999,62.389999,63.080002,62.360001,62.990002,126.769997,127.480003,126.639999,127.339996
18/06/2012,133.580002,134.729996,133.279999,134.399994,62.73,63.740002,62.630001,63.580002,126.800003,127.540001,126.650002,127.129997
19/06/2012,135.080002,136.25,134.369995,135.699997,63.900002,64.510002,63.849998,64.239998,127.730003,128.710007,127.510002,128.059998
20/06/2012,135.710007,136.100006,134.270004,135.479996,64.379997,64.57,63.810001,64.290001,128.119995,128.490005,127.110001,127.959999
21/06/2012,135.639999,135.779999,132.330002,132.440002,64.239998,64.309998,62.619999,62.689999,128.149994,128.339996,125.339996,125.440002
22/06/2012,133.130005,133.710007,132.619995,133.460007,62.900002,63.43,62.73,63.349998,126.129997,126.480003,125.779999,126.230003
25/06/2012,132.050003,132.100006,130.850006,131.320007,62.830002,62.849998,61.950001,62.130001,125.059998,125.089996,124.32,124.760002
26/06/2012,131.699997,132.380005,130.929993,131.979996,62.34,62.700001,62.060001,62.52,125.029999,125.510002,124.25,125.080002
27/06/2012,132.419998,133.429993,131.970001,133.169998,62.759998,63.18,62.689999,62.900002,125.400002,126.230003,125.32,126.010002
28/06/2012,132.289993,132.990005,131.279999,132.789993,62.43,62.470001,61.540001,62.200001,125.019997,125.860001,124.25,125.800003
29/06/2012,135.199997,136.270004,134.850006,136.100006,63.400002,64.160004,63.209999,64.160004,127.75,128.570007,127.440002,128.449997
02/07/2012,136.479996,136.649994,135.520004,136.509995,64.25,64.379997,63.869999,64.349998,128.619995,128.770004,127.690002,128.360001
03/07/2012,136.479996,137.509995,136.339996,137.410004,64.389999,64.889999,64.290001,64.889999,128.369995,129.229996,128.240005,129.149994
05/07/2012,136.899994,137.800003,136.289993,136.789993,64.830002,65.25,64.480003,64.93,128.619995,129.410004,128.300003,128.779999
06/07/2012,135.470001,135.770004,134.850006,135.490005,64.629997,64.690002,63.650002,64.120003,127.790001,127.809998,126.870003,127.57
09/07/2012,135.380005,135.570007,134.699997,135.320007,64.050003,64.260002,63.68,64,127.419998,127.5,126.709999,127.239998
10/07/2012,136.009995,136.229996,133.679993,134.139999,64.349998,64.510002,63.119999,63.369999,127.959999,128.139999,125.910004,126.349998
11/07/2012,134.210007,134.600006,133.380005,134.160004,63.290001,63.459999,62.5,63.02,126.43,126.489998,125.190002,125.910004
12/07/2012,133.380005,134.229996,132.600006,133.509995,62.52,62.689999,61.860001,62.43,125.209999,126.160004,124.769997,125.57
13/07/2012,133.860001,135.889999,133.839996,135.75,62.599998,63.52,62.560001,63.380001,125.919998,127.709999,125.860001,127.620003
16/07/2012,135.440002,135.830002,134.899994,135.429993,63.240002,63.52,62.950001,63.200001,127.25,127.510002,126.75,127.120003
17/07/2012,135.970001,136.639999,134.550003,136.360001,63.599998,63.740002,62.630001,63.529999,127.529999,128.149994,126.290001,127.82
18/07/2012,136.039993,137.639999,135.960007,137.369995,63.41,64.580002,63.389999,64.389999,127.489998,129.149994,127.43,128.960007
19/07/2012,137.649994,138.179993,137.210007,137.729996,64.839996,65.309998,64.720001,65.099998,129.270004,129.710007,128.809998,129.320007
20/07/2012,136.949997,137.160004,136.320007,136.470001,65.080002,65.099998,64.209999,64.239998,128.350006,128.660004,127.809998,128.039993
23/07/2012,134.470001,136.380005,133.839996,135.089996,62.990002,63.68,62.509998,63.459999,126.019997,127.18,125.529999,126.910004
24/07/2012,135.190002,135.25,133.029999,133.929993,63.57,63.66,62.549999,62.959999,126.93,127.010002,124.940002,125.860001
25/07/2012,134.210007,134.559998,133.25,133.960007,62.470001,62.950001,62.150002,62.540001,126.599998,127.040001,126,126.510002
26/07/2012,135.889999,136.460007,135.259995,136.169998,63.439999,63.73,62.970001,63.369999,128.169998,129.029999,127.93,128.580002
27/07/2012,136.889999,139.070007,136.139999,138.679993,63.830002,64.989998,63.639999,64.870003,129.020004,130.889999,128.979996,130.539993
30/07/2012,138.520004,139.339996,138.270004,138.679993,65.029999,65.309998,64.599998,64.82,130.309998,130.990005,130.119995,130.399994
31/07/2012,138.490005,138.869995,137.710007,137.710007,64.919998,65.18,64.739998,64.800003,130.25,130.529999,129.690002,129.690002
01/08/2012,138.699997,138.729996,137.399994,137.589996,65.260002,65.279999,64.349998,64.610001,130.470001,130.5,129.179993,129.449997
02/08/2012,136.550003,137.570007,135.580002,136.639999,64.120003,65.019997,63.91,64.379997,128.660004,129.289993,127.510002,128.539993
03/08/2012,138.559998,139.639999,136.679993,139.350006,65.419998,65.879997,65.190002,65.599998,130.059998,131.070007,129.880005,130.729996
06/08/2012,139.720001,140.169998,139.559998,139.619995,65.940002,66.389999,65.800003,66.099998,130.940002,131.610001,130.880005,130.899994
07/08/2012,140.179993,140.919998,140.029999,140.320007,66.379997,66.919998,66.279999,66.650002,131.320007,131.889999,131.289993,131.380005
08/08/2012,139.850006,140.649994,139.809998,140.490005,66.480003,66.760002,66.370003,66.620003,130.940002,131.839996,130.889999,131.550003
09/08/2012,140.289993,140.889999,140.149994,140.610001,66.610001,66.910004,66.489998,66.82,131.5,131.869995,131.110001,131.570007
10/08/2012,140.039993,140.889999,139.809998,140.839996,66.580002,66.879997,66.410004,66.860001,131.149994,131.949997,130.789993,131.929993
13/08/2012,140.600006,140.839996,140.039993,140.770004,66.839996,67.029999,66.5,67.019997,131.740005,131.899994,131.020004,131.619995
14/08/2012,141.289993,141.380005,140.369995,140.789993,67.269997,67.410004,66.860001,67.050003,132.050003,132.160004,131.320007,131.660004
15/08/2012,140.639999,141.190002,140.550003,140.949997,67,67.32,66.989998,67.220001,131.509995,131.990005,131.440002,131.720001
16/08/2012,141.149994,142.160004,140.800003,141.990005,67.470001,68.169998,67.389999,68.019997,131.770004,132.75,131.5,132.570007
17/08/2012,142.229996,142.300003,141.860001,142.179993,68.169998,68.330002,68.010002,68.32,132.289993,132.520004,132.190002,132.419998
20/08/2012,141.979996,142.220001,141.589996,142.190002,68.269997,68.43,68,68.419998,132.190002,132.470001,131.990005,132.380005
21/08/2012,142.539993,143.089996,141.449997,141.759995,68.599998,68.879997,67.879997,68.150002,132.570007,133.020004,131.570007,131.770004
22/08/2012,141.399994,142.050003,141.070007,141.820007,68,68.559998,67.809998,68.43,131.570007,131.800003,130.940002,131.470001
23/08/2012,141.470001,141.479996,140.440002,140.660004,68.120003,68.339996,67.690002,67.870003,131.259995,131.289993,130.199997,130.380005
24/08/2012,140.309998,141.830002,140.220001,141.509995,67.709999,68.449997,67.599998,68.290001,130.210007,131.559998,130.059998,131.380005
27/08/2012,141.889999,142.080002,141.339996,141.539993,68.580002,68.669998,68.25,68.400002,131.419998,131.570007,130.949997,131.059998
28/08/2012,141.179993,141.839996,140.970001,141.399994,68.339996,68.589996,68.110001,68.400002,130.75,131.300003,130.600006,130.860001
29/08/2012,141.520004,141.889999,141.119995,141.509995,68.400002,68.57,68.110001,68.400002,130.869995,131.279999,130.630005,130.919998
30/08/2012,140.899994,140.940002,140.190002,140.490005,68.099998,68.129997,67.599998,67.709999,130.380005,130.389999,129.649994,129.919998
31/08/2012,141.289993,141.820007,140.360001,141.160004,68.199997,68.449997,67.470001,68.160004,130.639999,131.399994,130.039993,130.880005
04/09/2012,141.039993,141.460007,140.130005,141.029999,68.029999,68.349998,67.419998,68.089996,130.740005,130.800003,129.630005,130.229996
05/09/2012,141.089996,141.470001,140.630005,140.910004,68.059998,68.349998,67.839996,68.019997,130.369995,130.830002,130.039993,130.369995
06/09/2012,141.759995,143.779999,141.75,143.770004,68.440002,69.550003,68.419998,69.529999,131.160004,132.830002,131.160004,132.820007
07/09/2012,144.009995,144.389999,143.880005,144.330002,69.370003,69.550003,69.230003,69.43,132.889999,133.089996,132.570007,132.940002
10/09/2012,144.190002,144.440002,143.460007,143.509995,69.25,69.400002,68.489998,68.540001,132.770004,133.160004,132.419998,132.479996
11/09/2012,143.600006,144.369995,143.559998,143.910004,68.550003,68.82,68.32,68.43,132.600006,133.449997,132.589996,133.089996
12/09/2012,144.389999,144.550003,143.899994,144.389999,68.68,68.809998,68.209999,68.629997,133.460007,133.649994,133.080002,133.369995
13/09/2012,144.369995,147.039993,143.990005,146.589996,68.690002,69.860001,68.620003,69.559998,133.270004,135.710007,133.210007,135.389999
14/09/2012,146.880005,148.110001,146.759995,147.240005,69.809998,70.43,69.790001,70.18,135.619995,136.479996,135.410004,135.860001
17/09/2012,146.940002,147.190002,146.369995,146.740005,70.220001,70.239998,69.959999,70.209999,135.570007,135.880005,135.240005,135.529999
18/09/2012,146.490005,146.809998,146.25,146.619995,70.029999,70.300003,70.019997,70.269997,135.149994,135.789993,135.149994,135.610001
19/09/2012,146.789993,147.169998,146.410004,146.699997,70.260002,70.580002,70.059998,70.400002,135.850006,136.240005,135.550003,135.729996
20/09/2012,146.029999,146.789993,145.630005,146.710007,70.059998,70.400002,69.870003,70.330002,135.199997,135.979996,135,135.949997
21/09/2012,146.639999,146.669998,145.809998,145.869995,70.480003,70.540001,70.080002,70.150002,136.210007,136.240005,135.399994,135.470001
24/09/2012,145.149994,145.979996,145.039993,145.649994,69.57,69.860001,69.419998,69.739998,134.919998,135.729996,134.880005,135.320007
25/09/2012,145.960007,146.240005,144.059998,144.100006,69.919998,70.080002,68.730003,68.760002,135.529999,135.899994,134.279999,134.339996
26/09/2012,144.070007,144.110001,142.949997,143.289993,68.669998,68.709999,67.849998,68.199997,134.369995,134.509995,133.740005,133.899994
27/09/2012,143.889999,144.970001,143.509995,144.639999,68.370003,69.300003,68.25,69.139999,134.440002,134.940002,133.850006,134.600006
28/09/2012,144.089996,144.559998,143.460007,143.970001,68.910004,69.120003,68.510002,68.57,133.919998,134.479996,133.360001,134.050003
01/10/2012,144.520004,145.690002,144.009995,144.350006,68.900002,69.330002,68.25,68.470001,134.619995,135.690002,134.529999,134.779999
02/10/2012,144.919998,145.149994,143.830002,144.5,68.769997,68.980003,68.129997,68.669998,135.110001,135.380005,133.940002,134.479996
03/10/2012,144.889999,145.429993,144.130005,145.089996,68.860001,69.239998,68.589996,69.110001,134.75,135.110001,134.100006,134.679993
04/10/2012,145.639999,146.339996,145.440002,146.130005,69.220001,69.540001,69,69.349998,135.149994,135.710007,134.960007,135.520004
05/10/2012,146.910004,147.160004,145.699997,146.139999,69.699997,69.800003,68.800003,68.980003,136.089996,136.440002,135.479996,135.960007
08/10/2012,145.600006,146.119995,145.309998,145.639999,68.580002,68.720001,68.190002,68.349998,135.399994,135.860001,135.320007,135.649994
09/10/2012,145.529999,145.649994,144.149994,144.199997,68.169998,68.339996,67.099998,67.260002,135.419998,135.740005,134.550003,134.589996
10/10/2012,144.179993,144.320007,143.089996,143.279999,67.239998,67.43,66.800003,66.919998,134.399994,134.449997,133.070007,133.279999
11/10/2012,144.279999,144.490005,143.330002,143.360001,67.419998,67.470001,66.669998,66.709999,133.910004,134.100006,133.080002,133.130005
12/10/2012,143.460007,143.949997,142.580002,142.889999,66.699997,67.059998,66.550003,66.68,133.259995,133.830002,132.75,133.130005
15/10/2012,143.229996,144.229996,142.770004,144.080002,66.93,67.260002,66.529999,67.169998,133.339996,134.190002,133.059998,134.020004
16/10/2012,144.759995,145.639999,144.660004,145.539993,67.269997,68.199997,67.25,68.120003,134.649994,135.360001,134.570007,135.300003
17/10/2012,145.639999,146.320007,145.419998,146.199997,67.769997,68.300003,67.68,68.080002,134.949997,135.460007,134.850006,135.429993
18/10/2012,145.820007,146.520004,145.330002,145.820007,67.860001,68.080002,67.040001,67.290001,135.259995,135.770004,135,135.360001
19/10/2012,145.550003,145.559998,143.050003,143.389999,67.209999,67.269997,65.599998,65.68,134.800003,134.800003,132.809998,133.110001
22/10/2012,143.149994,143.669998,142.279999,143.410004,65.650002,66.190002,65.5,66.019997,132.929993,133.389999,132.039993,133.100006
23/10/2012,141.860001,142.059998,140.830002,141.419998,65.480003,65.949997,65.190002,65.389999,131.600006,131.630005,130.529999,130.740005
24/10/2012,141.929993,142.100006,140.800003,141.020004,65.760002,65.870003,65.059998,65.160004,131,131.25,130.339996,130.5
25/10/2012,142.020004,142.279999,140.570007,141.429993,65.610001,65.720001,64.970001,65.160004,131.190002,131.350006,130.089996,130.779999
26/10/2012,141.300003,141.839996,140.389999,141.350006,65.160004,65.620003,64.650002,65.349998,130.679993,131.229996,130.089996,130.789993
31/10/2012,141.850006,142.029999,140.679993,141.350006,65.269997,65.389999,64.730003,64.949997,131.350006,131.589996,130.229996,130.600006
01/11/2012,141.649994,143.009995,141.520004,142.830002,65.360001,66,65.169998,65.870003,131.020004,132.440002,130.970001,131.979996
02/11/2012,143.679993,143.720001,141.410004,141.559998,66.169998,66.209999,65.110001,65.169998,132.559998,132.610001,130.470001,130.669998
05/11/2012,141.350006,142.169998,140.929993,141.850006,65.18,65.730003,65.040001,65.599998,130.460007,131.130005,130.110001,130.869995
06/11/2012,142.279999,143.520004,142.130005,142.960007,65.709999,66.169998,65.459999,65.720001,131.279999,132.630005,131.199997,132.050003
07/11/2012,141.660004,141.679993,139.059998,139.720001,65.019997,65.099998,63.900002,64.169998,131.050003,131.050003,128.649994,129.25
08/11/2012,139.699997,140.410004,137.929993,138.039993,64.349998,64.5,63.16,63.16,129.179993,129.679993,127.989998,127.989998
09/11/2012,137.619995,139.440002,137.550003,138.160004,63.200001,64.110001,63.16,63.43,127.360001,128.789993,127.279999,127.919998
12/11/2012,138.589996,138.809998,137.960007,138.270004,63.799999,63.869999,63.25,63.419998,128.190002,128.539993,127.699997,128.039993
13/11/2012,137.539993,139.25,137.360001,137.789993,62.93,63.580002,62.779999,62.98,127.410004,128.919998,127.330002,127.529999
14/11/2012,138.210007,138.429993,135.619995,135.929993,63.290001,63.360001,62.139999,62.240002,127.82,128.039993,125.459999,125.760002
15/11/2012,135.979996,136.490005,135.179993,135.699997,62.279999,62.490002,61.799999,62.029999,125.57,126.050003,125.010002,125.510002
16/11/2012,135.899994,136.639999,134.699997,136.369995,62.080002,62.48,61.310001,62.299999,125.25,125.769997,124.419998,125.599998
19/11/2012,137.899994,139.149994,136.410004,139.130005,62.98,63.830002,62.959999,63.779999,126.629997,127.68,126.510002,127.629997
20/11/2012,138.910004,139.419998,138.080002,139.190002,63.759998,63.889999,63.189999,63.799999,127.309998,127.870003,126.75,127.709999
21/11/2012,139.309998,139.570007,139.029999,139.449997,63.869999,64.019997,63.599998,63.93,127.650002,128.220001,127.540001,128.149994
23/11/2012,140.130005,141.399994,140.039993,141.350006,64.290001,64.919998,64.25,64.900002,128.669998,129.910004,128.660004,129.889999
26/11/2012,140.649994,141.360001,140.190002,141.050003,64.739998,65.220001,64.540001,65.18,129.119995,129.520004,128.789993,129.520004
27/11/2012,140.910004,141.389999,140.240005,140.330002,65.169998,65.400002,64.849998,64.959999,129.179993,129.649994,128.509995,128.679993
28/11/2012,139.759995,141.539993,139,141.460007,64.650002,65.57,64.25,65.519997,128.169998,129.75,127.470001,129.639999
29/11/2012,141.990005,142.509995,141.369995,142.119995,65.870003,66.139999,65.580002,65.910004,130.229996,130.539993,129.509995,130.139999
30/11/2012,142.139999,142.419998,141.660004,142.149994,65.919998,65.970001,65.610001,65.800003,130.25,130.460007,129.779999,130.100006
03/12/2012,142.800003,142.919998,141.339996,141.449997,66.309998,66.370003,65.639999,65.669998,130.690002,130.800003,129.490005,129.550003
04/12/2012,141.440002,141.869995,140.869995,141.25,65.699997,65.769997,65.199997,65.629997,129.610001,130.139999,129.300003,129.389999
05/12/2012,141.369995,142.160004,140.369995,141.5,65.529999,65.540001,64.550003,64.900002,129.710007,130.820007,129.160004,130.240005
06/12/2012,141.369995,142.039993,141.160004,141.979996,64.699997,65.480003,64.529999,65.32,130.339996,130.800003,130.089996,130.740005
07/12/2012,142.529999,142.690002,141.669998,142.410004,65.639999,65.709999,64.709999,64.93,131.300003,131.610001,130.820007,131.559998
10/12/2012,142.210007,142.809998,142.149994,142.470001,64.75,65.459999,64.75,65.120003,131.589996,132.009995,131.570007,131.740005
11/12/2012,143.059998,144.110001,142.990005,143.440002,65.57,66.339996,65.519997,65.970001,132.210007,133.119995,132.179993,132.5
12/12/2012,144,144.550003,143.309998,143.509995,66.32,66.32,65.650002,65.830002,132.979996,133.339996,132.330002,132.509995
13/12/2012,143.419998,143.830002,142.270004,142.630005,65.699997,66.160004,65.029999,65.309998,132.529999,132.720001,131.550003,131.820007
14/12/2012,142.320007,142.580002,141.880005,142.100006,64.870003,65.080002,64.470001,64.690002,131.699997,132,131.259995,131.460007
17/12/2012,142.470001,143.850006,142.429993,143.770004,64.75,65.57,64.660004,65.550003,131.649994,132.520004,131.630005,132.440002
18/12/2012,144,145.5,143.789993,145.369995,65.879997,66.650002,65.699997,66.550003,132.679993,133.729996,132.380005,133.550003
19/12/2012,145.529999,145.580002,144.240005,144.289993,66.739998,66.760002,66.220001,66.260002,133.669998,133.699997,132.600006,132.619995
20/12/2012,144.380005,145.139999,143.979996,145.119995,66.379997,66.410004,65.93,66.260002,132.570007,133.279999,132.270004,133.190002
21/12/2012,142.169998,144.089996,141.940002,142.789993,64.879997,65.279999,64.599998,65.199997,131.059998,132.020004,130.830002,131.789993
24/12/2012,142.479996,142.559998,142.190002,142.350006,65.029999,65.139999,64.919998,65.07,131.289993,131.419998,130.970001,130.970001
26/12/2012,142.639999,142.710007,141.350006,141.75,65.120003,65.18,64.290001,64.5,131.289993,131.479996,130.470001,130.809998
27/12/2012,141.789993,142.080002,139.919998,141.559998,64.559998,64.639999,63.599998,64.400002,130.940002,131.139999,129.339996,130.600006
28/12/2012,140.639999,141.419998,139.869995,140.029999,63.91,64.43,63.75,63.779999,129.820007,130.449997,128.970001,129.070007
31/12/2012,139.660004,142.559998,139.539993,142.410004,63.709999,65.25,63.580002,65.129997,128.660004,130.899994,128.539993,130.580002
02/01/2013,145.110001,146.149994,144.729996,146.059998,66.730003,67.230003,66.480003,67.199997,132.990005,133.860001,132.889999,133.770004
03/01/2013,145.990005,146.369995,145.339996,145.729996,67.199997,67.339996,66.650002,66.849998,133.639999,134.050003,133.309998,133.630005
04/01/2013,145.970001,146.610001,145.669998,146.369995,66.879997,66.879997,66.470001,66.629997,133.699997,134.199997,133.490005,134.059998
07/01/2013,145.850006,146.110001,145.429993,145.970001,66.459999,66.760002,66.25,66.650002,133.690002,133.729996,133.160004,133.509995
08/01/2013,145.710007,145.910004,144.979996,145.550003,66.639999,66.82,66.169998,66.519997,133.320007,133.5,132.740005,133.059998
09/01/2013,145.869995,146.320007,145.639999,145.919998,66.620003,66.949997,66.550003,66.769997,133.399994,133.979996,133.399994,133.710007
10/01/2013,146.729996,147.089996,145.970001,147.080002,67.230003,67.269997,66.550003,67.169998,134.199997,134.580002,133.630005,134.539993
11/01/2013,147.039993,147.149994,146.610001,147.070007,67.139999,67.290001,67,67.260002,134.460007,134.800003,134.210007,134.720001
14/01/2013,146.889999,147.070007,146.429993,146.970001,66.919998,67.150002,66.669998,66.959999,134.660004,135,134.399994,134.889999
15/01/2013,146.289993,147.210007,146.199997,147.070007,66.629997,66.730003,66.330002,66.629997,134.289993,135.259995,134.240005,135.080002
16/01/2013,146.770004,147.279999,146.610001,147.050003,66.720001,67.129997,66.599998,66.900002,134.619995,135.050003,134.539993,134.889999
17/01/2013,147.699997,148.419998,147.149994,148,67.169998,67.480003,67.059998,67.220001,135.369995,136.190002,135.229996,135.830002
18/01/2013,147.970001,148.490005,147.429993,148.330002,67.019997,67.139999,66.769997,67.07,135.809998,136.160004,135.419998,136.089996
22/01/2013,148.330002,149.130005,147.979996,149.130005,67.139999,67.230003,66.730003,67.18,136.130005,136.770004,135.919998,136.740005
23/01/2013,149.130005,149.5,148.860001,149.369995,67.559998,67.790001,67.459999,67.589996,137.190002,137.630005,137.139999,137.460007
24/01/2013,149.149994,150.139999,149.009995,149.410004,66.660004,67.279999,66.559998,66.660004,137.589996,138.490005,137.570007,138.020004
25/01/2013,149.880005,150.25,149.369995,150.25,66.870003,67.190002,66.739998,67,138.389999,138.630005,138.039993,138.619995
28/01/2013,150.289993,150.330002,149.509995,150.070007,67.010002,67.379997,66.93,67.150002,138.850006,138.880005,138.300003,138.649994
29/01/2013,149.770004,150.850006,149.669998,150.660004,67.07,67.309998,66.629997,67.160004,138.440002,139.380005,138.440002,139.229996
30/01/2013,150.639999,150.940002,149.929993,150.070007,67.279999,67.480003,66.870003,67.019997,139.229996,139.369995,138.669998,138.759995
31/01/2013,149.889999,150.380005,149.600006,149.699997,66.989998,67.349998,66.809998,66.870003,138.759995,140.220001,138.320007,138.410004
01/02/2013,150.649994,151.419998,150.389999,151.240005,67.339996,67.779999,67.07,67.660004,139.289993,139.889999,139.039993,139.740005
04/02/2013,150.320007,151.270004,149.429993,149.539993,67.269997,67.459999,66.459999,66.480003,138.809998,138.979996,138.360001,138.570007
05/02/2013,150.350006,151.479996,150.289993,151.050003,66.769997,67.669998,66.610001,67.459999,139.240005,139.850006,139.210007,139.389999
06/02/2013,150.520004,151.259995,150.410004,151.160004,67.239998,67.550003,67.040001,67.239998,138.880005,139.699997,138.880005,139.580002
07/02/2013,151.210007,151.350006,149.860001,150.960007,67.32,67.370003,66.559998,67.300003,139.589996,139.639999,138.320007,139.289993
08/02/2013,151.220001,151.889999,151.220001,151.800003,67.639999,68.129997,67.629997,67.989998,139.369995,140.029999,139.369995,139.729996
11/02/2013,151.740005,151.899994,151.389999,151.770004,68.029999,68.059998,67.779999,68.010002,139.619995,139.679993,139.210007,139.520004
12/02/2013,151.779999,152.300003,151.610001,152.020004,67.919998,68.050003,67.660004,67.730003,139.589996,140.210007,139.509995,140.050003
13/02/2013,152.330002,152.610001,151.720001,152.149994,67.93,68.230003,67.769997,67.970001,140.229996,140.360001,139.5,139.869995
14/02/2013,151.690002,152.470001,151.520004,152.289993,67.660004,68.050003,67.620003,67.949997,139.380005,139.960007,139.259995,139.860001
15/02/2013,152.429993,152.589996,151.550003,152.110001,67.940002,68.110001,67.559998,67.75,139.509995,139.710007,138.75,139.449997
19/02/2013,152.369995,153.279999,152.160004,153.25,67.879997,68.260002,67.860001,68.239998,139.559998,140.160004,139.520004,139.970001
20/02/2013,153.139999,153.190002,151.259995,151.339996,68.220001,68.25,67.18,67.190002,140,140.279999,138.880005,138.880005
21/02/2013,150.960007,151.419998,149.940002,150.419998,66.940002,67.010002,66.230003,66.470001,138.649994,138.880005,138.059998,138.509995
22/02/2013,151.149994,151.889999,150.490005,151.889999,66.849998,67.150002,66.589996,67.139999,139.240005,139.830002,138.860001,139.809998
25/02/2013,152.630005,152.860001,149,149,67.57,67.809998,66.25,66.309998,140.330002,140.589996,137.600006,137.660004
26/02/2013,149.720001,150.199997,148.729996,150.020004,66.400002,66.68,65.959999,66.559998,138.350006,138.960007,137.979996,138.779999
27/02/2013,149.889999,152.330002,149.759995,151.910004,66.559998,67.650002,66.470001,67.239998,138.740005,140.869995,138.639999,140.600006
28/02/2013,151.899994,152.869995,151.410004,151.610001,67.25,67.739998,67.089996,67.099998,140.449997,141.309998,140.179993,140.279999
01/03/2013,151.089996,152.339996,150.410004,152.110001,66.870003,67.5,66.540001,67.379997,139.889999,140.899994,139.169998,140.740005
04/03/2013,151.759995,152.919998,151.520004,152.919998,67.160004,67.690002,67.07,67.68,140.360001,141.100006,140.100006,141.070007
05/03/2013,153.660004,154.699997,153.639999,154.289993,68.080002,68.769997,68.080002,68.68,141.690002,142.679993,141.690002,142.339996
06/03/2013,154.839996,154.919998,154.160004,154.5,68.889999,68.910004,68.419998,68.510002,142.910004,143.070007,142.490005,142.839996
07/03/2013,154.699997,154.979996,154.520004,154.779999,68.589996,68.800003,68.449997,68.690002,142.979996,143.389999,142.899994,143.139999
08/03/2013,155.460007,155.649994,154.660004,155.440002,68.919998,69.019997,68.5,68.769997,143.949997,144.020004,143.210007,143.759995
11/03/2013,155.320007,156.039993,155.130005,156.029999,68.68,68.989998,68.470001,68.970001,143.729996,144.360001,143.610001,144.360001
12/03/2013,155.919998,156.100006,155.210007,155.679993,68.769997,68.93,68.389999,68.720001,144.289993,144.699997,144.029999,144.399994
13/03/2013,155.759995,156.119995,155.229996,155.899994,68.809998,68.889999,68.389999,68.629997,144.440002,144.710007,144.089996,144.460007
14/03/2013,156.309998,156.800003,155.910004,156.729996,68.870003,69.010002,68.709999,68.860001,144.809998,145.350006,144.759995,145.330002
15/03/2013,155.850006,156.039993,155.309998,155.830002,68.75,68.790001,68.339996,68.510002,144.820007,144.889999,144.389999,144.820007
18/03/2013,154.339996,155.639999,154.199997,154.970001,67.879997,68.639999,67.730003,68.360001,143.850006,144.880005,143.699997,144.169998
19/03/2013,155.300003,155.509995,153.589996,154.610001,68.57,68.699997,67.620003,68.230003,144.509995,144.830002,143.479996,144.300003
20/03/2013,155.520004,155.949997,155.259995,155.690002,68.709999,68.860001,68.389999,68.709999,144.860001,145.149994,144.589996,144.809998
21/03/2013,154.759995,155.639999,154.100006,154.360001,68.080002,68.25,67.769997,67.93,144.119995,144.589996,143.490005,143.889999
22/03/2013,154.850006,155.600006,154.729996,155.600006,68.209999,68.639999,68.129997,68.589996,144.309998,144.940002,144.279999,144.899994
25/03/2013,156.009995,156.270004,154.350006,154.949997,68.809998,68.959999,68.010002,68.339996,145.089996,145.320007,143.600006,144.210007
26/03/2013,155.589996,156.229996,155.419998,156.190002,68.599998,68.730003,68.449997,68.709999,144.669998,145.289993,144.630005,145.279999
27/03/2013,155.259995,156.240005,155,156.190002,68.239998,68.849998,68.139999,68.800003,144.350006,145.089996,144.059998,144.960007
28/03/2013,156.089996,156.850006,155.75,156.669998,68.800003,69.059998,68.639999,68.970001,145.009995,145.529999,144.839996,145.320007
01/04/2013,156.589996,156.910004,155.669998,156.050003,69.019997,69.089996,68.309998,68.5,145.300003,145.729996,144.970001,145.380005
02/04/2013,156.610001,157.210007,156.369995,156.820007,68.830002,69.269997,68.769997,69.040001,145.869995,146.5,145.779999,146.270004
03/04/2013,156.910004,157.029999,154.820007,155.229996,69.080002,69.18,68.239998,68.410004,146.240005,146.470001,144.949997,145.139999
04/04/2013,155.429993,156.169998,155.089996,155.860001,68.379997,68.599998,68.059998,68.43,145.360001,145.979996,145.089996,145.770004
05/04/2013,153.949997,155.350006,153.770004,155.160004,67.349998,67.959999,67.190002,67.860001,144.179993,145.509995,144.050003,145.309998
08/04/2013,155.270004,156.220001,154.75,156.210007,67.889999,68.239998,67.690002,68.220001,145.320007,145.949997,144.759995,145.949997
09/04/2013,156.5,157.320007,155.979996,156.75,68.400002,68.959999,68.089996,68.68,146.080002,146.960007,145.75,146.509995
10/04/2013,157.169998,158.869995,157.130005,158.669998,68.919998,70.169998,68.879997,70.019997,146.979996,148.059998,146.960007,147.779999
11/04/2013,158.699997,159.710007,158.539993,159.190002,69.849998,70.150002,69.769997,69.989998,147.820007,148.660004,147.630005,148.399994
12/04/2013,158.679993,159.039993,157.919998,158.800003,69.82,69.989998,69.410004,69.940002,147.990005,148.460007,147.679993,148.419998
15/04/2013,158,158.130005,155.100006,155.119995,69.68,69.790001,68.480003,68.559998,147.899994,147.929993,145.720001,145.809998
16/04/2013,156.289993,157.490005,155.910004,157.410004,68.949997,69.550003,68.809998,69.470001,146.979996,147.389999,146.369995,147.360001
17/04/2013,156.289993,156.320007,154.279999,155.110001,68.870003,68.889999,67.709999,68.110001,146.550003,146.600006,145.369995,145.949997
18/04/2013,155.369995,155.410004,153.550003,154.139999,68.290001,68.330002,66.879997,67.169998,146.100006,146.119995,144.770004,145.179993
19/04/2013,154.5,155.550003,154.119995,155.479996,67.300003,68.230003,67.199997,68.089996,144.710007,145.210007,144.360001,145.139999
22/04/2013,155.779999,156.539993,154.75,156.169998,68.330002,69.040001,68.080002,68.790001,145.380005,145.570007,144.240005,145.320007
23/04/2013,156.949997,157.929993,156.169998,157.779999,69.18,69.699997,68.82,69.449997,146.130005,146.899994,145.149994,146.800003
24/04/2013,157.830002,158.300003,157.539993,157.880005,69.279999,69.669998,69.120003,69.419998,147.020004,147.210007,146.389999,146.449997
25/04/2013,158.339996,159.270004,158.100006,158.520004,69.599998,70.050003,69.589996,69.790001,146.639999,147.419998,146.360001,146.759995
26/04/2013,158.330002,158.600006,157.729996,158.240005,69.620003,69.769997,69.269997,69.57,146.550003,147.149994,146.520004,146.880005
29/04/2013,158.669998,159.649994,158.419998,159.300003,69.790001,70.480003,69.760002,70.209999,147.199997,148.149994,146.910004,147.860001
30/04/2013,159.270004,159.720001,158.610001,159.679993,70.300003,70.730003,70.040001,70.720001,147.869995,148.110001,147.050003,148.020004
01/05/2013,159.330002,159.410004,158.100006,158.279999,70.739998,70.849998,70.25,70.389999,147.559998,147.809998,146.580002,146.740005
02/05/2013,158.679993,159.889999,158.529999,159.75,70.510002,71.43,70.449997,71.279999,147.119995,148.050003,146.910004,147.960007
03/05/2013,161.139999,161.880005,159.779999,161.369995,71.970001,72.339996,71.910004,72.120003,149.259995,149.820007,149.199997,149.360001
06/05/2013,161.490005,162.009995,161.419998,161.779999,72.25,72.510002,72.190002,72.400002,149.360001,149.600006,149.139999,149.429993
07/05/2013,162.130005,162.649994,161.669998,162.600006,72.519997,72.57,72.089996,72.360001,149.770004,150.279999,149.440002,150.259995
08/05/2013,162.419998,163.389999,162.330002,163.339996,72.32,72.769997,72.199997,72.709999,150.130005,150.960007,150.100006,150.940002
09/05/2013,163.270004,163.699997,162.470001,162.880005,72.57,73.099998,72.470001,72.610001,150.899994,151.369995,150.389999,150.839996
10/05/2013,162.990005,163.550003,162.509995,163.410004,72.760002,73.080002,72.629997,73.050003,150.910004,151.100006,150.289993,151.039993
13/05/2013,163.199997,163.809998,162.820007,163.539993,72.93,73.32,72.860001,73.139999,150.75,151.009995,150.479996,150.860001
14/05/2013,163.669998,165.350006,163.669998,165.229996,73.160004,73.739998,73.129997,73.519997,150.880005,152.169998,150.860001,152.130005
15/05/2013,164.960007,166.449997,164.910004,166.119995,73.379997,73.739998,73.199997,73.669998,151.880005,153.110001,151.860001,152.779999
16/05/2013,165.779999,166.360001,165.089996,165.339996,73.730003,74.099998,73.550003,73.589996,152.639999,153.110001,152.240005,152.449997
17/05/2013,165.949997,167.039993,165.729996,166.940002,73.970001,74.330002,73.730003,74.300003,152.419998,153.240005,152.210007,153.139999
20/05/2013,166.779999,167.580002,166.610001,166.929993,74.160004,74.43,73.889999,74.190002,153.039993,153.559998,152.820007,153.039993
21/05/2013,167.080002,167.800003,166.5,167.169998,74.150002,74.540001,73.889999,74.269997,153.279999,154.020004,152.889999,153.509995
22/05/2013,167.339996,169.070007,165.169998,165.929993,74.360001,74.949997,73.239998,73.620003,153.710007,155.139999,152.350006,152.839996
23/05/2013,164.160004,165.910004,163.940002,165.449997,72.970001,73.699997,72.830002,73.449997,151.669998,153.240005,151.550003,152.770004
24/05/2013,164.470001,165.380005,163.979996,165.309998,72.959999,73.43,72.760002,73.410004,152.160004,152.820007,151.729996,152.770004
28/05/2013,167.039993,167.779999,165.809998,166.300003,74.269997,74.540001,73.660004,73.889999,154.210007,154.979996,153.479996,153.880005
29/05/2013,165.419998,165.800003,164.339996,165.220001,73.599998,73.800003,73.120003,73.540001,153.020004,153.25,152.020004,152.839996
30/05/2013,165.350006,166.589996,165.220001,165.830002,73.57,74.279999,73.550003,73.93,152.860001,153.800003,152.600006,153.100006
31/05/2013,165.369995,166.309998,163.130005,163.449997,73.650002,74.209999,73.169998,73.25,152.610001,153.729996,150.899994,151.100006
03/06/2013,163.830002,164.460007,162.660004,164.350006,73.260002,73.400002,72.43,73.379997,151.539993,152.360001,151.100006,152.309998
04/06/2013,164.440002,165.100006,162.729996,163.559998,73.529999,73.82,72.699997,73,152.259995,152.910004,150.820007,151.639999
05/06/2013,163.089996,163.419998,161.130005,161.270004,72.760002,73.040001,71.989998,72.050003,151.220001,151.429993,149.289993,149.309998
06/06/2013,161.199997,162.740005,160.25,162.729996,72.150002,72.410004,71.470001,72.400002,149.380005,150.270004,148.309998,150.25
07/06/2013,163.850006,164.949997,163.139999,164.800003,72.699997,73.470001,72.519997,73.389999,151.160004,152.440002,150.699997,152.320007
10/06/2013,165.309998,165.399994,164.369995,164.800003,73.529999,73.760002,73.260002,73.419998,152.789993,152.880005,151.979996,152.210007
11/06/2013,163.300003,164.539993,162.740005,163.100006,72.690002,73.339996,72.440002,72.690002,151.080002,152.419998,150.699997,151.199997
12/06/2013,164.220001,164.389999,161.600006,161.75,73.110001,73.139999,71.739998,71.849998,152.179993,152.350006,149.699997,149.860001
13/06/2013,161.660004,164.5,161.300003,164.210007,71.75,72.919998,71.550003,72.760002,149.740005,151.990005,149.479996,151.759995
14/06/2013,164.029999,164.669998,162.910004,163.179993,72.760002,72.839996,72.169998,72.279999,151.600006,152.009995,150.389999,150.660004
17/06/2013,164.289993,165.220001,163.220001,164.440002,72.849998,73.400002,72.599998,72.980003,151.630005,152.580002,151.050003,151.779999
18/06/2013,164.529999,165.990005,164.520004,165.740005,73.080002,73.720001,73.059998,73.580002,151.960007,153.360001,151.919998,153.100006
19/06/2013,165.600006,165.889999,163.380005,163.449997,73.599998,73.68,72.68,72.760002,152.940002,153.220001,151.050003,151.089996
20/06/2013,161.860001,163.470001,158.979996,159.399994,71.919998,72.160004,70.790001,71.029999,149.839996,149.880005,147.289993,147.580002
21/06/2013,159.639999,159.759995,157.470001,159.070007,70.779999,70.970001,69.839996,70.43,148.029999,148.279999,146.529999,147.729996
24/06/2013,157.410004,158.429993,155.729996,157.059998,69.849998,70.269997,69.150002,69.730003,146.330002,147.429993,145.169998,146.279999
25/06/2013,158.479996,160.100006,157.419998,158.570007,70.400002,70.519997,69.809998,70.239998,147.410004,147.800003,146.619995,147.300003
26/06/2013,159.869995,160.5,159.25,160.139999,70.839996,71,70.589996,70.870003,148.300003,149.070007,147.970001,148.789993
27/06/2013,161.100006,161.820007,160.949997,161.080002,71.239998,71.620003,71.129997,71.169998,149.690002,150.419998,149.550003,149.899994
28/06/2013,160.630005,161.399994,159.860001,160.419998,70.949997,71.690002,70.790001,71.269997,149.320007,150.029999,148.470001,148.550003
01/07/2013,161.259995,162.479996,161.080002,161.360001,71.75,72.300003,71.639999,71.709999,149.520004,150.5,149.220001,149.419998
02/07/2013,161.119995,162.300003,160.5,161.210007,71.68,72.18,71.349998,71.739998,149.149994,150.210007,148.399994,148.929993
03/07/2013,160.479996,161.770004,160.220001,161.279999,71.480003,72.370003,71.419998,72.029999,148.419998,149.979996,148.25,149.539993
05/07/2013,162.470001,163.080002,161.300003,163.020004,72.440002,72.610001,71.860001,72.580002,150.720001,151.089996,149.410004,151.020004
08/07/2013,163.860001,164.389999,163.080002,163.949997,72.959999,72.989998,72.379997,72.650002,151.779999,152.429993,151.679993,152.020004
09/07/2013,164.979996,165.330002,164.270004,165.130005,72.989998,73.25,72.650002,73.089996,152.710007,152.990005,152.220001,152.789993
10/07/2013,164.970001,165.75,164.630005,165.190002,73.019997,73.620003,72.980003,73.510002,152.770004,153.289993,152.360001,152.710007
11/07/2013,167.110001,167.610001,165.179993,167.440002,74.300003,75.029999,74.25,74.970001,154.350006,154.619995,153.710007,154.380005
12/07/2013,167.389999,167.929993,167.130005,167.509995,75.019997,75.349998,74.82,75.300003,154.419998,154.759995,153.889999,154.169998
15/07/2013,167.970001,168.389999,167.679993,168.149994,75.379997,75.519997,75.169998,75.470001,154.559998,154.869995,154.330002,154.639999
16/07/2013,168.259995,168.360001,167.070007,167.520004,75.529999,75.589996,75.18,75.370003,154.600006,154.740005,153.929993,154.300003
17/07/2013,168.160004,168.479996,167.729996,167.949997,75.599998,75.739998,75.349998,75.559998,154.639999,154.850006,154.179993,154.440002
18/07/2013,168.309998,169.270004,168.199997,168.869995,75.550003,75.739998,75.25,75.370003,154.979996,155.740005,154.559998,155.339996
19/07/2013,168.520004,169.229996,168.309998,169.169998,74.720001,74.739998,74.370003,74.589996,154.880005,155.139999,154.570007,155.119995
22/07/2013,169.410004,169.740005,169.009995,169.5,74.870003,74.980003,74.580002,74.809998,155.119995,155.419998,154.809998,155.110001
23/07/2013,169.800003,169.830002,169.050003,169.139999,74.949997,74.959999,74.199997,74.260002,155.570007,155.669998,155.080002,155.360001
24/07/2013,169.789993,169.860001,168.179993,168.520004,74.989998,75.019997,74.330002,74.5,155.610001,155.699997,154.610001,155.100006
25/07/2013,168.220001,169.080002,167.940002,168.929993,74.849998,75.059998,74.459999,74.970001,154.539993,155.25,154.199997,155.119995
26/07/2013,168.220001,169.160004,167.520004,169.110001,74.669998,75.379997,74.550003,75.370003,154.479996,155.25,153.669998,155.160004
29/07/2013,168.679993,169.059998,168.110001,168.589996,75.220001,75.540001,75.029999,75.230003,154.860001,155.139999,154.449997,154.929993
30/07/2013,169.100006,169.279999,168.190002,168.589996,75.5,75.949997,75.349998,75.629997,155.399994,155.580002,154.419998,154.910004
31/07/2013,168.940002,169.850006,168.490005,168.710007,75.779999,76.209999,75.629997,75.769997,155.119995,156.029999,154.559998,154.839996
01/08/2013,169.990005,170.809998,169.899994,170.660004,76.290001,76.650002,76.209999,76.540001,155.889999,156.160004,155.669998,155.889999
02/08/2013,170.279999,170.970001,170.050003,170.949997,76.550003,76.989998,76.379997,76.970001,155.470001,156.240005,155.229996,156.199997
05/08/2013,170.570007,170.960007,170.350006,170.699997,76.93,77.080002,76.779999,77.019997,155.910004,156.009995,155.5,155.789993
06/08/2013,170.369995,170.740005,169.350006,169.729996,76.919998,76.989998,76.25,76.559998,155.369995,155.380005,154.410004,154.850006
07/08/2013,169.190002,169.429993,168.550003,169.179993,76.339996,76.57,75.870003,76.419998,154.320007,154.75,154.009995,154.539993
08/08/2013,169.979996,170.179993,168.929993,169.800003,76.839996,76.980003,76.300003,76.800003,155.330002,155.449997,153.990005,154.690002
09/08/2013,169.580002,170.100006,168.720001,169.309998,76.669998,76.940002,76.269997,76.489998,154.490005,154.949997,153.330002,154.110001
12/08/2013,168.460007,169.309998,168.380005,169.110001,76.199997,76.809998,76.190002,76.669998,153.449997,154.300003,153.350006,154.029999
13/08/2013,169.410004,169.899994,168.410004,169.610001,76.769997,77.269997,76.220001,77.099998,154.419998,154.970001,153.339996,154.440002
14/08/2013,169.529999,169.800003,168.699997,168.740005,77.07,77.18,76.699997,76.809998,154.270004,154.429993,153.110001,153.320007
15/08/2013,167.410004,167.429993,166.089996,166.380005,75.949997,75.989998,75.290001,75.510002,152.100006,152.100006,150.970001,151.119995
16/08/2013,166.059998,166.630005,165.5,165.830002,75.519997,75.870003,75.349998,75.480003,150.580002,151.059998,150.190002,150.5
19/08/2013,165.639999,166.210007,164.759995,164.770004,75.489998,76.129997,75.330002,75.349998,150.300003,150.720001,149.660004,149.740005
20/08/2013,165.039993,166.199997,164.860001,165.580002,75.489998,76.029999,75.43,75.68,149.910004,150.410004,149.559998,149.75
21/08/2013,165.119995,166.029999,164.190002,164.559998,75.440002,76.089996,75.139999,75.419998,149.440002,149.919998,148.5,148.639999
22/08/2013,164.899994,166.300003,164.889999,166.059998,75.75,76.209999,75.709999,76.160004,148.860001,149.610001,148.770004,149.399994
23/08/2013,166.550003,166.830002,165.770004,166.619995,76.699997,76.769997,76.400002,76.669998,149.589996,150.009995,149.059998,149.830002
26/08/2013,166.789993,167.300003,165.889999,166,76.730003,77.279999,76.550003,76.709999,149.830002,150.270004,149.190002,149.210007
27/08/2013,164.360001,166,163.210007,163.330002,75.800003,76.18,74.959999,75.139999,148.190002,148.740005,147.410004,147.5
28/08/2013,163.259995,164.490005,163.050003,163.910004,75.050003,75.75,75.050003,75.43,147.419998,148.440002,147.369995,148.039993
29/08/2013,163.550003,165.039993,163.399994,164.169998,75.410004,76.339996,75.300003,75.959999,148.020004,148.979996,147.820007,148.25
30/08/2013,164.509995,164.529999,163.169998,163.649994,76.040001,76.040001,75.199997,75.470001,148.419998,148.419998,147.429993,147.850006
03/09/2013,165.229996,165.580002,163.699997,164.389999,76.089996,76.440002,75.540001,75.900002,148.880005,149.199997,147.610001,148.110001
04/09/2013,164.429993,166.029999,164.130005,165.75,76.160004,76.839996,75.93,76.709999,148.020004,149.410004,147.820007,149.179993
05/09/2013,165.850006,166.399994,165.729996,165.960007,76.760002,77.059998,76.730003,76.839996,149.179993,149.710007,149.020004,149.119995
06/09/2013,166.509995,166.979996,164.479996,166.039993,77.099998,77.339996,76.050003,76.93,149.699997,149.970001,147.770004,149.089996
09/09/2013,166.449997,167.729996,166.449997,167.630005,77.260002,77.959999,77.230003,77.830002,149.5,150.779999,149.479996,150.470001
10/09/2013,168.639999,168.899994,168.259995,168.869995,78.279999,78.32,77.919998,78.209999,151.470001,151.820007,151.100006,151.789993
11/09/2013,168.639999,169.399994,168.350006,169.399994,77.690002,78.110001,77.589996,78.059998,151.820007,153.179993,151.770004,153.149994
12/09/2013,169.339996,169.559998,168.720001,168.949997,78.080002,78.25,77.849998,78.010002,153.330002,153.410004,152.779999,153.029999
13/09/2013,169.130005,169.460007,168.740005,169.330002,78.089996,78.139999,77.639999,78.059998,153.339996,153.800003,153.210007,153.690002
16/09/2013,171.160004,171.240005,170.039993,170.309998,78.720001,78.720001,77.669998,77.849998,155.330002,155.490005,154.660004,154.940002
17/09/2013,170.460007,171.110001,170.460007,171.070007,78.019997,78.470001,77.980003,78.370003,155.020004,155.509995,154.979996,155.289993
18/09/2013,171.009995,173.520004,170.580002,173.050003,78.489998,79.470001,78.330002,79.309998,155.160004,157.059998,154.649994,156.690002
19/09/2013,173.520004,173.600006,172.589996,172.759995,79.559998,79.690002,79.360001,79.5,156.869995,156.919998,156.220001,156.320007
20/09/2013,172.330002,172.330002,170.580002,170.720001,79.449997,79.540001,78.949997,78.989998,156.160004,156.190002,154.300003,154.300003
23/09/2013,170.490005,170.649994,169.389999,169.929993,79.32,79.410004,78.459999,78.830002,154.110001,154.320007,153.320007,153.710007
24/09/2013,169.899994,170.529999,169.210007,169.529999,79,79.25,78.57,78.830002,153.740005,154.020004,152.949997,153.059998
25/09/2013,169.639999,169.979996,168.889999,169.039993,78.889999,79,78.400002,78.559998,153.259995,153.389999,152.190002,152.419998
26/09/2013,169.320007,170.169998,169.050003,169.690002,78.879997,79.360001,78.849998,79.169998,152.699997,153.539993,152.470001,152.949997
27/09/2013,168.839996,169.139999,168.470001,168.910004,78.709999,79.209999,78.589996,79.07,152.300003,152.440002,151.759995,152.210007
30/09/2013,167.479996,168.539993,167.149994,168.009995,78.25,79.089996,78,78.879997,150.789993,151.539993,150.449997,151
01/10/2013,168.139999,169.5,167.970001,169.339996,78.889999,79.720001,78.849998,79.68,151,151.770004,150.770004,151.619995
02/10/2013,168.350006,169.339996,167.830002,169.179993,79.139999,79.760002,79.059998,79.650002,150.899994,151.100006,150.149994,150.979996
03/10/2013,168.789993,168.940002,166.839996,167.619995,79.550003,79.720001,78.300003,78.720001,150.660004,150.759995,149.169998,149.669998
04/10/2013,167.75,169.059998,167.529999,168.889999,78.720001,79.510002,78.650002,79.400002,149.679993,150.559998,149.429993,150.429993
07/10/2013,167.419998,168.449997,167.25,167.429993,78.699997,79.349998,78.669998,78.739998,149.119995,149.850006,148.910004,149
08/10/2013,167.399994,167.619995,165.360001,165.479996,78.739998,78.809998,77.190002,77.220001,149,149.139999,147.5,147.529999
09/10/2013,165.800003,166.199997,164.529999,165.600006,77.400002,77.440002,76.349998,76.980003,147.690002,148.320007,146.960007,147.779999
10/10/2013,167.289993,169.259995,167.229996,169.169998,77.809998,78.790001,77.790001,78.610001,149.139999,151.009995,149.089996,150.960007
11/10/2013,168.910004,170.320007,168.770004,170.259995,78.410004,79.290001,78.400002,79.230003,150.919998,152.220001,150.759995,152.169998
14/10/2013,169.210007,171.080002,169.080002,170.940002,78.739998,79.790001,78.68,79.790001,151.190002,152.880005,151.080002,152.800003
15/10/2013,170.509995,171.149994,169.470001,169.699997,79.730003,80.110001,79.379997,79.480003,152.600006,152.800003,151.339996,151.339996
16/10/2013,170.720001,172.160004,170.639999,172.070007,79.849998,80.419998,79.790001,80.379997,152.369995,153.559998,152.240005,153.520004
17/10/2013,171.369995,173.320007,171.339996,173.220001,80.019997,80.870003,79.949997,80.839996,152.110001,153.589996,152.050003,153.479996
18/10/2013,173.860001,174.509995,173.509995,174.389999,81.580002,82.18,81.349998,82.150002,153.660004,153.800003,152.889999,153.600006
21/10/2013,174.449997,174.75,174.009995,174.399994,82.339996,82.540001,82.07,82.330002,153.690002,153.759995,153.270004,153.529999
22/10/2013,174.910004,175.929993,174.429993,175.410004,82.650002,82.900002,81.93,82.449997,154.029999,154.860001,153.820007,154.25
23/10/2013,174.809998,174.889999,173.960007,174.570007,82.050003,82.199997,81.550003,81.949997,153.809998,154.029999,153.320007,153.820007
24/10/2013,174.919998,175.369995,174.509995,175.149994,82,82.480003,81.879997,82.309998,154.190002,154.949997,154.100006,154.800003
25/10/2013,175.509995,176,175.169998,175.949997,83.080002,83.279999,82.5,82.900002,154.910004,155.449997,154.789993,155.449997
28/10/2013,175.889999,176.470001,175.699997,176.229996,82.910004,83.050003,82.550003,82.919998,155.199997,155.649994,154.990005,155.369995
29/10/2013,176.630005,177.240005,176.380005,177.169998,83.199997,83.260002,82.699997,83.059998,155.710007,156.5,155.619995,156.5
30/10/2013,177.380005,177.509995,175.660004,176.289993,83.349998,83.489998,82.580002,82.980003,156.729996,156.869995,155.369995,155.869995
31/10/2013,176.149994,176.889999,175.529999,175.789993,82.769997,83.300003,82.480003,82.790001,155.610001,156.179993,155.100006,155.289993
01/11/2013,176.020004,176.610001,175.220001,176.210007,83.07,83.169998,82.400002,82.809998,155.580002,156.149994,155.080002,155.860001
04/11/2013,176.690002,176.899994,175.979996,176.830002,83.059998,83.07,82.639999,82.93,156.259995,156.360001,155.529999,156.059998
05/11/2013,176.139999,176.75,175.570007,176.270004,82.610001,83.220001,82.370003,83.019997,155.279999,156.179993,154.869995,155.889999
06/11/2013,177.029999,177.5,176.539993,177.169998,83.370003,83.400002,82.730003,83,156.490005,157.289993,156.369995,157.220001
07/11/2013,177.5,177.639999,174.759995,174.929993,83.010002,83.129997,81.370003,81.440002,157.720001,157.800003,155.679993,155.850006
08/11/2013,174.869995,177.309998,174.850006,177.289993,81.739998,82.559998,81.510002,82.540001,155.660004,157.490005,155.580002,157.490005
11/11/2013,177.119995,177.529999,176.910004,177.320007,82.419998,82.639999,82.139999,82.410004,157.330002,157.729996,157.149994,157.610001
12/11/2013,176.940002,177.360001,176.369995,176.960007,82.160004,82.660004,82.120003,82.540001,157.419998,157.720001,156.869995,157.369995
13/11/2013,176.089996,178.429993,176.089996,178.380005,82,83.550003,82,83.540001,156.520004,158.119995,156.5,158.059998
14/11/2013,178.539993,179.419998,178.25,179.270004,83.32,83.860001,83.139999,83.800003,158.100006,158.809998,157.949997,158.729996
15/11/2013,179.559998,180.119995,179.330002,180.050003,83.82,83.959999,83.610001,83.959999,158.570007,159.300003,158.479996,159.300003
18/11/2013,180.350006,180.5,179.020004,179.419998,83.940002,84.110001,82.980003,83.139999,159.710007,159.949997,159.070007,159.440002
19/11/2013,179.330002,179.869995,178.720001,179.029999,83.089996,83.489998,82.760002,82.900002,159.580002,159.929993,159.089996,159.330002
20/11/2013,179.389999,179.929993,177.979996,178.470001,83.120003,83.43,82.459999,82.699997,159.550003,159.880005,158.350006,158.770004
21/11/2013,178.970001,180.050003,178.860001,179.910004,83.050003,83.610001,82.980003,83.540001,159.289993,159.880005,159.169998,159.860001
22/11/2013,179.979996,180.830002,179.770004,180.809998,83.68,84.019997,83.620003,83.989998,159.830002,160.429993,159.479996,160.399994
25/11/2013,181.130005,181.169998,180.369995,180.630005,84.290001,84.379997,83.980003,84.190002,160.809998,160.850006,160.300003,160.610001
26/11/2013,180.720001,181.220001,180.410004,180.679993,84.209999,84.839996,84.029999,84.629997,160.539993,160.970001,160.460007,160.5
27/11/2013,180.869995,181.240005,180.649994,181.119995,84.800003,85.239998,84.730003,85.220001,160.789993,160.940002,160.410004,160.850006
29/11/2013,181.320007,181.75,180.800003,181,85.559998,85.839996,85.470001,85.730003,161.110001,161.580002,160.580002,160.720001
02/12/2013,181.089996,181.429993,180.25,180.529999,85.830002,85.959999,85.349998,85.480003,160.759995,160.839996,159.710007,159.919998
03/12/2013,179.940002,180.389999,179.169998,179.75,85.419998,85.639999,85.080002,85.410004,159.229996,159.619995,158.460007,158.990005
04/12/2013,179.100006,180.479996,178.350006,179.729996,85.050003,85.769997,84.779999,85.489998,158.460007,159.520004,157.830002,158.759995
05/12/2013,179.410004,179.740005,178.770004,178.940002,85.559998,85.660004,85.169998,85.379997,158.449997,158.889999,158.009995,158.119995
06/12/2013,180.669998,181.110001,180.149994,180.940002,86.099998,86.18,85.589996,86,159.529999,160.179993,159.130005,160.160004
09/12/2013,181.470001,181.669998,181.160004,181.399994,86.349998,86.529999,86.199997,86.349998,160.289993,160.529999,160.110001,160.229996
10/12/2013,180.979996,181.360001,180.639999,180.75,86.209999,86.449997,86.120003,86.290001,159.770004,160.190002,159.639999,159.720001
11/12/2013,180.820007,180.850006,178.5,178.720001,86.279999,86.400002,85.059998,85.18,159.839996,159.899994,158.229996,158.309998
12/12/2013,178.639999,178.860001,177.759995,178.130005,85.209999,85.419998,84.900002,84.959999,158.210007,158.429993,157.070007,157.470001
13/12/2013,178.5,178.660004,177.770004,178.110001,85.360001,85.400002,84.709999,84.849998,157.539993,157.970001,157.100006,157.649994
16/12/2013,178.949997,179.809998,178.899994,179.220001,85.269997,85.809998,85.209999,85.32,158.369995,159.369995,158.25,158.899994
17/12/2013,179.380005,179.410004,178.25,178.649994,85.32,85.529999,84.989998,85.150002,159.270004,159.289993,158.389999,158.779999
18/12/2013,178.919998,181.729996,177.320007,181.699997,85.25,86.220001,84.050003,86.139999,159.160004,161.789993,158.110001,161.759995
19/12/2013,181.179993,181.699997,180.710007,181.490005,86,86.010002,85.519997,85.900002,161.479996,162.009995,161.279999,161.880005
20/12/2013,180.690002,181.990005,180.570007,181.559998,85.790001,86.68,85.730003,86.5,161.619995,162.529999,161.610001,162.009995
23/12/2013,182.449997,182.639999,182.070007,182.529999,87.209999,87.410004,86.949997,87.410004,162.570007,162.850006,162.330002,162.619995
24/12/2013,182.539993,183.009995,182.529999,182.929993,87.43,87.510002,87.269997,87.449997,162.720001,163.259995,162.589996,163.160004
26/12/2013,183.339996,183.960007,183.320007,183.860001,87.610001,87.809998,87.440002,87.739998,163.600006,164.490005,163.580002,164.460007
27/12/2013,184.100006,184.179993,183.660004,183.850006,87.849998,87.900002,87.410004,87.519997,164.759995,164.919998,164.220001,164.470001
30/12/2013,183.869995,184.020004,183.580002,183.820007,87.389999,87.510002,87.139999,87.389999,164.550003,164.679993,164.399994,164.589996
31/12/2013,184.070007,184.690002,183.929993,184.690002,87.550003,87.959999,87.519997,87.959999,164.940002,165.509995,164.809998,165.470001
02/01/2014,183.979996,184.070007,182.479996,182.919998,87.550003,87.580002,87.019997,87.269997,164.789993,165.009995,163.839996,164.110001
03/01/2014,183.229996,183.600006,182.630005,182.889999,87.269997,87.349998,86.620003,86.639999,164.399994,164.869995,164.039993,164.389999
06/01/2014,183.490005,183.559998,182.080002,182.360001,86.660004,86.760002,86,86.32,164.990005,165.059998,163.710007,163.889999
07/01/2014,183.089996,183.789993,182.949997,183.479996,86.720001,87.25,86.559998,87.120003,164.660004,165.289993,164.520004,164.970001
08/01/2014,183.449997,183.830002,182.889999,183.520004,87.139999,87.550003,86.949997,87.309998,164.699997,164.830002,163.910004,164.350006
09/01/2014,184.110001,184.130005,182.800003,183.639999,87.629997,87.639999,86.720001,87.019997,164.949997,164.990005,163.520004,164.190002
10/01/2014,183.949997,184.220001,183.009995,184.139999,87.230003,87.400002,86.580002,87.300003,164.559998,164.690002,163.520004,164.179993
13/01/2014,183.669998,184.179993,181.339996,181.690002,87.18,87.480003,85.68,86.010002,163.899994,164.279999,162.139999,162.240005
14/01/2014,182.289993,183.770004,181.949997,183.669998,86.300003,87.720001,86.300003,87.650002,162.740005,163.470001,162.369995,163.449997
15/01/2014,184.100006,184.940002,183.710007,184.660004,88.029999,88.540001,87.940002,88.370003,163.660004,164.800003,163.589996,164.570007
16/01/2014,184.279999,184.660004,183.830002,184.419998,88.300003,88.510002,88.160004,88.379997,164.220001,164.330002,163.520004,163.979996
17/01/2014,184.100006,184.449997,183.320007,183.639999,88.110001,88.370003,87.669998,87.879997,163.789993,164.589996,163.610001,164.080002
21/01/2014,184.699997,184.770004,183.050003,184.179993,88.440002,88.589996,87.809998,88.550003,165.029999,165.050003,162.789993,163.729996
22/01/2014,184.490005,184.570007,183.910004,184.300003,88.779999,89,88.519997,88.779999,163.759995,163.800003,162.990005,163.470001
23/01/2014,183.369995,183.399994,181.820007,182.789993,88.510002,88.519997,87.860001,88.480003,162.429993,162.429993,161.070007,161.710007
24/01/2014,181.600006,181.660004,178.830002,178.889999,88.050003,88.18,86.709999,86.739998,160.710007,160.889999,158.479996,158.479996
27/01/2014,179.059998,179.520004,177.119995,178.009995,86.739998,86.889999,85.25,85.900002,158.710007,159.110001,157.509995,158.020004
28/01/2014,178.139999,179.300003,178.119995,179.070007,85.5,85.940002,85.309998,85.849998,158.470001,159.169998,158.279999,158.940002
29/01/2014,177.580002,178.550003,176.880005,177.350006,85.110001,85.739998,84.760002,84.93,157.660004,158.25,156.75,157.100006
30/01/2014,178.830002,179.809998,178.259995,179.229996,85.970001,86.800003,85.879997,86.5,158.300003,158.770004,157.369995,158.169998
31/01/2014,177.009995,179.289993,176.919998,178.179993,85.540001,86.68,85.449997,86.269997,156.229996,157.699997,155.850006,156.75
03/02/2014,177.970001,178.369995,173.830002,174.169998,86.110001,86.5,84.07,84.290001,156.570007,156.759995,153.25,153.529999
04/02/2014,174.949997,175.839996,174.110001,175.389999,84.720001,85.25,84.459999,84.910004,153.949997,154.529999,153.259995,154.080002
05/02/2014,174.779999,175.559998,173.710007,175.169998,84.629997,84.989998,83.739998,84.690002,153.720001,154.509995,153.119995,154.179993
06/02/2014,175.580002,177.479996,175.220001,177.479996,84.940002,85.879997,84.919998,85.769997,154.699997,156.149994,154.699997,156.139999
07/02/2014,178.309998,179.869995,177.729996,179.679993,86.25,87.360001,86,87.300003,156.559998,157.800003,156.050003,157.779999
10/02/2014,179.699997,180.070007,179.210007,180.009995,87.269997,87.839996,87.209999,87.800003,157.759995,157.820007,157.130005,157.75
11/02/2014,180.160004,182.440002,180.039993,181.979996,87.989998,88.970001,87.889999,88.800003,158.059998,160.089996,157.940002,159.759995
12/02/2014,182.25,182.830002,181.710007,182.070007,88.980003,89.169998,88.699997,88.970001,160,160.449997,159.339996,159.710007
13/02/2014,180.839996,183.199997,180.830002,183.009995,88.32,89.699997,88.300003,89.629997,158.660004,160.470001,158.610001,160.289993
14/02/2014,182.839996,184.360001,182.669998,184.020004,89.599998,90.010002,89.330002,89.809998,160.080002,161.830002,159.899994,161.589996
18/02/2014,184.179993,184.490005,183.649994,184.240005,89.959999,90.419998,89.739998,90.25,161.699997,161.759995,161.130005,161.410004
19/02/2014,183.759995,184.949997,182.869995,183.020004,90.080002,90.290001,89.449997,89.629997,161.020004,162.339996,160.380005,160.520004
20/02/2014,183.270004,184.520004,182.600006,184.100006,89.690002,90.220001,89.309998,90.050003,160.559998,161.720001,160.100006,161.309998
21/02/2014,184.449997,184.889999,183.800003,183.889999,90.339996,90.470001,89.82,89.93,161.080002,161.619995,160.619995,160.809998
24/02/2014,184.279999,186.149994,184.199997,184.910004,90.139999,90.82,90.040001,90.410004,161.020004,162.690002,160.970001,161.660004
25/02/2014,185.059998,185.589996,184.229996,184.839996,90.540001,90.720001,90.019997,90.309998,161.740005,162.240005,161.130005,161.5
26/02/2014,185.110001,185.600006,184.330002,184.850006,90.550003,90.839996,89.870003,90.230003,161.710007,162.259995,161.270004,161.839996
27/02/2014,184.580002,185.869995,184.369995,185.820007,89.870003,90.529999,89.730003,90.440002,161.639999,162.559998,161.369995,162.550003
28/02/2014,185.789993,187.149994,185.050003,186.289993,90.419998,90.959999,89.540001,90.339996,162.559998,163.770004,162.009995,163.020004
03/03/2014,184.649994,185.449997,183.75,184.979996,89.489998,89.910004,88.870003,89.669998,161.589996,162.190002,160.490005,161.490005
04/03/2014,186.789993,187.979996,186.75,187.580002,90.650002,90.980003,90.559998,90.809998,163.130005,164,163.050003,163.630005
05/03/2014,187.740005,188.070007,187.449997,187.75,90.959999,91.220001,90.769997,91.059998,163.779999,163.820007,163.210007,163.350006
06/03/2014,188.210007,188.610001,187.779999,188.179993,91.269997,91.339996,90.650002,90.980003,163.820007,164.309998,163.759995,164.089996
07/03/2014,188.960007,188.960007,187.429993,188.259995,91.269997,91.360001,90.07,90.529999,164.759995,164.889999,163.809998,164.339996
10/03/2014,187.970001,188.229996,187.080002,188.160004,90.480003,90.660004,90.029999,90.610001,164.050003,164.160004,163.179993,163.990005
11/03/2014,188.440002,188.710007,186.800003,187.229996,90.830002,91.059998,89.949997,90.220001,164.279999,164.490005,163.110001,163.419998
12/03/2014,186.320007,187.350006,185.899994,187.279999,89.809998,90.610001,89.480003,90.559998,162.660004,163.570007,162.470001,163.229996
13/03/2014,187.839996,187.990005,184.660004,185.179993,90.900002,90.93,88.870003,89.279999,163.740005,164.029999,160.779999,161.050003
14/03/2014,184.850006,185.800003,184.440002,184.660004,88.989998,89.379997,88.629997,88.669998,160.729996,161.600006,160.380005,160.649994
17/03/2014,185.589996,186.770004,185.509995,186.330002,89.239998,89.910004,89.190002,89.449997,161.399994,162.669998,161.330002,162.369995
18/03/2014,186.710007,187.910004,186.509995,187.660004,89.559998,90.639999,89.529999,90.529999,162.690002,163.639999,162.550003,163.279999
19/03/2014,187.679993,187.940002,185.470001,186.660004,90.559998,90.660004,89.449997,90.040001,163.259995,163.570007,161.149994,162.190002
20/03/2014,186.25,187.889999,185.919998,187.75,89.760002,90.559998,89.580002,90.290001,161.850006,163.470001,161.479996,163.300003
21/03/2014,187.710007,189.020004,186.029999,186.199997,90.599998,90.650002,88.830002,89,163.470001,164.199997,162.529999,162.630005
24/03/2014,186.839996,187.070007,184.619995,185.429993,89.32,89.389999,87.410004,88.220001,163.130005,163.460007,161.779999,162.440002
25/03/2014,186.369995,186.940002,185.270004,186.309998,88.68,89.25,87.769997,88.510002,163.369995,163.720001,162.570007,163.389999
26/03/2014,187.039993,187.339996,184.919998,184.970001,88.949997,89.150002,87.360001,87.370003,164.070007,164.330002,162.320007,162.330002
27/03/2014,184.75,185.339996,183.899994,184.580002,87.25,87.639999,86.400002,86.879997,162.25,162.679993,161.539993,162.279999
28/03/2014,185.110001,186.419998,185,185.490005,87.160004,88.010002,86.809998,87.050003,162.610001,163.820007,162.320007,162.850006
31/03/2014,186.669998,187.300003,185.520004,187.009995,87.730003,88.260002,87.620003,87.669998,163.720001,164.460007,163.639999,164.240005
01/04/2014,187.619995,188.360001,187,188.25,88.099998,89.269997,87.709999,89.209999,164.669998,165.309998,164.580002,164.949997
02/04/2014,188.490005,189.130005,188.139999,188.880005,89.589996,89.68,89.040001,89.440002,165.190002,165.570007,164.75,165.369995
03/04/2014,189.169998,189.220001,188.050003,188.630005,89.529999,89.68,88.220001,88.730003,165.720001,165.75,164.960007,165.339996
04/04/2014,189.660004,189.699997,186.100006,186.399994,89.32,89.410004,86.139999,86.370003,166.009995,166.059998,163.580002,163.880005
07/04/2014,185.949997,186.259995,183.960007,184.339996,85.830002,86.629997,84.949997,85.550003,163.580002,163.929993,162.119995,162.160004
08/04/2014,184.259995,185.399994,183.589996,185.100006,85.650002,86.459999,85.349998,86.339996,162.100006,162.729996,161.550003,162.330002
09/04/2014,185.600006,187.149994,185.059998,187.089996,86.660004,87.870003,86.43,87.82,163,164.139999,162.429993,164.100006
10/04/2014,187.080002,187.169998,182.929993,183.160004,87.879997,87.879997,84.860001,85.099998,164.119995,164.309998,161.270004,161.470001
11/04/2014,182.139999,183.419998,181.309998,181.509995,84.339996,85.440002,83.910004,84.110001,160.669998,161.320007,159.880005,160.020004
14/04/2014,182.929993,183.369995,181.440002,182.940002,84.849998,85.220001,83.989998,84.769997,161.080002,161.619995,160.270004,161.449997
15/04/2014,183.320007,184.330002,181.509995,184.199997,85.080002,85.540001,83.279999,85.050003,161.669998,162.470001,160.380005,162.360001
16/04/2014,185.470001,186.139999,184.649994,186.130005,85.790001,86.18,85.089996,86.18,163.429993,164.029999,162.929993,164.020004
17/04/2014,185.880005,186.910004,185.559998,186.389999,85.849998,86.629997,85.629997,86.199997,163.610001,164.190002,163.330002,163.75
21/04/2014,186.440002,187.100006,186.210007,187.039993,86.400002,86.839996,86,86.839996,163.839996,164.25,163.699997,164.029999
22/04/2014,187.229996,188.399994,187.130005,187.889999,87.139999,87.75,86.989998,87.529999,164.300003,165.300003,164.229996,164.800003
23/04/2014,187.820007,187.919998,187.300003,187.449997,87.529999,87.559998,86.709999,86.760002,164.940002,164.990005,164.449997,164.639999
24/04/2014,188.369995,188.389999,186.929993,187.830002,88.190002,88.209999,86.650002,87.589996,165.009995,165.110001,164.190002,164.690002
25/04/2014,187.220001,187.330002,185.869995,186.289993,87.07,87.169998,85.980003,86.190002,164.080002,164.190002,163,163.350006
28/04/2014,187.050003,187.690002,184.960007,186.880005,86.599998,87.110001,85.110001,86.470001,164.130005,164.690002,162.779999,164.169998
29/04/2014,187.479996,188.039993,187.080002,187.75,86.730003,87.32,86.309998,87.160004,164.619995,165.270004,164.490005,165
30/04/2014,187.440002,188.5,187.179993,188.309998,86.760002,87.480003,86.540001,87.389999,164.919998,165.600006,164.830002,165.449997
01/05/2014,188.220001,188.839996,187.729996,188.330002,87.529999,88.150002,87.309998,87.650002,165.300003,165.710007,164.899994,165.229996
02/05/2014,188.309998,189.139999,187.779999,188.059998,87.949997,88.110001,87.279999,87.489998,165.160004,165.850006,164.529999,164.75
05/05/2014,187.139999,188.550003,186.619995,188.419998,86.970001,87.970001,86.760002,87.949997,163.970001,165.169998,163.449997,164.929993
06/05/2014,188,188.130005,186.740005,186.779999,87.809998,87.860001,86.769997,86.809998,164.660004,164.679993,163.679993,163.729996
07/05/2014,187.410004,187.970001,186.009995,187.880005,86.989998,87.080002,85.529999,86.559998,164.509995,165.080002,163.389999,165.029999
08/05/2014,187.710007,189.050003,187.080002,187.679993,86.25,87.529999,86.050003,86.480003,165.020004,166.070007,164.860001,165.350006
09/05/2014,187.710007,188.039993,186.830002,187.960007,86.43,86.860001,85.849998,86.800003,165.289993,165.779999,164.869995,165.720001
12/05/2014,188.800003,189.880005,188,189.789993,87.32,88.260002,87.239998,88.230003,166.309998,166.929993,166.279999,166.800003
13/05/2014,190.039993,190.419998,189.770004,189.960007,88.309998,88.610001,88.120003,88.290001,167.100006,167.289993,166.949997,167.050003
14/05/2014,189.789993,189.880005,188.789993,189.059998,88.019997,88.349998,87.620003,87.830002,167.089996,167.139999,165.919998,166.110001
15/05/2014,188.679993,188.720001,186.479996,187.399994,87.809998,87.959999,86.580002,87.139999,165.779999,165.869995,164.020004,164.550003
16/05/2014,187.509995,188.130005,186.720001,188.050003,87.239998,87.760002,86.639999,87.709999,164.160004,164.639999,163.770004,164.610001
19/05/2014,187.690002,188.889999,187.520004,188.740005,87.449997,88.459999,87.300003,88.32,164.139999,164.910004,164.029999,164.710007
20/05/2014,188.649994,188.669998,187.070007,187.550003,88.279999,88.599998,87.639999,88,164.699997,164.720001,163.039993,163.320007
21/05/2014,188.089996,189.220001,188.059998,189.130005,88.160004,88.889999,88.110001,88.839996,163.949997,165.149994,163.889999,164.979996
22/05/2014,189.179993,189.979996,188.860001,189.589996,88.940002,89.480003,88.800003,89.230003,165.089996,165.389999,164.600006,165.179993
23/05/2014,189.759995,190.479996,189.589996,190.350006,89.32,89.900002,89.120003,89.879997,165.289993,165.869995,165.190002,165.830002
27/05/2014,191.059998,191.580002,190.949997,191.520004,90.279999,91.019997,90.199997,91,166.449997,166.600006,166.130005,166.470001
28/05/2014,191.520004,191.820007,191.059998,191.380005,90.970001,91.099998,90.650002,90.720001,166.539993,166.550003,165.949997,166.089996
29/05/2014,191.820007,192.399994,191.330002,192.369995,91.040001,91.309998,90.860001,91.300003,166.470001,166.789993,166.029999,166.779999
30/05/2014,192.190002,192.800003,192.029999,192.679993,91.32,91.449997,90.830002,91.309998,166.600006,167.020004,166.300003,166.929993
02/06/2014,192.949997,192.990005,191.970001,192.899994,91.419998,91.440002,90.639999,91.220001,167.25,167.399994,166.630005,167.199997
03/06/2014,192.429993,192.899994,192.25,192.800003,90.919998,91.330002,90.800003,91.18,166.940002,167.199997,166.75,167.020004
04/06/2014,192.470001,193.300003,192.270004,193.190002,90.949997,91.669998,90.809998,91.519997,166.889999,167.270004,166.580002,167.130005
05/06/2014,193.410004,194.649994,192.699997,194.449997,91.599998,92.459999,91.290001,92.290001,167.509995,168.309998,166.919998,168.139999
06/06/2014,194.869995,195.429993,194.779999,195.380005,92.629997,92.82,92.449997,92.82,168.580002,169.119995,168.460007,169.080002
09/06/2014,195.350006,196.050003,195.169998,195.580002,92.839996,92.980003,92.5,92.75,169.119995,169.580002,169.020004,169.240005
10/06/2014,195.339996,195.639999,194.919998,195.600006,92.669998,92.959999,92.559998,92.910004,169.149994,169.369995,168.839996,169.350006
11/06/2014,194.899994,195.119995,194.479996,194.919998,92.589996,93.019997,92.5,92.889999,168.75,168.809998,168.089996,168.350006
12/06/2014,194.690002,194.800003,193.110001,193.539993,92.690002,92.790001,91.730003,92.050003,168.289993,168.339996,166.979996,167.289993
13/06/2014,193.919998,194.320007,193.300003,194.130005,92.449997,92.550003,91.919998,92.32,167.539993,167.830002,167.130005,167.619995
16/06/2014,193.889999,194.699997,193.660004,194.289993,92.160004,92.669998,91.959999,92.400002,167.389999,167.970001,167.149994,167.690002
17/06/2014,194.020004,194.970001,193.809998,194.830002,92.330002,92.699997,92.18,92.449997,167.429993,168.199997,167.240005,168
18/06/2014,194.830002,196.369995,194.399994,196.259995,92.540001,93.099998,91.980003,92.970001,168.050003,169.059998,167.350006,168.929993
19/06/2014,196.429993,196.600006,195.800003,196.479996,93.110001,93.169998,92.489998,92.910004,169.020004,169.190002,168.539993,169.089996
20/06/2014,196.029999,196.100006,195.699997,195.940002,92.699997,92.870003,92.529999,92.769997,169.25,169.419998,168.960007,169.080002
23/06/2014,195.990005,196.050003,195.520004,195.880005,92.760002,92.82,92.510002,92.790001,169.059998,169.119995,168.580002,168.910004
24/06/2014,195.529999,196.5,194.479996,194.699997,92.779999,93.57,92.43,92.699997,168.830002,169.330002,167.669998,167.869995
25/06/2014,194.289993,195.779999,194.25,195.580002,92.489998,93.449997,92.480003,93.290001,167.520004,168.479996,167.509995,168.279999
26/06/2014,195.610001,195.630005,194.130005,195.440002,93.349998,93.360001,92.620003,93.339996,168.380005,168.389999,167.059998,168.080002
27/06/2014,194.979996,195.880005,194.889999,195.820007,93.220001,93.769997,93.190002,93.75,167.759995,168.25,167.339996,168.169998
30/06/2014,195.699997,196.169998,195.529999,195.720001,93.730003,94.139999,93.669998,93.910004,167.910004,168.350006,167.649994,167.889999
01/07/2014,196.199997,197.630005,196.130005,197.029999,94.239998,95.190002,94.199997,94.940002,168.289993,169.639999,168.229996,169.199997
02/07/2014,197.050003,197.479996,196.960007,197.229996,95,95.239998,94.910004,95.099998,169.309998,169.509995,169.179993,169.399994
03/07/2014,197.789993,198.289993,197.639999,198.199997,95.410004,95.699997,95.150002,95.699997,169.850006,170.470001,169.729996,170.470001
07/07/2014,197.820007,197.979996,197.220001,197.509995,95.589996,95.709999,95.230003,95.410004,169.880005,170.009995,169.550003,169.860001
08/07/2014,197.149994,197.220001,195.759995,196.240005,95.230003,95.300003,93.870003,94.260002,169.580002,169.600006,168.440002,168.850006
09/07/2014,196.729996,197.300003,196.309998,197.119995,94.510002,95.07,94.239998,94.959999,169.179993,169.729996,168.860001,169.580002
10/07/2014,195.220001,196.860001,195.059998,196.339996,93.739998,95.050003,93.629997,94.660004,167.889999,169.339996,167.699997,168.960007
11/07/2014,196.220001,196.75,195.779999,196.610001,94.900002,95.269997,94.610001,95.269997,168.770004,169.220001,168.320007,169.199997
14/07/2014,197.610001,197.860001,197.440002,197.600006,95.699997,96.059998,95.540001,95.839996,170.149994,170.610001,170.039993,170.289993
15/07/2014,197.720001,198.100006,196.360001,197.229996,95.989998,96.129997,94.830002,95.510002,170.509995,170.910004,169.779999,170.380005
16/07/2014,198.110001,198.259995,197.419998,197.960007,96.199997,96.300003,95.790001,95.889999,170.960007,171.160004,170.660004,171.070007
17/07/2014,197.350006,198.100006,195.429993,195.710007,95.629997,95.970001,94.32,94.620003,170.809998,171.320007,169.460007,169.610001
18/07/2014,196.350006,197.910004,196.240005,197.710007,95.110001,96.169998,95,96.120003,169.949997,170.759995,169.740005,170.580002
21/07/2014,197.089996,197.5,196.429993,197.339996,95.919998,96.160004,95.550003,96,170.100006,170.380005,169.360001,170.179993
22/07/2014,198.009995,198.559998,197.869995,198.199997,96.449997,96.760002,96.349998,96.610001,170.559998,170.960007,170.429993,170.740005
23/07/2014,198.5,198.850006,198.100006,198.639999,96.949997,97.339996,96.769997,97.230003,170.809998,170.809998,170.199997,170.559998
24/07/2014,198.830002,199.059998,198.449997,198.649994,97.400002,97.510002,96.980003,97.120003,170.660004,170.850006,170.220001,170.440002
25/07/2014,198.089996,198.259995,197.330002,197.720001,96.620003,96.870003,96.230003,96.739998,169.770004,169.850006,168.759995,169.160004
28/07/2014,197.759995,198.089996,196.619995,197.800003,96.839996,97.019997,96.019997,96.769997,169.229996,169.649994,168.369995,169.410004
29/07/2014,198.169998,198.449997,196.919998,196.949997,96.980003,97.199997,96.519997,96.599998,169.889999,170.190002,168.779999,168.779999
30/07/2014,197.649994,197.910004,196.160004,196.979996,97.139999,97.32,96.599998,96.980003,169.270004,169.520004,167.779999,168.479996
31/07/2014,195.610001,195.779999,192.970001,193.089996,96.18,96.339996,94.879997,95.019997,167.270004,167.429993,165.289993,165.289993
01/08/2014,192.559998,193.759995,191.570007,192.5,94.82,95.339996,94.040001,94.669998,164.800003,165.509995,164.009995,164.570007
04/08/2014,192.869995,194.300003,192.050003,193.889999,94.870003,95.690002,94.519997,95.32,164.800003,165.610001,164.110001,165.330002
05/08/2014,193.100006,193.600006,191.309998,192.009995,94.940002,95.209999,94.150002,94.589996,164.800003,165.139999,163.339996,163.919998
06/08/2014,191.110001,192.889999,191.080002,192.070007,94,95.110001,93.919998,94.519997,163.460007,164.75,163.369995,164.199997
07/08/2014,192.940002,193.130005,190.550003,191.029999,94.959999,95.139999,93.889999,94.220001,164.850006,164.889999,163.130005,163.550003
08/08/2014,191.460007,193.369995,190.949997,193.240005,94.370003,95.010002,93.970001,94.900002,163.669998,165.380005,163.440002,165.339996
11/08/2014,193.970001,194.660004,193.710007,193.800003,95.269997,95.760002,95.199997,95.459999,165.960007,166.149994,165.470001,165.550003
12/08/2014,193.610001,194.149994,192.940002,193.529999,95.360001,95.669998,94.93,95.419998,165.279999,165.770004,165,165.490005
13/08/2014,194.289993,195.059998,193.960007,194.839996,95.809998,96.470001,95.760002,96.43,166,166.660004,165.759995,166.490005
14/08/2014,195.160004,195.759995,194.979996,195.759995,96.559998,96.949997,96.43,96.93,166.690002,167.100006,166.460007,167.100006
15/08/2014,196.470001,196.649994,194.309998,195.720001,97.489998,97.629997,96.480003,97.400002,167.419998,167.460007,165.440002,166.350006
18/08/2014,196.800003,197.449997,196.690002,197.360001,97.910004,98.239998,97.769997,98.150002,167.25,168.119995,167.229996,168.059998
19/08/2014,197.839996,198.539993,197.440002,198.389999,98.379997,98.760002,98.32,98.699997,168.639999,169.020004,168.330002,168.889999
20/08/2014,198.119995,199.160004,198.080002,198.919998,98.620003,98.900002,98.529999,98.699997,168.720001,169.740005,168.720001,169.600006
21/08/2014,199.089996,199.759995,198.929993,199.5,98.75,98.949997,98.599998,98.900002,169.809998,170.529999,169.690002,170.179993
22/08/2014,199.339996,199.690002,198.740005,199.190002,98.940002,99.25,98.720001,99.050003,170.009995,170.479996,169.649994,169.869995
25/08/2014,200.139999,200.589996,199.149994,200.199997,99.519997,99.68,99.160004,99.400002,170.559998,171.059998,170.440002,170.619995
26/08/2014,200.330002,200.820007,200.279999,200.330002,99.550003,99.610001,99.269997,99.5,170.820007,171.350006,170.779999,170.929993
27/08/2014,200.429993,200.570007,199.940002,200.25,99.529999,99.639999,99.309998,99.519997,171.149994,171.210007,170.75,171.009995
28/08/2014,199.589996,200.270004,199.389999,200.139999,99.18,99.529999,99.080002,99.410004,170.399994,170.880005,170.100006,170.770004
29/08/2014,200.449997,200.729996,199.820007,200.710007,99.629997,99.910004,99.269997,99.779999,170.899994,171,170.25,170.880005
02/09/2014,200.970001,201,199.860001,200.610001,100.019997,100.099998,99.660004,100.07,170.940002,171.070007,170.039993,170.580002
03/09/2014,201.380005,201.410004,200.220001,200.5,100.339996,100.339996,99.300003,99.480003,171.380005,171.479996,170.529999,170.720001
04/09/2014,200.839996,201.580002,199.660004,200.210007,99.709999,100.220001,99.139999,99.389999,170.910004,171.559998,170.220001,170.660004
05/09/2014,200.169998,201.190002,199.410004,201.110001,99.540001,99.949997,99.029999,99.889999,170.520004,171.289993,170.009995,171.25
08/09/2014,200.919998,201.210007,200,200.589996,99.919998,100.330002,99.620003,100.080002,171.039993,171.350006,170.75,171.059998
09/09/2014,200.410004,200.550003,198.910004,199.320007,100.089996,100.459999,99.059998,99.25,170.789993,170.839996,169.889999,170.119995
10/09/2014,199.429993,200.199997,198.770004,200.070007,99.379997,100.110001,99.099998,100.07,170.169998,170.809998,169.710007,170.669998
11/09/2014,199.270004,200.330002,199.119995,200.300003,99.639999,100.040001,99.239998,99.989998,169.889999,170.619995,169.820007,170.509995
12/09/2014,200.100006,200.119995,198.559998,199.130005,99.900002,99.93,99.169998,99.480003,170.380005,170.440002,169.399994,169.899994
15/09/2014,199.160004,199.320007,198.380005,198.979996,99.589996,99.599998,98.220001,98.519997,170.059998,170.570007,169.550003,170.320007
16/09/2014,198.610001,200.839996,198.5,200.479996,98.150002,99.57,98.050003,99.379997,169.960007,171.710007,169.889999,171.380005
17/09/2014,200.770004,201.679993,199.75,200.75,99.360001,100,98.93,99.529999,171.570007,172.25,170.929993,171.580002
18/09/2014,201.360001,201.850006,201.100006,201.820007,99.839996,100.290001,99.730003,100.279999,172.009995,172.800003,171.899994,172.610001
19/09/2014,201.520004,201.899994,200.289993,200.699997,100.459999,100.559998,99.580002,99.980003,173,173.320007,172.190002,172.449997
22/09/2014,200.350006,200.380005,198.729996,199.149994,99.739998,99.75,98.620003,99.050003,172.350006,172.380005,171.220001,171.410004
23/09/2014,198.429993,199.259995,197.949997,198.009995,98.650002,99.220001,98.580002,98.779999,170.850006,171.380005,170.210007,170.210007
24/09/2014,198.039993,199.690002,197.520004,199.559998,98.879997,99.889999,98.540001,99.839996,170.360001,171.899994,169.979996,171.789993
25/09/2014,199.039993,199.050003,196.270004,196.339996,99.519997,99.650002,97.699997,97.739998,171.5,171.529999,169.089996,169.169998
26/09/2014,196.699997,198.389999,196.419998,197.899994,98.059998,98.959999,97.889999,98.779999,169.789993,171.130005,169.5,170.699997
29/09/2014,196.199997,197.889999,196.050003,197.539993,97.800003,98.919998,97.75,98.650002,169.179993,170.580002,168.940002,170.330002
30/09/2014,197.690002,198.300003,196.610001,197.020004,98.919998,99.300003,98.32,98.790001,170.449997,171.100006,169.800003,170.070007
01/10/2014,196.699997,196.770004,193.910004,194.350006,98.510002,98.610001,96.900002,97.209999,169.910004,169.979996,167.419998,167.679993
02/10/2014,194.179993,195.059998,192.350006,194.380005,97.169998,97.510002,95.970001,97.209999,167.389999,168.270004,166.429993,167.649994
03/10/2014,195.679993,196.940002,195.080002,196.520004,97.779999,98.57,97.440002,98.169998,168.889999,169.970001,168.369995,169.720001
06/10/2014,197.339996,197.600006,195.580002,196.289993,98.480003,98.720001,97.660004,97.959999,170.440002,170.690002,168.960007,169.570007
07/10/2014,195.279999,195.720001,193.220001,193.259995,97.5,97.779999,96.559998,96.57,168.729996,168.940002,166.860001,166.860001
08/10/2014,193.369995,196.919998,192.360001,196.639999,96.620003,98.760002,96.059998,98.449997,166.869995,169.820007,166.350006,169.619995
09/10/2014,196.330002,196.600006,192.580002,192.740005,98.32,98.57,96.709999,96.860001,169.160004,169.479996,166.199997,166.339996
10/10/2014,192.690002,193.649994,190.490005,190.539993,96.290001,96.830002,94.419998,94.440002,166.389999,167.360001,165.210007,165.210007
13/10/2014,190.460007,191.149994,187.300003,187.410004,94.269997,94.989998,92.879997,92.959999,165.089996,165.789993,162.839996,162.929993
14/10/2014,188.419998,189.820007,187.039993,187.699997,93.540001,94.169998,92.709999,92.970001,163.669998,164.410004,162.5,163.029999
15/10/2014,185.160004,187.690002,181.919998,186.429993,91.57,92.760002,90.239998,92.370003,161.190002,161.850006,158.270004,161.279999
16/10/2014,183.059998,187.580002,182.889999,186.270004,90.419998,92.580002,90.389999,91.790001,159,161.949997,158.729996,160.979996
17/10/2014,188.419998,189.75,187.619995,188.470001,93,93.889999,92.459999,93,162.679993,163.949997,162.210007,163.449997
20/10/2014,188.130005,190.449997,188.070007,190.300003,92.989998,94.470001,92.800003,94.389999,162.350006,163.679993,162.25,163.649994
21/10/2014,191.679993,194.199997,191.479996,194.070007,95.559998,96.870003,95.32,96.870003,164.449997,165.869995,164.119995,165.800003
22/10/2014,194.410004,194.910004,192.610001,192.690002,97.169998,97.300003,96.309998,96.370003,166.169998,166.229996,164.279999,164.380005
23/10/2014,194.619995,196.199997,194.259995,194.929993,97.339996,98.360001,97.169998,97.82,166.050003,167.360001,166.009995,166.449997
24/10/2014,195.25,196.490005,194.490005,196.429993,98.029999,98.690002,97.639999,98.620003,166.600006,167.789993,166.169998,167.740005
27/10/2014,195.729996,196.449997,195.029999,196.160004,98.43,98.870003,98.019997,98.690002,167.229996,168.059998,166.970001,167.880005
28/10/2014,196.820007,198.419998,196.729996,198.410004,99.150002,100.199997,99.080002,100.18,168.479996,169.690002,168.139999,169.660004
29/10/2014,198.550003,199.119995,196.800003,198.110001,99.849998,100.120003,99.099998,99.809998,170.009995,170.339996,168.610001,169.399994
30/10/2014,197.580002,199.949997,197.399994,199.380005,99.360001,100.260002,99.139999,100.019997,169.630005,171.940002,169.600006,171.600006
31/10/2014,201.779999,201.820007,200.770004,201.660004,101.68,101.75,101.07,101.400002,173.339996,173.630005,172.789993,173.449997
03/11/2014,201.919998,202.449997,201.309998,201.770004,101.580002,101.970001,101.43,101.699997,173.570007,173.779999,173.050003,173.360001
04/11/2014,201.229996,201.600006,200.059998,201.070007,101.379997,101.620003,100.669998,101.360001,173.080002,173.649994,172.460007,173.460007
05/11/2014,202.539993,202.589996,201.449997,202.339996,102.029999,102.029999,101.019997,101.370003,174.589996,174.619995,173.710007,174.550003
06/11/2014,202.389999,203.259995,201.639999,203.149994,101.360001,101.720001,100.919998,101.690002,174.75,175.410004,174.179993,175.289993
07/11/2014,203.169998,203.600006,202.610001,203.339996,101.870003,101.910004,101.07,101.599998,175.240005,175.600006,174.770004,175.580002
10/11/2014,203.380005,204.039993,203.130005,203.979996,101.650002,102.089996,101.379997,101.959999,175.619995,176.059998,175.330002,175.949997
11/11/2014,204.059998,204.309998,203.649994,204.179993,101.980003,102.279999,101.699997,102.279999,175.979996,176.240005,175.690002,176.020004
12/11/2014,203.350006,204.240005,203.309998,203.960007,101.870003,102.57,101.870003,102.459999,175.259995,176.199997,175.25,176.039993
13/11/2014,204.160004,204.830002,203.210007,204.190002,102.650002,103.279999,102.419998,102.900002,176.25,176.979996,175.789993,176.440002
14/11/2014,204.100006,204.490005,203.720001,204.240005,102.870003,103.220001,102.529999,103.220001,176.360001,176.649994,176.119995,176.350006
17/11/2014,203.850006,204.580002,203.649994,204.369995,102.980003,103.209999,102.419998,102.910004,176.059998,176.759995,176,176.490005
18/11/2014,204.440002,205.919998,204.440002,205.550003,103,103.82,102.989998,103.68,176.529999,177.380005,176.449997,176.960007
19/11/2014,205.309998,205.550003,204.300003,205.220001,103.57,103.57,102.730003,103.209999,176.850006,177.190002,176.289993,176.929993
20/11/2014,204.259995,205.710007,204.179993,205.580002,102.769997,103.760002,102.690002,103.669998,176.110001,177.279999,176.029999,177.25
21/11/2014,207.639999,207.839996,205.979996,206.679993,104.589996,104.690002,103.540001,103.870003,178.520004,178.600006,177.279999,177.699997
24/11/2014,207.169998,207.389999,206.910004,207.259995,104.150002,104.730003,104.059998,104.68,178.130005,178.220001,177.589996,177.800003
25/11/2014,207.539993,207.789993,206.800003,207.110001,104.839996,105.150002,104.57,104.839996,178.160004,178.190002,177.559998,177.960007
26/11/2014,207.289993,207.759995,207.029999,207.639999,104.940002,105.580002,104.830002,105.519997,177.960007,178.089996,177.649994,178.009995
28/11/2014,207.490005,207.869995,206.910004,207.199997,105.800003,106.25,105.730003,106.010002,178.119995,178.690002,177.860001,178.100006
01/12/2014,206.399994,206.539993,205.380005,205.759995,105.720001,105.919998,104.419998,104.809998,177.539993,178.020004,177.029999,177.600006
02/12/2014,205.809998,207.339996,205.779999,207.089996,104.919998,105.419998,104.699997,105.230003,177.679993,178.770004,177.669998,178.559998
03/12/2014,207.300003,208.149994,207.100006,207.889999,105.389999,105.57,104.760002,105.419998,178.589996,179.139999,178.410004,178.960007
04/12/2014,207.539993,208.270004,206.699997,207.660004,105.32,105.779999,104.93,105.370003,178.729996,179.300003,178.029999,178.830002
05/12/2014,207.869995,208.470001,207.550003,208,105.540001,105.699997,105.150002,105.379997,179.279999,179.820007,178.990005,179.509995
08/12/2014,207.520004,208.119995,205.929993,206.610001,105.110001,105.57,104.080002,104.629997,178.960007,179.539993,177.970001,178.539993
09/12/2014,204.369995,206.600006,203.910004,206.470001,103.410004,105.040001,103.040001,104.959999,176.779999,178.029999,176.220001,177.960007
10/12/2014,205.910004,205.979996,202.929993,203.160004,104.769997,105.029999,103.120003,103.309998,177.5,177.5,175.009995,175.289993
11/12/2014,203.880005,206.190002,203.710007,204.190002,103.610001,105.040001,103.589996,103.800003,175.889999,177.660004,175.699997,176.029999
12/12/2014,202.639999,203.820007,200.850006,200.889999,102.809998,103.989998,102.660004,102.669998,174.770004,175.669998,172.929993,173
15/12/2014,201.979996,202.529999,198.779999,199.509995,103.199997,103.580002,101.32,101.610001,173.75,174.130005,171.210007,171.789993
16/12/2014,198.580002,202.399994,197.860001,197.910004,100.970001,102.470001,99.959999,99.980003,171.270004,174.389999,170.740005,170.850006
17/12/2014,198.440002,202.339996,198.289993,201.789993,100.050003,102.089996,99.919998,101.800003,171.270004,173.979996,171.080002,173.589996
18/12/2014,204.740005,212.970001,203.919998,206.779999,103.260002,104.260002,102.980003,104.25,175.979996,177.830002,175.369995,177.789993
19/12/2014,206.429993,207.330002,205.610001,206.520004,103.970001,104.739998,103.709999,104.32,177.789993,178.419998,177.149994,177.649994
22/12/2014,206.75,207.470001,206.460007,207.470001,104.150002,104.610001,104.099998,104.580002,178.220001,179.360001,178.190002,179.360001
23/12/2014,208.169998,208.229996,207.399994,207.75,104.959999,104.970001,104.089996,104.209999,179.869995,180.399994,179.679993,180.029999
24/12/2014,208.020004,208.339996,207.720001,207.770004,104.339996,104.699997,104.269997,104.300003,180.190002,180.529999,179.940002,180.029999
26/12/2014,208.309998,208.850006,208.25,208.440002,104.599998,105.260002,104.57,105.040001,180.490005,180.710007,180.190002,180.190002
29/12/2014,208.220001,208.970001,208.139999,208.720001,104.940002,105.25,104.879997,105.019997,179.880005,180.380005,179.809998,180.110001
30/12/2014,208.210007,208.369995,207.509995,207.600006,104.720001,104.959999,104.18,104.32,179.630005,179.869995,179.240005,179.460007
31/12/2014,207.990005,208.190002,205.389999,205.539993,104.5,104.910004,103.099998,103.25,179.820007,180.119995,177.880005,177.880005
02/01/2015,206.380005,206.880005,204.179993,205.429993,103.760002,104.199997,102.440002,102.940002,178.649994,179.229996,176.979996,177.940002
05/01/2015,204.169998,204.369995,201.350006,201.720001,102.489998,102.610001,101.139999,101.43,177.059998,177.210007,174.460007,174.839996
06/01/2015,202.089996,202.720001,198.860001,199.820007,101.580002,101.75,99.620003,100.07,175.100006,175.539993,172.320007,173.389999
07/01/2015,201.419998,202.720001,200.880005,202.309998,100.730003,101.599998,100.489998,101.360001,174.850006,175.789993,174.240005,175.589996
08/01/2015,204.009995,206.160004,203.990005,205.899994,102.220001,103.5,102.110001,103.300003,177.259995,178.960007,177.210007,178.759995
09/01/2015,206.399994,206.419998,203.509995,204.25,103.620003,103.650002,102.019997,102.620003,178.979996,179.059998,176.630005,177.220001
12/01/2015,204.410004,204.600006,201.919998,202.649994,102.82,102.93,101.290001,101.550003,177.440002,177.630005,175.460007,176.240005
13/01/2015,204.119995,205.479996,200.509995,202.080002,102.540001,103.620003,100.699997,101.519997,177.720001,179.029999,174.699997,175.979996
14/01/2015,199.649994,201.100006,198.570007,200.860001,100.5,101.480003,100.07,100.959999,173.440002,174.720001,172.419998,174.059998
15/01/2015,201.630005,202.009995,198.880005,199.020004,101.43,101.589996,99.529999,99.650002,174.740005,175.080002,172.809998,173.059998
16/01/2015,198.770004,201.820007,198.550003,201.630005,99.519997,100.949997,99.360001,100.82,172.570007,174.970001,172.119995,174.669998
20/01/2015,202.399994,202.720001,200.169998,202.059998,101.43,101.879997,100.290001,101.620003,175.229996,175.610001,173.139999,174.899994
21/01/2015,201.5,203.660004,200.940002,203.080002,101.32,102.620003,100.959999,102.139999,174.25,175.75,173.660004,175.350006
22/01/2015,203.990005,206.259995,202.330002,206.100006,102.540001,104.139999,101.639999,104.029999,175.919998,178.139999,174.509995,177.919998
23/01/2015,205.789993,206.100006,204.809998,204.970001,104.019997,104.580002,103.720001,104.260002,177.710007,177.820007,176.389999,176.410004
26/01/2015,204.710007,205.559998,203.850006,205.449997,104.139999,104.330002,103.610001,104.139999,176.160004,176.710007,175.380005,176.5
27/01/2015,202.970001,204.119995,201.740005,202.740005,102.5,102.559998,101.099998,101.440002,173.5,174.75,172.589996,173.589996
28/01/2015,204.169998,204.289993,199.910004,200.139999,103.07,103.18,100.900002,100.919998,174.550003,174.610001,171.589996,171.720001
29/01/2015,200.380005,202.300003,198.679993,201.990005,100.839996,102.080002,99.959999,101.889999,172.160004,174.070007,171.059998,173.899994
30/01/2015,200.570007,202.169998,199.130005,199.449997,101.800003,102.580002,100.959999,101.099998,173.199997,173.949997,171.270004,171.449997
02/02/2015,200.050003,202.029999,197.860001,201.919998,101.330002,102.07,99.75,101.980003,171.949997,173.429993,170.100006,173.270004
03/02/2015,203,204.850006,202.550003,204.839996,102.349998,103.029999,101.68,102.959999,174.130005,176.399994,174.100006,176.330002
04/02/2015,203.919998,205.380005,203.509995,204.059998,102.540001,103.550003,102.309998,102.870003,175.800003,177.570007,175.779999,176.529999
05/02/2015,204.860001,206.300003,204.770004,206.119995,103.129997,103.830002,102.870003,103.760002,177.279999,178.639999,177.089996,178.550003
06/02/2015,206.559998,207.240005,204.919998,205.550003,103.919998,104.169998,102.760002,103.129997,178.820007,179.360001,177.479996,178.089996
09/02/2015,204.770004,205.639999,204.139999,204.630005,102.730003,103.290001,102.550003,102.800003,177.179993,177.940002,176.679993,177.089996
10/02/2015,205.880005,207.119995,204.679993,206.809998,103.370003,104.540001,103.209999,104.400002,178.169998,178.75,177.139999,178.509995
11/02/2015,206.610001,207.449997,205.830002,206.929993,104.519997,105.019997,104.32,104.779999,178.089996,179.089996,177.669998,178.699997
12/02/2015,207.889999,208.990005,206.970001,208.919998,105.459999,106.040001,105.300003,106,179.270004,179.929993,179,179.839996
13/02/2015,209.070007,209.839996,208.759995,209.779999,106.300003,106.93,106.099998,106.910004,180,180.539993,179.759995,180.339996
17/02/2015,209.399994,210.320007,209.100006,210.110001,106.910004,107.080002,106.639999,107.010002,180.059998,180.699997,179.710007,180.570007
18/02/2015,209.660004,210.220001,209.339996,210.130005,106.879997,107.220001,106.739998,107.160004,180.179993,180.679993,179.970001,180.470001
19/02/2015,209.410004,210.419998,209.240005,209.979996,107.089996,107.760002,107.059998,107.690002,179.869995,180.429993,179.429993,180.089996
20/02/2015,209.479996,211.330002,208.729996,211.240005,107.620003,108.470001,107.279999,108.410004,179.149994,181.199997,178.5,181.139999
23/02/2015,210.940002,211.210007,210.479996,211.210007,108.349998,108.550003,108.110001,108.519997,180.710007,180.919998,180.320007,180.919998
24/02/2015,211.119995,212.050003,210.759995,211.809998,108.379997,108.730003,108.050003,108.599998,181.029999,182.059998,180.889999,181.910004
25/02/2015,211.660004,212.240005,211.220001,211.630005,108.440002,108.860001,108.089996,108.330002,181.809998,182.169998,181.559998,181.960007
26/02/2015,211.520004,211.710007,210.649994,211.380005,108.440002,108.940002,108.139999,108.879997,181.919998,182.240005,181.399994,182.009995
27/02/2015,211.259995,211.580002,210.600006,210.660004,108.839996,108.910004,108.230003,108.400002,181.929993,181.940002,181.149994,181.190002
02/03/2015,210.779999,212.059998,210.720001,211.990005,108.610001,109.419998,108.589996,109.379997,181.369995,182.679993,181.369995,182.679993
03/03/2015,211.470001,212.050003,210.080002,211.119995,109.050003,109.160004,108.18,108.870003,182.229996,182.389999,181.190002,181.869995
04/03/2015,210.399994,210.490005,209.059998,210.229996,108.510002,108.669998,107.860001,108.449997,181.410004,181.410004,180.130005,180.779999
05/03/2015,210.619995,210.800003,209.850006,210.460007,108.730003,108.970001,108.190002,108.639999,181.25,181.449997,180.710007,181.169998
06/03/2015,209.419998,209.940002,207.100006,207.5,108.5,108.709999,107.139999,107.410004,180.119995,180.630005,178.130005,178.399994
09/03/2015,207.740005,208.789993,207.550003,208.360001,107.629997,107.989998,107.190002,107.720001,178.529999,180.190002,178.529999,179.800003
10/03/2015,206.710007,206.809998,204.929993,204.979996,106.949997,106.980003,105.720001,105.720001,178.380005,178.509995,176.679993,176.690002
11/03/2015,205.289993,205.5,204.399994,204.5,105.879997,106.010002,105.07,105.110001,176.979996,177.289993,176.229996,176.350006
12/03/2015,205.259995,207.179993,205.199997,207.100006,105.029999,105.919998,104.959999,105.800003,177.240005,179.020004,177.199997,178.970001
13/03/2015,206.770004,207.929993,204.580002,205.830002,105.699997,106.120003,104.68,105.339996,178.389999,178.5,176.270004,177.559998
16/03/2015,206.710007,208.690002,205.860001,208.580002,105.730003,106.739998,105.620003,106.699997,178.25,179.910004,178.25,179.779999
17/03/2015,207.690002,208.419998,206.979996,207.960007,106.410004,107.040001,106.160004,106.870003,178.789993,178.970001,177.860001,178.5
18/03/2015,207.389999,211.270004,206.619995,210.460007,106.580002,108.410004,106.029999,107.919998,177.910004,181.009995,176.970001,180.729996
19/03/2015,209.960007,210.470001,209.029999,209.5,108.029999,108.379997,107.870003,108.080002,180.179993,180.389999,179.309998,179.660004
20/03/2015,209.710007,211.020004,209.490005,210.410004,108.720001,109.07,108.510002,108.529999,180.460007,181.669998,180.169998,180.960007
23/03/2015,210.419998,211.110001,210,210,108.470001,108.769997,108.279999,108.32,181.050003,181.75,180.839996,180.850006
24/03/2015,209.850006,210.399994,208.740005,208.820007,108.309998,108.809998,107.910004,107.93,180.649994,181.190002,179.770004,179.830002
25/03/2015,209.070007,209.350006,205.710007,205.759995,108.099998,108.199997,105.419998,105.459999,179.949997,180.160004,176.880005,176.919998
26/03/2015,204.960007,206.369995,204.119995,205.270004,104.589996,105.699997,104.239998,105.099998,176.149994,177.300003,175.460007,176.479996
27/03/2015,205.130005,205.949997,204.899994,205.740005,105.080002,105.769997,104.919998,105.519997,176.330002,176.970001,175.970001,176.809998
30/03/2015,206.979996,208.610001,206.960007,208.25,106.160004,106.82,106.160004,106.730003,178.309998,179.759995,178.279999,179.389999
31/03/2015,207.259995,208.100006,206.360001,206.429993,106.43,106.650002,105.57,105.599998,178.520004,179.080002,177.429993,177.580002
01/04/2015,206.389999,206.419998,204.509995,205.699997,105.599998,105.620003,104.370003,105.050003,177.539993,177.539993,175.570007,176.740005
02/04/2015,205.619995,206.979996,205.399994,206.440002,105.150002,105.459999,104.779999,105.120003,176.699997,177.910004,176.429993,177.330002
06/04/2015,205.369995,208.449997,205.210007,207.830002,104.5,106.269997,104.339996,105.980003,176.320007,179.169998,176.089996,178.589996
07/04/2015,207.860001,208.759995,207.240005,207.279999,105.919998,106.699997,105.800003,105.800003,178.770004,179.580002,178.419998,178.419998
08/04/2015,207.550003,208.509995,207.080002,207.979996,105.839996,106.790001,105.830002,106.639999,178.600006,179.559998,177.960007,178.75
09/04/2015,207.779999,209.179993,207.190002,208.899994,106.589996,107.349998,106.230003,107.309998,178.660004,179.630005,177.979996,179.399994
10/04/2015,209.199997,210.089996,208.960007,210.039993,107.269997,107.760002,107.029999,107.75,179.669998,180.440002,179.179993,180.369995
13/04/2015,209.869995,210.630005,209.029999,209.089996,107.830002,108.379997,107.360001,107.480003,180.169998,180.860001,179.490005,179.639999
14/04/2015,208.850006,209.710007,208.100006,209.490005,107.370003,107.68,106.559998,107.169998,179.580002,180.539993,178.800003,180.179993
15/04/2015,210.050003,211.039993,209.949997,210.429993,107.449997,108.07,107.32,107.839996,180.830002,181.380005,180.449997,180.880005
16/04/2015,210.029999,210.979996,209.789993,210.369995,107.550003,107.879997,107.400002,107.690002,180.669998,181.509995,180.429993,180.910004
17/04/2015,208.940002,209.229996,207.009995,207.949997,106.660004,106.949997,105.550003,106.010002,179.270004,179.410004,177.160004,177.940002
20/04/2015,209.059998,210.25,208.960007,209.850006,106.540001,107.790001,106.5,107.599998,179.309998,180.610001,179.149994,180.029999
21/04/2015,210.669998,210.860001,209.240005,209.600006,108.220001,108.410004,107.93,108.059998,180.699997,180.880005,178.970001,179.259995
22/04/2015,210.009995,210.850006,208.899994,210.630005,108.339996,108.830002,107.639999,108.650002,179.649994,180.25,178.550003,180.059998
23/04/2015,210.149994,211.940002,210.009995,211.160004,108.279999,109.550003,108.260002,109.059998,179.440002,181.070007,179.199997,180.369995
24/04/2015,211.660004,211.970001,211.110001,211.649994,110.209999,110.690002,110.029999,110.540001,180.5,180.820007,179.789993,180.539993
27/04/2015,212.330002,212.479996,210.539993,210.770004,110.949997,111.160004,110.019997,110.260002,181.460007,181.539993,179.960007,180.169998
28/04/2015,210.740005,211.5,209.330002,211.440002,110.339996,110.550003,109.110001,110.040001,180.360001,180.940002,178.880005,180.839996
29/04/2015,210.369995,211.289993,209.600006,210.570007,109.43,110.07,108.75,109.349998,179.800003,180.710007,179.240005,180.070007
30/04/2015,209.880005,210.350006,207.619995,208.460007,108.730003,109.169998,107.059998,107.629997,179.699997,180.020004,177.449997,178.179993
01/05/2015,209.399994,210.770004,209.279999,210.720001,108.050003,109.120003,108.029999,109.050003,179.210007,180.009995,178.979996,179.899994
04/05/2015,211.229996,212.020004,211.100006,211.320007,109.400002,109.910004,109.169998,109.230003,180.339996,181.050003,180.25,180.440002
05/05/2015,211.029999,211.460007,208.729996,208.899994,108.800003,109,107.400002,107.449997,180.229996,180.589996,178.779999,179.009995
06/05/2015,209.559998,209.929993,206.759995,208.039993,107.639999,107.949997,106,106.709999,179.869995,180.25,177.25,178.389999
07/05/2015,207.919998,209.380005,207.520004,208.869995,106.68,107.650002,106.599998,107.349998,178.119995,179.699997,177.889999,179.279999
08/05/2015,210.880005,211.860001,210.779999,211.619995,108.459999,108.919998,108.300003,108.690002,181.139999,182.020004,181.080002,181.850006
11/05/2015,211.570007,211.889999,210.520004,210.610001,108.760002,108.980003,108.190002,108.269997,181.770004,182,180.880005,181.080002
12/05/2015,209.610001,210.630005,208.619995,209.979996,107.629997,108.330002,106.800003,107.779999,180.100006,181.229996,179.270004,180.720001
13/05/2015,210.470001,211.220001,209.740005,210.020004,108.25,108.809998,107.839996,108,180.850006,181.440002,180.479996,180.75
14/05/2015,211.240005,212.320007,210.910004,212.210007,108.879997,109.669998,108.480003,109.580002,181.809998,182.639999,181.729996,182.539993
15/05/2015,212.440002,212.610001,211.860001,212.440002,109.860001,110.010002,109.309998,109.580002,182.240005,182.509995,181.889999,182.479996
18/05/2015,212.240005,213.399994,212.160004,213.100006,109.400002,110.279999,109.32,110.059998,182.429993,183.009995,182.190002,182.679993
19/05/2015,213.240005,213.570007,212.690002,213.029999,110.18,110.349998,109.760002,109.940002,182.919998,183.279999,182.369995,182.929993
20/05/2015,213.149994,213.779999,212.5,212.880005,110.019997,110.669998,109.43,110.010002,183.229996,183.350006,182.559998,182.710007
21/05/2015,212.710007,213.75,212.509995,213.5,109.82,110.730003,109.660004,110.580002,182.619995,183.039993,182.360001,182.789993
22/05/2015,213.039993,213.539993,212.910004,212.990005,110.449997,110.870003,110.379997,110.470001,182.509995,182.740005,182.039993,182.259995
26/05/2015,212.399994,212.910004,210.199997,210.699997,110.230003,110.379997,108.760002,109.199997,181.929993,181.929993,179.789993,180.369995
27/05/2015,211.25,212.979996,210.759995,212.699997,109.529999,111.080002,109.290001,110.959999,180.770004,181.789993,180.449997,181.520004
28/05/2015,212.330002,212.589996,211.630005,212.460007,110.75,111.010002,110.370003,110.709999,181.110001,181.330002,180.649994,181.289993
29/05/2015,212.380005,212.429993,210.820007,211.139999,110.639999,110.790001,109.790001,110.050003,181.169998,181.190002,179.669998,180.110001
01/06/2015,211.940002,212.339996,210.619995,211.570007,110.639999,110.720001,109.519997,110.419998,181,181.149994,179.809998,180.399994
02/06/2015,211.020004,212.190002,210.270004,211.360001,110.010002,110.610001,109.470001,110.07,180.080002,180.960007,179.270004,180.149994
03/06/2015,212,212.669998,211.330002,211.919998,110.57,110.809998,110.129997,110.400002,180.850006,181.740005,180.119995,180.880005
04/06/2015,211.070007,211.860001,209.75,210.130005,109.779999,110.480003,109.209999,109.559998,180.179993,180.919998,178.779999,179.210007
05/06/2015,209.949997,210.580002,208.979996,209.770004,109.43,109.690002,108.629997,109.300003,179.080002,179.460007,178.25,178.5
08/06/2015,209.639999,209.820007,208.389999,208.479996,109.25,109.330002,107.970001,108.190002,178.509995,178.600006,177.679993,177.809998
09/06/2015,208.449997,209.100006,207.690002,208.449997,107.93,108.400002,107.199997,108.010002,177.820007,178.259995,177.199997,177.710007
10/06/2015,209.369995,211.410004,209.300003,210.949997,108.379997,109.809998,108.260002,109.489998,178.380005,180.539993,178.380005,180.059998
11/06/2015,211.479996,212.089996,211.199997,211.630005,109.860001,110.150002,109.459999,109.650002,180.690002,181.259995,180.389999,180.639999
12/06/2015,210.639999,211.479996,209.679993,210.009995,109.07,109.300003,108.599998,108.75,179.860001,180.059998,178.720001,179.130005
15/06/2015,208.639999,209.449997,207.789993,209.110001,107.940002,108.379997,107.309998,108.209999,177.889999,178.369995,177.110001,178.100006
16/06/2015,208.929993,210.350006,208.720001,210.25,108.099998,108.980003,108.050003,108.800003,178.070007,179.360001,177.880005,179.210007
17/06/2015,210.589996,211.320007,209.360001,210.589996,108.980003,109.449997,108.43,109.099998,179.660004,180.139999,178.490005,179.479996
18/06/2015,211.309998,213.339996,210.630005,212.779999,109.5,110.879997,109.440002,110.690002,180.210007,181.940002,180.139999,181.330002
19/06/2015,211.460007,211.550003,210.360001,210.809998,110.489998,110.580002,109.809998,109.889999,180.639999,180.740005,179.729996,179.759995
22/06/2015,211.910004,212.589996,211.639999,211.889999,110.699997,111.029999,110.449997,110.699997,181.029999,181.5,180.669998,180.919998
23/06/2015,212.139999,212.440002,211.570007,212.039993,110.82,110.889999,110.330002,110.790001,181.119995,181.570007,180.75,181.119995
24/06/2015,211.720001,212.169998,210.470001,210.5,110.660004,111.129997,110.190002,110.220001,180.559998,180.970001,179.389999,179.410004
25/06/2015,211.100006,211.25,209.770004,209.860001,110.650002,110.760002,109.82,110,180.050003,180.119995,178.589996,178.649994
26/06/2015,210.289993,210.580002,209.160004,209.820007,109.980003,110.230003,108.860001,109.269997,179.210007,179.830002,178.679993,179.130005
29/06/2015,208.050003,209.830002,205.330002,205.419998,108.059998,108.660004,106.639999,106.690002,177.600006,178.210007,175.589996,175.639999
30/06/2015,207.259995,207.320007,205.279999,205.850006,107.489998,107.720001,106.739998,107.07,177,177.009995,175.449997,175.820007
01/07/2015,207.729996,208.029999,206.559998,207.5,108.129997,108.349998,107.419998,107.919998,177.570007,177.820007,176.580002,177.399994
02/07/2015,208.070007,208.270004,206.809998,207.309998,108.230003,108.32,107.620003,107.949997,177.789993,178.050003,176.649994,177.050003
06/07/2015,205.770004,207.649994,205.529999,206.720001,107.269997,108.32,107.040001,107.699997,175.589996,177.139999,175.339996,176.679993
07/07/2015,206.960007,208.169998,204.110001,208.020004,107.82,108.07,105.830002,107.970001,176.880005,177.729996,174.440002,177.630005
08/07/2015,206.419998,206.759995,204.25,204.529999,107.199997,107.330002,105.889999,106.089996,176.110001,176.440002,174.779999,175
09/07/2015,207.039993,207.350006,204.770004,204.899994,107.5,107.599998,106.019997,106.029999,177.149994,177.470001,175.210007,175.259995
10/07/2015,207.289993,207.979996,204.949997,207.479996,107.440002,108.050003,107.050003,107.650002,177.220001,177.800003,176.619995,177.410004
13/07/2015,208.990005,209.899994,208.940002,209.770004,108.580002,109.629997,108.57,109.540001,178.830002,179.699997,178.800003,179.600006
14/07/2015,209.720001,211.050003,209.649994,210.679993,109.690002,110.559998,109.629997,110.260002,179.449997,180.539993,179.309998,180.330002
15/07/2015,210.729996,211.279999,210.039993,210.610001,110.470001,110.809998,110.07,110.379997,180.320007,180.720001,179.899994,180.339996
16/07/2015,211.869995,212.300003,211.580002,212.300003,111.290001,111.959999,111.07,111.940002,181.199997,181.25,180.5,181.070007
17/07/2015,212.289993,212.550003,211.800003,212.479996,112.839996,113.589996,112.650002,113.589996,180.490005,180.619995,180.009995,180.539993
20/07/2015,212.75,213.179993,212.210007,212.589996,113.830002,114.389999,113.480003,113.980003,180.949997,181.100006,180.360001,180.690002
21/07/2015,212.429993,212.740005,211.389999,211.75,114.019997,114.199997,113.580002,113.910004,179.690002,179.710007,178.429993,178.970001
22/07/2015,210.929993,211.770004,210.889999,211.369995,112.169998,113.169998,112.169998,112.620003,178.429993,178.919998,177.839996,178.300003
23/07/2015,211.529999,211.649994,209.75,210.179993,112.730003,113.099998,111.910004,112.199997,178.330002,178.330002,176.830002,177.160004
24/07/2015,210.300003,210.369995,207.600006,208,112.800003,113,110.93,111.099998,177.229996,177.25,175.309998,175.520004
27/07/2015,206.940002,207.550003,206.259995,206.789993,110.470001,110.949997,109.940002,110.18,174.470001,174.779999,173.779999,174.229996
28/07/2015,207.789993,209.5,206.800003,209.330002,110.669998,111.349998,109.790001,111.129997,174.860001,176.279999,174.300003,176.110001
29/07/2015,209.479996,211.039993,209.309998,210.770004,111.370003,111.790001,110.940002,111.550003,176.330002,177.559998,176.169998,177.259995
30/07/2015,210.160004,211.020004,209.419998,210.820007,111.290001,112.269997,110.620003,112.080002,177.039993,177.389999,176.130005,177.220001
31/07/2015,211.419998,211.449997,210.160004,210.5,112.43,112.489998,111.720001,111.949997,177.669998,177.729996,176.490005,176.679993
03/08/2015,210.460007,210.529999,208.649994,209.789993,111.970001,112.279999,110.860001,111.599998,176.820007,176.869995,174.740005,175.75
04/08/2015,209.699997,210.25,208.800003,209.380005,111.550003,111.75,110.93,111.389999,175.789993,176.130005,174.830002,175.320007
05/08/2015,210.449997,211.309998,209.729996,210.070007,112.010002,113,111.879997,112.25,175.839996,176.520004,175.029999,175.360001
06/08/2015,210.289993,210.419998,207.649994,208.350006,112.349998,112.5,109.949997,110.449997,175.479996,175.649994,173.649994,174.220001
07/08/2015,208.160004,208.339996,206.869995,207.949997,110.18,110.57,109.400002,110.309998,173.889999,174.119995,172.800003,173.839996
10/08/2015,209.279999,210.669998,209.279999,210.570007,111.010002,111.809998,111,111.57,174.800003,176.320007,174.800003,176.190002
11/08/2015,208.970001,209.470001,207.759995,208.669998,110.980003,111.410004,109.529999,110.139999,174.589996,174.889999,173.580002,174.110001
12/08/2015,207.110001,209.139999,205.360001,208.919998,109.379997,110.739998,108.220001,110.519997,172.830002,174.399994,171.399994,174.210007
13/08/2015,208.729996,209.550003,208.009995,208.660004,110.629997,111.160004,110.099998,110.339996,173.990005,174.970001,173.550003,174.309998
14/08/2015,208.429993,209.509995,208.259995,209.419998,110.080002,110.669998,109.860001,110.510002,174.169998,175.080002,174.059998,174.899994
17/08/2015,208.710007,210.589996,208.160004,210.589996,110.239998,111.459999,109.959999,111.43,174.240005,175.729996,173.619995,175.699997
18/08/2015,210.259995,210.679993,209.699997,209.979996,111.279999,111.370003,110.709999,110.860001,175.279999,175.929993,175.080002,175.330002
19/08/2015,209.089996,210.009995,207.350006,208.320007,110.519997,111.110001,109.489998,110.129997,174.330002,175.490005,173.119995,173.740005
20/08/2015,206.509995,208.289993,203.899994,203.970001,109.110001,109.459999,107.07,107.080002,172.25,172.550003,170.220001,170.220001
21/08/2015,201.729996,203.940002,197.520004,197.830002,105.57,106.470001,102.400002,102.400002,167.789993,168.669998,164.410004,164.410004
24/08/2015,187.490005,197.479996,182.399994,189.5,94.230003,102.529999,84.739998,98.459999,155.899994,163.449997,150.570007,158.380005
25/08/2015,195.429993,195.449997,186.919998,187.270004,102.07,102.739998,98.010002,98.089996,163.330002,163.679993,156.289993,156.490005
26/08/2015,192.080002,194.789993,188.369995,194.460007,100.959999,103.230003,98.93,103.029999,160.389999,162.899994,157.669998,162.660004
27/08/2015,197.020004,199.419998,195.210007,199.270004,104.519997,105.709999,103.279999,105.639999,164.860001,166.490005,163.039993,166.449997
28/08/2015,198.5,199.839996,197.919998,199.279999,105.080002,106,104.849998,105.620003,165.720001,166.619995,165.240005,166.330002
31/08/2015,198.110001,199.130005,197.009995,197.669998,105.029999,105.610001,104.050003,104.309998,165.350006,166.179993,164.320007,165.179993
01/09/2015,193.119995,194.770004,190.729996,191.770004,101.709999,103.290001,100.629997,101.050003,161.399994,162.619995,159.740005,160.460007
02/09/2015,194.619995,195.460007,192.419998,195.410004,102.879997,103.919998,101.699997,103.900002,162.929993,163.479996,161.289993,163.460007
03/09/2015,196.259995,198.050003,194.960007,195.550003,104.309998,105.019997,103.099998,103.389999,164.330002,165.490005,163.130005,163.669998
04/09/2015,192.850006,193.860001,191.610001,192.589996,101.970001,102.849998,101.589996,102.160004,161.419998,161.949997,160.240005,160.970001
08/09/2015,195.940002,197.610001,195.169998,197.429993,104.120003,105.169998,103.690002,105.040001,163.809998,165.029999,163.279999,164.910004
09/09/2015,199.320007,199.470001,194.350006,194.789993,106.279999,106.309998,103.589996,103.860001,166.529999,166.710007,162.229996,162.520004
10/09/2015,194.559998,197.220001,194.25,195.850006,103.739998,105.68,103.620003,104.989998,162.539993,164.5,162.149994,163.389999
11/09/2015,195.380005,196.820007,194.529999,196.740005,104.510002,105.57,104.209999,105.57,162.899994,164.440002,162.509995,164.389999
14/09/2015,196.949997,197.009995,195.429993,196.009995,105.959999,105.980003,104.849998,105.25,164.460007,164.580002,163.369995,163.770004
15/09/2015,196.610001,198.990005,195.960007,198.460007,105.5,106.82,105.110001,106.489998,164.360001,166.529999,163.970001,166.110001
16/09/2015,198.820007,200.410004,198.410004,200.179993,106.510002,107.190002,106.139999,107.089996,166.460007,167.649994,166,167.509995
17/09/2015,200.020004,202.889999,199.279999,199.729996,106.980003,108.730003,106.639999,107.129997,167.419998,169.440002,166.479996,166.809998
18/09/2015,195.710007,198.679993,194.960007,195.449997,105.230003,106.599998,105.169998,105.349998,164,165.240005,163.199997,163.539993
21/09/2015,196.440002,197.679993,195.210007,196.460007,105.93,106.550003,104.730003,105.68,164.669998,165.559998,163.669998,164.899994
22/09/2015,193.880005,194.460007,192.559998,193.910004,104.059998,104.419998,103.129997,104.099998,162.619995,163.360001,161.979996,163
23/09/2015,194.110001,194.669998,192.910004,193.600006,104.379997,104.660004,103.639999,104.18,163.259995,163.380005,161.880005,162.589996
24/09/2015,192.149994,193.449997,190.559998,192.899994,103.169998,104.190002,102.269997,103.800003,161.119995,162.240005,159.929993,161.869995
25/09/2015,194.639999,195,191.809998,192.850006,104.910004,105.010002,102.279999,102.919998,163.839996,164.429993,162.059998,162.880005
28/09/2015,191.779999,191.910004,187.639999,188.009995,102.480003,102.550003,99.690002,99.989998,162.039993,162.059998,159.580002,159.789993
29/09/2015,188.270004,189.740005,186.929993,188.119995,100.239998,101.260002,98.75,99.470001,159.979996,160.960007,159.179993,160.229996
30/09/2015,190.369995,191.830002,189.440002,191.630005,100.889999,101.870003,100.5,101.760002,162.039993,162.75,161.050003,162.619995
01/10/2015,192.080002,192.490005,189.820007,192.130005,101.940002,102.230003,100.589996,102.220001,163.009995,163.289993,160.509995,162.490005
02/10/2015,189.770004,195.029999,189.119995,195,100.800003,104.010002,100.480003,104.010002,160.350006,164.580002,159.929993,164.580002
05/10/2015,196.460007,198.740005,196.330002,198.470001,104.779999,105.779999,104.550003,105.5,165.740005,167.779999,165.490005,167.580002
06/10/2015,198.309998,198.979996,197,197.789993,105.25,105.599998,104.18,105,167.740005,168.429993,167.25,167.690002
07/10/2015,198.899994,199.830002,197.479996,199.410004,105.660004,105.860001,104.290001,105.629997,168.600006,169.479996,167.470001,168.949997
08/10/2015,198.949997,201.550003,198.589996,201.210007,105.230003,106.230003,104.209999,106.050003,168.669998,170.660004,168.429993,170.369995
09/10/2015,201.380005,201.899994,200.580002,201.330002,106.099998,106.730003,105.809998,106.529999,170.619995,170.970001,170.100006,170.759995
12/10/2015,201.419998,201.759995,200.910004,201.520004,106.730003,106.989998,106.349998,106.790001,170.729996,171.229996,170.470001,171.169998
13/10/2015,200.649994,202.160004,200.050003,200.25,106.18,107.260002,106,106.099998,170.25,171.580002,170.139999,170.639999
14/10/2015,200.179993,200.869995,198.940002,199.289993,106.099998,106.629997,105.489998,105.93,170.5,170.949997,168.720001,169.070007
15/10/2015,200.080002,202.360001,199.639999,202.350006,106.32,107.68,106.18,107.669998,169.399994,171.320007,169.190002,171.320007
16/10/2015,202.830002,203.289993,201.919998,203.270004,107.900002,108.18,107.379997,108.120003,171.440002,171.960007,170.820007,171.880005
19/10/2015,202.5,203.369995,202.130005,203.369995,107.980003,108.809998,107.739998,108.739998,171.279999,172.130005,171.039993,172.119995
20/10/2015,202.850006,203.839996,202.550003,203.110001,108.550003,108.779999,107.809998,108.18,171.589996,172.389999,171.240005,172.009995
21/10/2015,203.610001,203.789993,201.649994,201.850006,108.730003,108.839996,107.480003,107.519997,172.440002,172.949997,171.330002,171.479996
22/10/2015,202.979996,205.509995,201.850006,205.259995,108.480003,109.800003,108.169998,109.709999,172.559998,174.910004,172.470001,174.800003
23/10/2015,207.25,207.949997,206.300003,207.509995,112.660004,113.239998,112.07,112.779999,176,176.639999,175.369995,176.369995
26/10/2015,207.300003,207.369995,206.559998,207,112.699997,113.07,112.269997,112.849998,176.240005,176.460007,175.869995,176.020004
27/10/2015,206.199997,207,205.789993,206.600006,112.550003,113.239998,112.519997,113.080002,175.330002,176.190002,175.240005,175.669998
28/10/2015,207,208.979996,206.210007,208.949997,113.25,114.019997,112.339996,114.019997,176.009995,177.679993,175.360001,177.679993
29/10/2015,208.350006,209.270004,208.210007,208.830002,113.5,114.029999,113.379997,113.839996,177.029999,177.710007,176.679993,177.380005
30/10/2015,209.059998,209.440002,207.740005,207.929993,113.889999,114.080002,113.300003,113.330002,177.639999,177.830002,176.449997,176.490005
02/11/2015,208.320007,210.619995,208.169998,210.389999,113.629997,114.75,113.389999,114.610001,176.869995,178.289993,176.729996,178.119995
03/11/2015,209.970001,211.660004,209.699997,211,114.379997,115.419998,114.209999,115.010002,177.919998,179.600006,177.800003,179.070007
04/11/2015,211.350006,211.5,209.720001,210.360001,115.389999,115.470001,114.540001,115.019997,179.570007,179.589996,178.190002,178.649994
05/11/2015,210.429993,210.979996,209.089996,210.149994,115.120003,115.400002,114.110001,114.709999,178.75,179.25,177.729996,178.639999
06/11/2015,209.740005,210.320007,208.460007,210.039993,114.489998,114.919998,113.760002,114.790001,178.490005,179.169998,177.710007,179.139999
09/11/2015,209.309998,209.490005,206.949997,208.080002,114.360001,114.510002,112.870003,113.57,178.5,178.600006,176.729996,177.419998
10/11/2015,207.509995,208.600006,207.190002,208.559998,112.970001,113.389999,112.629997,113.279999,176.979996,177.860001,176.729996,177.779999
11/11/2015,208.880005,208.940002,207.660004,207.740005,113.589996,114.139999,112.949997,113.139999,178.169998,178.240005,177.110001,177.210007
12/11/2015,206.5,207.059998,204.820007,204.839996,112.68,113.230003,111.959999,112.040001,176.089996,176.350006,174.589996,174.669998
13/11/2015,204.350006,204.669998,202.440002,202.539993,111.57,111.690002,109.779999,109.839996,174.070007,174.550003,172.550003,172.610001
16/11/2015,202.320007,205.690002,202.179993,205.619995,109.730003,111.440002,109.480003,111.419998,172.5,175.059998,172.149994,175.020004
17/11/2015,205.990005,207.039993,204.880005,205.470001,111.610001,112.290001,111.209999,111.489998,175.600006,176.25,174.759995,175.160004
18/11/2015,206.039993,208.899994,205.990005,208.729996,111.940002,113.739998,111.830002,113.629997,175.679993,177.839996,175.669998,177.729996
19/11/2015,208.589996,209.050003,208.199997,208.550003,113.690002,114.230003,113.489998,113.709999,177.179993,178.050003,177.149994,177.660004
20/11/2015,209.449997,210.119995,208.860001,209.309998,114.25,114.57,114.139999,114.480003,178.169998,178.970001,177.660004,178.059998
23/11/2015,209.380005,209.979996,208.520004,209.070007,114.519997,114.940002,113.660004,114.150002,177.880005,178.479996,177.300003,177.740005
24/11/2015,207.869995,209.830002,207.410004,209.350006,113.410004,114.32,112.839996,114.050003,176.669998,178.410004,176.610001,177.979996
25/11/2015,209.5,209.740005,209.009995,209.320007,114.220001,114.360001,113.910004,114.150002,178.009995,178.330002,177.789993,177.929993
27/11/2015,209.429993,209.800003,208.860001,209.559998,114.400002,114.540001,113.919998,114.309998,177.800003,178.179993,177.360001,177.899994
30/11/2015,209.75,209.889999,208.559998,208.690002,114.650002,114.650002,113.650002,114.019997,178.130005,178.330002,177.130005,177.229996
01/12/2015,209.440002,210.820007,209.110001,210.679993,114.480003,115.160004,114.339996,115.160004,177.919998,178.899994,177.639999,178.809998
02/12/2015,210.619995,211,208.229996,208.529999,115.25,115.75,114.279999,114.449997,178.639999,179.039993,177.080002,177.289993
03/12/2015,208.830002,209.149994,204.75,205.610001,114.760002,114.959999,111.839996,112.510002,177.660004,177.839996,174.259995,174.830002
04/12/2015,205.610001,209.970001,205.610001,209.619995,112.849998,115.330002,112.620003,115.139999,175.25,178.679993,175.139999,178.419998
07/12/2015,209.229996,209.729996,207.199997,208.350006,115.220001,115.290001,114.07,114.620003,178.020004,178.080002,176.419998,177.339996
08/12/2015,206.490005,208.289993,205.779999,206.949997,113.419998,115,113.379997,114.629997,175.679993,176.860001,174.919998,175.770004
09/12/2015,206.190002,208.679993,204.179993,205.339996,114.129997,114.760002,112.199997,112.889999,175.440002,177.759995,174.080002,174.990005
10/12/2015,205.419998,207.429993,205.139999,205.869995,113.150002,114.160004,112.809998,113.400002,175.179993,177.130005,174.850006,175.880005
11/12/2015,203.350006,204.139999,201.509995,201.880005,112.089996,112.389999,110.720001,110.790001,173.649994,174.380005,172.449997,172.729996
14/12/2015,202.070007,203.050003,199.949997,202.899994,110.940002,111.68,109.379997,111.629997,172.970001,173.949997,171.520004,173.899994
15/12/2015,204.699997,206.110001,202.869995,205.029999,112.660004,113.279999,112.169998,112.309998,174.910004,176.449997,174.910004,175.460007
16/12/2015,206.369995,208.389999,204.800003,208.029999,113.07,114.169998,111.889999,113.980003,176.429993,178,174.970001,177.639999
17/12/2015,208.399994,208.479996,204.839996,204.860001,114.480003,114.480003,112.300003,112.32,178.149994,178.190002,175.089996,175.100006
18/12/2015,202.770004,202.929993,199.830002,200.020004,111.629997,111.879997,109.830002,109.830002,173.839996,173.910004,170.889999,171
21/12/2015,201.410004,201.880005,200.089996,201.669998,110.870003,111.07,110.050003,111.050003,172.279999,172.559998,170.910004,172.25
22/12/2015,202.720001,203.850006,201.550003,203.5,111.639999,111.940002,111.050003,111.779999,173.100006,174.279999,172.179993,174.009995
23/12/2015,204.690002,206.070007,204.580002,206.020004,112.360001,112.690002,112.160004,112.610001,175.220001,175.820007,174.759995,175.809998
24/12/2015,205.720001,206.330002,205.419998,205.679993,112.610001,112.900002,112.540001,112.589996,175.660004,175.820007,175.179993,175.220001
28/12/2015,204.860001,205.259995,203.940002,205.210007,112.32,112.550003,111.510002,112.529999,174.490005,175.130005,174.119995,174.979996
29/12/2015,206.509995,207.789993,206.470001,207.399994,113.199997,114.550003,113.129997,114.300003,176.190002,177.25,176,176.979996
30/12/2015,207.110001,207.210007,205.759995,205.929993,114.199997,114.239998,113.25,113.269997,176.570007,176.720001,175.619995,175.800003
31/12/2015,205.130005,205.889999,203.869995,203.869995,112.870003,113.080002,111.839996,111.860001,175.089996,175.649994,173.970001,173.990005
04/01/2016,200.490005,201.029999,198.589996,201.020004,109.449997,109.599998,108.120003,109.5,171.050003,171.320007,169.350006,171.289993
05/01/2016,201.399994,201.899994,200.050003,201.360001,110.040001,110.18,108.800003,109.309998,171.690002,171.740005,170.169998,171.389999
06/01/2016,198.339996,200.059998,197.600006,198.820007,107.410004,108.889999,107.410004,108.260002,168.919998,169.970001,168.009995,168.940002
07/01/2016,195.330002,197.440002,193.589996,194.050003,105.949997,107.290001,104.809998,104.870003,165.960007,167.940002,164.479996,164.960007
08/01/2016,195.190002,195.850006,191.580002,191.919998,105.629997,106.290001,103.900002,104.010002,165.960007,166.389999,163,163.240005
11/01/2016,193.009995,193.410004,189.820007,192.110001,104.75,105.059998,102.730003,104.330002,164.160004,164.5,162.149994,163.830002
12/01/2016,193.820007,194.550003,191.139999,193.660004,105.330002,106.080002,104.080002,105.540001,165.190002,165.779999,163.050003,164.949997
13/01/2016,194.449997,194.860001,188.380005,188.830002,105.970001,106.230003,101.739998,101.900002,165.539993,165.839996,161.070007,161.350006
14/01/2016,189.550003,193.259995,187.660004,191.929993,102.300003,104.980003,100.669998,104.07,162.020004,164.690002,160.610001,163.589996
15/01/2016,186.770004,188.759995,185.520004,187.809998,100.620003,101.940002,99.510002,100.839996,159.259995,160.580002,158.229996,159.679993
19/01/2016,189.960007,190.110001,186.199997,188.059998,102.209999,102.370003,99.879997,101.059998,161.449997,161.619995,158.809998,160.020004
20/01/2016,185.029999,187.5,181.020004,185.649994,99.470001,101.830002,97.25,100.75,157.25,158.880005,154.380005,157.610001
21/01/2016,186.210007,188.869995,184.639999,186.690002,101.18,102.349998,99.82,100.849998,157.809998,160.289993,156.880005,158.600006
22/01/2016,189.779999,190.759995,188.880005,190.520004,102.879997,103.809998,102.529999,103.769997,160.910004,161.240005,159.619995,160.789993
25/01/2016,189.919998,190.149994,187.410004,187.639999,103.400002,103.989998,102.139999,102.230003,160.410004,160.720001,158.669998,158.699997
26/01/2016,188.419998,190.529999,188.020004,190.199997,102.660004,103.589996,101.760002,103.150002,159.5,161.720001,159.490005,161.539993
27/01/2016,189.580002,191.559998,187.059998,188.130005,102.550003,102.989998,100.150002,100.580002,160.570007,162.229996,158.610001,159.300003
28/01/2016,189.960007,190.199997,187.160004,189.110001,102.25,102.290001,100.260002,102,160.679993,160.899994,158.470001,160.509995
29/01/2016,190.020004,193.880005,189.880005,193.720001,101.970001,104.169998,101.940002,104.129997,161.610001,164.429993,161.330002,164.369995
01/02/2016,192.529999,194.580002,191.839996,193.649994,103.629997,104.800003,103.230003,104.410004,163.389999,164.970001,162.820007,164.339996
02/02/2016,191.960007,191.970001,189.539993,190.160004,103.93,103.970001,101.839996,102.150002,162.699997,162.699997,160.940002,161.410004
03/02/2016,191.410004,191.779999,187.100006,191.300003,102.830002,102.830002,99.879997,101.660004,162.419998,163.75,159.479996,163.199997
04/02/2016,190.710007,192.75,189.960007,191.600006,101.389999,102.459999,100.440002,101.650002,162.820007,164.800003,162.580002,164.139999
05/02/2016,190.990005,191.669998,187.199997,187.949997,101.290001,101.330002,97.720001,98.120003,163.869995,164.009995,161.220001,161.940002
08/02/2016,185.770004,186.119995,182.800003,185.419998,96.290001,97.050003,94.839996,96.620003,160.110001,160.809998,158.050003,160.350006
09/02/2016,183.360001,186.940002,183.199997,185.429993,95.330002,97.779999,95.18,96.32,158.539993,161.460007,158.509995,160.240005
10/02/2016,186.410004,188.339996,185.119995,185.270004,97.43,98.690002,96.620003,96.690002,160.979996,162.300003,159.229996,159.389999
11/02/2016,182.339996,184.100006,181.089996,182.860001,95.459999,97.32,95.190002,96.550003,156.800003,158.020004,155.259995,156.800003
12/02/2016,184.960007,186.649994,183.960007,186.630005,97.639999,98.120003,96.730003,98.019997,158.160004,159.979996,157.660004,159.979996
16/02/2016,188.770004,189.809998,187.630005,189.779999,99.470001,100.230003,98.849998,100.230003,161.759995,162.289993,160.619995,162.199997
17/02/2016,191.160004,193.320007,191.009995,192.880005,100.959999,102.639999,100.699997,102.5,163.429993,165.259995,163.330002,164.929993
18/02/2016,193.199997,193.270004,191.720001,192.089996,102.82,102.839996,101.199997,101.330002,165.330002,165.449997,164.289993,164.520004
19/02/2016,191.169998,192.179993,190.449997,192,100.839996,101.940002,100.620003,101.629997,163.179993,163.809998,162.589996,163.699997
22/02/2016,193.869995,194.949997,193.789993,194.779999,102.580002,103.379997,102.480003,103.279999,165.350006,166.460007,165.130005,165.940002
23/02/2016,194,194.320007,192.179993,192.320007,102.68,102.959999,101.510002,101.580002,165.610001,165.759995,163.839996,164.149994
24/02/2016,190.630005,193.529999,189.320007,193.199997,100.389999,102.68,99.769997,102.550003,162.600006,164.899994,161.470001,164.669998
25/02/2016,193.729996,195.550003,192.830002,195.539993,102.760002,103.559998,101.839996,103.559998,165.029999,166.839996,164.399994,166.839996
26/02/2016,196.570007,196.679993,194.899994,195.089996,104.349998,104.370003,103.18,103.43,167.839996,167.949997,166.119995,166.279999
29/02/2016,195.110001,196.229996,193.330002,193.559998,103.330002,104.099998,102.5,102.5,166.160004,167.210007,164.960007,164.960007
01/03/2016,195.009995,198.210007,194.449997,198.110001,103.480003,105.790001,103.160004,105.790001,166.009995,168.589996,165.710007,168.520004
02/03/2016,197.740005,199.059998,197.25,199,105.660004,105.849998,105.010002,105.830002,168.020004,168.929993,167.550003,168.889999
03/03/2016,198.789993,199.800003,198.110001,199.779999,105.720001,105.75,104.870003,105.629997,168.729996,169.389999,168.119995,169.350006
04/03/2016,200.009995,201.350006,199.029999,200.429993,105.75,106.349998,104.970001,105.669998,169.529999,170.550003,168.919998,170.020004
07/03/2016,199.339996,201.070007,199.25,200.589996,105.129997,105.739998,104.269997,105.019997,169.369995,170.929993,169.300003,170.619995
08/03/2016,199.320007,199.919998,198.210007,198.399994,104.300003,105.209999,103.970001,104.150002,169.800003,170.759995,169.220001,169.619995
09/03/2016,199.360001,199.789993,198.429993,199.380005,104.540001,104.839996,103.959999,104.82,170.410004,170.589996,169.539993,170.020004
10/03/2016,199.960007,201.070007,197.380005,199.539993,105.260002,105.860001,103.309998,104.660004,170.669998,171.399994,168.300003,170.059998
11/03/2016,201.259995,202.809998,199.520004,202.759995,105.790001,106.489998,105.459999,106.489998,171.470001,172.339996,171.419998,172.229996
14/03/2016,202.160004,203.039993,201.770004,202.5,106.089996,106.919998,106.059998,106.669998,171.699997,172.889999,171.699997,172.410004
15/03/2016,201.360001,202.529999,201.050003,202.169998,106.290001,106.75,105.949997,106.629997,171.610001,172.669998,171.320007,172.639999
16/03/2016,201.600006,203.820007,201.550003,203.339996,106.370003,107.860001,106.339996,107.580002,172.210007,173.940002,172.169998,173.470001
17/03/2016,203.240005,205.229996,202.770004,204.630005,107.269997,107.769997,106.870003,107.519997,173.460007,175.410004,173.080002,174.940002
18/03/2016,204.169998,204.779999,203.800003,204.380005,107.459999,107.639999,106.800003,107.370003,175.270004,175.949997,175.039993,175.690002
21/03/2016,204.070007,204.940002,203.800003,204.669998,107.18,107.889999,107.120003,107.790001,175.619995,176.210007,175.25,176.009995
22/03/2016,203.759995,205.229996,203.570007,204.559998,107.18,108.370003,107.160004,108.120003,175.300003,176.259995,175.149994,175.699997
23/03/2016,204.110001,204.330002,203.009995,203.210007,107.910004,107.989998,106.989998,107.230003,175.220001,175.550003,174.600006,174.809998
24/03/2016,202,203.160004,201.740005,203.119995,106.709999,107.290001,106.529999,107.260002,173.850006,174.940002,173.699997,174.940002
28/03/2016,203.610001,203.860001,202.710007,203.240005,107.559998,107.580002,106.919998,107.110001,175.130005,175.589996,174.660004,175.119995
29/03/2016,202.759995,205.25,202.399994,205.119995,106.910004,108.900002,106.730003,108.830002,174.490005,176.179993,174.059998,176.070007
30/03/2016,206.300003,206.869995,205.589996,206.020004,109.480003,110.040001,109.129997,109.360001,177.110001,177.649994,176.509995,176.889999
31/03/2016,205.910004,206.410004,205.330002,205.520004,109.279999,109.690002,109.029999,109.199997,176.929993,177.300003,176.429993,176.639999
01/04/2016,204.350006,207.139999,203.979996,206.919998,108.540001,110.400002,108.389999,110.360001,175.710007,177.850006,175.410004,177.720001
04/04/2016,206.830002,207.070007,205.889999,206.25,110.360001,110.440002,109.68,109.940002,177.630005,177.880005,176.880005,177.119995
05/04/2016,204.669998,206.259995,203.889999,204.190002,109.089996,109.5,108.739998,108.879997,176.080002,176.960007,175.570007,175.820007
06/04/2016,204.190002,206.490005,203.979996,206.419998,108.989998,110.709999,108.989998,110.669998,175.860001,177.089996,175.240005,177.039993
07/04/2016,205.139999,205.559998,203.089996,203.949997,110.029999,110.230003,108.610001,109.080002,175.779999,176.229996,174.679993,175.289993
08/04/2016,205.339996,205.850006,203.869995,204.5,109.760002,110.019997,108.620003,109,176.25,176.809998,175.110001,175.660004
11/04/2016,205.25,206.070007,203.910004,204.020004,109.470001,110.019997,108.589996,108.599998,176.119995,177.169998,175.410004,175.440002
12/04/2016,204.220001,206.25,203.699997,205.919998,108.68,109.720001,108.019997,109.510002,175.729996,177.279999,175.360001,177.089996
13/04/2016,207,208.100006,206.839996,208,110.349998,111.080002,110.209999,110.910004,178,179.020004,177.919998,178.919998
14/04/2016,208.070007,208.600006,207.600006,208.009995,110.93,111.330002,110,110.919998,179.029999,179.5,178.75,179.110001
15/04/2016,208.009995,208.169998,207.399994,207.779999,110.830002,111.059998,110.360001,110.639999,178.990005,179.139999,178.410004,178.679993
18/04/2016,207.779999,209.279999,207,209.240005,110.32,111.269997,110.25,111.230003,178.130005,179.830002,178.100006,179.779999
19/04/2016,209.740005,210.199997,208.940002,209.899994,111.440002,111.440002,109.879997,110.550003,180.139999,180.770004,179.589996,180.320007
20/04/2016,209.949997,210.919998,209.389999,210.100006,110.550003,111.150002,110.169998,110.639999,180,181.419998,180,180.75
21/04/2016,210.119995,210.25,208.649994,208.970001,110.580002,111.050003,110.150002,110.650002,180.639999,180.880005,179.419998,179.699997
22/04/2016,208.550003,209.289993,207.910004,208.970001,109.209999,109.720001,108.120003,108.980003,179.610001,180.080002,178.869995,179.899994
25/04/2016,208.259995,208.660004,207.539993,208.610001,108.650002,108.989998,108.449997,108.980003,179.229996,179.589996,178.330002,179.539993
26/04/2016,209.039993,209.520004,208.360001,208.919998,109.209999,109.389999,108.120003,108.449997,179.839996,180.259995,179.110001,179.639999
27/04/2016,208.470001,209.809998,208.050003,209.350006,107.339996,107.830002,106.690002,107.580002,179.119995,180.649994,178.990005,180.25
28/04/2016,208.460007,209.759995,206.960007,207.449997,107.699997,108.330002,106.07,106.279999,179.059998,180.149994,177.740005,178.199997
29/04/2016,206.720001,207.130005,205.029999,206.330002,106.279999,106.5,104.879997,105.720001,177.399994,177.949997,176.289993,177.589996
02/05/2016,206.919998,208.179993,206.410004,207.970001,105.989998,106.870003,105.550003,106.720001,178.080002,178.910004,177.509995,178.699997
03/05/2016,206.520004,206.800003,205.279999,206.160004,105.959999,106.440002,105.449997,105.730003,177.479996,177.830002,176.479996,177.300003
04/05/2016,204.990005,205.850006,204.419998,205.009995,105.089996,105.480003,104.790001,105.050003,176.380005,177.210007,175.899994,176.320007
05/05/2016,205.559998,205.979996,204.470001,204.970001,105.43,105.660004,104.809998,105.019997,176.830002,177.220001,176,176.440002
06/05/2016,204.059998,205.770004,203.880005,205.720001,104.5,105.599998,104.400002,105.580002,175.690002,177.399994,175.679993,177.339996
09/05/2016,205.570007,206.399994,205.360001,205.889999,105.589996,106.370003,105.540001,105.879997,177.25,177.759995,176.619995,176.979996
10/05/2016,206.720001,208.470001,206.639999,208.449997,106.260002,107.379997,106.07,107.330002,177.720001,179.270004,177.639999,179.199997
11/05/2016,207.910004,208.539993,206.5,206.5,107.169998,107.489998,106.330002,106.360001,178.699997,178.940002,177.259995,177.300003
12/05/2016,207.289993,207.490005,205.369995,206.559998,106.610001,106.739998,105.139999,105.889999,177.809998,178.119995,176.399994,177.419998
13/05/2016,206.210007,206.860001,204.380005,204.759995,105.800003,106.449997,105.290001,105.5,176.899994,177.520004,175.259995,175.479996
16/05/2016,204.960007,207.339996,204.889999,206.779999,105.660004,107.209999,105.559998,106.82,175.690002,177.699997,175.580002,177.259995
17/05/2016,206.460007,206.800003,204.229996,204.850006,106.730003,107.040001,105.199997,105.480003,176.910004,177.240005,174.919998,175.559998
18/05/2016,204.440002,206.300003,203.630005,204.910004,105.239998,106.43,105.040001,105.860001,175.080002,176.729996,174.529999,175.630005
19/05/2016,204.059998,204.539993,202.779999,204.199997,105.449997,105.709999,104.540001,105.309998,174.949997,175.199997,173.669998,174.679993
20/05/2016,204.919998,206.100006,204.860001,205.490005,105.730003,106.900002,105.669998,106.470001,174.720001,175.539993,174.509995,174.759995
23/05/2016,205.509995,205.839996,204.990005,205.210007,106.589996,106.970001,106.230003,106.330002,174.839996,175.330002,174.600006,174.779999
24/05/2016,206.169998,208.240005,206.139999,207.869995,106.919998,108.589996,106.889999,108.459999,175.759995,177.229996,175.649994,176.860001
25/05/2016,208.669998,209.770004,207.869995,209.279999,108.870003,109.57,108.68,109.239998,177.5,178.740005,177.449997,178.279999
26/05/2016,209.440002,209.710007,208.970001,209.339996,109.349998,109.699997,109.089996,109.559998,178.490005,178.690002,177.820007,178.080002
27/05/2016,209.529999,210.25,209.470001,210.240005,109.629997,110.139999,109.610001,110.129997,178.220001,178.589996,178.059998,178.5
31/05/2016,210.559998,210.690002,209.179993,209.839996,110.279999,110.510002,109.779999,110.339996,178.979996,178.979996,177.130005,177.649994
01/06/2016,209.119995,210.479996,208.889999,210.270004,110,110.599998,109.910004,110.349998,176.979996,177.979996,176.550003,177.729996
02/06/2016,209.800003,210.929993,209.240005,210.910004,110.129997,110.589996,109.529999,110.580002,177.300003,178.309998,176.979996,178.279999
03/06/2016,210.25,210.690002,208.860001,210.279999,110.370003,110.419998,109.339996,110.059998,177.869995,178.289993,176.839996,178.059998
06/06/2016,210.699997,211.770004,210.509995,211.350006,110.260002,110.75,110.07,110.459999,178.490005,179.460007,178.410004,179.179993
07/06/2016,211.529999,212.339996,211.5,211.679993,110.519997,110.629997,110.129997,110.18,179.460007,179.990005,179.339996,179.380005
08/06/2016,211.839996,212.520004,211.690002,212.369995,110.370003,110.599998,109.959999,110.370003,179.669998,180.179993,179.539993,180.059998
09/06/2016,211.509995,212.220001,211.190002,212.080002,109.919998,110.309998,109.709999,110.190002,179.369995,180.039993,179.139999,179.880005
10/06/2016,210.460007,210.860001,209.429993,210.070007,109.190002,109.400002,108.559998,108.940002,178.699997,179.240005,178.110001,178.710007
13/06/2016,209.360001,210.369995,208.350006,208.449997,108.32,108.93,107.889999,108.029999,178,179,177.360001,177.360001
14/06/2016,208,208.740005,206.919998,208.039993,107.739998,108.419998,107.239998,108.029999,177,177.419998,176,176.809998
15/06/2016,208.039993,209.360001,207.529999,207.75,108.290001,108.440002,107.540001,107.720001,177.25,177.839996,176.380005,176.570007
16/06/2016,207.75,208.570007,205.589996,208.369995,107.190002,108.139999,106.5,108.040001,175.729996,177.669998,174.800003,177.460007
17/06/2016,207.169998,207.199997,205.75,206.520004,107.529999,107.68,106.239998,106.489998,177.149994,177.149994,175.770004,176.520004
20/06/2016,208.820007,209.610001,207.75,207.850006,107.730003,108.239998,107.080002,107.160004,178.399994,179.229996,177.759995,177.800003
21/06/2016,208.300003,208.919998,207.779999,208.440002,107.300003,107.720001,107.099998,107.5,178.119995,178.529999,177.729996,178.059998
22/06/2016,208.649994,209.5,207.929993,208.100006,107.559998,108.190002,107.150002,107.239998,178.229996,178.949997,177.429993,177.570007
23/06/2016,209.809998,210.869995,209.270004,210.809998,108.07,108.790001,107.620003,108.769997,179.020004,179.830002,178.669998,179.809998
24/06/2016,203.630005,210.850006,202.720001,203.240005,104.900002,106.5,104.059998,104.290001,174.550003,176.679993,173.300003,173.619995
27/06/2016,201.589996,201.600006,198.649994,199.600006,103.599998,103.599998,101.75,102.220001,172.479996,172.479996,170.369995,171.199997
28/06/2016,201.479996,203.229996,201.119995,203.199997,103.349998,104.510002,103.300003,104.459999,172.850006,173.860001,172.199997,173.820007
29/06/2016,204.839996,206.929993,204.720001,206.660004,105.279999,106.529999,105.230003,106.309998,175.160004,176.820007,175,176.639999
30/06/2016,207.210007,209.539993,206.559998,209.479996,106.489998,107.610001,106.129997,107.540001,177.050003,179.080002,176.860001,179
01/07/2016,209.479996,210.490005,209.289993,209.919998,107.489998,108.480003,107.449997,108.080002,178.779999,179.800003,178.779999,179.309998
05/07/2016,208.949997,209.080002,207.710007,208.410004,107.510002,107.660004,106.839996,107.419998,178.580002,178.679993,177.660004,178.210007
06/07/2016,207.830002,209.800003,207.059998,209.660004,106.910004,108.349998,106.57,108.300003,177.610001,179.100006,176.960007,178.979996
07/07/2016,209.869995,210.649994,208.630005,209.529999,108.400002,108.860001,108.110001,108.620003,179.149994,179.720001,178.039993,178.789993
08/07/2016,211.050003,212.940002,210.779999,212.649994,109.199997,110.360001,109.019997,110.300003,180.009995,181.559998,179.979996,181.300003
11/07/2016,213.190002,214.070007,212.949997,213.399994,110.669998,111.339996,110.660004,110.93,181.860001,182.720001,181.779999,182.119995
12/07/2016,214.529999,215.300003,213.429993,214.949997,111.610001,111.790001,111.339996,111.489998,183.009995,183.619995,182.779999,183.389999
13/07/2016,215.440002,215.449997,214.350006,214.919998,111.75,111.82,111.209999,111.220001,183.679993,183.800003,183.050003,183.600006
14/07/2016,216.399994,216.669998,215.660004,216.119995,111.959999,112.190002,111.699997,111.980003,185.059998,185.270004,184.570007,184.960007
15/07/2016,216.779999,217.009995,215.309998,215.830002,112.239998,112.300003,111.550003,111.800003,185.350006,185.5,184.449997,184.880005
18/07/2016,215.970001,216.600006,215.669998,216.410004,111.870003,112.739998,111.849998,112.540001,184.830002,185.380005,184.710007,185.080002
19/07/2016,215.919998,216.229996,215.630005,216.190002,112.150002,112.480003,111.93,112.129997,185.009995,185.419998,184.820007,185.419998
20/07/2016,216.190002,217.369995,216.190002,217.089996,112.739998,113.650002,112.599998,113.440002,185.899994,186.080002,185.389999,185.779999
21/07/2016,216.960007,217.220001,215.75,216.270004,113.519997,113.739998,112.870003,113.18,185.539993,185.729996,184.539993,184.979996
22/07/2016,216.410004,217.300003,216.100006,217.240005,113.260002,113.779999,112.910004,113.650002,185,185.570007,184.759995,185.509995
25/07/2016,217,217.059998,215.970001,216.649994,113.559998,113.690002,113.279999,113.660004,185.270004,185.300003,184.369995,184.809998
26/07/2016,216.529999,217.169998,215.759995,216.75,113.620003,114.199997,113.220001,113.790001,184.610001,185.020004,183.699997,184.600006
27/07/2016,217.190002,217.270004,215.619995,216.520004,114.75,114.879997,114.099998,114.580002,185.139999,185.279999,184.110001,184.580002
28/07/2016,216.289993,217.110001,215.75,216.770004,114.760002,115.110001,114.400002,114.980003,184.279999,184.660004,183.520004,184.380005
29/07/2016,216.460007,217.539993,216.130005,217.119995,115.239998,115.540001,114.870003,115.230003,183.850006,184.5,183.539993,184.130005
01/08/2016,217.190002,217.649994,216.410004,216.940002,115.309998,116.129997,115.169998,115.839996,184.350006,184.520004,183.380005,183.869995
02/08/2016,216.649994,216.830002,214.570007,215.550003,115.669998,115.769997,114.220001,114.959999,183.699997,183.880005,182.309998,182.970001
03/08/2016,215.479996,216.25,215.130005,216.179993,114.870003,115.349998,114.800003,115.339996,182.850006,183.429993,182.710007,183.360001
04/08/2016,216.309998,216.779999,214.25,216.410004,115.300003,115.779999,115.029999,115.669998,183.5,183.889999,183.149994,183.449997
05/08/2016,216.410004,218.229996,216.410004,218.179993,116.260002,117.040001,116.129997,116.779999,184.399994,185.279999,183.429993,185.259995
08/08/2016,218.399994,218.520004,217.740005,218.050003,116.839996,116.870003,116.279999,116.650002,185.5,185.699997,185.020004,185.279999
09/08/2016,218.130005,218.759995,217.800003,218.179993,116.739998,117.290001,116.669998,116.919998,185.380005,185.860001,185.059998,185.350006
10/08/2016,218.309998,218.399994,217.229996,217.639999,116.989998,117.019997,116.309998,116.620003,185.399994,185.779999,184.839996,185.119995
11/08/2016,218.259995,218.940002,217.949997,218.649994,117.019997,117.370003,116.779999,117.120003,185.699997,186.580002,185.600006,186.300003
12/08/2016,218.289993,218.710007,217.990005,218.460007,116.919998,117.209999,116.790001,117.199997,186.139999,186.25,185.520004,185.899994
15/08/2016,218.889999,219.5,218.880005,219.089996,117.349998,117.970001,117.309998,117.699997,186.399994,186.880005,186.330002,186.520004
16/08/2016,218.600006,218.679993,217.960007,217.960007,117.480003,117.489998,117.029999,117.050003,186.169998,186.369995,185.720001,185.759995
17/08/2016,218,218.529999,217.020004,218.369995,117.080002,117.300003,116.43,117.260002,185.770004,186.229996,185.089996,186.100006
18/08/2016,218.339996,218.899994,218.210007,218.860001,117.150002,117.459999,116.949997,117.290001,185.970001,186.410004,185.720001,186.339996
19/08/2016,218.309998,218.75,217.740005,218.539993,117.080002,117.519997,116.760002,117.260002,185.300003,185.649994,184.720001,185.320007
22/08/2016,218.259995,218.800003,217.830002,218.529999,117.089996,117.550003,116.870003,117.349998,184.949997,185.509995,184.460007,185.119995
23/08/2016,219.25,219.600006,218.899994,218.970001,117.809998,118.010002,117.510002,117.559998,185.699997,186.130005,185.25,185.300003
24/08/2016,218.800003,218.910004,217.360001,217.850006,117.480003,117.639999,116.410004,116.800003,185.059998,185.199997,184.289993,184.660004
25/08/2016,217.399994,218.190002,217.220001,217.699997,116.5,116.970001,116.360001,116.610001,184.279999,184.789993,184.100006,184.369995
26/08/2016,217.919998,219.119995,216.25,217.289993,116.650002,117.540001,116.080002,116.779999,184.619995,185.539993,183.139999,183.820007
29/08/2016,217.440002,218.669998,217.399994,218.360001,116.809998,117.25,116.790001,116.940002,183.830002,185.039993,183.830002,184.830002
30/08/2016,218.259995,218.589996,217.350006,218,116.75,117.089996,116.160004,116.559998,184.929993,185.149994,184.020004,184.509995
31/08/2016,217.610001,217.75,216.470001,217.380005,116.379997,116.559998,115.949997,116.440002,184.25,184.360001,183.270004,183.940002
01/09/2016,217.369995,217.729996,216.029999,217.389999,116.480003,116.879997,115.910004,116.739998,183.729996,184.279999,182.899994,184.100006
02/09/2016,218.389999,218.869995,217.699997,218.369995,117.32,117.559998,116.68,117.120003,184.940002,185.419998,184.320007,184.860001
06/09/2016,218.699997,219.119995,217.860001,219.029999,117.32,117.849998,117.059998,117.849998,185.110001,185.490005,184.449997,185.320007
07/09/2016,218.839996,219.220001,218.300003,219.009995,117.959999,118.120003,117.470001,117.919998,185.369995,185.399994,184.779999,185.320007
08/09/2016,218.619995,218.940002,218.149994,218.509995,117.57,117.599998,116.919998,117.230003,184.679993,185.110001,184.479996,184.820007
09/09/2016,216.970001,217.029999,213.25,213.279999,116.25,116.510002,114.260002,114.279999,183.570007,183.75,180.910004,180.910004
12/09/2016,212.389999,216.809998,212.309998,216.339996,113.639999,116.489998,113.629997,116.330002,180.089996,183.639999,179.929993,183.300003
13/09/2016,214.839996,215.149994,212.5,213.229996,115.75,116.089996,114.730003,115.290001,182.059998,182.320007,180.380005,180.800003
14/09/2016,213.289993,214.699997,212.5,213.149994,115.410004,116.470001,115.379997,115.839996,180.839996,181.740005,180.009995,180.429993
15/09/2016,212.960007,215.729996,212.75,215.279999,115.870003,117.82,115.860001,117.639999,180.369995,182.619995,180.229996,182.259995
16/09/2016,213.479996,213.690002,212.570007,213.369995,117.220001,117.410004,116.709999,117.290001,181.5,181.5,180.440002,180.970001
19/09/2016,214.130005,214.880005,213.029999,213.410004,117.589996,117.949997,116.550003,116.779999,181.880005,182.320007,180.669998,180.979996
20/09/2016,214.410004,214.589996,213.380005,213.419998,117.199997,117.480003,116.800003,117,181.809998,182.039993,181.029999,181.050003
21/09/2016,214.240005,216.029999,213.440002,215.820007,117.5,118.32,116.809998,118.150002,181.660004,182.839996,180.960007,182.660004
22/09/2016,217,217.529999,216.710007,217.179993,118.839996,119.220001,118.720001,119.089996,183.660004,184.259995,183.320007,183.660004
23/09/2016,216.720001,216.880005,215.880005,215.990005,119,119,118.160004,118.330002,183.410004,183.520004,182.289993,182.419998
26/09/2016,215.020004,215.229996,214.009995,214.240005,117.660004,117.800003,117.169998,117.339996,181.509995,181.550003,180.580002,180.75
27/09/2016,214.050003,215.679993,213.619995,215.570007,117.260002,118.559998,117.150002,118.5,180.580002,182.139999,180.240005,182
28/09/2016,215.830002,216.820007,214.710007,216.639999,118.650002,118.769997,118.089996,118.699997,182.360001,183.229996,181.520004,183.100006
29/09/2016,216.399994,216.869995,214.039993,214.679993,118.5,118.720001,117.330002,117.839996,182.820007,183.419998,180.649994,181.220001
30/09/2016,215.649994,217.119995,215.360001,216.300003,118.150002,119.07,118.029999,118.720001,182.130005,183.440002,181.970001,182.779999
03/10/2016,215.820007,216.039993,215.039993,215.779999,118.57,118.699997,118.089996,118.550003,182.309998,182.570007,181.779999,182.320007
04/10/2016,215.910004,216.169998,213.990005,214.679993,118.900002,119.160004,117.919998,118.370003,182.619995,182.929993,180.940002,181.479996
05/10/2016,215.410004,216.130005,215.330002,215.630005,118.720001,119.169998,118.669998,118.790001,182.160004,183.020004,182.110001,182.660004
06/10/2016,215.369995,216.039993,214.740005,215.779999,118.639999,118.980003,118.150002,118.730003,182.339996,182.740005,181.470001,182.520004
07/10/2016,216.100006,216.300003,214.190002,215.039993,118.839996,119.010002,117.889999,118.470001,182.800003,182.990005,181.320007,182.220001
10/10/2016,216.160004,216.699997,215.990005,216.160004,119.080002,119.480003,119.029999,119.220001,182.220001,183.850006,182.220001,183.119995
11/10/2016,215.660004,215.740005,212.580002,213.429993,119.120003,119.139999,117,117.519997,182.860001,182.889999,180.449997,181.199997
12/10/2016,213.589996,214.320007,213.009995,213.710007,117.629997,117.82,117.059998,117.419998,181,181.800003,180.660004,181.369995
13/10/2016,212.160004,213.589996,211.210007,213.009995,116.620003,117.32,115.940002,117,180.130005,181.220001,179.429993,180.839996
14/10/2016,214.149994,214.690002,213.029999,213.119995,117.580002,118.050003,117.07,117.139999,182,182.460007,181.210007,181.289993
17/10/2016,213.089996,213.389999,212.169998,212.380005,117.040001,117.300003,116.669998,116.82,181.169998,181.509995,180.449997,180.720001
18/10/2016,214.240005,214.309998,213.270004,213.710007,118.209999,118.410004,117.800003,117.860001,181.940002,182.100006,181.119995,181.369995
19/10/2016,214.020004,214.639999,213.600006,214.279999,117.769997,118.019997,117.639999,117.849998,181.850006,182.410004,181.570007,182
20/10/2016,213.869995,214.529999,213.110001,213.880005,117.730003,117.970001,117.029999,117.709999,181.720001,182.449997,181.220001,181.539993
21/10/2016,213.880005,214.080002,212.759995,213.979996,117.800003,118.220001,117.410004,118.150002,180.600006,181.449997,180.229996,181.220001
24/10/2016,215,215.320007,214.479996,214.889999,118.910004,119.650002,118.889999,119.57,182.360001,182.5,181.649994,181.960007
25/10/2016,214.679993,214.979996,213.979996,214.169998,119.639999,119.660004,119.010002,119.190002,181.820007,182.169998,181.25,181.479996
26/10/2016,213.210007,214.419998,212.929993,213.740005,118.419998,119.029999,118.029999,118.379997,180.600006,182.119995,180.350006,181.770004
27/10/2016,214.580002,214.619995,213.080002,213.169998,118.889999,118.989998,117.669998,117.839996,182.300003,182.350006,181.229996,181.529999
28/10/2016,213.139999,213.929993,211.710007,212.539993,117.5,118.110001,116.739998,117.099998,181.820007,182.320007,180.669998,181.360001
31/10/2016,212.929993,213.190002,212.360001,212.550003,117.529999,117.529999,116.93,116.989998,181.580002,181.699997,181.050003,181.169998
01/11/2016,212.929993,212.990005,209.600006,211.009995,117.190002,117.209999,115.099998,116.110001,181.520004,181.520004,179.139999,180.119995
02/11/2016,210.649994,211.100006,209.229996,209.740005,116.029999,116.300003,114.889999,115.18,179.660004,180.210007,179.050003,179.350006
03/11/2016,209.990005,210.240005,208.460007,208.779999,114.989998,115.370003,113.919998,114.050003,179.699997,179.889999,178.839996,179.110001
04/11/2016,208.910004,209.889999,208.380005,208.550003,113.769997,114.540001,113.449997,113.650002,179.110001,179.669998,178.639999,178.710007
07/11/2016,208.550003,213.190002,208.550003,213.149994,115.489998,116.470001,115.300003,116.349998,181.169998,182.449997,181.050003,182.360001
08/11/2016,212.690002,214.770004,212.380005,214.110001,116.230003,117.639999,115.959999,117.110001,182.199997,184.039993,182.020004,183.380005
09/11/2016,212.369995,217.100006,212.339996,216.380005,115.739998,117.839996,115.599998,117.650002,181.929993,186.550003,181.75,185.960007
10/11/2016,217.300003,218.309998,215.220001,216.919998,118.220001,118.379997,114.199997,115.75,186.830002,188.820007,186.350006,188.130005
11/11/2016,216.080002,216.699997,215.320007,216.419998,115.25,116.050003,114.839996,115.800003,187.949997,188.630005,187.410004,188.470001
14/11/2016,217.029999,217.270004,215.720001,216.589996,115.830002,115.940002,114.029999,114.629997,189.110001,189.389999,188.199997,188.770004
15/11/2016,217.039993,218.279999,216.800003,218.279999,115.5,116.620003,115.330002,116.220001,188.759995,189.350006,188.139999,189.339996
16/11/2016,217.559998,218.139999,217.419998,217.869995,115.669998,116.989998,115.669998,116.910004,188.789993,189.179993,188.529999,188.979996
17/11/2016,218.050003,219.059998,217.919998,218.990005,116.849998,117.779999,116.610001,117.760002,189.089996,189.330002,188.740005,189.300003
18/11/2016,219.070007,219.270004,218.289993,218.5,117.900002,118.099998,117.209999,117.32,188.899994,188.960007,188.320007,188.460007
21/11/2016,219.169998,220.179993,219,220.149994,117.610001,118.650002,117.57,118.540001,188.880005,189.410004,188.600006,189.339996
22/11/2016,220.509995,220.789993,219.729996,220.580002,119.010002,119.190002,118.610001,118.900002,189.919998,190.25,189.419998,190.020004
23/11/2016,219.979996,220.759995,219.75,220.699997,118.510002,118.639999,117.900002,118.419998,189.929993,190.639999,189.869995,190.589996
25/11/2016,221.100006,221.559998,221.009995,221.520004,118.559998,118.849998,118.419998,118.800003,191.089996,191.339996,190.979996,191.300003
28/11/2016,221.160004,221.479996,220.360001,220.479996,118.650002,119.080002,118.410004,118.529999,190.929993,191.210007,190.520004,190.779999
29/11/2016,220.520004,221.440002,220.169998,220.910004,118.639999,119.510002,118.300003,118.940002,190.830002,191.419998,190.679993,191.190002
30/11/2016,221.630005,221.820007,220.309998,220.380005,119.089996,119.129997,117.459999,117.5,191.970001,192.25,191.339996,191.399994
01/12/2016,220.729996,220.729996,219.149994,219.570007,117.459999,117.470001,115.290001,115.470001,191.839996,192.160004,191.570007,191.899994
02/12/2016,219.669998,220.25,219.259995,219.679993,115.540001,116.160004,115.220001,115.699997,191.910004,191.979996,191.429993,191.740005
05/12/2016,220.649994,221.399994,220.419998,221,116.300003,117.059998,115.769997,116.599998,192.479996,192.779999,191.889999,192.220001
06/12/2016,221.220001,221.740005,220.660004,221.699997,116.93,117.080002,116.389999,116.879997,192.160004,192.570007,191.869995,192.490005
07/12/2016,221.520004,224.669998,221.380005,224.600006,116.639999,118.510002,116.290001,118.360001,192.470001,195.690002,192.419998,195.479996
08/12/2016,224.570007,225.699997,224.259995,225.149994,118.410004,118.870003,118.18,118.57,195.830002,196.800003,195.410004,196.279999
09/12/2016,225.410004,226.529999,225.369995,226.509995,119.010002,119.540001,119,119.5,196.440002,197.720001,196.369995,197.690002
12/12/2016,226.399994,226.960007,225.759995,226.25,118.970001,119.209999,118.470001,118.959999,197.839996,198.389999,197.679993,198.080002
13/12/2016,227.020004,228.339996,227,227.759995,119.32,121.110001,119.32,120.459999,198.960007,199.720001,198.639999,199.229996
14/12/2016,227.410004,228.229996,225.369995,225.880005,120.610001,121,119.860001,120.209999,198.970001,199.830002,197.610001,198.139999
15/12/2016,226.160004,227.809998,225.889999,226.809998,120.370003,121.110001,120.080002,120.400002,198.539993,199.679993,198.339996,198.660004
16/12/2016,226.009995,226.080002,224.669998,225.039993,120.339996,120.580002,119.360001,119.599998,198.699997,198.970001,197.940002,198.190002
19/12/2016,225.25,226.020004,225.080002,225.529999,119.720001,120.830002,119.550003,120.089996,198.300003,198.899994,198.210007,198.600006
20/12/2016,226.149994,226.570007,225.880005,226.399994,120.470001,120.769997,120.330002,120.550003,199.160004,199.610001,199.059998,199.419998
21/12/2016,226.25,226.449997,225.770004,225.770004,120.599998,120.68,120.190002,120.459999,199.429993,199.610001,199.139999,199.160004
22/12/2016,225.600006,225.740005,224.919998,225.380005,120.470001,120.5,119.650002,120.120003,199.100006,199.169998,198.580002,198.970001
23/12/2016,225.429993,225.720001,225.210007,225.710007,119.919998,120.25,119.809998,120.199997,198.960007,199.059998,198.729996,199.050003
27/12/2016,226.020004,226.729996,226,226.270004,120.459999,121.519997,120.410004,120.82,199.160004,199.539993,199.130005,199.210007
28/12/2016,226.570007,226.589996,224.270004,224.399994,121.080002,121.190002,119.800003,119.879997,199.520004,199.559998,198,198.080002
29/12/2016,224.479996,224.889999,223.839996,224.350006,119.849998,120.129997,119.330002,119.709999,197.990005,198.520004,197.630005,197.990005
30/12/2016,224.729996,224.830002,222.729996,223.529999,119.940002,119.949997,118.139999,118.480003,198.25,198.270004,196.919998,197.509995
03/01/2017,225.039993,225.830002,223.880005,225.240005,119.269997,119.989998,118.889999,119.540001,198.910004,199.100006,197.479996,198.419998
04/01/2017,225.619995,226.75,225.610001,226.580002,119.669998,120.410004,119.660004,120.190002,198.759995,199.360001,198.600006,199.149994
05/01/2017,226.270004,226.580002,225.479996,226.399994,120.099998,120.949997,120.099998,120.870003,198.949997,199.270004,197.899994,198.75
06/01/2017,226.529999,227.75,225.899994,227.210007,121,122.25,120.690002,121.93,198.729996,199.830002,198.169998,199.509995
09/01/2017,226.910004,227.070007,226.419998,226.460007,122.029999,122.550003,121.949997,122.330002,199.089996,199.270004,198.75,198.759995
10/01/2017,226.479996,227.449997,226.009995,226.460007,122.379997,122.970001,122.099998,122.599998,198.720001,199.410004,198.210007,198.399994
11/01/2017,226.360001,227.100006,225.589996,227.100006,122.650002,122.93,122.019997,122.93,198.630005,199.570007,198.149994,199.330002
12/01/2017,226.5,226.75,224.960007,226.529999,122.489998,122.82,121.599998,122.739998,198.880005,198.910004,197.529999,198.75
13/01/2017,226.729996,227.399994,226.690002,227.050003,122.800003,123.370003,122.800003,123.160004,198.910004,199.350006,198.320007,198.699997
17/01/2017,226.309998,226.779999,225.800003,226.25,122.839996,123.029999,122.43,122.790001,198.270004,198.649994,197.589996,198.089996
18/01/2017,226.539993,226.800003,225.899994,226.75,122.970001,123.160004,122.660004,123.040001,198.080002,198.229996,197.300003,197.949997
19/01/2017,226.839996,227,225.410004,225.910004,123.220001,123.650002,122.720001,122.980003,198.029999,198.160004,196.690002,197.279999
20/01/2017,226.699997,227.309998,225.970001,226.740005,123.519997,123.830002,122.919998,123.25,197.529999,198.199997,197.309998,197.960007
23/01/2017,226.740005,226.809998,225.270004,226.149994,123.169998,123.529999,122.57,123.349998,197.860001,198.110001,197.039993,197.779999
24/01/2017,226.399994,228.080002,226.270004,227.600006,123.589996,124.370003,123.379997,124.18,197.789993,199.220001,197.619995,198.839996
25/01/2017,228.699997,229.570007,228.509995,229.570007,124.959999,125.459999,124.849998,125.43,200.009995,200.550003,199.75,200.419998
26/01/2017,229.399994,229.710007,229.009995,229.330002,125.599998,125.82,125.339996,125.559998,200.600006,200.970001,200.419998,200.720001
27/01/2017,229.419998,229.589996,228.759995,228.970001,125.830002,125.919998,125.389999,125.800003,200.690002,200.869995,200.449997,200.630005
30/01/2017,228.169998,228.199997,226.410004,227.550003,125.379997,125.379997,124.129997,124.82,199.830002,199.899994,198.419998,199.380005
31/01/2017,226.979996,227.600006,226.320007,227.529999,124.379997,124.599998,123.849998,124.57,198.720001,198.889999,197.559998,198.360001
01/02/2017,227.529999,228.589996,226.940002,227.619995,125.449997,125.68,124.860001,125.43,199.130005,199.399994,198.199997,198.630005
02/02/2017,227.619995,228.100006,226.820007,227.770004,125.209999,125.699997,124.860001,125.32,198.160004,198.970001,198.020004,198.610001
03/02/2017,228.820007,229.550003,228.460007,229.339996,125.449997,125.809998,125.330002,125.68,199.580002,200.570007,199.440002,200.380005
06/02/2017,228.869995,229.330002,228.539993,228.929993,125.470001,125.849998,125.349998,125.830002,200.029999,200.699997,199.779999,200.279999
07/02/2017,229.380005,229.660004,228.720001,228.940002,126.089996,126.550003,125.970001,126.290001,200.889999,201.300003,200.429993,200.580002
08/02/2017,228.940002,229.389999,228.309998,229.240005,126.120003,126.68,125.879997,126.5,200.5,200.690002,200.149994,200.509995
09/02/2017,229.240005,230.949997,229.240005,230.600006,126.629997,127.239998,126.559998,126.959999,200.820007,202.110001,200.770004,201.720001
10/02/2017,231,231.770004,230.619995,231.509995,127.239998,127.559998,127.019997,127.379997,202.300003,203,202.070007,202.740005
13/02/2017,232.080002,233.070007,232.050003,232.770004,127.769997,128.259995,127.720001,128.100006,203.320007,204.470001,203.320007,204.199997
14/02/2017,232.559998,233.710007,232.160004,233.699997,128.149994,128.539993,127.739998,128.529999,204.059998,205.179993,203.949997,205.169998
15/02/2017,233.449997,235.139999,233.389999,234.919998,128.440002,129.350006,128.369995,129.289993,205.389999,206.490005,205.289993,206.380005
16/02/2017,234.949997,235.160004,233.850006,234.720001,129.369995,129.630005,128.919998,129.25,206.550003,206.720001,205.850006,206.479996
17/02/2017,233.949997,235.089996,233.929993,235.089996,129.059998,129.820007,129.039993,129.809998,205.029999,205.919998,205.020004,205.880005
21/02/2017,235.520004,236.690002,235.509995,236.490005,130.059998,130.529999,129.990005,130.449997,206.559998,207.300003,206.419998,207.070007
22/02/2017,236.020004,236.539993,235.830002,236.279999,130.330002,130.589996,130.110001,130.5,206.729996,207.529999,206.639999,207.449997
23/02/2017,236.880005,236.899994,235.559998,236.440002,130.699997,130.699997,129.490005,130.009995,208.059998,208.149994,207.210007,207.820007
24/02/2017,235.460007,236.789993,235.410004,236.740005,129.419998,130.259995,129.380005,130.259995,207.080002,207.949997,207.070007,207.929993
27/02/2017,236.639999,237.309998,236.350006,237.110001,130.020004,130.429993,129.800003,130.419998,207.729996,208.369995,207.610001,208.289993
28/02/2017,236.669998,236.949997,236.020004,236.470001,130.389999,130.449997,129.660004,130.020004,208.110001,208.309998,207.679993,207.979996
01/03/2017,238.389999,240.320007,238.369995,239.779999,130.850006,131.679993,130.600006,131.440002,209.919998,211.589996,209.880005,211.020004
02/03/2017,239.559998,239.570007,238.210007,238.270004,131.410004,131.429993,130.619995,130.779999,211.190002,211.190002,209.839996,209.889999
03/03/2017,238.169998,238.610001,237.729996,238.419998,130.690002,131.059998,130.339996,131.020004,210.059998,210.320007,209.410004,209.910004
06/03/2017,237.5,238.119995,237.009995,237.710007,130.589996,130.949997,130.210007,130.729996,209.259995,209.770004,209.020004,209.479996
07/03/2017,237.360001,237.770004,236.759995,237,130.470001,131.080002,130.279999,130.509995,209.210007,209.660004,208.979996,209.169998
08/03/2017,237.339996,237.639999,236.399994,236.559998,130.589996,131.149994,130.460007,130.740005,209.580002,209.610001,208.429993,208.610001
09/03/2017,236.699997,237.240005,235.740005,236.860001,130.710007,131.020004,130.139999,130.839996,208.740005,209.089996,207.869995,208.669998
10/03/2017,237.970001,238.020004,236.589996,237.690002,131.440002,131.600006,130.820007,131.389999,209.690002,209.699997,208.360001,209.149994
13/03/2017,237.619995,237.860001,237.240005,237.809998,131.339996,131.639999,131.270004,131.610001,209.130005,209.339996,208.589996,208.940002
14/03/2017,237.179993,237.240005,236.190002,236.899994,131.309998,131.360001,130.759995,131.289993,208.570007,208.880005,207.979996,208.539993
15/03/2017,237.559998,239.440002,237.289993,238.949997,131.559998,132.410004,131.139999,132.100006,208.830002,209.910004,208.710007,209.580002
16/03/2017,239.110001,239.199997,238.100006,238.479996,132.350006,132.350006,131.710007,132.009995,210.169998,210.169998,209.050003,209.440002
17/03/2017,237.75,237.970001,237.029999,237.029999,131.899994,132.039993,131.619995,131.690002,209.529999,209.529999,208.830002,208.860001
20/03/2017,237.029999,237.360001,236.320007,236.770004,131.649994,132.110001,131.460007,131.809998,208.850006,209.270004,208.559998,208.809998
21/03/2017,237.470001,237.610001,233.580002,233.729996,132.309998,132.429993,129.729996,129.809998,209.330002,209.429993,206.25,206.350006
22/03/2017,233.770004,234.610001,233.050003,234.279999,129.850006,130.820007,129.679993,130.690002,205.960007,206.570007,205.5,206.410004
23/03/2017,234.279999,235.339996,233.600006,234.029999,130.520004,130.880005,130.139999,130.360001,206.029999,207.300003,205.910004,206.309998
24/03/2017,234.380005,235.039993,232.960007,233.860001,130.779999,131.289993,130.130005,130.630005,206.580002,206.899994,205,205.75
27/03/2017,231.929993,233.919998,231.610001,233.619995,129.699997,131.070007,129.399994,130.839996,204.179993,205.509995,203.809998,205.229996
28/03/2017,233.270004,235.809998,233.139999,235.320007,130.839996,132.029999,130.550003,131.639999,205.080002,207.070007,204.910004,206.75
29/03/2017,234.990005,235.809998,234.729996,235.539993,131.729996,132.300003,131.589996,132.25,206.529999,206.559998,205.949997,206.309998
30/03/2017,235.470001,236.520004,235.270004,236.289993,132.199997,132.610001,132.080002,132.470001,206.300003,207.259995,206.149994,206.960007
31/03/2017,235.899994,236.509995,235.679993,235.740005,132.279999,132.740005,132.130005,132.380005,206.720001,206.929993,206.300003,206.339996
03/04/2017,235.800003,236.029999,233.910004,235.330002,132.490005,132.809998,131.559998,132.300003,206.520004,206.630005,204.880005,206.25
04/04/2017,235,235.580002,234.559998,235.479996,131.919998,132.529999,131.869995,132.509995,206.020004,206.770004,205.809998,206.649994
05/04/2017,236.259995,237.389999,234.539993,234.779999,132.699997,133.479996,131.720001,131.970001,207.589996,208.649994,206.160004,206.259995
06/04/2017,234.940002,236.039993,234.429993,235.440002,132.100006,132.389999,131.699997,132.039993,206.449997,207.289993,205.919998,206.449997
07/04/2017,235.149994,236,234.639999,235.199997,132,132.369995,131.5,131.970001,206.190002,207.070007,205.889999,206.380005
10/04/2017,235.360001,236.259995,234.729996,235.339996,132.100006,132.570007,131.660004,132.020004,206.490005,207.320007,205.949997,206.389999
11/04/2017,234.899994,235.179993,233.339996,235.059998,131.899994,132.100006,130.5,131.449997,206.220001,206.419998,204.940002,206.330002
12/04/2017,234.740005,234.960007,233.770004,234.029999,131.429993,131.539993,130.779999,130.919998,206.300003,206.300003,205.350006,205.669998
13/04/2017,233.639999,234.490005,232.509995,232.509995,130.740005,131.509995,130.380005,130.399994,205.339996,205.940002,204.360001,204.369995
17/04/2017,233.110001,234.570007,232.880005,234.570007,130.770004,131.5,130.720001,131.479996,204.929993,206.259995,204.860001,206.169998
18/04/2017,233.720001,234.490005,233.080002,233.869995,131.039993,131.660004,130.949997,131.279999,205.360001,205.809998,204.419998,205.080002
19/04/2017,234.520004,234.949997,233.179993,233.440002,131.850006,132.289993,131.309998,131.490005,205.259995,205.300003,203.639999,203.850006
20/04/2017,234.149994,235.850006,233.779999,235.339996,132.020004,132.880005,131.820007,132.589996,204.350006,206.210007,204.169998,205.699997
21/04/2017,235.25,235.309998,234.130005,234.589996,132.710007,132.759995,132.220001,132.559998,205.509995,205.729996,204.770004,205.25
24/04/2017,237.179993,237.410004,234.559998,237.169998,134.029999,134.289993,133.800003,134.160004,207.330002,207.630005,207.029999,207.380005
25/04/2017,237.910004,238.949997,237.809998,238.550003,134.600006,135.369995,134.479996,135.130005,208.949997,209.979996,208.839996,209.679993
26/04/2017,238.509995,239.529999,238.350006,238.399994,135.179993,135.509995,134.860001,134.940002,209.809998,210.429993,209.440002,209.470001
27/04/2017,238.770004,238.949997,237.979996,238.600006,135.270004,135.75,135.190002,135.75,209.729996,209.770004,209.059998,209.559998
28/04/2017,238.899994,238.929993,237.929993,238.080002,136.289993,136.339996,135.770004,135.990005,209.630005,209.630005,208.970001,209.080002
01/05/2017,238.679993,239.169998,238.199997,238.679993,136.440002,137.380005,136.380005,137.199997,209.490005,209.490005,208.699997,208.919998
02/05/2017,238.839996,238.979996,238.300003,238.770004,137.369995,137.490005,137.020004,137.429993,209.100006,209.300003,208.75,209.130005
03/05/2017,238.770004,238.880005,237.699997,238.479996,137.119995,137.169998,136.619995,136.990005,209.130005,209.470001,208.470001,209.220001
04/05/2017,238.830002,238.919998,237.779999,238.759995,136.970001,137.429993,136.559998,137.039993,209.649994,209.649994,208.199997,209.190002
05/05/2017,239.190002,239.720001,238.679993,239.699997,137.389999,137.539993,136.880005,137.539993,209.070007,209.779999,208.759995,209.770004
08/05/2017,239.75,239.919998,239.169998,239.660004,137.610001,137.839996,137.330002,137.839996,209.699997,210.020004,209.529999,209.919998
09/05/2017,239.960007,240.190002,239.039993,239.440002,138.050003,138.630005,137.929993,138.320007,210.139999,210.320007,209.220001,209.619995
10/05/2017,239.389999,239.869995,239.149994,239.869995,138.399994,138.449997,137.910004,138.399994,209.190002,209.809998,208.899994,209.479996
11/05/2017,239.350006,239.570007,238.130005,239.380005,138.020004,138.330002,137.380005,138.289993,209.139999,209.449997,208.100006,209.279999
12/05/2017,239.089996,239.429993,238.669998,238.979996,138.350006,138.630005,138.229996,138.600006,208.970001,209.279999,208.820007,209.009995
15/05/2017,239.470001,240.440002,239.449997,240.300003,138.660004,139.119995,138.529999,139.039993,209.399994,210.130005,209.399994,209.929993
16/05/2017,240.639999,240.669998,239.630005,240.080002,139.399994,139.639999,138.990005,139.619995,210.320007,210.460007,209.460007,209.949997
17/05/2017,240.080002,240.080002,235.75,235.820007,138.509995,138.770004,136.050003,136.070007,208.119995,208.589996,206.369995,206.470001
18/05/2017,235.729996,237.75,235.429993,236.770004,136.020004,137.720001,135.869995,137.259995,206.029999,207.960007,205.860001,206.960007
19/05/2017,237.330002,239.080002,237.270004,238.309998,137.75,138.419998,137.660004,137.839996,206.75,208.309998,206.580002,207.770004
22/05/2017,238.899994,239.710007,238.820007,239.520004,138.149994,139.070007,138.100006,139,208.320007,208.869995,208.320007,208.649994
23/05/2017,239.949997,240.240005,239.509995,240.050003,139.410004,139.419998,138.779999,139.139999,209.100006,209.350006,208.690002,209.119995
24/05/2017,240.320007,240.729996,239.929993,240.610001,139.559998,139.850006,139.169998,139.779999,209.320007,209.960007,209.080002,209.820007
25/05/2017,241.199997,242.080002,240.960007,241.759995,140.309998,141.330002,140.009995,140.970001,210.520004,210.919998,210.300003,210.580002
26/05/2017,241.539993,241.899994,241.449997,241.710007,141,141.279999,140.809998,141.220001,210.539993,210.720001,210.320007,210.539993
30/05/2017,241.339996,241.789993,241.160004,241.5,141.149994,141.509995,141.059998,141.339996,210.210007,210.520004,209.970001,210.210007
31/05/2017,241.839996,241.880005,240.639999,241.440002,141.839996,141.839996,140.570007,141.289993,210.410004,210.410004,209.320007,210
01/06/2017,241.970001,243.380005,241.639999,243.360001,141.580002,141.899994,140.979996,141.839996,210.270004,211.399994,209.910004,211.399994
02/06/2017,243.419998,244.350006,243.080002,244.169998,142.339996,143.490005,142.110001,143.460007,211.449997,212.210007,211.270004,211.910004
05/06/2017,243.970001,244.300003,243.759995,243.990005,143.449997,143.679993,143.229996,143.429993,211.860001,212.210007,211.639999,211.860001
06/06/2017,243.339996,243.979996,243.119995,243.210007,143.259995,143.729996,142.649994,142.860001,211.330002,211.779999,211.169998,211.369995
07/06/2017,243.600006,243.919998,242.830002,243.660004,143.259995,143.539993,142.600006,143.419998,211.690002,211.919998,211.139999,211.720001
08/06/2017,243.770004,244.330002,243.169998,243.779999,143.740005,143.800003,142.789993,143.570007,211.619995,212.699997,211.389999,211.860001
09/06/2017,244.089996,245.009995,241.949997,243.410004,143.740005,143.899994,138.110001,139.979996,212.149994,213.070007,211.589996,212.669998
12/06/2017,243.130005,243.419998,242.380005,243.360001,138.800003,139.479996,137.470001,139.229996,212.460007,212.779999,211.880005,212.399994
13/06/2017,243.979996,244.610001,243.580002,244.550003,140.009995,140.559998,139.279999,140.360001,212.800003,213.389999,212.75,213.369995
14/06/2017,244.860001,244.869995,243.289993,244.240005,140.929993,140.929993,138.619995,139.75,213.779999,214,212.979996,213.839996
15/06/2017,242.679993,243.910004,242.360001,243.770004,138.339996,139.279999,137.490005,139.130005,212.889999,213.800003,212.75,213.690002
16/06/2017,242.770004,242.830002,241.630005,242.639999,138.679993,138.779999,137.639999,138.149994,213.330002,213.580002,212.820007,213.559998
19/06/2017,243.589996,244.729996,243.479996,244.660004,139.490005,140.589996,139.279999,140.460007,214.360001,215.009995,214.080002,214.919998
20/06/2017,244.25,244.259995,242.990005,243.009995,140.320007,140.5,139.309998,139.360001,214.889999,215.070007,214.369995,214.399994
21/06/2017,243.460007,243.589996,242.410004,242.949997,139.679993,140.809998,139.589996,140.740005,214.649994,214.649994,213.639999,213.889999
22/06/2017,242.960007,243.529999,242.639999,242.839996,140.960007,141.220001,140.339996,140.699997,214.080002,214.289993,213.660004,213.729996
23/06/2017,242.910004,243.509995,242.470001,243.130005,140.539993,141.419998,140.149994,141.240005,213.440002,213.949997,213.059998,213.740005
26/06/2017,243.899994,244.380005,243.050003,243.289993,142.050003,142.289993,140.270004,140.580002,214.289993,214.759995,213.529999,213.869995
27/06/2017,243.039993,243.380005,241.309998,241.330002,140.050003,140.220001,138.020004,138.029999,213.710007,214.130005,212.869995,212.929993
28/06/2017,242.5,243.720001,242.229996,243.490005,138.539993,140.139999,137.740005,140.020004,212.929993,214.529999,212.929993,214.240005
29/06/2017,243.660004,243.720001,239.960007,241.350006,139.440002,139.440002,136.25,137.589996,214.520004,214.550003,211.699997,212.610001
30/06/2017,242.279999,242.710007,241.580002,241.800003,137.979996,138.669998,137.190002,137.639999,213.149994,213.990005,212.970001,213.240005
03/07/2017,242.880005,243.380005,242.210007,242.210007,138.270004,138.429993,136.100006,136.190002,213.949997,215.380005,213.880005,214.490005
05/07/2017,242.630005,243.009995,241.699997,242.770004,136.619995,137.899994,136.160004,137.529999,214.740005,214.830002,213.830002,214.580002
06/07/2017,241.889999,242.029999,240.339996,240.550003,136.479996,137.059998,135.800003,136.289993,214.089996,214.25,212.940002,213.139999
07/07/2017,241.210007,242.279999,240.559998,242.110001,136.75,138.130005,136.740005,137.759995,213.539993,214.160004,213.419998,214.050003
10/07/2017,242.110001,242.800003,241.759995,242.369995,137.850006,138.990005,137.5,138.660004,213.679993,214.350006,213.539993,213.990005
11/07/2017,242.369995,242.550003,240.850006,242.190002,138.460007,139.220001,137.940002,139.050003,213.910004,214.289993,212.679993,213.979996
12/07/2017,243.300003,244.199997,243.300003,244.009995,140.240005,140.860001,139.960007,140.699997,214.979996,215.699997,214.889999,215.229996
13/07/2017,244.020004,244.550003,243.759995,244.419998,140.869995,141.350006,140.600006,141.009995,215.300003,215.559998,215,215.460007
14/07/2017,244.419998,245.970001,244.309998,245.559998,141.639999,142.300003,141.190002,142.119995,215.300003,216.679993,215.110001,216.259995
17/07/2017,245.470001,245.910004,245.330002,245.529999,142.270004,142.690002,141.919998,142.190002,216.320007,216.490005,216.039993,216.220001
18/07/2017,245.059998,245.720001,244.669998,245.660004,142.089996,143.169998,141.639999,143.139999,215.660004,215.809998,214.630005,215.699997
19/07/2017,246.020004,247,246.009995,246.990005,143.559998,144.190002,143.5,143.979996,215.889999,216.339996,215.660004,216.320007
20/07/2017,247.279999,247.419998,246.470001,247.100006,144.350006,144.440002,143.520004,144.169998,216.570007,216.580002,215.710007,216.190002
21/07/2017,246.440002,246.910004,246.179993,246.880005,143.639999,144.110001,143.350006,144.110001,215.190002,215.550003,214.759995,215.529999
24/07/2017,246.789993,246.979996,246.279999,246.820007,144.089996,144.869995,143.919998,144.770004,215.509995,215.509995,214.679993,215.089996
25/07/2017,247.679993,247.800003,247.160004,247.419998,144.289993,144.740005,144.009995,144.399994,216.5,216.520004,215.490005,215.860001
26/07/2017,247.75,247.789993,247.130005,247.429993,144.759995,144.949997,144.529999,144.869995,216.809998,217.160004,216.559998,216.809998
27/07/2017,247.960007,248,245.679993,247.199997,145.820007,145.960007,142.300003,143.960007,217.279999,217.75,216.630005,217.720001
28/07/2017,246.649994,247.059998,246.130005,246.910004,143.100006,144.080002,142.869995,143.839996,217.529999,218.160004,217.300003,218.020004
31/07/2017,247.369995,247.479996,246.529999,246.770004,144.25,144.429993,142.919998,143.229996,218.649994,219.029999,218.490005,218.699997
01/08/2017,247.460007,247.5,246.720001,247.320007,143.720001,143.759995,143.119995,143.559998,219.740005,219.800003,219.149994,219.369995
02/08/2017,247.470001,247.600006,246.369995,247.440002,144.490005,144.520004,142.610001,143.949997,219.830002,220.130005,219.440002,219.889999
03/08/2017,247.309998,247.339996,246.639999,246.960007,144.089996,144.169998,143.130005,143.389999,219.929993,220.229996,219.720001,220.059998
04/08/2017,247.520004,247.789993,246.970001,247.410004,143.710007,143.970001,143.059998,143.649994,220.639999,220.669998,220.029999,220.570007
07/08/2017,247.490005,247.869995,247.369995,247.869995,143.910004,144.559998,143.710007,144.559998,220.75,220.979996,220.600006,220.850006
08/08/2017,247.509995,248.910004,246.830002,247.259995,144.279999,145.470001,143.899994,144.309998,220.800003,221.679993,220.440002,220.690002
09/08/2017,246.470001,247.309998,246.059998,247.25,143.119995,144.190002,142.789993,144.119995,220.330002,220.610001,219.960007,220.5
10/08/2017,246.289993,246.440002,243.699997,243.759995,143.300003,143.399994,140.889999,141.029999,219.809998,219.899994,218.550003,218.600006
11/08/2017,244.020004,244.800003,243.75,244.119995,141.220001,142.410004,140.899994,142.100006,218.759995,219.220001,218.520004,218.699997
14/08/2017,245.589996,246.789993,245.550003,246.539993,143.229996,144.149994,143.190002,143.929993,219.880005,220.289993,219.809998,219.970001
15/08/2017,246.979996,247,246.160004,246.509995,144.289993,144.300003,143.639999,144.029999,220.580002,220.580002,219.860001,220.160004
16/08/2017,247.110001,247.570007,246.449997,246.940002,144.389999,144.960007,143.800003,144.279999,220.699997,221.100006,220.279999,220.470001
17/08/2017,246.240005,246.600006,243.089996,243.089996,143.720001,143.940002,141.330002,141.330002,220,220.070007,217.770004,217.809998
18/08/2017,242.899994,244.190002,242.199997,242.710007,141.410004,142.199997,140.649994,141.229996,216.990005,217.660004,216.149994,216.529999
21/08/2017,242.639999,243.199997,241.830002,242.899994,141.220001,141.529999,140.179993,141.050003,216.460007,216.919998,215.729996,216.740005
22/08/2017,243.570007,245.619995,243.550003,245.440002,141.809998,143.350006,141.759995,143.199997,217.410004,218.850006,217.300003,218.690002
23/08/2017,244.330002,245.050003,244.160004,244.559998,142.479996,143.009995,142.380005,142.690002,218.009995,218.460007,217.839996,217.919998
24/08/2017,245,245.179993,243.75,243.990005,143.009995,143.169998,141.470001,142.270004,218.550003,218.550003,217.460007,217.660004
25/08/2017,244.899994,245.610001,244.389999,244.559998,142.820007,143.179993,141.779999,141.970001,218.259995,218.929993,218,218.039993
28/08/2017,245.169998,245.199997,244.089996,244.570007,142.399994,142.740005,141.949997,142.410004,218.5,218.580002,217.529999,217.940002
29/08/2017,243.059998,245.149994,242.929993,244.850006,141.190002,143.210007,141.059998,142.970001,216.679993,218.759995,216.619995,218.589996
30/08/2017,244.830002,246.320007,244.619995,246.009995,143.089996,144.889999,143,144.649994,218.75,219.160004,218.389999,218.929993
31/08/2017,246.720001,247.770004,246.050003,247.490005,145.059998,146.210007,144.979996,146.199997,219.529999,219.889999,219.119995,219.520004
01/09/2017,247.919998,248.330002,247.669998,247.839996,146.389999,146.589996,145.610001,146,220.130005,220.410004,219.830002,219.919998
05/09/2017,247.259995,247.520004,244.949997,246.059998,145.570007,145.880005,143.600006,144.690002,219.529999,219.529999,217.179993,217.669998
06/09/2017,246.839996,247.279999,246.229996,246.899994,145.059998,145.460007,144.080002,145.130005,218.539993,218.619995,218.039993,218.25
07/09/2017,247.25,247.270004,246.399994,246.869995,145.399994,145.839996,144.940002,145.470001,218.470001,218.720001,217.679993,218.110001
08/09/2017,246.539993,247.110001,246.300003,246.580002,145.279999,145.350006,144.059998,144.210007,217.610001,218.660004,217.520004,218.240005
11/09/2017,248.039993,249.300003,248.020004,249.210007,145.339996,146.119995,145.300003,145.869995,219.580002,220.889999,219.580002,220.759995
12/09/2017,249.630005,250.089996,249.419998,250.050003,146.279999,146.410004,145.529999,146.220001,221.330002,221.570007,221.070007,221.419998
13/09/2017,249.720001,250.210007,249.589996,250.169998,145.970001,146.440002,145.729996,146.419998,221.350006,221.789993,221.199997,221.759995
14/09/2017,249.800003,250.320007,249.600006,250.089996,145.850006,146.289993,145.470001,145.559998,221.649994,222.429993,221.619995,222.320007
15/09/2017,248.690002,249.289993,248.570007,249.190002,145.529999,146.589996,145.289993,146.059998,222.130005,222.570007,221.910004,222.449997
18/09/2017,249.610001,250.119995,249.279999,249.720001,145.910004,146.369995,145.110001,145.550003,222.919998,223.389999,222.669998,223.160004
19/09/2017,250,250.070007,249.600006,249.970001,145.809998,146.009995,145.309998,145.800003,223.369995,223.669998,223.229996,223.580002
20/09/2017,250.070007,250.190002,248.919998,250.059998,145.75,145.910004,144.229996,145.350006,223.570007,223.949997,222.949997,223.899994
21/09/2017,249.880005,249.979996,249.190002,249.389999,145.25,145.259995,143.949997,144.460007,223.899994,223.970001,223.389999,223.470001
22/09/2017,249.050003,249.630005,249.020004,249.440002,144,144.529999,143.850006,144.320007,223.220001,223.460007,222.820007,223.199997
25/09/2017,249.149994,249.550003,248.080002,248.929993,143.75,143.830002,142.100006,142.800003,223.110001,223.429993,221.990005,222.820007
26/09/2017,249.419998,249.699997,248.809998,249.080002,143.529999,143.800003,142.669998,143.169998,223.059998,223.5,222.619995,222.690002
27/09/2017,249.880005,250.490005,248.869995,250.050003,143.929993,145,143.570007,144.460007,223.399994,223.520004,222.350006,223.119995
28/09/2017,249.729996,250.440002,249.630005,250.350006,144.110001,144.559998,143.779999,144.410004,222.970001,223.770004,222.699997,223.600006
29/09/2017,250.339996,251.320007,250.130005,251.229996,144.699997,145.559998,144.320007,145.449997,223.389999,223.869995,223.130005,223.820007
02/10/2017,251.490005,252.320007,251.289993,252.320007,145.669998,146.169998,144.929993,145.580002,224.190002,225.389999,224.020004,225.240005
03/10/2017,252.320007,252.889999,252.229996,252.860001,145.770004,146.059998,145.449997,145.889999,225.740005,226.279999,225.610001,226.240005
04/10/2017,252.690002,253.440002,252.559998,253.160004,145.610001,146.339996,145.470001,146.029999,226.389999,226.679993,226.179993,226.410004
05/10/2017,253.539993,254.679993,253.199997,254.660004,146.559998,147.539993,146.410004,147.460007,226.610001,227.660004,226.449997,227.639999
06/10/2017,254.149994,254.699997,253.850006,254.369995,146.960007,147.660004,146.960007,147.660004,227.339996,227.630005,227.229996,227.550003
09/10/2017,254.630005,254.699997,253.649994,253.949997,147.850006,148.009995,147.300003,147.490005,227.889999,227.960007,227.339996,227.529999
10/10/2017,254.600006,255.050003,253.979996,254.619995,147.990005,148.139999,146.949997,147.600006,228.210007,228.429993,227.639999,228.259995
11/10/2017,254.509995,255.020004,254.320007,255.020004,147.529999,148.070007,147.339996,148.039993,228.320007,228.639999,228.169998,228.610001
12/10/2017,254.660004,255.059998,254.369995,254.639999,147.820007,148.350006,147.619995,147.770004,228.490005,228.809998,228.149994,228.330002
13/10/2017,255.139999,255.270004,254.639999,254.949997,148.369995,148.509995,147.779999,148.339996,228.710007,228.970001,228.509995,228.729996
16/10/2017,255.210007,255.509995,254.820007,255.289993,148.710007,148.889999,148.389999,148.850006,229.070007,229.529999,228.809998,229.449997
17/10/2017,255.229996,255.520004,254.979996,255.470001,148.800003,149.059998,148.570007,149.039993,229.710007,229.960007,229.520004,229.850006
18/10/2017,255.899994,255.949997,255.5,255.720001,149.190002,149.210007,148.639999,148.860001,231,231.679993,230.910004,231.460007
19/10/2017,254.830002,255.830002,254.350006,255.789993,147.990005,148.330002,147.270004,148.309998,230.839996,231.660004,230.520004,231.649994
20/10/2017,256.700012,257.140015,255.770004,257.109985,148.910004,149.039993,148.529999,148.710007,232.470001,233.130005,231.889999,233.130005
23/10/2017,257.480011,257.51001,256.019989,256.109985,149.020004,149.029999,147.529999,147.740005,233.580002,233.580002,232.610001,232.649994
24/10/2017,256.600006,256.829987,256.149994,256.559998,148.029999,148.300003,147.440002,147.990005,234.110001,234.699997,233.960007,234.289993
25/10/2017,256.179993,256.309998,254,255.289993,147.699997,148.179993,146.330002,147.429993,234.449997,234.449997,232.350006,233.160004
26/10/2017,255.990005,256.299988,255.479996,255.619995,147.339996,147.710007,146.919998,146.960007,233.910004,234.419998,233.75,233.850006
27/10/2017,256.470001,257.890015,255.630005,257.709991,149.429993,151.520004,149.199997,151.240005,233.949997,234.330002,233.360001,234.169998
30/10/2017,256.470001,257.600006,256.410004,256.75,151.130005,152.190002,150.990005,151.580002,233.520004,234.139999,233.149994,233.330002
31/10/2017,257.179993,257.440002,256.809998,257.149994,152.070007,152.369995,151.630005,152.149994,233.639999,233.910004,233.199997,233.630005
01/11/2017,258.040009,258.429993,257.070007,257.48999,152.759995,152.830002,151.5,152.100006,234.600006,235.020004,233.729996,234.190002
02/11/2017,257.410004,257.75,256.190002,257.589996,151.929993,151.990005,150.770004,151.809998,234.210007,235.169998,233.320007,234.960007
03/11/2017,257.769989,258.5,257.299988,258.450012,152.360001,153.289993,151.839996,153.270004,235.360001,235.389999,234.639999,235.179993
06/11/2017,258.299988,259,258.220001,258.850006,153.149994,153.850006,153.100006,153.789993,235.229996,235.589996,235.089996,235.410004
07/11/2017,258.970001,259.350006,258.089996,258.670013,153.669998,154.080002,153.339996,153.880005,235.699997,235.880005,234.690002,235.419998
08/11/2017,258.470001,259.220001,258.149994,259.109985,153.800003,154.539993,153.619995,154.5,235.369995,235.610001,234.970001,235.460007
09/11/2017,257.730011,258.390015,256.359985,258.170013,153.229996,153.770004,152.110001,153.690002,234.490005,235.279999,233.160004,234.720001
10/11/2017,257.730011,258.290009,257.369995,258.089996,153.330002,153.800003,153.059998,153.679993,234.449997,234.669998,234.100006,234.429993
13/11/2017,257.309998,258.589996,257.269989,258.329987,153.100006,154.070007,153.100006,153.869995,233.660004,234.779999,233.630005,234.660004
14/11/2017,257.410004,257.850006,256.519989,257.730011,153.330002,153.5,152.570007,153.309998,233.970001,234.350006,232.910004,234.279999
15/11/2017,256.619995,257.220001,255.630005,256.440002,152.649994,153,151.779999,152.589996,233.160004,233.669998,232.649994,232.960007
16/11/2017,257.519989,259.040009,257.470001,258.619995,153.360001,154.889999,153.330002,154.539993,234.220001,235.279999,234.190002,234.910004
17/11/2017,258.220001,258.589996,257.769989,257.859985,154.580002,154.690002,153.800003,153.949997,233.770004,233.970001,233.360001,233.389999
20/11/2017,258.140015,258.519989,257.859985,258.299988,154.059998,154.199997,153.610001,153.830002,233.660004,234.369995,233.419998,234.149994
21/11/2017,259.179993,260.200012,258.26001,259.98999,154.559998,155.570007,154.490005,155.5,235.169998,235.990005,235.100006,235.729996
22/11/2017,260,260.149994,259.570007,259.76001,155.639999,155.839996,155.339996,155.690002,236.059998,236.059998,234.949997,235.169998
24/11/2017,260.320007,260.480011,260.160004,260.359985,155.850006,156.309998,155.759995,156.259995,235.559998,235.869995,235.410004,235.470001
27/11/2017,260.410004,260.75,260,260.230011,156.210007,156.559998,155.830002,156.190002,235.5,236.330002,235.389999,235.729996
28/11/2017,260.76001,262.899994,260.649994,262.869995,156.539993,156.690002,155.699997,156.589996,236.320007,238.440002,236.229996,238.339996
29/11/2017,263.019989,263.630005,262.200012,262.709991,156.410004,156.449997,153.119995,153.860001,239.149994,239.649994,238.770004,239.419998
30/11/2017,263.76001,266.049988,263.670013,265.01001,154.509995,155.449997,154.149994,155.149994,240.679993,243.490005,240.410004,242.839996
01/12/2017,264.76001,265.309998,260.76001,264.459991,154.199997,155.240005,152.259995,154.490005,243.139999,243.440002,239.410004,242.449997
04/12/2017,266.309998,266.799988,264.079987,264.140015,155.460007,155.630005,152.559998,152.710007,245.009995,245.570007,243.070007,243.110001
05/12/2017,263.190002,265.149994,263.040009,263.190002,152.679993,154.550003,152.100006,152.809998,243.779999,243.789993,241.770004,242.009995
06/12/2017,263.299988,263.730011,262.709991,263.23999,152.240005,153.740005,152.059998,153.5,241.720001,242.509995,241.550003,241.619995
07/12/2017,264.070007,264.429993,262.940002,264.070007,153.490005,154.460007,153.330002,154.020004,241.210007,242.869995,241.100006,242.360001
08/12/2017,265.160004,265.519989,264.029999,265.51001,155.149994,155.529999,154.460007,154.699997,243.190002,243.630005,242.580002,243.619995
11/12/2017,266.309998,266.380005,265.480011,266.309998,154.770004,155.949997,154.759995,155.899994,243.770004,244.240005,243.5,244.169998
12/12/2017,267.209991,267.320007,266.350006,266.779999,155.830002,156.149994,155.360001,155.690002,244.929993,245.869995,244.800003,245.440002
13/12/2017,267.059998,267.559998,266.649994,266.75,156.320007,156.490005,155.759995,155.990005,245.690002,246.990005,245.649994,246.300003
14/12/2017,267.089996,267.220001,265.600006,265.660004,156.259995,156.660004,155.710007,155.880005,246.889999,247.070007,245.470001,245.570007
15/12/2017,265.450012,267.040009,265.390015,266.51001,156.490005,157.820007,156.229996,157.649994,246.210007,246.699997,245.820007,246.25
18/12/2017,268.100006,268.600006,267.980011,268.200012,158.360001,158.770004,158.070007,158.639999,248.009995,248.539993,247.529999,247.789993
19/12/2017,268.480011,268.529999,267.089996,267.170013,158.339996,158.5,157.259995,157.699997,248.309998,248.339996,246.940002,247.399994
20/12/2017,268.269989,268.329987,266.690002,267.029999,158.25,158.279999,156.910004,157.529999,248.330002,248.399994,246.759995,247.070007
21/12/2017,267.73999,268.390015,267.299988,267.579987,157.75,158.25,157.369995,157.550003,247.729996,248.289993,247.419998,247.660004
22/12/2017,267.600006,267.640015,266.899994,267.51001,157.309998,157.429993,156.949997,157.369995,247.580002,247.610001,246.970001,247.399994
26/12/2017,267.049988,267.440002,266.890015,267.190002,156.490005,156.720001,155.949997,156.520004,246.940002,247.589996,246.880005,247.25
27/12/2017,267.380005,267.730011,267.01001,267.320007,156.529999,156.960007,156.389999,156.539993,247.149994,247.690002,247.100006,247.479996
28/12/2017,267.890015,267.920013,267.450012,267.869995,157.039993,157.070007,156.539993,156.729996,247.940002,248.190002,247.770004,248.130005
29/12/2017,268.529999,268.549988,266.640015,266.859985,156.869995,156.899994,155.699997,155.759995,248.570007,248.610001,247.169998,247.380005
02/01/2018,267.839996,268.809998,267.399994,268.769989,156.559998,158.529999,156.169998,158.490005,248.339996,248.470001,247.229996,248.020004
03/01/2018,268.959991,270.640015,268.959991,270.470001,158.639999,160.169998,158.610001,160.029999,248.320007,249.220001,248.070007,248.949997
04/01/2018,271.200012,272.160004,270.540009,271.609985,160.580002,160.789993,160.080002,160.309998,249.960007,250.919998,249.619995,250.600006
05/01/2018,272.51001,273.559998,271.950012,273.420013,161.070007,162.029999,160.770004,161.919998,251.380005,252.850006,250.970001,252.720001
08/01/2018,273.309998,274.100006,272.980011,273.920013,161.919998,162.630005,161.860001,162.550003,252.75,252.970001,252.220001,252.589996
09/01/2018,274.399994,275.25,274.079987,274.540009,162.869995,163.039993,162.070007,162.559998,253.199997,254.289993,252.720001,253.820007
10/01/2018,273.679993,274.420013,272.920013,274.119995,161.839996,162.210007,161.119995,162.179993,253.169998,253.929993,252.449997,253.619995
11/01/2018,274.75,276.119995,274.559998,276.119995,162.460007,163.300003,162.210007,163.289993,254,255.669998,253.850006,255.610001
12/01/2018,276.420013,278.109985,276.079987,277.920013,163.149994,164.660004,162.940002,164.490005,256.630005,257.970001,256.480011,257.910004
16/01/2018,279.350006,280.089996,276.179993,276.970001,165.580002,166.419998,163.529999,164.020004,260.269989,260.75,256.910004,257.809998
17/01/2018,278.029999,280.049988,276.970001,279.609985,164.800003,166.039993,164,165.789993,259.26001,261.190002,258.540009,261.079987
18/01/2018,279.480011,279.959991,278.579987,279.140015,165.529999,166.199997,165.139999,165.820007,261.23999,261.320007,259.380005,260.160004
19/01/2018,279.799988,280.410004,279.140015,280.410004,166.309998,166.610001,165.539993,166.339996,260.049988,260.549988,259.269989,260.540009
22/01/2018,280.170013,282.690002,280.109985,282.690002,166.279999,168.119995,166.089996,168.119995,259.700012,262.01001,259.630005,261.980011
23/01/2018,282.73999,283.619995,282.369995,283.290009,168.639999,169.660004,168.559998,169.509995,261.829987,262.290009,261.269989,261.869995
24/01/2018,284.019989,284.700012,281.839996,283.179993,169.869995,170.240005,167.440002,168.410004,263,263.76001,260.869995,262.570007
25/01/2018,284.160004,284.269989,282.399994,283.299988,169.570007,169.630005,167.809998,168.350006,263.579987,264.390015,262.420013,263.75
26/01/2018,284.25,286.630005,283.959991,286.579987,169.289993,170.949997,168.960007,170.929993,264.320007,265.929993,264.049988,265.910004
29/01/2018,285.929993,286.429993,284.5,284.679993,170.570007,170.910004,169.740005,170.100006,265.559998,265.899994,264.119995,264.160004
30/01/2018,282.600006,284.73999,281.220001,281.76001,168.550003,169.419998,167.820007,168.699997,261.480011,262.440002,260.089996,260.619995
31/01/2018,282.730011,283.299988,280.679993,281.899994,169.649994,169.990005,168.339996,169.399994,263,263.160004,260.290009,261.440002
01/02/2018,281.070007,283.059998,280.679993,281.579987,168.100006,169.729996,167.419998,167.960007,259.950012,262.899994,259.769989,261.619995
02/02/2018,280.079987,280.230011,275.410004,275.450012,167.300003,167.699997,164.470001,164.610001,259.609985,259.850006,254.729996,254.929993
05/02/2018,273.450012,275.850006,263.309998,263.929993,163.070007,165.75,158,158.119995,252.220001,255.020004,239.059998,243.270004
06/02/2018,259.940002,269.700012,258.700012,269.130005,155.809998,162.509995,155.100006,162.309998,238.320007,249.330002,237.539993,248.960007
07/02/2018,268.5,272.359985,267.579987,267.670013,161.789993,163.550003,160.199997,160.210007,248.240005,252.789993,247.570007,248.759995
08/02/2018,268.01001,268.170013,257.589996,257.630005,160.619995,160.800003,153.449997,153.449997,248.960007,249.080002,238.5,238.669998
09/02/2018,260.799988,263.609985,252.919998,261.5,155.619995,157.240005,150.130005,156.100006,241.410004,244.029999,233.759995,242.029999
12/02/2018,263.829987,267.01001,261.660004,265.339996,157.699997,159.949997,156.460007,158.869995,244.029999,247.850006,243.059998,246.169998
13/02/2018,263.970001,266.619995,263.309998,266,157.960007,160.009995,157.720001,159.690002,244.720001,247.25,244.330002,246.570007
14/02/2018,264.309998,270,264.299988,269.589996,158.75,162.929993,158,162.679993,245.169998,249.490005,245.039993,249.300003
15/02/2018,271.570007,273.040009,268.769989,273.029999,164.139999,165.699997,162.440002,165.699997,251.619995,252.5,248.490005,252.5
16/02/2018,272.320007,275.320007,272.269989,273.109985,165.160004,166.759995,164.679993,164.960007,251.429993,254.119995,251.199997,251.960007
20/02/2018,272.029999,273.670013,270.5,271.399994,164.380005,166.679993,164.309998,165.289993,250.440002,251.589996,248.589996,249.350006
21/02/2018,271.899994,274.720001,269.940002,270.049988,166.100006,167.720001,164.720001,164.820007,249.600006,252.509995,247.710007,247.720001
22/02/2018,271.100006,273.049988,269.640015,270.399994,165.539993,166.419998,164.380005,164.800003,248.630005,251.360001,248.529999,249.490005
23/02/2018,271.790009,274.709991,271.25,274.709991,166.130005,168.169998,165.449997,168.169998,250.789993,252.949997,250.050003,252.910004
26/02/2018,275.929993,278.01001,275.26001,277.899994,168.960007,170.399994,168.820007,170.399994,254.320007,257.179993,253.960007,256.920013
27/02/2018,278.109985,278.920013,274.359985,274.429993,170.449997,170.729996,168.210007,168.289993,257.100006,257.859985,253.919998,253.960007
28/02/2018,275.679993,276.190002,271.290009,271.649994,169.25,169.800003,167.100006,167.210007,255.179993,255.770004,250.199997,250.199997
01/03/2018,271.410004,273.170013,266,267.700012,167.300003,168.070007,163,164.479996,250.210007,251.869995,244.369995,245.979996
02/03/2018,265.799988,269.720001,264.820007,269.079987,162.5,166.279999,161.960007,165.990005,243.550003,245.919998,242.160004,245.350006
05/03/2018,267.730011,272.890015,267.609985,272.190002,165.210007,168.259995,164.589996,167.830002,243.839996,249.630005,243.800003,248.839996
06/03/2018,273.299988,273.390015,271.179993,272.880005,168.649994,169.110001,167.479996,168.539993,250.179993,250.179993,247.050003,248.839996
07/03/2018,270.420013,273.179993,270.200012,272.779999,167.25,169.070007,166.960007,168.929993,245.860001,248.580002,245.399994,248.110001
08/03/2018,273.549988,274.23999,272.420013,274.100006,169.630005,169.979996,168.949997,169.860001,249.130005,249.710007,247.220001,249.139999
09/03/2018,275.700012,278.869995,275.339996,278.869995,171.070007,173.160004,170.820007,173.160004,250.940002,253.559998,250.339996,253.559998
12/03/2018,279.200012,279.910004,278.079987,278.519989,173.669998,174.479996,173.279999,174.080002,254.050003,254.720001,251.699997,251.960007
13/03/2018,279.839996,280.410004,276.029999,276.720001,174.479996,175.210007,171.270004,171.710007,253.100006,253.970001,249.649994,250.220001
14/03/2018,277.809998,278.019989,274.670013,275.299988,172.610001,172.740005,170.929993,171.679993,251.410004,251.619995,246.919998,247.880005
15/03/2018,275.880005,276.609985,274.429993,275,171.800003,172.529999,170.899994,171.529999,248.839996,250.800003,247.800003,249
16/03/2018,274.5,275.390015,274.140015,274.200012,171.820007,172.199997,170.940002,171.020004,248.570007,250.130005,248.339996,249.100006
19/03/2018,273.350006,274.399994,268.619995,270.48999,169.100006,169.220001,165.639999,167.100006,248.300003,248.380005,244.320007,245.910004
20/03/2018,270.940002,271.670013,270.179993,270.950012,167.169998,168.039993,166.610001,167.649994,246.490005,247.850006,246.320007,247.100006
21/03/2018,270.899994,273.269989,270.190002,270.429993,167.210007,168.759995,166.190002,166.919998,247.139999,249.649994,246.320007,246.619995
22/03/2018,267.910004,268.869995,263.359985,263.670013,164.610001,165.770004,162.589996,162.800003,244.089996,245.029999,239.169998,239.360001
23/03/2018,264.170013,264.540009,257.829987,258.049988,162.610001,163.300003,158.429993,158.509995,239.979996,240.899994,234.850006,235.130005
26/03/2018,262.130005,265.429993,259.410004,265.109985,161.720001,164.600006,159.160004,164.399994,239.029999,242.149994,237.199997,241.820007
27/03/2018,266.170013,266.769989,258.839996,260.600006,165.619995,165.619995,157.679993,159.080002,243.050003,244.259995,236.850006,238.289993
28/03/2018,260.75,262.640015,258.579987,259.829987,158.169998,159.779999,156.039993,157.25,239.039993,240.720001,237.050003,238.279999
29/03/2018,261.119995,265.26001,259.839996,263.149994,158.100006,161.710007,156.630005,160.130005,239.570007,242.940002,239.059998,241.399994
02/04/2018,262.549988,263.130005,254.669998,257.470001,158.990005,159.740005,153.880005,155.509995,240.330002,241.029999,233.199997,236.149994
03/04/2018,258.869995,261.309998,256.839996,260.769989,156.869995,157.919998,154.440002,157.259995,237.380005,240.25,236.399994,240.149994
04/04/2018,256.75,264.359985,256.600006,263.559998,154.220001,160.229996,154.039993,159.740005,235.050003,242.899994,234.940002,242.460007
05/04/2018,265.549988,266.640015,264.320007,265.640015,161.330002,161.580002,159.479996,160.649994,243.800003,246.089996,243.380005,244.910004
06/04/2018,263.420013,265.109985,258,259.720001,158.880005,160.460007,155.880005,156.630005,242.300003,244.25,237.240005,239.130005
09/04/2018,261.369995,264.839996,259.940002,261,157.979996,160.880005,157.460007,157.729996,241.160004,243.639999,239.429993,239.729996
10/04/2018,264.269989,266.040009,262.980011,265.149994,160.210007,161.729996,159.070007,161.210007,243.350006,245,242.199997,244.009995
11/04/2018,263.470001,265.640015,263.390015,263.76001,160.199997,162,160.100006,160.279999,242.130005,243.580002,241.389999,241.880005
12/04/2018,265.26001,267,265.059998,265.929993,161.25,162.770004,161.160004,162.210007,243.660004,245.820007,243.440002,244.809998
13/04/2018,267.410004,267.540009,264.01001,265.149994,163.020004,163.259995,160.669998,161.369995,246.419998,246.460007,242.330002,243.580002
16/04/2018,267,268.200012,266.070007,267.329987,162.5,163.190002,161.479996,162.600006,245.119995,246.669998,244.720001,245.619995
17/04/2018,269.329987,270.869995,268.75,270.190002,164.240005,166.460007,163.910004,166.100006,248.149994,248.479996,247.270004,247.800003
18/04/2018,270.690002,271.299988,269.869995,270.390015,166.100006,167,165.309998,166.440002,247.880005,248.220001,247.080002,247.380005
19/04/2018,269.649994,269.880005,267.720001,268.890015,165.600006,165.990005,164.339996,164.910004,246.919998,247.580002,245.490005,246.570007
20/04/2018,268.809998,269.059998,265.609985,266.609985,164.490005,164.610001,161.729996,162.300003,246.369995,246.660004,243.589996,244.479996
23/04/2018,267.26001,267.890015,265.350006,266.570007,163.089996,163.729996,161.020004,161.889999,245.059998,245.179993,243.139999,244.350006
24/04/2018,267.730011,267.980011,261.279999,262.980011,162.660004,162.910004,157.389999,158.460007,245.389999,245.559998,238.119995,240.089996
25/04/2018,262.910004,264.130005,260.850006,263.630005,158.740005,159.309998,156.470001,158.649994,240.289993,241.330002,238.089996,240.699997
26/04/2018,264.790009,267.25,264.290009,266.309998,160.699997,162.529999,160.179993,161.990005,241.429993,243.880005,241.119995,243.119995
27/04/2018,267,267.339996,265.5,266.559998,164.369995,164.410004,161.169998,162.089996,242.970001,243.440002,241.770004,242.949997
30/04/2018,267.26001,267.890015,264.429993,264.51001,162.470001,163.479996,160.539993,160.940002,244.100006,244.839996,241.509995,241.539993
01/05/2018,263.869995,265.100006,262.109985,264.980011,160.520004,162.800003,160.139999,162.779999,240.690002,240.889999,237.910004,240.759995
02/05/2018,264.76001,265.679993,262.76001,263.200012,163.059998,163.570007,161.630005,161.820007,240.610001,241.699997,238.720001,239.110001
03/05/2018,262.26001,263.359985,259.049988,262.619995,161,162.399994,159.220001,161.800003,237.919998,239.830002,235.119995,239.100006
04/05/2018,261.519989,266.790009,261.149994,266.019989,161.100006,165.25,160.979996,164.869995,238.110001,243.220001,237.679993,242.520004
07/05/2018,266.890015,268.019989,266.109985,266.920013,165.639999,166.779999,165.509995,166.240005,243.5,244.669998,242.490005,243.419998
08/05/2018,266.5,267.329987,265.149994,266.920013,165.889999,166.429993,164.860001,166.070007,243.169998,243.979996,241.839996,243.419998
09/05/2018,267.679993,269.869995,267.089996,269.5,166.369995,168,165.779999,167.880005,244.229996,245.850006,243.210007,245.399994
10/05/2018,270.339996,272.390015,270.220001,272.019989,168.419998,169.740005,168.289993,169.619995,246,248.110001,245.970001,247.460007
11/05/2018,272.160004,273.149994,271.579987,272.850006,169.419998,169.860001,168.720001,169.460007,247.699997,248.940002,247.380005,248.539993
14/05/2018,273.339996,274.079987,272.359985,272.980011,169.850006,170.820007,169.470001,169.75,249.410004,250.199997,248.850006,249.270004
15/05/2018,271.589996,271.609985,270.029999,271.100006,168.410004,168.5,166.979996,167.869995,248.070007,248.179993,246.490005,247.309998
16/05/2018,271.140015,272.76001,271.109985,272.23999,168.089996,169.369995,168.009995,168.979996,247.179993,248.279999,246.970001,247.970001
17/05/2018,271.940002,273.230011,271.130005,272.01001,168.389999,169.610001,167.509995,168.330002,247.800003,248.889999,246.880005,247.740005
18/05/2018,271.619995,272.029999,270.929993,271.329987,167.679993,168.259995,167.210007,167.460007,246.970001,247.529999,246.419998,247
21/05/2018,273.01001,273.980011,272.570007,273.369995,168.759995,169.5,167.679993,168.399994,249.220001,250.669998,249.210007,249.940002
22/05/2018,273.959991,274.25,272.23999,272.609985,169.169998,169.449997,167.880005,168.179993,250.369995,250.429993,247.919998,248.179993
23/05/2018,271.170013,273.390015,270.98999,273.359985,166.899994,169.619995,166.880005,169.600006,246.830002,248.699997,246.470001,248.630005
24/05/2018,272.910004,273.220001,270.779999,272.799988,169.550003,169.850006,167.839996,169.550003,248.130005,248.429993,245.850006,247.910004
25/05/2018,272.149994,272.859985,271.579987,272.149994,169.529999,170.330002,169.210007,169.720001,247.410004,248.100006,246.710007,247.369995
29/05/2018,270.309998,271.170013,267.76001,269.019989,168.949997,169.919998,167.960007,168.970001,245.380005,246.210007,242.309998,243.449997
30/05/2018,270.5,273.109985,270.420013,272.609985,169.580002,170.479996,169.220001,170.179993,245.169998,247.160004,244.580002,246.699997
31/05/2018,272.149994,272.48999,270.26001,270.940002,170.179993,171.199997,169.630005,170.070007,246,246.020004,243.509995,244.179993
01/06/2018,272.410004,273.940002,272.329987,273.600006,170.919998,172.839996,170.869995,172.740005,246.139999,246.830002,245.649994,246.360001
04/06/2018,274.529999,275.190002,274.26001,274.899994,173.179993,174.339996,173.070007,174.300003,247.720001,248.669998,247.539993,248.199997
05/06/2018,275.049988,275.529999,274.179993,275.100006,174.710007,175.130005,174.070007,174.839996,248.160004,248.479996,247.160004,248.149994
06/06/2018,275.790009,277.519989,275.089996,277.399994,175.020004,175.889999,174.139999,175.860001,249.240005,251.529999,248.550003,251.520004
07/06/2018,277.950012,278.279999,276.339996,277.369995,175.889999,175.929993,173.550003,174.429993,252.220001,253.369995,251.740005,252.529999
08/06/2018,276.850006,278.25,276.660004,278.190002,173.610001,174.880005,173.179993,174.440002,251.960007,253.410004,251.770004,253.270004
11/06/2018,278.440002,279.369995,278.309998,278.559998,174.309998,175.339996,174.279999,174.910004,253.619995,254.160004,253.020004,253.389999
12/06/2018,279.029999,279.329987,278.190002,278.920013,175.149994,176,174.960007,175.830002,253.740005,253.770004,252.559998,253.300003
13/06/2018,279.190002,279.480011,277.799988,278.029999,176.100006,177.139999,175.429993,175.820007,253.419998,253.75,252.029999,252.179993
14/06/2018,279.01001,279.329987,278.059998,278.730011,176.630005,177.889999,176.5,177.600006,253.160004,253.520004,251.539993,251.990005
15/06/2018,276.600006,277.51001,275.350006,277.130005,176.929993,177.330002,176.110001,176.979996,250.270004,251.199997,248.770004,250.740005
18/06/2018,275.48999,276.700012,274.950012,276.559998,175.490005,176.649994,174.940002,176.5,248.800003,249.899994,248.139999,249.729996
19/06/2018,274,275.75,273.529999,275.5,174.270004,176.039993,173.710007,176,246.600006,247.229996,245.529999,246.880005
20/06/2018,276.269989,276.720001,275.589996,275.970001,176.809998,177.979996,176.649994,177.25,247.960007,247.979996,246.119995,246.460007
21/06/2018,275.959991,275.980011,273.679993,274.23999,177.699997,177.880005,175.369995,175.710007,245.830002,245.940002,243.929993,244.5
22/06/2018,275.660004,275.790009,274.48999,274.73999,176.300003,176.369995,174.690002,175.320007,245.919998,246.509995,245.440002,245.690002
25/06/2018,273.440002,273.619995,269.100006,271,173.729996,173.990005,169.809998,171.369995,244.179993,244.399994,240.699997,242.309998
26/06/2018,271.640015,272.559998,270.790009,271.600006,172,173.059998,171.369995,172.070007,242.919998,243.690002,242.270004,242.669998
27/06/2018,272.26001,273.869995,269.179993,269.350006,172.800003,173.580002,169.610001,169.729996,243.270004,245.580002,241.009995,241.119995
28/06/2018,269.290009,271.75,268.48999,270.890015,169.520004,171.770004,169.169998,171.190002,240.470001,242.960007,239.830002,242.080002
29/06/2018,272.119995,273.660004,271.149994,271.279999,172.009995,172.919998,171.399994,171.649994,243.479996,244.960007,242.589996,242.729996
02/07/2018,269.51001,272.040009,269.23999,271.859985,170.039993,172.850006,169.669998,172.800003,240.919998,243.039993,240.619995,242.729996
03/07/2018,272.869995,272.980011,270.420013,270.899994,173.449997,173.449997,170.630005,170.800003,244.059998,244.300003,241.350006,241.660004
05/07/2018,272.170013,273.179993,270.959991,273.109985,171.910004,173.059998,171.029999,172.919998,243.130005,243.669998,241.690002,243.550003
06/07/2018,273.140015,275.839996,272.709991,275.420013,173.320007,175.740005,173,175.610001,243.309998,245.199997,242.809998,244.600006
09/07/2018,276.549988,277.959991,276.5,277.899994,176.520004,177.229996,175.820007,177.190002,245.779999,248,245.759995,247.839996
10/07/2018,278.410004,279.01001,278.079987,278.899994,177.520004,177.720001,176.710007,177.320007,248.520004,249.479996,248.449997,249.229996
11/07/2018,277.149994,278.040009,276.519989,276.859985,175.929993,177.070007,175.800003,176.419998,247.339996,248.160004,246.639999,247.080002
12/07/2018,278.279999,279.429993,277.600006,279.369995,177.199997,179.460007,177.080002,179.460007,249.070007,249.440002,248.169998,249.300003
13/07/2018,279.170013,279.929993,278.660004,279.589996,179.449997,179.899994,178.949997,179.610001,249.240005,250.460007,248.929993,250.199997
16/07/2018,279.640015,279.799988,278.839996,279.339996,179.649994,179.949997,178.880005,179.179993,250.389999,250.75,249.830002,250.669998
17/07/2018,278.470001,280.910004,278.410004,280.470001,177.279999,180.649994,177.279999,180.270004,250.550003,251.570007,249.899994,251.279999
18/07/2018,280.559998,281.179993,280.059998,281.059998,180.289993,180.440002,179.380005,179.929993,251.389999,252.169998,251.020004,252.029999
19/07/2018,280.309998,280.73999,279.459991,280,179.279999,179.880005,178.820007,179.029999,251.220001,251.619995,250.610001,250.789993
20/07/2018,279.769989,280.480011,279.5,279.679993,179.570007,180.169998,178.789993,178.990005,249.820007,251.039993,249.679993,250.440002
23/07/2018,279.450012,280.429993,279.059998,280.200012,178.460007,179.639999,177.740005,179.559998,250.210007,250.600006,249.619995,250.259995
24/07/2018,281.790009,282.559998,280.630005,281.609985,181.410004,182.050003,179.559998,180.300003,251.259995,252.660004,251.059998,252.210007
25/07/2018,281.329987,284.369995,281.279999,284.01001,180.380005,182.929993,180.289993,182.820007,251.570007,254.160004,250.929993,254.020004
26/07/2018,283.200012,284.109985,283.089996,283.339996,180.339996,180.919998,179.809998,180.050003,254.520004,255.679993,254.449997,255.119995
27/07/2018,283.709991,283.820007,280.380005,281.420013,181.190002,181.309998,176.600006,177.619995,255.110001,255.600006,253.479996,254.259995
30/07/2018,281.51001,281.690002,279.359985,279.950012,177.630005,177.729996,174.270004,175.110001,254.529999,254.789993,252.669998,252.869995
31/07/2018,280.809998,282.019989,280.380005,281.329987,175.800003,177.130005,174.820007,176.449997,253.690002,254.679993,253.600006,254.169998
01/08/2018,281.559998,282.130005,280.130005,280.859985,176.860001,177.649994,176.100006,177.119995,253.899994,254.639999,252.559998,253.110001
02/08/2018,279.390015,282.579987,279.160004,282.390015,175.869995,179.740005,175.789993,179.529999,251.449997,253.410004,251.029999,253.100006
03/08/2018,282.529999,283.660004,282.329987,283.600006,179.869995,180.089996,179.080002,180.080002,253.039993,254.5,253.039993,254.389999
06/08/2018,283.640015,284.98999,283.200012,284.640015,179.960007,181.190002,179.740005,181.139999,254.220001,255.240005,253.630005,254.850006
07/08/2018,285.390015,286.01001,285.23999,285.579987,181.649994,182.139999,181.259995,181.800003,255.979996,256.76001,255.649994,256.119995
08/08/2018,285.390015,285.910004,284.940002,285.459991,181.550003,182.350006,181.059998,182.020004,255.970001,256.119995,255.380005,255.619995
09/08/2018,285.529999,285.970001,284.920013,285.070007,181.910004,182.630005,181.639999,181.910004,255.759995,256.230011,255,255.160004
10/08/2018,283.450012,284.059998,282.359985,283.160004,180.679993,181.220001,179.839996,180.520004,253.679993,253.899994,252.399994,253.300003
13/08/2018,283.470001,284.160004,281.769989,282.100006,180.850006,182.009995,180.240005,180.320007,253.570007,253.960007,251.699997,252.039993
14/08/2018,282.920013,284.170013,282.480011,283.899994,181.009995,181.660004,180.039993,181.449997,252.759995,253.550003,252.229996,253.210007
15/08/2018,282.380005,282.540009,280.160004,281.779999,180.009995,180.580002,178.119995,179.229996,251.839996,252.199997,249.860001,251.759995
16/08/2018,283.399994,285.040009,283.359985,284.059998,180.610001,180.990005,179.470001,179.820007,254.369995,256.410004,254.279999,255.940002
17/08/2018,283.829987,285.559998,283.369995,285.059998,179.350006,180.309998,178.270004,179.860001,255.229996,257.119995,255.029999,256.51001
20/08/2018,285.570007,285.970001,285.059998,285.670013,180.259995,180.330002,179,179.699997,257.109985,257.720001,256.970001,257.429993
21/08/2018,286.25,287.309998,285.709991,286.339996,180.240005,181.440002,180.130005,180.360001,257.929993,258.700012,257.76001,258.070007
22/08/2018,285.880005,286.76001,285.579987,286.170013,179.979996,181.270004,179.75,181.059998,258,258.200012,257.049988,257.179993
23/08/2018,285.970001,286.940002,285.429993,285.790009,180.740005,182.050003,180.5,180.800003,256.799988,257.559998,255.979996,256.48999
24/08/2018,286.440002,287.670013,286.380005,287.51001,181.399994,182.630005,181.360001,182.479996,257.23999,258.179993,256.98999,257.850006
27/08/2018,288.859985,289.899994,288.679993,289.779999,183.399994,184.339996,183.110001,184.339996,259.25,260.649994,259.25,260.579987
28/08/2018,290.299988,290.420013,289.399994,289.920013,184.830002,185.020004,184.220001,184.610001,261.299988,261.320007,260.350006,260.640015
29/08/2018,290.160004,291.73999,289.890015,291.480011,184.929993,186.839996,184.860001,186.740005,260.799988,261.769989,260.440002,261.329987
30/08/2018,290.940002,291.359985,289.630005,290.299988,186.380005,187.520004,185.789993,186.410004,260.73999,261.149994,259.450012,260.01001
31/08/2018,289.839996,290.809998,289.290009,290.309998,186.179993,187.179993,185.979996,186.649994,259.589996,260.48999,258.980011,259.850006
04/09/2018,289.839996,290.209991,288.679993,289.809998,186.080002,186.399994,184.850006,185.850006,259.220001,259.920013,258.209991,259.730011
05/09/2018,289.410004,289.640015,287.890015,289.029999,185.520004,185.550003,182.820007,183.449997,259.220001,260.309998,258.920013,259.920013
06/09/2018,289.149994,289.48999,287,288.160004,183.529999,183.75,180.580002,181.809998,260.140015,261.049988,259.040009,260.290009
07/09/2018,286.980011,288.700012,286.709991,287.600006,180.5,182.669998,180.440002,181.110001,259.329987,260.339996,258.459991,259.540009
10/09/2018,288.73999,289.040009,287.880005,288.100006,182.149994,182.25,180.729996,181.720001,260.519989,260.649994,258.859985,258.940002
11/09/2018,287.369995,289.549988,286.980011,289.049988,180.990005,183.419998,180.520004,183.119995,258.100006,260.51001,257.820007,260.029999
12/09/2018,289.059998,289.799988,288.230011,289.119995,182.850006,182.979996,181.009995,182.580002,260.149994,261.769989,259.579987,260.25
13/09/2018,290.320007,291.040009,290,290.829987,183.720001,184.880005,183.639999,184.529999,261.420013,262.220001,260.98999,261.779999
14/09/2018,291.059998,291.269989,290,290.880005,184.660004,184.949997,183.259995,183.990005,262.01001,262.470001,261.019989,261.890015
17/09/2018,290.820007,290.859985,289.029999,289.339996,183.679993,183.809998,181.169998,181.339996,261.720001,262.190002,260.640015,260.980011
18/09/2018,289.579987,291.579987,289.549988,290.910004,181.490005,183.729996,181.399994,182.839996,261.25,263.529999,261.179993,262.910004
19/09/2018,290.970001,291.690002,290.829987,291.220001,182.869995,183.300003,181.509995,182.699997,263.100006,264.98999,263.100006,264.420013
20/09/2018,292.640015,293.940002,291.23999,293.579987,183.960007,184.970001,183.520004,184.720001,266,267.309998,265.98999,267.040009
21/09/2018,293.089996,293.220001,291.809998,291.98999,185.220001,185.479996,183.479996,183.710007,267.549988,267.609985,266.589996,267.119995
24/09/2018,291.339996,291.5,290.369995,291.019989,182.050003,183.960007,181.300003,183.889999,266.679993,266.700012,265.25,265.420013
25/09/2018,291.529999,291.649994,290.480011,290.75,183.809998,184.279999,183.179993,184.139999,266.029999,266.119995,264.529999,264.730011
26/09/2018,290.910004,292.23999,289.410004,289.880005,184.300003,185.990005,183.910004,184.270004,264.809998,265.839996,263.269989,263.779999
27/09/2018,290.410004,291.910004,290.100006,290.690002,185.020004,186.490005,184.919998,185.830002,264.25,265.369995,263.589996,264.25
28/09/2018,289.98999,291.279999,289.950012,290.720001,185.309998,186.279999,184.970001,185.789993,263.559998,264.940002,263.5,264.399994
01/10/2018,292.109985,292.929993,290.980011,291.730011,186.869995,187.529999,185.699997,186.169998,266.100006,267.149994,265.73999,266.730011
02/10/2018,291.559998,292.359985,291.140015,291.559998,186.009995,187.179993,185.320007,185.75,266.109985,268.019989,266.049988,267.570007
03/10/2018,292.73999,293.209991,291.320007,291.720001,186.529999,186.970001,185.660004,185.949997,268.769989,269.279999,267.670013,267.950012
04/10/2018,291.179993,291.23999,287.660004,289.440002,185.199997,185.320007,181.059998,182.380005,267.690002,267.709991,264.579987,266.25
05/10/2018,289.690002,290.269989,286.220001,287.820007,182.360001,182.970001,178.429993,180.149994,266.339996,266.619995,262.899994,264.320007
08/10/2018,287.049988,288.220001,285.5,287.820007,179.520004,180.639999,176.929993,179.050003,263.25,265.209991,262.079987,264.829987
09/10/2018,287.390015,288.859985,286.769989,287.399994,179.179993,181.020004,178.75,179.630005,264.380005,265.320007,263.140015,264.230011
10/10/2018,286.829987,286.910004,277.880005,278.299988,178.509995,178.619995,171.5,171.729996,264.040009,264.119995,255.800003,256.059998
11/10/2018,277.079987,278.899994,270.359985,272.170013,171.020004,173.399994,167.809998,169.600006,254.729996,256.730011,248.860001,250.270004
12/10/2018,276.769989,277.089996,272.369995,275.950012,174.169998,174.860001,170.929993,174.320007,254.360001,254.610001,249.929993,253.300003
15/10/2018,275.549988,277.040009,274.299988,274.399994,173.710007,174.039993,171.559998,172.210007,252.869995,254.740005,252.339996,252.339996
16/10/2018,276.600006,280.820007,276.070007,280.399994,174.020004,177.649994,173.699997,177.220001,254.619995,258.109985,253.979996,257.920013
17/10/2018,280.440002,281.149994,277.559998,280.450012,178.080002,178.259995,175.470001,177.289993,256.920013,258.019989,254.669998,256.970001
18/10/2018,279.399994,280.070007,274.970001,276.399994,176.619995,176.679993,172.440002,173.179993,256.109985,256.859985,252.320007,253.679993
19/10/2018,277.130005,279.299988,275.470001,276.25,174.580002,176.070007,172.389999,173.020004,254.229996,255.979996,253.339996,254.320007
22/10/2018,277,277.359985,274.410004,275.01001,174.059998,175.25,172.589996,173.910004,255.070007,255.440002,252.199997,253.039993
23/10/2018,270.950012,274.869995,268.609985,273.609985,170.639999,174.130005,168.820007,173.270004,249.039993,252.929993,247.520004,251.669998
24/10/2018,273.329987,273.76001,264.700012,265.320007,173.070007,173.360001,165.039993,165.339996,252.399994,252.889999,245.179993,245.639999
25/10/2018,267.380005,271.809998,266.230011,270.079987,167.910004,172.080002,167.160004,171.059998,247.330002,250.929993,246.25,249.770004
26/10/2018,265.920013,271,262.290009,265.329987,165.199997,169.960007,164.229996,166.660004,247.380005,249.039993,244.309998,246.529999
29/10/2018,268.799988,270.25,259.850006,263.859985,169.210007,169.860001,160.089996,163.229996,248.720001,250.240005,241.050003,244.470001
30/10/2018,263.670013,268.119995,263.119995,267.769989,162.75,166.039993,162.009995,165.919998,244.440002,248.940002,244.089996,248.699997
31/10/2018,270.649994,273.230011,270.119995,270.630005,168.619995,171.25,168.539993,169.820007,250.940002,253.220001,250.389999,251.190002
01/11/2018,271.600006,273.730011,270.380005,273.51001,170.070007,172.240005,168.779999,172.059998,252.149994,253.830002,250.910004,253.729996
02/11/2018,274.75,275.230011,269.589996,271.890015,171.529999,172.550003,168.220001,169.380005,255.380005,255.600006,250.580002,252.460007
05/11/2018,272.440002,274.01001,271.350006,273.390015,169.600006,169.660004,167.080002,168.960007,252.839996,254.929993,252.5,254.479996
06/11/2018,273.320007,275.299988,273.25,275.119995,168.970001,171.190002,168.720001,170.240005,254.529999,256.380005,254.330002,256.230011
07/11/2018,277.559998,281.100006,277.079987,281.01001,172.279999,175.580002,171.869995,175.580002,258.459991,261.859985,257.5,261.779999
08/11/2018,280.109985,281.220001,279.220001,280.5,174.759995,175.300003,173.630005,174.460007,261.529999,262.970001,260.970001,262.100006
09/11/2018,279.029999,279.23999,276.179993,277.76001,172.830002,173.25,170.160004,171.520004,261.160004,261.450012,259.040009,260.089996
12/11/2018,277.190002,277.459991,271.98999,272.570007,170.320007,170.639999,166.179993,166.330002,259.700012,259.920013,253.679993,254.220001
13/11/2018,273.089996,275.329987,271.25,272.059998,167.110001,169.479996,166,166.470001,253.830002,255.369995,252.229996,253.059998
14/11/2018,274.160004,274.609985,268.450012,270.200012,168.119995,168.699997,164.25,165.199997,255.020004,255.289993,249.669998,250.910004
15/11/2018,268.779999,273.540009,267.01001,273.019989,164.899994,168.539993,163.460007,168.089996,250.199997,254,248.350006,253.220001
16/11/2018,271.790009,274.75,271.209991,273.730011,166.449997,168.309998,165.779999,167.5,251.789993,254.960007,251.339996,254.050003
19/11/2018,273.049988,273.380005,268.070007,269.100006,166.699997,166.899994,161.539993,162.059998,253.610001,253.779999,248.839996,249.860001
20/11/2018,265.359985,267,263.149994,264.119995,158.369995,161.380005,157.130005,159.160004,246.360001,246.929993,243.529999,244.5
21/11/2018,265.859985,267.149994,265.01001,265.019989,161.350006,161.970001,159.229996,160.369995,245.839996,246.630005,244.580002,244.649994
23/11/2018,263.179993,264.820007,263.070007,263.25,159.089996,160.839996,159.089996,159.210007,243.25,244.029999,242.710007,242.809998
26/11/2018,265.779999,267.75,265.339996,267.5,161.440002,162.970001,160.759995,162.889999,244.869995,246.729996,244.679993,246.389999
27/11/2018,266.339996,268.399994,265.660004,268.399994,162,163.850006,161.179993,163.440002,245.179993,247.529999,244.139999,247.5
28/11/2018,269.600006,274.579987,268.329987,274.579987,164.619995,168.699997,163.470001,168.699997,249.119995,253.839996,248.589996,253.839996
29/11/2018,273.709991,275.549988,272.429993,273.980011,167.990005,169.259995,166.820007,168.149994,253.600006,254.970001,252.220001,253.589996
30/11/2018,273.809998,276.279999,273.450012,275.649994,168.380005,169.470001,167.539993,169.369995,253.100006,255.839996,252.830002,255.509995
03/12/2018,280.279999,280.399994,277.51001,279.299988,173.110001,173.309998,169.509995,172.330002,260.170013,260.299988,257.019989,258.730011
04/12/2018,278.369995,278.850006,269.899994,270.25,171.429993,171.910004,165.520004,165.720001,257.640015,258.040009,250.380005,250.729996
06/12/2018,265.920013,269.970001,262.440002,269.839996,162.380005,166.910004,161.770004,166.889999,246.360001,249.869995,242.820007,249.720001
07/12/2018,269.459991,271.220001,262.630005,263.570007,166.160004,167.119995,160.860001,161.380005,249.660004,251.410004,243.289993,244.309998
10/12/2018,263.369995,265.160004,258.619995,264.070007,161.080002,163.779999,159.410004,163.070007,243.940002,245.490005,239.25,244.710007
11/12/2018,267.660004,267.869995,262.480011,264.130005,165.729996,165.770004,162.229996,163.610001,248.440002,248.5,242.660004,244.229996
12/12/2018,267.470001,269,265.369995,265.459991,166,167.600006,164.960007,165.050003,247.389999,248.759995,245.649994,245.880005
13/12/2018,266.519989,267.48999,264.119995,265.369995,166.130005,166.820007,164.029999,165.100006,246.419998,247.860001,245.169998,246.270004
14/12/2018,262.959991,264.029999,259.850006,260.470001,163.210007,163.809998,160.699997,161.080002,244.059998,244.830002,240.820007,241.419998
17/12/2018,259.399994,260.649994,253.529999,255.360001,160.389999,161.669998,156.169998,157.429993,240.039993,241.399994,235.050003,236.429993
18/12/2018,257.200012,257.950012,253.279999,255.080002,158.649994,159.949997,157.039993,158.419998,238.440002,239.809998,235.669998,237.360001
19/12/2018,255.169998,259.399994,249.350006,251.259995,158.179993,160.720001,153.339996,154.529999,237.550003,241.199997,232.070007,233.419998
20/12/2018,249.860001,251.619995,244.649994,247.169998,154.149994,155.869995,150.389999,152.289993,232.589996,233.369995,226.949997,228.889999
21/12/2018,246.740005,249.710007,239.979996,240.699997,153.050003,154.089996,146.720001,147.570007,229.009995,232.470001,223.850006,224.089996
24/12/2018,239.039993,240.839996,234.270004,234.339996,146.080002,147.979996,143.460007,143.5,222.5,223.309998,217.880005,218.100006
26/12/2018,235.970001,246.179993,233.759995,246.179993,145.080002,152.539993,144.089996,152.460007,219.190002,228.740005,216.970001,228.710007
27/12/2018,242.570007,248.289993,238.960007,248.070007,150.369995,153.179993,147.080002,153.050003,225.539993,231.369995,222.529999,231.259995
28/12/2018,249.580002,251.399994,246.449997,247.75,154.149994,155.589996,151.720001,152.970001,232.710007,233.809998,229.669998,230.479996
31/12/2018,249.559998,250.190002,247.470001,249.919998,154.470001,154.979996,152.710007,154.259995,232.330002,233.259995,231.050003,233.199997
02/01/2019,245.979996,251.210007,245.949997,250.179993,150.990005,155.75,150.880005,154.880005,229.270004,234,229.139999,233.360001
03/01/2019,248.229996,248.570007,243.669998,244.210007,152.600006,153.259995,149.490005,149.820007,231.25,231.419998,226.360001,226.720001
04/01/2019,247.589996,253.110001,247.169998,252.389999,152.339996,157,151.740005,156.229996,230,235.179993,229.729996,234.279999
07/01/2019,252.690002,255.949997,251.690002,254.380005,156.619995,158.860001,156.110001,158.089996,234.839996,236.880005,232.949997,235.360001
08/01/2019,256.820007,257.309998,254,256.769989,159.539993,160.110001,157.199997,159.520004,237.940002,238.660004,235.789993,237.919998
09/01/2019,257.559998,258.910004,256.190002,257.970001,160.139999,161.520004,159.470001,160.820007,238.929993,239.880005,237.779999,238.919998
10/01/2019,256.26001,259.160004,255.5,258.880005,159.600006,161.369995,158.699997,161.279999,237.639999,240.160004,237.039993,240
11/01/2019,257.679993,259.01001,257.029999,258.980011,160.330002,160.860001,159.789993,160.690002,238.869995,239.940002,237.960007,239.880005
14/01/2019,256.859985,258.299988,256.410004,257.399994,159.330002,159.960007,158.589996,159.270004,237.929993,239.649994,237.639999,238.940002
15/01/2019,257.820007,260.700012,257.809998,260.350006,160,162.600006,159.910004,162.380005,238.940002,241.029999,238.889999,240.639999
16/01/2019,260.829987,261.970001,260.600006,260.980011,162.649994,163.779999,162.289993,162.350006,241.360001,242.899994,241.139999,241.860001
17/01/2019,260.01001,263.920013,259.959991,262.959991,161.830002,164.360001,161.570007,163.630005,241.229996,244.809998,241.039993,243.800003
18/01/2019,264.980011,266.980011,263,266.459991,164.779999,166.020004,163.820007,165.25,245.649994,247.399994,244.509995,247.050003
22/01/2019,264.820007,265.059998,261.059998,262.859985,164.059998,164.139999,160.759995,161.940002,245.350006,245.740005,242.350006,244
23/01/2019,264.01001,264.790009,260.660004,263.410004,162.770004,163.509995,160.320007,162.149994,246.149994,246.919998,242.979996,245.720001
24/01/2019,263.209991,264.200012,262.079987,263.549988,162.679993,163.440002,162.059998,163.199997,245.470001,246.199997,244.130005,245.470001
25/01/2019,265.609985,266.700012,263.660004,265.779999,164.509995,165.649994,163.949997,165.149994,247.389999,248.550003,246.679993,247.389999
28/01/2019,263.390015,263.829987,261.790009,263.76001,163.020004,163.119995,161.75,163.110001,244.729996,245.229996,243.139999,245.100006
29/01/2019,263.920013,264.549988,262.480011,263.410004,163.199997,163.240005,160.990005,161.570007,245.350006,246.649994,244.949997,245.710007
30/01/2019,265.100006,268.519989,264.25,267.579987,163.399994,166.279999,162.889999,165.679993,248.410004,251,247.779999,250.179993
31/01/2019,267.51001,270.470001,267.269989,269.929993,166.699997,168.990005,166.470001,168.160004,248.949997,250.429993,248.339996,250.119995
01/02/2019,270.149994,271.200012,269.179993,270.059998,167.330002,168.600006,166.990005,167.449997,250.669998,251.850006,249.75,250.479996
04/02/2019,270.109985,272.029999,269.359985,271.959991,167.479996,169.529999,167.330002,169.529999,250.429993,252.350006,249.679993,252.320007
05/02/2019,272.440002,273.440002,271.880005,273.100006,169.759995,171.229996,169.690002,171.029999,253.360001,254.199997,252.809998,253.960007
06/02/2019,272.790009,273.339996,271.920013,272.73999,171.070007,171.369995,169.75,170.520004,253.630005,254.350006,253.050003,253.869995
07/02/2019,270.940002,271.549988,268.290009,270.140015,169.029999,169.449997,166.949997,168.229996,252.399994,253.339996,250.169998,251.899994
08/02/2019,268.75,270.579987,267.829987,270.470001,166.759995,168.589996,166.570007,168.559998,250.509995,251.369995,249.130005,251.320007
11/02/2019,271.200012,271.48999,270.029999,270.619995,169.169998,169.580002,167.979996,168.399994,252.119995,252.320007,250.350006,250.940002
12/02/2019,272.420013,274.519989,272.339996,274.100006,169.630005,171.139999,169.330002,170.889999,252.720001,254.880005,252.669998,254.529999
13/02/2019,275.029999,275.929993,274.559998,274.98999,171.649994,172.160004,170.820007,171.009995,255.529999,256.559998,255.119995,255.800003
14/02/2019,273.779999,275.640015,272.869995,274.380005,170.399994,171.830002,169.830002,171.220001,254.539993,256.170013,253.619995,255.160004
15/02/2019,276.359985,277.410004,276.130005,277.369995,172.520004,172.559998,171.139999,171.940002,256.170013,258.679993,256.149994,258.649994
19/02/2019,276.480011,278.579987,276.470001,277.850006,171.410004,172.800003,171.380005,172.279999,257.959991,259.480011,257.959991,258.809998
20/02/2019,277.809998,278.920013,277.25,278.410004,172.399994,173.080002,171.320007,172.25,258.820007,259.76001,258.320007,259.5
21/02/2019,277.700012,278.100006,276.350006,277.420013,171.789993,172.259995,170.710007,171.619995,258.940002,259.23999,257.5,258.529999
22/02/2019,278.109985,279.359985,277.399994,279.140015,171.990005,173.009995,171.899994,172.889999,259.26001,260.410004,259.01001,260.170013
25/02/2019,280.730011,281.309998,279.429993,279.519989,174.210007,174.660004,173.399994,173.520004,261.850006,262.359985,260.75,260.890015
26/02/2019,279.130005,280.299988,278.899994,279.320007,173.100006,174.25,172.809998,173.699997,259.959991,261.5,259.600006,260.540009
27/02/2019,278.519989,279.589996,277.480011,279.200012,172.899994,173.800003,171.759995,173.589996,259.820007,260.420013,258.769989,259.869995
28/02/2019,278.959991,279.450012,278.320007,278.679993,173.050003,173.809998,172.699997,173.190002,259.859985,260.369995,259.059998,259.279999
01/03/2019,280.440002,280.880005,278.820007,280.420013,174.440002,174.649994,173.179993,174.389999,261.149994,261.540009,259.230011,260.420013
04/03/2019,281.600006,281.869995,276.839996,279.399994,175.539993,175.789993,172.470001,174.419998,261.5,261.679993,256.200012,258.279999
05/03/2019,279.540009,279.76001,278.410004,279.019989,174.550003,175.089996,173.690002,174.550003,258.220001,258.859985,257.390015,258.190002
06/03/2019,279.149994,279.160004,276.970001,277.329987,174.720001,174.75,173.279999,173.559998,258.23999,258.450012,256.450012,256.869995
07/03/2019,276.829987,276.98999,274.070007,275.01001,173.119995,173.179993,170.789993,171.429993,256.399994,256.48999,253.610001,254.809998
08/03/2019,272.940002,274.649994,272.420013,274.459991,169.509995,171.259995,169.339996,171.169998,252.880005,254.899994,252.740005,254.710007
11/03/2019,275.26001,278.619995,275.230011,278.440002,171.880005,174.850006,171.850006,174.729996,252.850006,256.829987,252.460007,256.76001
12/03/2019,279.059998,280.070007,278.850006,279.48999,175.190002,176.139999,174.770004,175.690002,256.23999,256.970001,255.429993,255.860001
13/03/2019,280.480011,282.380005,280.299988,281.339996,176.600006,177.929993,176.350006,177.009995,256.839996,258.070007,256.01001,257.350006
14/03/2019,281.369995,281.839996,280.670013,281.160004,177.130005,177.339996,176.660004,176.710007,257.329987,257.940002,256.619995,257.540009
15/03/2019,280.540009,282.209991,280.329987,281.309998,177.399994,178.880005,177.279999,178.350006,257.579987,259.149994,256.329987,258.339996
18/03/2019,281.549988,282.660004,281.299988,282.329987,177.949997,178.990005,177.589996,178.449997,257.940002,259.119995,257.709991,258.98999
19/03/2019,283.51001,284.359985,281.410004,282.399994,179.179993,180,178.289993,179.050003,260.109985,260.959991,258,258.880005
20/03/2019,282.160004,283.5,280.320007,281.549988,179.059998,180.860001,178.240005,179.759995,258.459991,259.170013,256.549988,257.290009
21/03/2019,280.640015,285.179993,280.589996,284.730011,179.220001,182.830002,179.199997,182.570007,256.380005,259.970001,256.350006,259.579987
22/03/2019,283.220001,283.799988,279.179993,279.25,181.779999,182.270004,178.369995,178.559998,257.920013,258.640015,254.869995,254.960007
25/03/2019,278.869995,280.190002,277.640015,279.040009,177.910004,178.839996,176.929993,178.220001,254.690002,255.889999,253.570007,255.070007
26/03/2019,280.98999,282.179993,279.559998,281.119995,179.600006,180.690002,178.139999,179.050003,257.049988,257.829987,255.300003,256.459991
27/03/2019,281.109985,281.76001,277.929993,279.649994,179.320007,179.720001,176.600006,177.899994,256.630005,257.429993,254.100006,256.109985
28/03/2019,280.350006,281.209991,279.070007,280.709991,178.360001,178.979996,177.240005,178.309998,256.920013,257.279999,255.589996,257.079987
29/03/2019,282.390015,282.839996,281.140015,282.480011,179.690002,179.830002,178.589996,179.660004,258.579987,259.339996,257.570007,259.130005
01/04/2019,284.700012,286.160004,284.399994,285.829987,181.509995,182.259995,180.770004,182.039993,261.230011,262.660004,260.579987,262.390015
02/04/2019,286.040009,286.230011,285.089996,285.970001,182.240005,182.910004,181.779999,182.729996,262,262.070007,261.079987,261.690002
03/04/2019,287.320007,287.76001,285.75,286.420013,183.759995,184.919998,183.210007,183.779999,262.579987,262.720001,261.220001,262
04/04/2019,286.779999,287.459991,286.01001,287.179993,183.830002,184.5,182.649994,183.710007,262.220001,263.940002,262.109985,263.779999
05/04/2019,287.920013,288.630005,287.600006,288.570007,184.240005,184.770004,184.020004,184.660004,264.559998,264.839996,263.609985,264.160004
08/04/2019,288.100006,288.910004,287.369995,288.790009,184.360001,185.279999,183.630005,185.130005,262.829987,263.399994,262.369995,263.220001
09/04/2019,287.720001,288.079987,286.700012,287.309998,184.5,185.110001,184.089996,184.479996,262.119995,262.140015,260.950012,261.51001
10/04/2019,287.769989,288.390015,287.309998,288.290009,184.720001,185.529999,184.520004,185.470001,261.899994,262.070007,261,261.600006
11/04/2019,288.829987,288.839996,287.579987,288.209991,185.779999,185.779999,184.690002,185.029999,261.920013,262.25,260.579987,261.399994
12/04/2019,290,290.470001,288.26001,290.160004,185.850006,185.949997,185.059998,185.830002,263.869995,264.390015,263.079987,264.070007
15/04/2019,290.23999,290.350006,289.079987,289.970001,185.839996,186.070007,184.619995,185.860001,264.019989,264.190002,263.149994,263.809998
16/04/2019,290.950012,291.01001,289.5,290.160004,186.539993,186.910004,185.929993,186.5,265.279999,265.320007,263.929993,264.529999
17/04/2019,291.399994,291.429993,288.98999,289.450012,187.75,187.929993,186.600006,187.149994,265.100006,265.190002,263.920013,264.529999
18/04/2019,290.100006,290.320007,288.660004,290.019989,187.460007,187.789993,186.289993,187.389999,264.980011,265.929993,264.359985,265.559998
22/04/2019,289.170013,290.440002,289.070007,290.269989,186.570007,187.990005,186.429993,187.919998,264.600006,265.440002,264.440002,265.070007
23/04/2019,290.679993,293.140015,290.420013,292.880005,188.399994,190.539993,188.130005,190.309998,265.450012,266.859985,265.059998,266.480011
24/04/2019,292.790009,293.160004,292.070007,292.230011,190.470001,190.710007,189.649994,189.710007,266.380005,266.700012,265.730011,265.920013
25/04/2019,292.119995,292.779999,290.730011,292.049988,191.130005,191.220001,189.449997,190.479996,264.059998,265.25,262.980011,264.529999
26/04/2019,292.100006,293.48999,291.23999,293.410004,190.179993,190.690002,188.589996,190.649994,264.420013,265.339996,263.859985,265.339996
29/04/2019,293.51001,294.450012,293.410004,293.869995,190.649994,191.320007,190.339996,191.020004,265.320007,265.910004,265.079987,265.440002
30/04/2019,293.48999,294.339996,291.920013,294.019989,189.479996,189.850006,188.210007,189.539993,266.01001,266.059998,264.100006,265.790009
01/05/2019,294.720001,294.950012,291.799988,291.809998,190.779999,191.320007,188.800003,188.929993,266.470001,266.809998,264.140015,264.149994
02/05/2019,291.679993,292.700012,289.519989,291.179993,188.869995,189.850006,186.869995,188.110001,263.76001,264.450012,261.679993,262.880005
03/05/2019,292.820007,294.339996,291.299988,294.029999,189.669998,191.25,189.330002,191.110001,264.320007,265.25,263.600006,264.970001
06/05/2019,289.25,293.309998,288.899994,292.820007,187.050003,190.199997,186.759995,189.940002,260.350006,264.700012,260.079987,264.269989
07/05/2019,290.149994,290.809998,285.809998,287.929993,187.869995,188.669998,184.509995,186.240005,261.980011,262.48999,257.809998,259.519989
08/05/2019,287.529999,289.429993,286.869995,287.529999,185.630005,187.169998,184.960007,185.770004,259.410004,261.109985,258.809998,259.660004
09/05/2019,285.230011,287.329987,283.299988,286.660004,183.699997,185.410004,182.089996,184.770004,257.73999,259.089996,255.369995,258.440002
10/05/2019,285.619995,288.940002,282.299988,288.100006,184.110001,185.889999,181.029999,185,257.579987,260.540009,255.039993,259.920013
13/05/2019,282.420013,283.48999,279.929993,280.859985,180.289993,181.259995,178.059998,178.580002,254.669998,255.699997,252.589996,253.470001
14/05/2019,281.98999,285.100006,281.850006,283.399994,179.520004,181.630005,178.860001,180.539993,254.399994,257.230011,254.240005,255.809998
15/05/2019,281.589996,285.769989,281.359985,285.059998,179.350006,183.550003,179.309998,183.089996,254.169998,257.630005,253.740005,256.920013
16/05/2019,285.839996,289.209991,285.76001,287.700012,183.169998,186.070007,182.949997,184.929993,258,260.079987,257.850006,259.160004
17/05/2019,285.140015,288.600006,285.119995,285.839996,183.100006,185.580002,182.880005,183.039993,256.359985,259.390015,256.209991,257.440002
20/05/2019,284.059998,285.959991,283.119995,283.950012,180.490005,181.179993,179.339996,179.949997,256.209991,257.410004,255.490005,256.670013
21/05/2019,285.829987,286.929993,285.549988,286.51001,181.5,182.330002,180.919998,181.830002,258.200012,258.880005,257.679993,258.769989
22/05/2019,285.450012,286.690002,285.100006,285.630005,180.820007,182.070007,180.75,181.020004,257.910004,258.859985,257.470001,257.600006
23/05/2019,283.160004,283.209991,280.570007,282.140015,178.940002,179.020004,177.139999,178.25,255.320007,255.350006,253.279999,254.759995
24/05/2019,283.73999,284.200012,282.089996,282.779999,179.210007,179.850006,177.940002,178.160004,256.209991,256.679993,255.020004,256.119995
28/05/2019,283.089996,284.149994,280.130005,280.149994,178.660004,179.660004,177.470001,177.490005,256.119995,257.209991,253.460007,253.470001
29/05/2019,278.910004,279.359985,276.709991,278.269989,176.389999,177,175.089996,176.029999,252.080002,252.279999,249.479996,251.270004
30/05/2019,279.109985,280.040009,277.809998,279.029999,176.5,177.270004,175.770004,176.770004,251.770004,252.339996,250.820007,251.869995
31/05/2019,276.200012,277.119995,275.23999,275.269989,174.690002,175.289993,173.869995,173.949997,249.389999,250.070007,248.220001,248.220001
03/06/2019,275.309998,276.549988,273.089996,274.570007,173.479996,173.949997,169.270004,170.119995,248.339996,249.610001,247.039993,248.5
04/06/2019,277.119995,280.679993,276.619995,280.529999,172.029999,174.970001,171.369995,174.910004,250.729996,253.699997,250.509995,253.649994
05/06/2019,282.329987,282.98999,280.320007,282.959991,176.580002,176.610001,174.380005,176.210007,255.220001,255.800003,254.070007,255.729996
06/06/2019,283.290009,285.549988,282.570007,284.799988,176.509995,178.039993,175.729996,177.610001,256.119995,258.350006,255.529999,257.720001
07/06/2019,285.929993,288.850006,285.73999,287.649994,178.559998,181.770004,178.330002,181.039993,258.459991,261.119995,258.399994,260.25
10/06/2019,289.369995,290.820007,288.869995,288.970001,182.25,184.850006,182.210007,183.149994,261.880005,262.5,260.940002,260.98999
11/06/2019,290.98999,291.399994,288.179993,288.899994,185.059998,185.399994,182.779999,183.399994,262.660004,262.869995,256.950012,260.880005
12/06/2019,288.640015,289.26001,287.820007,288.390015,182.899994,183.279999,182,182.339996,260.799988,261.26001,259.98999,260.450012
13/06/2019,289.399994,289.980011,288.619995,289.579987,183.100006,183.869995,182.740005,183.419998,261.339996,261.880005,260.369995,261.559998
14/06/2019,289.26001,289.929993,288.410004,289.26001,182.479996,183.110001,181.940002,182.639999,261.23999,262.130005,260.429993,261.51001
17/06/2019,289.519989,290.220001,289.179993,289.369995,183.039993,184.25,182.839996,183.740005,261.640015,262.179993,260.970001,261.679993
18/06/2019,291.390015,293.570007,290.98999,292.399994,185.910004,187.720001,185.429993,186.410004,263.230011,265.799988,262.940002,265.329987
19/06/2019,292.549988,293.649994,291.470001,293.059998,186.660004,187.529999,185.570007,187.110001,265.399994,266.209991,264.630005,265.559998
20/06/2019,296.040009,296.309998,293.130005,295.859985,189.720001,189.759995,187.160004,188.850006,268.049988,268.5,265.899994,268.079987
21/06/2019,294.130005,295.519989,293.76001,294,188.630005,189.770004,188.169998,188.570007,267.290009,268.959991,266.899994,267.100006
24/06/2019,294.230011,294.579987,293.470001,293.640015,188.529999,188.720001,188.059998,188.160004,267.329987,267.910004,267.100006,267.170013
25/06/2019,293.700012,293.730011,290.640015,290.76001,188.029999,188.139999,184.649994,184.929993,267.390015,267.399994,265.130005,265.26001
26/06/2019,291.75,292.309998,290.350006,290.470001,186.160004,187.330002,185.490005,185.789993,266.119995,266.48999,265.209991,265.220001
27/06/2019,291.309998,292.059998,290.890015,291.5,186.460007,186.940002,185.990005,186.5,265.450012,265.910004,264.5,265.149994
28/06/2019,292.579987,293.549988,292.01001,293,186.949997,187.149994,186.070007,186.740005,265.940002,266.26001,265.070007,265.850006
01/07/2019,296.679993,296.920013,294.329987,295.660004,190.320007,190.570007,188.380005,189.259995,268.450012,268.75,266,266.970001
02/07/2019,295.609985,296.48999,294.679993,296.429993,189.199997,190.029999,188.660004,190.009995,266.839996,267.730011,266.140015,267.660004
03/07/2019,297.179993,298.820007,297.019989,298.799988,190.490005,191.440002,190.289993,191.440002,268.339996,269.600006,268.279999,269.559998
05/07/2019,297.440002,298.640015,296.01001,298.459991,190.130005,191.399994,189.389999,191.050003,268.709991,269.480011,267.320007,269.269989
08/07/2019,297.01001,298.26001,296.220001,296.820007,189.809998,189.869995,188.929993,189.710007,267.899994,268.429993,267.470001,268.059998
09/07/2019,295.540009,297.519989,295.480011,297.190002,188.809998,190.899994,188.649994,190.660004,266.720001,268.119995,266.690002,267.859985
10/07/2019,298.369995,299.660004,297.779999,298.609985,191.820007,193.089996,191.470001,192.559998,268.839996,269.880005,268.170013,268.690002
11/07/2019,299.320007,299.579987,298.200012,299.309998,192.850006,193.339996,191.809998,192.419998,269.660004,270.920013,269.230011,270.920013
12/07/2019,299.850006,300.730011,299.51001,300.649994,192.630005,193.539993,192.449997,193.529999,271.660004,273.390015,271.600006,273.390015
15/07/2019,301.130005,301.130005,300.190002,300.75,193.979996,194.190002,193.440002,194.149994,273.549988,273.600006,272.959991,273.600006
16/07/2019,300.649994,300.880005,299.440002,299.779999,193.910004,194.089996,192.559998,193.149994,273.619995,273.98999,272.899994,273.420013
17/07/2019,299.75,299.929993,297.73999,297.73999,193.149994,193.490005,192.179993,192.199997,273.339996,273.450012,272.179993,272.279999
18/07/2019,297.190002,299.25,296.700012,298.829987,191.289993,192.789993,190.690002,192.419998,271.660004,272.75,270.75,272.269989
19/07/2019,300.040009,300.070007,296.980011,297.170013,193.740005,193.830002,190.809998,191.009995,273.179993,273.339996,271.359985,271.450012
22/07/2019,297.609985,298.5,297.040009,297.899994,191.440002,192.940002,191.440002,192.529999,271.769989,272.160004,270.799988,271.649994
23/07/2019,299.140015,300.029999,298.220001,300.029999,193.580002,193.809998,192.289993,193.789993,272.790009,273.609985,271.950012,273.350006
24/07/2019,299.190002,301.440002,299.089996,301.440002,193.050003,195.160004,193.029999,195.149994,272.25,272.850006,271.829987,272.609985
25/07/2019,300.940002,301,299.109985,300,194.490005,194.520004,192.929993,193.300003,272.480011,272.579987,270.519989,271.390015
26/07/2019,300.76001,302.230011,300.619995,302.01001,194.529999,195.550003,194.429993,195.289993,271.649994,272.049988,271.109985,271.859985
29/07/2019,301.880005,302.01001,300.850006,301.459991,195.110001,195.179993,193.389999,194.619995,271.859985,272.679993,271.690002,272.130005
30/07/2019,299.910004,301.170013,299.48999,300.720001,193.130005,194.539993,192.990005,193.779999,271.089996,272.149994,270.619995,271.910004
31/07/2019,300.98999,301.200012,295.200012,297.429993,194.300003,194.429993,189.320007,191.100006,272.299988,272.679993,267.100006,268.519989
01/08/2019,297.600006,300.869995,293.959991,294.839996,191.429993,194.979996,189.229996,190.149994,268.820007,271.709991,265.399994,265.76001
02/08/2019,293.850006,294.119995,290.899994,292.619995,188.720001,188.990005,186.210007,187.350006,265.209991,265.670013,262.429993,264.809998
05/08/2019,288.089996,288.209991,281.720001,283.820007,183.429993,183.509995,179.199997,180.729996,260.98999,261.149994,255.130005,257.100006
06/08/2019,285.910004,288.040009,284.279999,287.799988,182.399994,183.800003,181.070007,183.259995,258.549988,260.359985,257.049988,260.290009
07/08/2019,284.399994,288.820007,282.040009,287.970001,181.270004,184.509995,179.889999,184.25,257.130005,260.690002,254.360001,260.23999
08/08/2019,289.619995,293.619995,289.01001,293.619995,185.080002,188.320007,184.570007,188.259995,261.459991,264.130005,260.579987,264.130005
09/08/2019,292.579987,293.23999,289.649994,291.619995,187.360001,188,185.029999,186.490005,263.440002,264.440002,261.25,263.179993
12/08/2019,289.959991,291.609985,287.019989,288.070007,185.339996,185.899994,183.5,184.350006,261.420013,262.170013,258.559998,259.399994
13/08/2019,287.73999,294.149994,287.359985,292.549988,184.190002,189.679993,184.020004,188.389999,259.070007,264.630005,258.630005,263.170013
14/08/2019,288.070007,288.73999,283.76001,283.899994,185.360001,185.949997,182.419998,182.759995,259.179993,259.730011,255.059998,255.080002
15/08/2019,284.880005,285.640015,282.390015,284.649994,183,183.589996,181.160004,182.550003,256.23999,256.950012,253.929993,256.359985
16/08/2019,286.480011,289.329987,284.709991,288.850006,184.210007,185.949997,184.100006,185.479996,257.390015,259.25,256.869995,258.880005
19/08/2019,292.190002,293.079987,291.440002,292.329987,188.160004,188.830002,187.5,188.429993,262.040009,262.25,260.820007,261.339996
20/08/2019,291.769989,292.359985,289.950012,290.089996,187.960007,188.639999,186.919998,186.970001,261.01001,261.559998,259.470001,259.690002
21/08/2019,292.480011,292.859985,291.720001,292.450012,188.610001,189.229996,187.960007,188.630005,261.829987,262.660004,261.48999,262.029999
22/08/2019,293.230011,293.929993,290.399994,292.359985,188.979996,189.460007,186.539993,188.020004,262.709991,263.820007,260.950012,262.559998
23/08/2019,290.920013,292.76001,283.470001,284.850006,186.740005,188.449997,181.559998,182.070007,261.269989,263.190002,255.039993,256.290009
26/08/2019,287.269989,288,285.579987,288,184.139999,184.869995,183.080002,184.820007,259,259.420013,257.179993,259.100006
27/08/2019,289.540009,289.950012,286.029999,286.869995,186.110001,186.419998,183.710007,184.429993,260.51001,260.559998,257.23999,257.799988
28/08/2019,286.140015,289.070007,285.25,288.890015,183.830002,185.399994,182.910004,185.089996,257.019989,260.459991,256.339996,260.390015
29/08/2019,291.720001,293.160004,290.609985,292.579987,187.389999,188.460007,186.679993,187.919998,262.940002,264.23999,262,263.899994
30/08/2019,294.220001,294.23999,291.420013,292.450012,188.929993,188.970001,186.410004,187.470001,265.269989,265.399994,263.170013,264.130005
03/09/2019,290.570007,291.579987,289.269989,290.73999,186.220001,187.179993,185.029999,185.649994,262.070007,262.200012,260.029999,261.420013
04/09/2019,293.140015,294.059998,292.309998,294.040009,187.440002,188.490005,186.899994,188.330002,263.579987,263.950012,262.769989,263.929993
05/09/2019,296.790009,298.829987,294,297.820007,190.410004,192.330002,190.339996,191.779999,266.730011,268.709991,266.700012,267.679993
06/09/2019,298.170013,298.76001,297.420013,298.049988,192.100006,192.169998,191.169998,191.589996,268.070007,268.940002,267.410004,268.320007
09/09/2019,299.140015,299.23999,297.160004,298.200012,192.190002,192.270004,190.220001,191.190002,268.850006,269.399994,268.029999,268.799988
10/09/2019,297.359985,298.200012,295.970001,298.130005,190.160004,190.740005,188.910004,190.639999,268.480011,269.420013,267.549988,269.390015
11/09/2019,298.470001,300.339996,297.75,300.25,191,192.529999,190.559998,192.429993,269.720001,271.73999,269.220001,271.690002
12/09/2019,301.25,302.459991,300.410004,301.290009,193.610001,194.710007,192.970001,193.229996,272.619995,273.440002,271.459991,272.320007
13/09/2019,301.779999,302.170013,300.679993,301.089996,192.949997,193.399994,192.289993,192.539993,273.019989,273.279999,272.459991,272.600006
16/09/2019,299.839996,301.140015,299.450012,300.160004,191.300003,192.080002,191.110001,191.679993,271.600006,272.209991,270.799988,271.170013
17/09/2019,299.940002,301.019989,299.75,300.920013,191.699997,192.600006,191.289993,192.600006,270.589996,271.579987,270.369995,271.559998
18/09/2019,300.48999,301.220001,298.23999,301.100006,192.199997,192.600006,190.110001,192.520004,271.23999,272.130005,269.480011,271.970001
19/09/2019,301.529999,302.630005,300.709991,301.079987,192.860001,194.039993,192.470001,192.839996,272.470001,273.200012,271.130005,271.420013
20/09/2019,300.359985,300.670013,297.410004,298.279999,193.110001,193.309998,190.160004,190.800003,271.390015,271.76001,269.089996,269.25
23/09/2019,297.549988,299,297.269989,298.209991,190.360001,191.070007,189.720001,190.5,268.25,269.970001,268.070007,269.359985
24/09/2019,299.410004,299.839996,294.809998,295.869995,191.369995,191.789993,187.149994,187.970001,270.420013,270.609985,266.880005,267.970001
25/09/2019,295.959991,298.109985,294.329987,297.619995,187.779999,190.580002,186.210007,190.080002,268.399994,270.130005,267.420013,269.579987
26/09/2019,297.630005,297.859985,295.450012,297,189.830002,190,187.979996,189.380005,270.01001,270.01001,267.899994,268.880005
27/09/2019,297.829987,297.950012,293.690002,295.399994,189.729996,189.830002,185.75,187.029999,269.579987,269.970001,267,267.98999
30/09/2019,295.970001,297.549988,295.920013,296.769989,187.789993,189.110001,187.399994,188.809998,268.51001,269.829987,268.51001,269.179993
01/10/2019,297.73999,298.459991,293,293.23999,189.5,190.589996,186.960007,187.270004,269.76001,270.290009,265.450012,265.5
02/10/2019,291.5,291.51001,286.640015,288.059998,186,186.029999,183.020004,184.050003,264.059998,264.059998,259.570007,260.720001
03/10/2019,287.809998,290.450012,284.820007,290.420013,184.029999,186.210007,181.820007,186.070007,260.309998,262.029999,257.380005,262.01001
04/10/2019,291.140015,294.630005,291.079987,294.350006,187.080002,189.080002,186.880005,188.809998,262.880005,265.850006,262.720001,265.660004
07/10/2019,293.470001,295.26001,292.769989,293.079987,188.270004,189.740005,187.910004,188.240005,264.920013,266.5,264.190002,264.73999
08/10/2019,291.040009,291.850006,288.48999,288.529999,187.059998,187.860001,185.270004,185.419998,262.640015,264.209991,261.350006,261.579987
09/10/2019,290.75,292.299988,290.059998,291.269989,186.990005,188.080002,186.429993,187.229996,263.440002,264.23999,262.480011,263.429993
10/10/2019,291.179993,294.209991,291,293.23999,187.279999,189.429993,187.119995,188.679993,263.230011,266.029999,263.109985,265.01001
11/10/2019,296.269989,298.73999,296.140015,296.279999,190.830002,192.630005,190.720001,191.110001,267.769989,270.140015,267.619995,268.160004
14/10/2019,295.929993,296.670013,295.570007,295.950012,190.839996,191.699997,190.649994,191.089996,267.600006,268.730011,267.440002,267.859985
15/10/2019,297.100006,299.700012,296.970001,298.880005,191.679993,193.970001,191.559998,193.520004,269.119995,271.190002,268.859985,270.220001
16/10/2019,298.369995,299.160004,297.920013,298.399994,192.860001,193.529999,192.429993,193.039993,269.790009,270.559998,269.399994,270.079987
17/10/2019,299.679993,300.23999,298.519989,299.279999,194.199997,194.5,192.809998,193.550003,270.670013,271.149994,269.709991,270.380005
18/10/2019,298.690002,299.399994,297.029999,297.970001,193.199997,193.669998,190.710007,191.690002,269.609985,275,267.619995,267.640015
21/10/2019,299.420013,300.209991,298.940002,299.98999,192.710007,193.520004,192.139999,193.389999,268.059998,268.369995,267.399994,268.209991
22/10/2019,300.579987,300.899994,298.910004,299.01001,194.149994,194.419998,191.789993,191.850006,268.480011,269.380005,267.76001,267.820007
23/10/2019,298.730011,299.940002,298.5,299.880005,191.460007,192.259995,191.149994,192.220001,268.119995,268.899994,267.359985,268.23999
24/10/2019,300.910004,301.070007,299.459991,300.369995,193.589996,194.210007,192.740005,194.089996,269.019989,269.119995,267.059998,267.980011
25/10/2019,299.73999,302.200012,299.679993,301.600006,193.089996,195.740005,193.050003,195.639999,267.720001,270.119995,267.630005,269.600006
28/10/2019,302.940002,303.850006,302.910004,303.299988,196.550003,197.830002,196.550003,197.570007,270.779999,271.579987,270.190002,270.809998
29/10/2019,303,304.230011,302.859985,303.209991,197.240005,197.539993,196.009995,196.039993,270.470001,271.600006,270.309998,270.869995
30/10/2019,303.429993,304.549988,301.98999,304.140015,196.419998,197.320007,195.289993,196.990005,270.869995,271.98999,269.880005,271.73999
31/10/2019,304.130005,304.130005,301.730011,303.329987,197.559998,197.649994,195.940002,197.080002,271.570007,271.660004,269.070007,270.480011
01/11/2019,304.920013,306.190002,304.73999,306.140015,197.929993,198.880005,197.630005,198.869995,271.859985,273.339996,271.690002,273.339996
04/11/2019,307.850006,308,306.959991,307.369995,200.190002,200.529999,198.869995,200.100006,274.730011,275.049988,273.959991,274.549988
05/11/2019,307.589996,307.920013,306.709991,307.029999,200.350006,200.550003,199.550003,200.210007,275.079987,275.51001,274.429993,274.809998
06/11/2019,307.029999,307.399994,306.059998,307.100006,199.979996,200,198.789993,199.759995,275.019989,275.209991,273.98999,274.799988
07/11/2019,308.570007,309.649994,307.660004,308.179993,200.759995,201.720001,199.850006,200.429993,276.559998,278.049988,276.559998,277.049988
08/11/2019,307.799988,309,307.029999,308.940002,200.070007,201.25,199.539993,201.229996,277.160004,277.23999,276.049988,277.070007
11/11/2019,307.420013,308.540009,307.269989,308.350006,200.210007,201.039993,199.940002,200.960007,275.790009,277.410004,275.390015,277.160004
12/11/2019,308.75,309.98999,308.149994,309,201.130005,202.210007,200.820007,201.539993,277.429993,277.98999,276.640015,277.290009
13/11/2019,307.910004,309.540009,307.660004,309.100006,200.839996,201.779999,200.710007,201.589996,276.339996,278.399994,276.170013,278.049988
14/11/2019,308.790009,309.640015,308.089996,309.549988,200.830002,201.559998,200.220001,201.429993,277.880005,278.320007,277.089996,278.230011
15/11/2019,311.019989,311.839996,310.26001,311.790009,202.649994,202.910004,202,202.910004,278.869995,279.950012,278.5,279.940002
18/11/2019,311.529999,312.279999,311.029999,312.019989,202.589996,203.389999,201.770004,203.070007,279.76001,280.359985,279.609985,280.269989
19/11/2019,312.679993,312.690002,311.220001,311.929993,203.839996,203.839996,202.589996,203.369995,280.829987,280.839996,278.869995,279.329987
20/11/2019,311.279999,311.850006,309.059998,310.769989,202.839996,203.449997,200.619995,202.149994,278.640015,278.899994,276.720001,278.200012
21/11/2019,310.890015,311.01001,309.390015,310.269989,201.929993,202.070007,201.070007,201.699997,278.329987,278.420013,277.160004,277.720001
22/11/2019,311.089996,311.23999,309.850006,310.959991,202.199997,202.320007,200.740005,201.830002,278.380005,279.029999,277.790009,278.859985
25/11/2019,311.980011,313.369995,311.980011,313.369995,202.699997,204.259995,202.669998,204.220001,279.679993,280.809998,279.640015,280.799988
26/11/2019,313.410004,314.279999,313.059998,314.079987,204.350006,204.869995,204.050003,204.610001,281.070007,281.579987,280.609985,281.359985
27/11/2019,314.609985,315.480011,314.369995,315.480011,205.139999,206.050003,204.889999,206.039993,281.609985,281.910004,281.01001,281.910004
29/11/2019,314.859985,315.130005,314.059998,314.309998,205.520004,205.830002,205,205.100006,281.299988,281.570007,280.839996,280.950012
02/12/2019,314.589996,314.660004,311.170013,311.640015,205.110001,205.179993,201.779999,203,281.450012,281.48999,278.200012,278.200012
03/12/2019,308.649994,309.640015,307.130005,309.549988,200.210007,201.490005,199.229996,201.410004,275.429993,275.640015,273.619995,275.51001
04/12/2019,310.700012,312.119995,310.320007,311.459991,202.440002,202.910004,202.139999,202.429993,277,277.76001,276.609985,277.049988
05/12/2019,312.230011,312.25,310.579987,312.019989,203.149994,203.149994,201.839996,202.830002,277.859985,277.859985,276.149994,277.359985
06/12/2019,314.119995,315.309998,314.109985,314.869995,204.309998,205.149994,204.149994,205,279.450012,280.940002,279.390015,280.700012
09/12/2019,314.440002,315.179993,313.799988,313.880005,204.630005,205.589996,203.979996,204.070007,280.440002,280.720001,279.700012,279.76001
10/12/2019,313.820007,314.549988,312.809998,313.529999,204.169998,204.880005,203.440002,203.899994,279.690002,280.140015,278.630005,279.459991
11/12/2019,314.029999,314.700012,313.440002,314.420013,204.360001,205.190002,204.039993,204.979996,279.130005,279.899994,278.649994,279.720001
12/12/2019,314.429993,317.98999,314.170013,317.130005,204.770004,207.320007,204.490005,206.509995,279.519989,282.950012,279.23999,281.950012
13/12/2019,316.869995,318.670013,316.019989,317.320007,206.399994,207.910004,205.960007,207.190002,281.929993,283.609985,281,282.109985
16/12/2019,319.220001,320.149994,317.25,319.5,208.550003,209.529999,208.479996,209.270004,282.929993,284.109985,282.929993,283.070007
17/12/2019,319.920013,320.25,319.480011,319.570007,209.539993,209.710007,209.039993,209.389999,283.190002,284,282.910004,283.399994
18/12/2019,320,320.25,319.529999,319.589996,209.570007,210.130005,209.330002,209.550003,283.790009,283.910004,283.149994,283.209991
19/12/2019,319.799988,320.980011,319.519989,320.899994,209.639999,210.929993,209.619995,210.860001,283.649994,284.540009,283.570007,284.459991
20/12/2019,320.459991,321.970001,319.390015,320.730011,211.860001,212.520004,211.270004,211.710007,284.76001,285.059998,284.320007,284.459991
23/12/2019,321.589996,321.649994,321.059998,321.220001,212,212.149994,211.630005,211.809998,285.339996,285.660004,285.149994,285.329987
24/12/2019,321.470001,321.519989,320.899994,321.230011,212,212.089996,211.440002,211.919998,285.630005,285.630005,284.869995,285.01001
26/12/2019,321.649994,322.950012,321.640015,322.940002,212.259995,213.809998,212.229996,213.789993,285.230011,286.100006,285.200012,286.059998
27/12/2019,323.73999,323.799988,322.279999,322.859985,214.539993,214.559998,213.039993,213.610001,286.829987,286.850006,285.899994,286.329987
30/12/2019,322.950012,323.100006,320.549988,321.079987,213.5,213.630005,211.160004,212.210007,286.339996,286.410004,284.119995,284.529999
31/12/2019,320.529999,322.130005,320.149994,321.859985,211.529999,212.759995,211.199997,212.610001,283.910004,285.309998,283.559998,285.100006
02/01/2020,323.540009,324.890015,322.529999,324.869995,214.399994,216.160004,213.979996,216.160004,286.440002,288.630005,286.149994,288.619995
03/01/2020,321.160004,323.640015,321.100006,322.410004,213.300003,215.470001,213.279999,214.179993,285.339996,287.109985,285.179993,286.320007
06/01/2020,320.48999,323.730011,320.359985,323.640015,212.5,215.589996,212.240005,215.559998,284.290009,287.029999,284.160004,286.980011
07/01/2020,323.019989,323.540009,322.23999,322.730011,215.639999,216.139999,214.850006,215.529999,286.299988,286.790009,285.579987,285.73999
08/01/2020,322.940002,325.779999,322.670013,324.450012,215.5,218.139999,215.160004,217.149994,285.320007,288.670013,285.079987,287.399994
09/01/2020,326.160004,326.730011,325.519989,326.649994,218.940002,219.410004,217.710007,218.990005,288.950012,289.839996,288.429993,289.559998
10/01/2020,327.290009,327.459991,325.200012,325.709991,219.850006,219.869995,218.039993,218.429993,289.959991,290.040009,287.839996,288.23999
13/01/2020,326.390015,327.959991,325.920013,327.950012,219.330002,220.979996,218.979996,220.949997,288.790009,289.079987,288.140015,289.019989
14/01/2020,327.470001,328.619995,326.839996,327.450012,220.839996,221.210007,219.740005,220.080002,288.869995,290.48999,288.720001,289.220001
15/01/2020,327.350006,329.019989,327.26001,328.190002,220.199997,221.199997,219.449997,220.169998,289.01001,291.23999,288.950012,290.350006
16/01/2020,329.700012,330.920013,329.450012,330.920013,221.270004,222.320007,220.800003,222.279999,291.630005,292.970001,291.470001,292.929993
17/01/2020,331.700012,332.179993,330.850006,331.950012,223.279999,223.559998,222.119995,223.380005,293.519989,293.609985,292.790009,293.269989
21/01/2020,330.899994,332.179993,330.820007,331.299988,222.759995,223.839996,222.660004,223.279999,292.440002,293.279999,291.369995,291.829987
22/01/2020,332.23999,332.950012,331.170013,331.339996,224.410004,225.149994,223.589996,223.869995,292.5,293.070007,291.579987,291.809998
23/01/2020,330.630005,332.170013,329.410004,331.720001,223.740005,224.690002,222.699997,224.589996,290.75,291.859985,289.600006,291.540009
24/01/2020,332.440002,332.529999,327.359985,328.769989,225.639999,225.880005,221.669998,222.699997,292.540009,292.769989,288.339996,289.799988
27/01/2020,323.029999,325.119995,322.660004,323.5,217.669998,219.279999,217.179993,218.100006,284.850006,286.649994,283.859985,285.359985
28/01/2020,325.059998,327.850006,323.600006,326.890015,219.639999,221.960007,219.059998,221.449997,286.220001,288.190002,285.75,287.290009
29/01/2020,328.380005,328.630005,326.399994,326.619995,222.679993,222.929993,220.830002,221.809998,288.98999,289.279999,287.209991,287.290009
30/01/2020,324.359985,327.910004,323.540009,327.679993,220.380005,222.699997,219.690002,222.600006,285.670013,288.769989,284.850006,288.540009
31/01/2020,327,327.170013,320.730011,321.730011,223.529999,223.559998,218.289993,219.070007,286.959991,287.230011,281.609985,282.420013
03/02/2020,323.350006,326.160004,323.220001,324.119995,220.139999,222.889999,219.990005,222.380005,283.690002,286.26001,283.5,283.980011
04/02/2020,328.070007,330.01001,327.720001,329.059998,225.419998,227.860001,224.649994,227.470001,287.679993,289,287.420013,288.040009
05/02/2020,332.269989,333.089996,330.670013,332.859985,230.210007,230.25,226.850006,228.220001,290.76001,293.040009,289.950012,292.859985
06/02/2020,333.910004,334.190002,332.799988,333.980011,228.789993,230.25,227.979996,230.190002,294.019989,294.140015,292.450012,293.73999
07/02/2020,332.820007,333.98999,331.600006,332.200012,229.160004,230.440002,228.539993,229.199997,292.76001,292.809998,290.660004,291.190002
10/02/2020,331.230011,334.75,331.190002,334.679993,228.440002,231.979996,228.380005,231.970001,290.200012,292.959991,290.160004,292.950012
11/02/2020,336.160004,337.019989,334.679993,335.26001,233.25,234.020004,231.399994,232.009995,294.350006,294.420013,292.279999,292.940002
12/02/2020,336.829987,337.649994,336.429993,337.420013,233.380005,234.380005,232.800003,234.270004,294.630005,295.869995,294.529999,295.720001
13/02/2020,335.859985,338.119995,335.559998,337.059998,232.639999,234.929993,232.360001,233.970001,294.390015,295.839996,293.920013,294.820007
14/02/2020,337.51001,337.730011,336.200012,337.600006,234.339996,234.860001,233.550003,234.639999,294.970001,295.130005,293.399994,294.540009
18/02/2020,336.51001,337.670013,335.209991,336.730011,233.5,235.169998,233.25,234.729996,293.149994,293.880005,291.76001,292.950012
19/02/2020,337.790009,339.079987,337.480011,338.339996,236.130005,237.470001,235.850006,236.979996,293.769989,294.720001,293.390015,294.100006
20/02/2020,337.73999,338.640015,333.679993,336.950012,236.460007,236.949997,231.880005,234.779999,293.559998,294.290009,290.170013,292.779999
21/02/2020,335.470001,335.809998,332.579987,333.480011,233.610001,234.009995,229.320007,230.270004,290.799988,291.049988,288.75,289.73999
24/02/2020,323.140015,333.559998,321.23999,322.420013,221.679993,224.25,220.259995,221.389999,280.329987,282.779999,278.970001,279.559998
25/02/2020,323.940002,324.609985,311.690002,312.649994,223.25,223.990005,214.740005,215.369995,280.799988,281.359985,269.880005,270.700012
26/02/2020,314.179993,318.109985,310.700012,311.5,216.710007,220.279999,214.899994,216.479996,271.98999,275.309998,268.829987,269.73999
27/02/2020,305.459991,311.559998,297.51001,297.51001,210.899994,216.419998,205.5,205.639999,264.859985,267.730011,257.390015,257.5
28/02/2020,288.700012,297.890015,285.540009,296.26001,198.639999,207.169998,198.169998,205.800003,250.520004,255.119995,247,254.559998
02/03/2020,298.209991,309.160004,294.459991,309.089996,208.880005,216.570007,205.940002,216.419998,256.709991,267.25,254.059998,267.029999
03/03/2020,309.5,313.839996,297.570007,300.23999,217.110001,219.610001,207.619995,209.479996,267.799988,271.019989,257.179993,259.299988
04/03/2020,306.119995,313.100006,303.329987,312.859985,213.320007,218.330002,211.369995,218.220001,265.450012,271.109985,262.959991,270.890015
05/03/2020,304.980011,308.470001,300.01001,302.459991,212.690002,216.360001,210.100006,211.589996,264.269989,266.529999,259.559998,261.459991
06/03/2020,293.149994,298.779999,290.230011,297.459991,204.669998,209.149994,202.910004,208.020004,253.669998,260.100006,252.429993,258.850006
09/03/2020,275.299988,284.190002,273.450012,274.230011,193.479996,201.160004,192.110001,193.570007,241.5,247.070007,237.169998,238.720001
10/03/2020,284.640015,288.519989,273.5,288.420013,201.110001,204.300003,193.679993,204.110001,247.289993,250.539993,237.089996,250.470001
11/03/2020,280.700012,281.940002,270.880005,274.359985,199.350006,200.75,192.729996,195.220001,243.539993,244.910004,233.600006,235.839996
12/03/2020,256,266.660004,247.679993,248.110001,182.089996,190.779999,176.940002,177.320007,220.5,229,211.830002,212.110001
13/03/2020,263.089996,271.480011,248.520004,269.320007,187.070007,194.479996,178.130005,192.339996,225.649994,232.479996,213.289993,232.110001
16/03/2020,241.179993,256.899994,237.360001,239.850006,174.149994,184.679993,169.160004,169.300003,206.5,218.309998,201.509995,202.490005
17/03/2020,245.039993,256.170013,237.070007,252.800003,175.470001,184.389999,169.779999,182.139999,207.009995,214.470001,199.350006,213.470001
18/03/2020,236.25,248.369995,228.020004,240,171.610001,179.220001,166.800003,176.600006,199.070007,205.440002,189.669998,199.389999
19/03/2020,239.25,247.380005,232.220001,240.509995,175.690002,183.490005,171.630005,177.660004,198.369995,204.979996,192.320007,201.309998
20/03/2020,242.529999,244.470001,228.5,228.800003,181.740005,182.869995,170.100006,170.699997,203.289993,205.289993,191,191.899994
23/03/2020,228.190002,229.679993,218.259995,222.949997,170.919998,174.210007,164.929993,170.460007,190.130005,191.199997,182.100006,186.130005
24/03/2020,234.419998,244.100006,233.800003,243.149994,179.910004,183.830002,177.949997,183.660004,196.270004,207.210007,196.210007,206.639999
25/03/2020,244.869995,256.350006,239.75,246.789993,184.419998,189.509995,179.979996,182.300003,210.570007,220.169998,205.320007,212.059998
26/03/2020,249.520004,262.799988,249.050003,261.200012,183.869995,192.720001,183.610001,191.899994,214.429993,225.869995,214.009995,225.070007
27/03/2020,253.270004,260.809998,251.050003,253.419998,186.929993,190.509995,184.660004,185.300003,217.610001,223.259995,214.570007,216.350006
30/03/2020,255.699997,262.429993,253.529999,261.649994,187.059998,192.490005,186.339996,192.039993,217.360001,223.720001,215.100006,223.100006
31/03/2020,260.559998,263.329987,256.220001,257.75,191.720001,195.25,189.199997,190.399994,221.949997,224.75,218.440002,219.229996
01/04/2020,247.979996,257.660004,243.899994,246.149994,184.770004,187.660004,180.860001,182.309998,210.649994,214.779999,207.770004,209.380005
02/04/2020,245.190002,252.679993,244.589996,251.830002,181.240005,190.100006,180.970001,186.009995,208.309998,214.789993,207.179993,213.960007
03/04/2020,250.759995,253.320007,245.220001,248.190002,185.550003,187.070007,181.289993,183.369995,212.729996,214.550003,208.690002,210.600006
06/04/2020,257.839996,267,248.169998,264.859985,190.479996,197.649994,189.190002,196.479996,218.949997,227.910004,218.119995,226.529999
07/04/2020,274.209991,275.029999,264.890015,265.130005,202.369995,202.660004,196,196.399994,235.460007,236.160004,226.449997,226.600006
08/04/2020,267.959991,276,265.25,274.029999,198.149994,201.169998,196.169998,200.570007,229.139999,235.25,226.839996,234.330002
09/04/2020,277.579987,281.200012,275.470001,278.200012,202.350006,203.220001,199.029999,200.860001,237.839996,240.190002,235.110001,237.139999
13/04/2020,277.140015,277.51001,271.410004,275.660004,200,203.419998,198.75,203.029999,236.410004,236.690002,230.960007,233.960007
14/04/2020,280.980011,284.899994,275.51001,283.790009,207.229996,212.5,206.419998,211.860001,238.699997,240.470001,236.880005,239.679993
15/04/2020,277.570007,283.940002,275.459991,277.76001,208.479996,211.830002,207.119995,209.429993,234.479996,236.580002,232.389999,235.080002
16/04/2020,279.149994,280.029999,275.76001,279.100006,211.690002,214.369995,209.690002,213.25,235.699997,236.059998,232.179993,235.339996
17/04/2020,285.380005,287.299988,282.399994,286.640015,216.169998,216.509995,212.080002,215.289993,241.600006,242.660004,238.25,242.429993
20/04/2020,282.609985,286.790009,281.350006,281.589996,213.360001,215.880005,212.570007,212.740005,238.240005,241.110001,236.259995,236.639999
21/04/2020,276.730011,278.040009,272.019989,273.040009,210.600006,211.160004,203.630005,204.889999,231.330002,233.339996,229.410004,230.220001
22/04/2020,278.350006,281,276.910004,279.100006,209.100006,212.350006,208.330002,210.970001,234.399994,236.270004,233.389999,234.770004
23/04/2020,280.48999,283.940002,278.75,279.079987,211.789993,214.440002,210.100006,210.520004,235.509995,238.919998,234.830002,235.070007
24/04/2020,280.730011,283.700012,278.5,282.970001,210.970001,214.300003,209.5,213.839996,236.610001,238.330002,234.199997,237.830002
27/04/2020,285.119995,288.269989,284.619995,287.049988,216.190002,216.630005,214.5,215.559998,239.119995,242.190002,238.449997,241.320007
28/04/2020,291.019989,291.399994,285.399994,285.730011,217.320007,217.320007,211.210007,211.5,245.009995,245.160004,240.360001,241.089996
29/04/2020,291.529999,294.880005,290.410004,293.209991,216.190002,219.970001,215.139999,219,245.479996,247.669998,244.199997,246.449997
30/04/2020,291.709991,293.320007,288.589996,290.480011,219.949997,220.039993,217.350006,218.910004,244.199997,245.169998,241.910004,243.220001
01/05/2020,285.309998,290.660004,281.519989,282.790009,214.5,216.669998,211.679993,212.740005,239.580002,240.330002,236.5,237.279999
04/05/2020,280.73999,283.899994,279.130005,283.570007,211.460007,215.449997,211.119995,215.220001,235.210007,237.75,233.639999,237.419998
05/05/2020,286.640015,289.25,283.709991,286.190002,217.440002,220.139999,216.850006,217.660004,240.020004,241.740005,238.699997,238.800003
06/05/2020,288.040009,288.459991,283.779999,284.25,219.399994,221.039993,218.110001,219,240.339996,240.539993,236.600006,236.860001
07/05/2020,287.75,289.779999,287.130005,287.679993,221.820007,222.729996,220.419998,221.820007,239.240005,241.179993,238.550003,238.910004
08/05/2020,291.089996,292.950012,289.859985,292.440002,223.550003,225,222.479996,224.860001,242.270004,243.800003,241.339996,243.619995
11/05/2020,290.339996,294,289.880005,292.5,223.490005,227.929993,223.25,226.869995,241.679993,243.940002,241,242.559998
12/05/2020,293.790009,294.23999,286.519989,286.670013,227.490005,228.100006,222.089996,222.119995,243.809998,244.139999,237.940002,238.080002
13/05/2020,286.059998,287.190002,278.959991,281.600006,222.660004,224.610001,216.710007,219.339996,236.960007,237.5,231.020004,232.820007
14/05/2020,278.950012,285.109985,272.98999,284.970001,217.970001,221.869995,215.990005,221.830002,230.080002,236.759995,228.300003,236.75
15/05/2020,282.369995,286.329987,281.339996,286.279999,218.779999,223.330002,218.330002,223.270004,234.160004,237.25,233.410004,236.910004
18/05/2020,293.049988,296.75,292.700012,295,226.279999,228.679993,225.470001,227.429993,243.509995,247.199997,243.360001,245.929993
19/05/2020,294.350006,296.209991,291.950012,291.970001,227.699997,229.850006,226.710007,226.860001,245.449997,246.020004,242.070007,242.220001
20/05/2020,295.820007,297.869995,295.570007,296.929993,229.5,231.759995,229.479996,231.389999,245.399994,246.580002,244.729996,245.729996
21/05/2020,296.790009,297.670013,293.690002,294.880005,231.440002,232.139999,228.339996,228.869995,245.550003,247.380005,243.880005,245.020004
22/05/2020,294.570007,295.630005,293.220001,295.440002,228.449997,229.869995,227.5,229.660004,244.910004,245.100006,243.169998,244.880005
26/05/2020,301.929993,302.190002,295.459991,299.079987,233.360001,233.570007,228.789993,229.039993,250.839996,252.020004,249.880005,250.25
27/05/2020,302.119995,303.570007,296.869995,303.529999,228.690002,230.410004,223.940002,230.289993,253.729996,255.789993,250.330002,255.770004
28/05/2020,304.649994,306.839996,302.23999,302.970001,229.110001,233.470001,229.050003,229.990005,257.869995,257.940002,253.889999,254.350006
29/05/2020,302.459991,304.959991,299.470001,304.320007,230.380005,233.600006,228.759995,233.360001,253.270004,255.320007,250.679993,254.289993
01/06/2020,303.619995,306.209991,303.059998,305.549988,232.460007,234.449997,232,234.059998,253.779999,255.550003,252.699997,255.270004
02/06/2020,306.549988,308.130005,305.100006,308.079987,234.5,235.690002,232.009995,235.630005,256.549988,257.920013,255.710007,257.850006
03/06/2020,310.23999,313.220001,309.940002,312.179993,236.259995,237.470001,235.350006,236.690002,260.350006,264,259.660004,263.170013
04/06/2020,311.109985,313,309.079987,311.359985,236.330002,237.789993,233.679993,235.029999,262.369995,264.429993,261.390015,263.329987
05/06/2020,317.230011,321.269989,317.160004,319.339996,236.220001,240.300003,235.630005,239.690002,270.399994,273.950012,269.790009,271.540009
08/06/2020,320.220001,323.410004,319.630005,323.200012,239.539993,241.679993,237.910004,241.550003,272.899994,276.380005,272.899994,276.279999
09/06/2020,320.299988,323.279999,319.359985,320.790009,240.660004,244.179993,240.470001,243.300003,273.23999,275.019989,272.130005,273.380005
10/06/2020,321.420013,322.390015,318.220001,319,245.050003,247.820007,244.509995,246.220001,273.200012,274.179993,270.01001,270.459991
11/06/2020,311.459991,312.149994,300.01001,300.609985,242.160004,243.589996,233.960007,234.020004,262.140015,263.51001,251.380005,252.029999
12/06/2020,308.23999,309.079987,298.600006,304.209991,239.089996,240.399994,231.740005,235.880005,259,260.320007,251.429993,256.73999
15/06/2020,298.019989,308.279999,296.73999,307.049988,232.440002,239.449997,231.470001,238.75,250.289993,259.600006,249.100006,258.350006
16/06/2020,315.480011,315.640015,307.670013,312.959991,243.779999,244.389999,239.100006,242.850006,267.089996,267.140015,258.690002,263.820007
17/06/2020,314.070007,314.390015,310.859985,311.660004,244.399994,245.5,242.729996,243.619995,264.609985,264.700012,261.26001,261.820007
18/06/2020,310.01001,312.299988,309.51001,311.779999,243.289993,244.529999,242.490005,244.279999,260.040009,262.26001,259.109985,261.450012
19/06/2020,314.170013,314.380005,306.529999,308.640015,246.729996,247,242.449997,244.240005,264.209991,264.459991,257.609985,258.799988
22/06/2020,307.98999,311.049988,306.75,310.619995,243.679993,246.869995,243.380005,246.740005,257.880005,260.579987,256.679993,260.320007
23/06/2020,313.48999,314.5,311.609985,312.049988,248.389999,251.149994,247.820007,248.839996,262.829987,263.149994,261.019989,261.5
24/06/2020,309.839996,310.51001,302.100006,304.089996,248.059998,249.330002,242.160004,243.710007,259.220001,259.519989,252.940002,254.630005
25/06/2020,303.470001,307.640015,301.279999,307.350006,243.800003,246.339996,241.139999,246.029999,253.339996,257.709991,252.059998,257.440002
26/06/2020,306.160004,306.390015,299.420013,300.049988,245.779999,245.960007,239.679993,240.220001,255.649994,256.049988,249.699997,250.380005
29/06/2020,301.410004,304.609985,298.929993,304.459991,239.970001,242.850006,237.350006,242.839996,252.179993,256.119995,250.949997,255.910004
30/06/2020,303.98999,310.200012,303.820007,308.359985,242.770004,248.160004,242.580002,247.600006,255.070007,259.049988,254.720001,257.869995
01/07/2020,309.570007,311.890015,309.070007,310.519989,247.639999,251.520004,247.080002,250.490005,258.869995,260.26001,257.140015,257.309998
02/07/2020,314.23999,315.700012,311.51001,312.230011,253.020004,254.270004,251.710007,252.190002,261.149994,262.170013,257.880005,258.420013
06/07/2020,316.369995,317.679993,315.559998,317.049988,255.449997,258.929993,255.429993,258.390015,262.160004,263.049988,260.869995,263
07/07/2020,315.380005,317.519989,313.369995,313.779999,258.130005,260.880005,256.299988,256.609985,261.100006,261.850006,258.779999,259.040009
08/07/2020,314.609985,316.299988,312.700012,316.179993,257.980011,260.019989,256.5,259.98999,259.640015,261.190002,258.25,260.720001
09/07/2020,316.839996,317.100006,310.679993,314.380005,261.970001,262.869995,257.630005,262.179993,260.869995,261.190002,255.350006,257.23999
10/07/2020,314.309998,317.880005,312.76001,317.589996,262.029999,264.230011,259.26001,263.970001,257.200012,261.160004,256.459991,260.820007
13/07/2020,320.130005,322.709991,314.130005,314.839996,266.910004,269.790009,257.690002,258.540009,263.059998,266.519989,260.579987,261.040009
14/07/2020,313.299988,319.76001,312,318.920013,255.929993,260.790009,252.759995,260.369995,260.540009,267.049988,260.100006,266.589996
15/07/2020,322.410004,323.040009,319.269989,321.850006,261.829987,262.690002,257.48999,260.899994,270.470001,270.540009,267.049988,268.910004
16/07/2020,319.790009,321.279999,319.089996,320.790009,258.019989,259.779999,255.619995,259.119995,267.160004,268.929993,266.019989,267.470001
17/07/2020,321.880005,322.570007,319.73999,321.720001,259.589996,260.309998,257.170013,259.420013,267.950012,268.070007,266.170013,266.73999
20/07/2020,321.429993,325.130005,320.619995,324.320007,260.079987,267.429993,258.790009,266.779999,266.390015,267.640015,265.029999,266.820007
21/07/2020,326.450012,326.929993,323.940002,325.01001,268.399994,268.410004,263.130005,264,268.820007,270.269989,267.649994,268.339996
22/07/2020,324.619995,327.200012,324.5,326.859985,264.51001,265.890015,262.549988,264.929993,267.820007,270.350006,267.769989,269.980011
23/07/2020,326.470001,327.230011,321.480011,322.959991,264.51001,265.23999,256.549988,258.01001,269.640015,269.779999,265.619995,266.690002
24/07/2020,320.950012,321.98999,319.25,320.880005,254.039993,256.929993,251.320007,255.559998,265.149994,266.339996,264.049988,264.690002
27/07/2020,321.630005,323.410004,320.769989,323.220001,257.26001,260.519989,256.450012,260.119995,264.769989,266.309998,264.350006,265.950012
28/07/2020,322.429993,323.640015,320.850006,321.170013,259.309998,259.850006,256.51001,256.809998,264.920013,265.609985,263.630005,263.929993
29/07/2020,322.119995,325.730011,322.079987,325.119995,258.399994,260.660004,257.910004,259.769989,264.190002,266.070007,263.799988,265.5
30/07/2020,321.899994,324.410004,319.640015,323.959991,257.73999,261.709991,256.549988,261.130005,262.480011,263.820007,259.940002,263.279999
31/07/2020,325.899994,326.630005,321.329987,326.519989,265.910004,265.950012,260.850006,265.790009,263.76001,264.48999,260.179993,264.350006
03/08/2020,328.320007,329.619995,327.730011,328.790009,268,270.149994,267.869995,269.380005,265.670013,267.149994,265.350006,266.720001
04/08/2020,327.859985,330.059998,327.859985,330.059998,268.859985,270.480011,268.089996,270.380005,266.290009,268.420013,266.029999,268.410004
05/08/2020,331.470001,332.390015,331.179993,332.109985,270.880005,271.519989,269.959991,271.049988,269.98999,272.269989,269.899994,272
06/08/2020,331.480011,334.459991,331.130005,334.329987,270.850006,274.980011,270.190002,274.640015,271.630005,274.029999,271.570007,273.899994
07/08/2020,333.279999,334.880005,332.299988,334.570007,274.079987,274.880005,269.25,271.470001,273.230011,274.820007,272.480011,274.619995
10/08/2020,335.059998,335.769989,332.959991,335.570007,271.769989,271.980011,266.670013,270.309998,275.51001,278.279999,275.480011,278.140015
11/08/2020,336.850006,337.540009,332.01001,332.799988,269.109985,270.440002,264.630005,265.190002,280.899994,281.779999,276.470001,277.190002
12/08/2020,335.440002,338.279999,335.410004,337.440002,267.420013,272.839996,267.369995,271.859985,279.839996,280.73999,278.720001,280.040009
13/08/2020,336.609985,338.25,335.829987,336.829987,272.660004,274.829987,271.51001,272.480011,279.130005,280.220001,278.230011,279.420013
14/08/2020,336.410004,337.420013,335.619995,336.839996,273.119995,273.399994,270.720001,272.160004,278.230011,280.160004,277.899994,279.799988
17/08/2020,337.940002,338.339996,336.850006,337.910004,273.929993,275.839996,272.200012,275.320007,280.140015,280.25,278.5,278.950012
18/08/2020,338.339996,339.100006,336.609985,338.640015,276.420013,278.459991,274.910004,277.970001,279.100006,279.369995,277.109985,278.200012
19/08/2020,339.049988,339.609985,336.619995,337.230011,277.929993,279.019989,275.570007,276.100006,278.679993,279.73999,276.970001,277.429993
20/08/2020,335.359985,338.799988,335.220001,338.279999,275.279999,280.429993,274.859985,279.929993,276.040009,278.339996,275.869995,277.869995
21/08/2020,337.920013,339.720001,337.549988,339.480011,280.130005,282.339996,279.459991,281.869995,277.040009,279.609985,276.859985,279.290009
24/08/2020,342.119995,343,339.450012,342.920013,285.25,286,281.269989,283.630005,281.720001,283.25,280.470001,283.179993
25/08/2020,343.529999,344.209991,342.269989,344.119995,282.829987,286.059998,282.369995,285.859985,284.230011,284.230011,281.019989,282.619995
26/08/2020,344.76001,347.859985,344.170013,347.570007,287.149994,292.220001,285.829987,291.959991,282.609985,283.609985,281.570007,283.429993
27/08/2020,348.51001,349.899994,346.529999,348.329987,292.970001,293.850006,288.709991,291.049988,284.440002,286.450012,283.679993,285.040009
28/08/2020,349.440002,350.720001,348.149994,350.579987,292.329987,293.179993,290.929993,292.529999,286.230011,287.450012,285,286.700012
31/08/2020,350.350006,351.299988,349.059998,349.309998,293.070007,296.75,292.619995,294.880005,286.26001,286.339996,283.890015,284.279999
01/09/2020,350.209991,352.709991,349.23999,352.600006,297.619995,300.040009,295.790009,299.920013,283.730011,286.929993,283.170013,286.790009
02/09/2020,354.670013,358.75,353.429993,357.700012,303.279999,303.5,296.890015,302.76001,288.079987,292.059998,287.600006,291.209991
03/09/2020,355.869995,356.380005,342.589996,345.390015,298.100006,298.619995,284.410004,287.410004,290.970001,292.359985,281.100006,283.339996
04/09/2020,346.130005,347.829987,334.869995,342.570007,285.559998,288.929993,271.799988,283.579987,284.910004,285.790009,277.01001,281.769989
08/09/2020,336.709991,342.640015,332.880005,333.209991,272.220001,278.220001,269.660004,269.950012,278.820007,278.829987,275.01001,275.420013
09/09/2020,337.549988,342.459991,336.609985,339.790009,275.640015,280.049988,273,277.880005,278.089996,282.48999,277.390015,279.850006
10/09/2020,341.820007,342.529999,332.850006,333.890015,280.940002,282.200012,270.559998,272.339996,281.130005,282.170013,274.850006,275.790009
11/09/2020,335.820007,336.970001,331,334.059998,274.149994,275.220001,266.899994,270.450012,276.950012,278.820007,274.959991,277.089996
14/09/2020,337.48999,340.380005,334.220001,338.459991,274.359985,277.220001,272.959991,275.160004,278.920013,281.429993,278.670013,280.529999
15/09/2020,341.119995,342.019989,338.470001,340.170013,279.029999,280.450012,275.130005,279.059998,282.420013,282.899994,279.880005,280.579987
16/09/2020,341.51001,343.059998,338.519989,338.820007,279.880005,280.359985,274.25,274.609985,281.540009,284.230011,280.779999,281.029999
17/09/2020,333.559998,337.700012,332.98999,335.839996,267.549988,274.399994,266.679993,270.320007,277.690002,281.149994,277.089996,279.570007
18/09/2020,335.369995,335.48999,327.970001,330.649994,271.790009,272.089996,262.630005,266.869995,279.019989,279.399994,274.769989,276.519989
21/09/2020,325.700012,327.130005,321.730011,326.970001,262.470001,267.649994,260.109985,267.51001,271.579987,272.170013,267.049988,271.440002
22/09/2020,328.570007,330.899994,325.859985,330.299988,269.98999,273.079987,266.540009,272.480011,271.670013,273.23999,269.790009,272.809998
23/09/2020,330.899994,331.200012,322.100006,322.640015,272.149994,272.339996,263.25,264.160004,274.179993,274.589996,267.079987,267.579987
24/09/2020,321.220001,326.799988,319.799988,323.5,261.390015,268.700012,261.220001,265.390015,266.859985,270.880005,265.269989,268.100006
25/09/2020,322.579987,329.579987,321.640015,328.730011,265.910004,272.399994,264.299988,271.559998,266.76001,272.309998,266.230011,271.700012
28/09/2020,333.220001,334.959991,332.149994,334.190002,276.579987,277.200012,271.670013,277.200012,275.26001,277.119995,274.720001,275.899994
29/09/2020,333.970001,334.769989,331.619995,332.369995,276.619995,277.709991,275.369995,275.950012,275.600006,275.980011,273.290009,274.420013
30/09/2020,333.089996,338.290009,332.880005,334.890015,276.149994,281.089996,275.869995,277.839996,275,280.170013,275,277.5
01/10/2020,337.690002,338.73999,335.01001,337.040009,281.790009,282.880005,279.839996,282.25,279.329987,280.350006,276.570007,278.140015
02/10/2020,331.700012,337.01001,331.190002,333.839996,276.019989,282.23999,273.440002,274.309998,274.170013,278.51001,273.600006,276.799988
05/10/2020,336.059998,339.959991,336.01001,339.76001,276.339996,280.48999,276.230011,280.160004,278.790009,281.589996,278.75,281.51001
06/10/2020,339.910004,342.170013,334.380005,334.929993,279.450012,281.190002,274.25,275.160004,282.540009,283.519989,277.23999,277.720001
07/10/2020,338.119995,341.630005,338.089996,340.76001,277.890015,280.73999,277.279999,279.920013,280.279999,283.670013,280.230011,282.920013
08/10/2020,342.850006,343.850006,341.859985,343.779999,282.399994,282.470001,280.309998,281.410004,284.519989,284.679993,282.690002,284.290009
09/10/2020,345.559998,347.350006,344.890015,346.850006,283.109985,285.790009,282.709991,285.709991,285.609985,286.809998,284.410004,285.929993
12/10/2020,349.589996,354.019989,349.059998,352.429993,290.549988,297.459991,289.470001,294.529999,286.950012,289.609985,286.679993,288.459991
13/10/2020,352.279999,352.470001,349.089996,350.130005,296.390015,297.049988,293.109985,294.519989,287.660004,288.109985,286.019989,286.73999
14/10/2020,350.75,351.929993,347.140015,347.929993,295.350006,296.350006,290.26001,292.059998,287.220001,287.950012,284.579987,285.130005
15/10/2020,343.709991,348.019989,343.130005,347.5,287.200012,290.709991,286.540009,290.100006,282.029999,285.399994,281.660004,285.040009
16/10/2020,348.959991,350.75,347.100006,347.290009,291.799988,293.269989,288.149994,288.51001,286.23999,288.369995,285.890015,285.970001
19/10/2020,348.649994,349.329987,341.040009,342.01001,290.48999,291.480011,282.790009,283.799988,286.640015,287.059998,281.279999,282.029999
20/10/2020,343.459991,346.880005,342.640015,343.380005,284.559998,287.619995,282.950012,284.410004,283.160004,285.660004,282.25,282.950012
21/10/2020,343.329987,345.670013,342.399994,342.730011,284.670013,287.320007,283.690002,284.190002,282.540009,284.470001,281.829987,281.970001
22/10/2020,342.959991,345.23999,340.649994,344.609985,285.049988,285.980011,280.820007,284.179993,282.100006,284.160004,280.299988,283.649994
23/10/2020,345.929993,345.98999,343.130005,345.779999,284.769989,284.910004,281.779999,284.73999,284.450012,284.540009,281.51001,283.339996
26/10/2020,342.130005,342.980011,335.619995,339.390015,282.380005,285.299988,276.76001,280.470001,280.140015,280.390015,273.700012,277
27/10/2020,339.76001,340.119995,337.98999,338.220001,281.5,283.51001,280.200012,282.660004,276.950012,277.070007,274.600006,274.660004
28/10/2020,332.100006,338.25,326.130005,326.660004,278.01001,278.640015,271.380005,271.640015,269,270.75,265.019989,265.480011
29/10/2020,326.910004,333.399994,325.089996,329.980011,273,279.48999,272.519989,276.390015,265.130005,268.940002,262.809998,266.589996
30/10/2020,328.279999,329.690002,322.600006,326.540009,274.339996,275.23999,267.070007,269.380005,265.029999,266.320007,261.410004,265.059998
02/11/2020,330.200012,332.359985,327.23999,330.200012,271.850006,273.519989,266.970001,269.980011,268.899994,270.5,266.929993,269.200012
03/11/2020,333.690002,338.25,330.290009,336.029999,271.959991,276.820007,270.839996,274.649994,272.660004,276.429993,272.200012,274.649994
04/11/2020,340.859985,347.940002,339.589996,343.540009,283.589996,288.769989,281.869995,286.910004,275.899994,283.059998,275.559998,278.51001
05/11/2020,349.23999,352.190002,348.859985,350.23999,293.529999,295.390015,292,294.390015,282.290009,284.959991,282.070007,283.910004
06/11/2020,349.929993,351.51001,347.649994,350.160004,293.709991,295.359985,289.829987,294.609985,283.950012,284.380005,281.890015,283.220001
09/11/2020,363.970001,364.380005,354.059998,354.559998,297.649994,299.140015,288.119995,288.589996,298.609985,299.48999,291.390015,291.720001
10/11/2020,353.48999,355.179993,350.51001,354.040009,285.170013,286.660004,280.619995,283.420013,293.299988,294.959991,291.399994,294.51001
11/11/2020,356.399994,357.559998,355.059998,356.670013,286.029999,290.25,283.380005,289.76001,296.070007,296.140015,292.929993,294.109985
12/11/2020,355.579987,356.720001,351.26001,353.209991,290.76001,292.070007,287.25,288.399994,292.220001,293.320007,289.190002,291.049988
13/11/2020,355.269989,358.899994,354.709991,358.100006,290.170013,291.570007,287.869995,290.929993,292.970001,295.920013,292.420013,295.149994
16/11/2020,360.980011,362.779999,359.589996,362.570007,290.619995,293.51001,289.98999,293.200012,299.279999,300.079987,297.570007,299.980011
17/11/2020,359.970001,361.920013,358.339996,360.619995,293.399994,293.73999,291.609985,292.269989,297.309998,299.149994,295.600006,298.309998
18/11/2020,360.910004,361.5,356.23999,356.279999,291.700012,293.369995,290.019989,290.109985,299.200012,299.75,294.76001,294.76001
19/11/2020,355.600006,358.179993,354.149994,357.779999,289.540009,292.700012,288.850006,292.380005,294.059998,295.809998,292.899994,295.329987
20/11/2020,357.5,357.720001,355.25,355.329987,292.299988,293.070007,290.290009,290.380005,294.220001,294.589996,292.200012,292.529999
23/11/2020,357.279999,358.820007,354.869995,357.459991,291.410004,292.75,288.070007,290.390015,294.26001,296.649994,293.480011,295.890015
24/11/2020,360.209991,363.809998,359.290009,363.220001,291.48999,294.980011,289.630005,294.470001,298.940002,301.109985,298.299988,300.429993
25/11/2020,363.130005,363.160004,361.480011,362.660004,295.570007,296.940002,294.589996,296.279999,299.950012,300.040009,298.049988,298.73999
27/11/2020,363.839996,364.179993,362.579987,363.670013,298.309998,300.170013,297.899994,299.01001,299.440002,300.200012,298.170013,299.23999
30/11/2020,362.829987,363.119995,359.170013,362.059998,299.339996,299.970001,294.779999,299.619995,297.519989,297.799988,294.75,296.619995
01/12/2020,365.570007,367.679993,364.929993,366.019989,301.970001,305.140015,300.829987,303.459991,299.730011,301.01001,298.179993,298.440002
02/12/2020,364.820007,366.959991,364.200012,366.790009,302.25,304.200012,300.350006,303.850006,297.100006,299.339996,296.350006,299.179993
03/12/2020,366.679993,368.190002,365.5,366.690002,304.170013,305.880005,303.529999,304.279999,299.380005,301.399994,299.049988,300.059998
04/12/2020,367.320007,369.850006,367.220001,369.850006,304.329987,305.670013,303.630005,305.519989,300.73999,302.589996,300.600006,302.589996
07/12/2020,369.019989,369.619995,367.720001,369.089996,305.709991,307.630005,305.519989,307.25,301.769989,302.160004,300,301.100006
08/12/2020,367.720001,370.779999,367.670013,370.170013,306.76001,308.600006,304.950012,308.290009,300.01001,302.869995,299.980011,302.200012
09/12/2020,370.880005,371.049988,365.950012,366.850006,308.070007,308.359985,300.209991,301.309998,303.220001,303.600006,299.970001,300.880005
10/12/2020,365.369995,367.859985,364.429993,366.730011,299.209991,303.679993,298.089996,302.519989,299.98999,301.149994,299.200012,300.540009
11/12/2020,364.899994,366.73999,363.26001,366.299988,300.809998,301.980011,298.470001,301.850006,299.429993,301.179993,298.679993,300.929993
14/12/2020,368.640015,369.799988,364.470001,364.660004,303.079987,306.049988,303.01001,304.040009,303.019989,303.799988,299,299.100006
15/12/2020,367.399994,369.589996,365.920013,369.589996,306.369995,307.290009,304.109985,307.290009,300.950012,302.940002,299.480011,302.619995
16/12/2020,369.820007,371.160004,368.869995,370.170013,307.700012,309.790009,306.619995,308.980011,302.540009,302.869995,301.320007,302.149994
17/12/2020,371.940002,372.459991,371.049988,372.23999,310.630005,311.23999,309.390015,311,303.220001,303.709991,302.850006,303.48999
18/12/2020,370.970001,371.149994,367.019989,369.179993,311.660004,311.980011,307.609985,310.059998,303.070007,303.140015,300.230011,301.899994
21/12/2020,364.970001,378.459991,362.029999,367.859985,306.459991,309.470001,303.600006,308.920013,298.790009,302.970001,297.420013,302.140015
22/12/2020,368.209991,368.329987,366.029999,367.23999,309.850006,310.709991,306.850006,309.76001,301.839996,301.880005,299.859985,300.070007
23/12/2020,368.279999,369.619995,367.220001,367.570007,309.809998,310.179993,308.040009,308.200012,301.200012,302.790009,301.140015,301.279999
24/12/2020,368.079987,369.029999,367.450012,369,308.470001,310.019989,308.390015,309.559998,301.660004,302.100006,300.929993,302.019989
28/12/2020,371.73999,372.589996,371.070007,372.170013,312.25,313.170013,310.359985,312.679993,303.690002,305.149994,303.350006,304
29/12/2020,373.809998,374,370.829987,371.459991,314.049988,314.690002,312.029999,312.959991,305.429993,305.700012,302.640015,303.459991
30/12/2020,372.339996,373.100006,371.570007,371.98999,314.160004,314.48999,312.329987,312.970001,304.109985,305.130005,303.859985,304.130005
31/12/2020,371.779999,374.660004,371.230011,373.880005,312.869995,314.23999,311.76001,313.73999,304,306.290009,303.350006,305.790009
04/01/2021,375.309998,375.450012,364.820007,368.790009,315.109985,315.290009,305.179993,309.309998,306.589996,306.660004,298.73999,302.320007
05/01/2021,368.100006,372.5,368.049988,371.329987,308.290009,312.140015,308.290009,311.859985,301.929993,305.049988,301.380005,303.839996
06/01/2021,369.709991,376.980011,369.119995,373.549988,307,311.880005,305.980011,307.540009,303.75,310.23999,303.059998,308.209991
07/01/2021,376.100006,379.899994,375.910004,379.100006,310.279999,315.839996,310.25,314.980011,309.720001,311.980011,309.059998,310.5
08/01/2021,380.589996,381.48999,377.100006,381.26001,317.339996,319.390015,315.079987,319.029999,311.25,311.429993,307.98999,311.040009
11/01/2021,377.850006,380.579987,377.720001,378.690002,315.980011,317.190002,313.75,314.420013,308.48999,311,308.420013,310.170013
12/01/2021,378.890015,379.859985,376.359985,378.769989,314.459991,315.579987,311.200012,313.920013,310.179993,311.25,308.910004,310.73999
13/01/2021,378.690002,380.859985,377.850006,379.790009,314.190002,316.859985,313.570007,316.040009,310.630005,311.600006,309.920013,310.630005
14/01/2021,380.589996,381.130005,378.100006,378.459991,316.5,317.529999,313.859985,314.350006,311.589996,312.269989,309.890015,310.049988
15/01/2021,376.720001,377.579987,373.700012,375.700012,314.130005,315.119995,310.579987,311.859985,308.01001,309.320007,306.029999,308.119995
19/01/2021,378.339996,379.230011,376.75,378.649994,314.25,316.929993,313.119995,316.410004,310.359985,310.73999,308.600006,309.320007
20/01/2021,381.109985,384.790009,380.690002,383.890015,320.140015,324.73999,316.51001,323.769989,310.429993,312.339996,309.940002,311.769989
21/01/2021,384.48999,384.950012,383.25,384.23999,325.149994,327.130005,323.730011,326.359985,312.01001,312.709991,311.200012,311.869995
22/01/2021,382.25,384.130005,381.839996,382.880005,325.290009,326.459991,324.709991,325.420013,309.859985,311.019989,309.089996,309.970001
25/01/2021,383.670013,384.769989,378.459991,384.390015,328.910004,330.320007,321.410004,328.109985,308.98999,309.779999,305.619995,309.649994
26/01/2021,385.410004,385.850006,383.540009,383.790009,328.850006,329.76001,327.220001,328.589996,310.540009,311.190002,309.209991,309.390015
27/01/2021,380.220001,380.320007,372.01001,374.410004,326.26001,326.269989,317.359985,319.429993,306.540009,306.720001,302.100006,303.26001
28/01/2021,376.359985,381.929993,375.890015,377.630005,320.670013,326.420013,320.029999,321.320007,304.980011,309.420013,304.829987,306.070007
29/01/2021,375.630005,376.670013,368.269989,370.070007,319.579987,320.720001,312.76001,314.559998,303.920013,304.779999,298.589996,299.809998
01/02/2021,373.720001,377.339996,370.380005,376.230011,318.109985,323.540009,316.019989,322.420013,302.279999,303.350006,300.140015,302.019989
02/02/2021,379.649994,383.220001,376.320007,381.549988,325.480011,328.869995,325.309998,327.679993,304.540009,308.429993,304.519989,306.820007
03/02/2021,382.440002,383.700012,380.480011,381.850006,329.820007,330.200012,326.320007,326.380005,306.100006,307.940002,305.179993,307.26001
04/02/2021,382.959991,386.23999,381.970001,386.190002,327.820007,330.329987,326.459991,330.23999,307.850006,310.670013,307.769989,310.670013
05/02/2021,388.200012,388.470001,386.140015,387.709991,331.220001,332.399994,329.529999,331.359985,312.359985,312.549988,310.869995,311.540009
08/02/2021,389.269989,390.559998,388.350006,390.51001,333.100006,333.73999,331.410004,333.579987,312.700012,313.890015,312.410004,313.890015
09/02/2021,389.609985,390.890015,389.170013,390.25,332.619995,334.809998,332.609985,333.51001,313.26001,314.5,312.570007,313.920013
10/02/2021,392.119995,392.279999,387.5,390.079987,334.98999,335.459991,329.5,332.75,315.170013,315.23999,312.299988,314.5
11/02/2021,391.23999,391.690002,388.100006,390.709991,334.329987,335,332.119995,334.579987,315.089996,315.76001,312.799988,314.679993
12/02/2021,389.850006,392.899994,389.769989,392.640015,333.709991,336.619995,332.630005,336.450012,314.279999,315.140015,313.829987,315.040009
16/02/2021,393.959991,394.170013,391.529999,392.299988,337.269989,338.190002,334.339996,335.540009,316.329987,316.540009,314.869995,315.579987
17/02/2021,390.420013,392.660004,389.329987,392.390015,332.470001,335.660004,330.170013,333.929993,314.690002,316.910004,313.869995,316.600006
18/02/2021,389.589996,391.519989,387.73999,390.720001,330.230011,333.869995,328.359985,332.470001,314.75,316,313.380005,315.559998
19/02/2021,392.070007,392.380005,389.549988,390.029999,333.859985,333.98999,329.970001,331.019989,315.609985,316.339996,314.579987,314.920013
22/02/2021,387.059998,389.619995,386.73999,387.029999,326.5,327.799988,322.230011,322.440002,312.899994,316.48999,312.769989,315.209991
23/02/2021,384.660004,388.950012,380.200012,387.5,317,323.200012,311,321.480011,314.769989,316.48999,311.600006,315.390015
24/02/2021,386.329987,392.230011,385.269989,391.769989,318.73999,324.450012,315.959991,324.130005,314.679993,320.040009,314.179993,319.529999
25/02/2021,390.410004,391.880005,380.779999,382.329987,321.390015,324.029999,311.23999,312.829987,319.709991,319.920013,312.959991,313.980011
26/02/2021,384.350006,385.579987,378.230011,380.359985,315.850006,319.109985,310.880005,314.140015,314.420013,314.440002,308.779999,309.450012
01/03/2021,385.589996,390.920013,380.570007,389.579987,319.269989,323.940002,317.940002,323.589996,313.480011,316.920013,313.450012,315.589996
02/03/2021,389.820007,390.070007,386,386.540009,324.25,324.329987,318.140015,318.399994,315.720001,316.429993,314.01001,314.190002
03/03/2021,385.790009,386.829987,381.309998,381.420013,317.269989,318.23999,309.100006,309.160004,313.940002,315.869995,312.829987,312.98999
04/03/2021,381.220001,384,371.880005,376.700012,308.779999,312.040009,300.109985,304.100006,313.190002,314.920013,305.679993,309.579987
05/03/2021,380.459991,384.76001,372.640015,383.630005,306.799988,309.609985,297.450012,308.679993,312.5,316.049988,307.899994,315.23999
08/03/2021,384.660004,387.679993,381.420013,381.720001,308.119995,310.059998,299.51001,299.940002,316.75,321.730011,315.829987,318.25
09/03/2021,385.850006,389.910004,385.309998,387.170013,307.470001,313.730011,306.920013,311.769989,319.470001,321.769989,318.440002,318.609985
10/03/2021,389.690002,391.399994,388.170013,389.579987,316.160004,316.470001,310.170013,310.880005,320.529999,324.309998,320.470001,323.329987
11/03/2021,392.230011,395.649994,391.73999,393.529999,315.769989,319.859985,314.850006,318.040009,324.709991,326.970001,323.829987,325.329987
12/03/2021,392.070007,394.209991,391.200012,394.059998,313.859985,318.230011,311.390015,315.459991,325.670013,328.48999,325.5,328.309998
15/03/2021,394.329987,396.690002,392.029999,396.410004,315.790009,319,314.100006,318.829987,329.179993,330.23999,326.809998,330.089996
16/03/2021,397.070007,397.829987,395.079987,395.910004,321.089996,324.200012,319.100006,320.579987,329.850006,330,328.320007,328.859985
17/03/2021,394.529999,398.119995,393.299988,397.26001,317.450012,323.850006,315.679993,321.899994,329.209991,331.029999,328.380005,330.769989
18/03/2021,394.480011,396.720001,390.75,391.480011,316.869995,317.880005,311.570007,312.040009,330.299988,332.859985,328.769989,329.359985
19/03/2021,389.880005,391.570007,387.149994,389.480011,311.869995,314.730011,309.660004,313.140015,328.089996,328.179993,324.980011,326.01001
22/03/2021,390.029999,394.070007,389.970001,392.589996,315.209991,320.73999,315.209991,318.609985,325.549988,327.980011,325.029999,327.23999
23/03/2021,391.910004,393.459991,388.660004,389.5,319.730011,321.089996,316.380005,317.220001,326.320007,327.480011,323.440002,324.059998
24/03/2021,391,392.75,387.470001,387.519989,318.630005,318.670013,311.720001,311.869995,325.279999,327.730011,324.079987,324.079987
25/03/2021,385.980011,390.549988,383.899994,389.700012,309.970001,312.890015,307.390015,311.329987,322.709991,326.619995,320.619995,326.190002
26/03/2021,390.929993,396.410004,390.290009,395.980011,311.109985,316.329987,309.670013,316,327.600006,330.890015,326.679993,330.609985
29/03/2021,394.399994,396.75,392.809998,395.779999,315.450012,316.98999,312.470001,315.910004,329.290009,332.459991,328.899994,331.660004
30/03/2021,394.420013,395.450012,393.019989,394.730011,313.890015,314.910004,311.540009,314.320007,331.049988,331.600006,329.779999,330.820007
31/03/2021,395.339996,398,395.309998,396.329987,316.160004,320.73999,315.809998,319.130005,330.609985,331.619995,329.940002,330.179993
01/04/2021,398.399994,400.670013,398.179993,400.609985,323.070007,324.709991,322.809998,324.570007,330.779999,331.600006,329.720001,331.450012
05/04/2021,403.459991,406.940002,403.380005,406.359985,327.130005,331.839996,326.880005,331.049988,333.940002,336.149994,333.910004,335.200012
06/04/2021,405.76001,407.23999,405.399994,406.119995,330.730011,332.829987,330.019989,330.820007,334.690002,335.420013,333.779999,334.369995
07/04/2021,405.940002,406.959991,405.450012,406.589996,330.329987,332.480011,329.369995,331.619995,334.140015,335.170013,333.440002,334.369995
08/04/2021,407.929993,408.579987,406.929993,408.519989,334.559998,335.269989,333.73999,335.079987,334.299988,335.149994,333.429993,335.130005
09/04/2021,408.390015,411.670013,408.26001,411.48999,333.679993,337.320007,332.920013,337.109985,335.720001,338.079987,335.359985,337.859985
12/04/2021,410.850006,411.929993,410.200012,411.640015,336.040009,337.100006,334.730011,336.670013,337.26001,337.859985,336.649994,337.549988
13/04/2021,411.529999,413.529999,411.119995,412.859985,338.23999,341.079987,338.019989,340.600006,336.630005,337.420013,335.48999,336.790009
14/04/2021,412.829987,413.959991,410.869995,411.450012,340.850006,340.980011,335.670013,336.51001,336.809998,339.109985,336.73999,337.529999
15/04/2021,413.73999,416.160004,413.690002,415.869995,339.470001,342.01001,336.220001,341.609985,338.829987,340.720001,338.829987,340.440002
16/04/2021,417.25,417.910004,415.730011,417.26001,342.149994,342.230011,340.079987,342.01001,341.730011,342.429993,340.980011,341.859985
19/04/2021,416.26001,416.73999,413.790009,415.209991,340.390015,341.579987,336.899994,338.880005,341.070007,341.309998,339.649994,340.75
20/04/2021,413.910004,415.089996,410.589996,412.170013,338.200012,339.519989,334.380005,336.410004,339.399994,339.859985,336.75,338.119995
21/04/2021,411.51001,416.290009,411.359985,416.070007,335.089996,339.480011,333.970001,339.290009,337.630005,341.540009,337.559998,341.299988
22/04/2021,415.890015,416.779999,411.130005,412.269989,338.890015,339.899994,334.01001,335.200012,341.119995,341.209991,337.089996,338.119995
23/04/2021,412.869995,418.25,412.790009,416.73999,335.850006,340.769989,335.850006,339.420013,337.75,341.589996,337.130005,340.429993
26/04/2021,417.440002,418.220001,416.809998,417.609985,339.670013,341.920013,338.899994,341.630005,341.149994,341.480011,339.390015,339.869995
27/04/2021,417.929993,418.140015,416.299988,417.519989,341.929993,342.149994,339.170013,340.149994,339.600006,340.429993,338.700012,339.829987
28/04/2021,417.809998,419.01001,416.899994,417.399994,339.809998,340.850006,338.329987,339,339.230011,339.48999,338.059998,338.369995
29/04/2021,420.320007,420.720001,416.440002,420.059998,342.369995,342.799988,336.899994,340.220001,339.890015,340.859985,337.369995,340.570007
30/04/2021,417.630005,418.540009,416.339996,417.299988,337.700012,340.26001,337.049988,337.98999,338.920013,339.649994,337.850006,338.940002
03/05/2021,419.429993,419.839996,417.670013,418.200012,339.230011,340,335.730011,336.190002,340.790009,342.179993,340.549988,341.109985
04/05/2021,416.070007,416.600006,411.670013,415.619995,333.559998,333.890015,326.209991,330.140015,339.98999,341.529999,337.619995,341.48999
05/05/2021,417.380005,417.630005,415.149994,415.75,332.25,333.140015,328.230011,329.029999,342.25,343.299988,340.369995,342.279999
06/05/2021,415.829987,419.209991,413.679993,419.070007,328.76001,331.670013,326.450012,331.51001,342.929993,345.640015,341.910004,345.51001
07/05/2021,419.890015,422.820007,419.160004,422.119995,334.369995,336.649994,331.690002,334.200012,345.170013,348.290009,344.809998,347.880005
10/05/2021,422.5,422.73999,417.809998,417.940002,332.779999,332.959991,325.549988,325.76001,349.26001,351.089996,347.589996,347.73999
11/05/2021,413.100006,415.269989,410.059998,414.209991,319.700012,326.130005,319.019989,325.309998,344.98999,345.220001,340.890015,342.910004
12/05/2021,411.230011,412.589996,404,405.410004,320.230011,322.619995,316,316.890015,341.549988,342.230011,335.709991,336
13/05/2021,407.070007,412.350006,407.019989,410.279999,319.920013,322.399994,316.899994,319.339996,336.299988,342.040009,336.269989,340.450012
14/05/2021,413.209991,417.48999,413.179993,416.579987,322.600006,327.329987,322.079987,326.390015,342.309998,344.929993,341.880005,344.26001
17/05/2021,415.390015,416.390015,413.359985,415.519989,324.630005,326.369995,321.450012,324.410004,343.329987,345.130005,342.040009,343.649994
18/05/2021,415.799988,416.059998,411.769989,411.940002,325.390015,326.649994,321.940002,322.220001,343.850006,344.5,340.869995,341.109985
19/05/2021,406.920013,411.049988,405.329987,410.859985,316.660004,322.899994,316.299988,322.589996,337.559998,339.559998,335.200012,339.440002
20/05/2021,411.799988,416.630005,411.670013,415.279999,324.119995,329.709991,323.890015,328.829987,339.73999,342.940002,339.339996,341.519989
21/05/2021,416.869995,418.200012,414.450012,414.940002,330.429993,330.859985,326.640015,327.01001,342.290009,344.070007,341.279999,342.040009
24/05/2021,417.339996,420.320007,417.079987,419.170013,329.369995,333.670013,326.899994,332.51001,343.369995,344.690002,343.049988,343.959991
25/05/2021,420.329987,420.709991,417.619995,418.23999,334.070007,334.809998,331.76001,332.970001,344.679993,345,342.660004,343.179993
26/05/2021,418.869995,419.609985,417.76001,419.070007,333.660004,334.609985,332.950012,334.130005,343.559998,344.119995,342.670013,343.269989
27/05/2021,420.170013,420.720001,418.98999,419.290009,333.670013,334.540009,332.670013,332.880005,345.350006,346.160004,343.869995,344.600006
28/05/2021,420.970001,421.25,419.790009,420.040009,334.119995,335.570007,333.600006,333.929993,346.380005,346.480011,345.350006,345.640015
01/06/2021,422.570007,422.720001,419.200012,419.670013,335.299988,335.790009,331.429993,332.820007,348.540009,348.649994,345.600006,345.869995
02/06/2021,420.369995,421.230011,419.290009,420.329987,333.25,334.339996,331.700012,333.470001,346.75,347.350006,345.75,346.359985
03/06/2021,417.850006,419.98999,416.279999,418.769989,330.549988,331.859985,328.279999,330,344.609985,346.959991,343.559998,346.019989
04/06/2021,420.75,422.920013,418.839996,422.600006,331.850006,336.059998,331.779999,335.600006,347.070007,347.98999,346.540009,347.899994
07/06/2021,422.589996,422.779999,421.190002,422.190002,335.049988,336.660004,334.339996,336.600006,348.5,348.540009,346.019989,346.589996
08/06/2021,423.109985,423.209991,420.320007,422.279999,338.399994,339.290009,335.029999,336.76001,346.690002,346.910004,344.75,346.339996
09/06/2021,423.179993,423.26001,421.410004,421.649994,338.170013,338.970001,336.649994,336.839996,346.540009,346.880005,344.690002,344.790009
10/06/2021,422.959991,424.630005,421.549988,423.609985,337.190002,340.459991,336.730011,340.350006,346.540009,347.730011,344.799988,344.980011
11/06/2021,424.200012,424.429993,422.820007,424.309998,340.359985,341.25,339.690002,341.23999,346.029999,346.549988,343.570007,345.119995
14/06/2021,424.429993,425.369995,423.100006,425.26001,341.679993,344.519989,340.459991,344.51001,344.829987,344.869995,342.470001,344.299988
15/06/2021,425.420013,425.459991,423.540009,424.480011,344.149994,344.470001,341.519989,342.26001,344.51001,344.529999,342.369995,343.410004
16/06/2021,424.630005,424.869995,419.920013,422.109985,342.73999,343.839996,337.450012,341.01001,343.410004,343.640015,339.48999,340.76001
17/06/2021,421.670013,423.019989,419.320007,421.970001,339.970001,346.380005,339.920013,345.339996,340.559998,341.279999,336.619995,338.649994
18/06/2021,417.089996,417.829987,414.700012,414.920013,343.630005,344.809998,341.859985,342.630005,334.350006,335.25,332.679993,332.959991
21/06/2021,416.799988,421.059998,415.929993,420.859985,342.429993,344.690002,340.149994,344.359985,335.26001,339.089996,334.410004,338.779999
22/06/2021,420.850006,424,420.079987,423.109985,344.149994,348.029999,343.839996,347.570007,338.730011,340.410004,337.450012,339.450012
23/06/2021,423.190002,424.049988,422.51001,422.600006,347.51001,348.920013,346.880005,347.73999,339.589996,340.160004,338.679993,338.779999
24/06/2021,424.890015,425.549988,424.619995,425.100006,349.730011,351.459991,349.170013,349.890015,340.670013,342.320007,340.369995,341.980011
25/06/2021,425.899994,427.089996,425.549988,426.609985,350.470001,350.720001,348.839996,349.459991,343.690002,344.980011,343.089996,344.450012
28/06/2021,427.170013,427.649994,425.890015,427.470001,350.779999,353.850006,350.720001,353.709991,344.329987,344.420013,341.820007,342.799988
29/06/2021,427.880005,428.559998,427.130005,427.700012,353.529999,355.019989,352.670013,354.98999,343.980011,344.730011,342.609985,342.859985
30/06/2021,427.209991,428.779999,427.179993,428.059998,354.829987,355.230011,353.829987,354.429993,342.380005,345.51001,342.350006,344.950012
01/07/2021,428.869995,430.600006,428.799988,430.429993,354.070007,355.089996,352.679993,354.570007,345.779999,346.399994,344.920013,346.359985
02/07/2021,431.670013,434.100006,430.519989,433.720001,356.519989,358.970001,356.279999,358.640015,347.040009,348.290009,346.179993,347.940002
06/07/2021,433.779999,434.01001,430.01001,432.929993,359.26001,360.480011,356.48999,360.190002,347.75,348.109985,343.600006,345.820007
07/07/2021,433.660004,434.76001,431.51001,434.459991,362.450012,362.76001,358.940002,360.950012,345.649994,347.140015,344.429993,346.920013
08/07/2021,428.779999,431.730011,427.519989,430.920013,355.73999,359.649994,354.420013,358.769989,342.559998,345,341.529999,344.380005
09/07/2021,432.529999,435.839996,430.709991,435.519989,358.170013,361.5,357.570007,361.01001,346.570007,349.070007,345.839996,348.730011
12/07/2021,435.429993,437.350006,434.970001,437.079987,362.450012,362.890015,360.829987,362.420013,348.01001,350.290009,347.369995,350.029999
13/07/2021,436.23999,437.839996,435.309998,435.589996,362.029999,365.470001,361.540009,362.420013,349.529999,350.25,348.850006,349
14/07/2021,437.399994,437.920013,434.910004,436.23999,364.829987,365.48999,362.220001,363.070007,350.190002,350.690002,348.359985,349.410004
15/07/2021,434.809998,435.529999,432.720001,434.75,362.980011,363.190002,358.459991,360.519989,347.899994,350,347.640015,349.940002
16/07/2021,436.01001,436.059998,430.920013,431.339996,361.399994,362.410004,357.23999,357.600006,350.720001,350.73999,346.339996,346.73999
19/07/2021,426.190002,431.410004,421.970001,424.970001,354.049988,355.179993,352.040009,354.670013,341.790009,350.029999,337.380005,339.880005
20/07/2021,425.679993,432.420013,424.829987,431.059998,355.630005,360.279999,353.799988,358.790009,340.290009,346.119995,339.75,345.079987
21/07/2021,432.339996,434.700012,431.01001,434.549988,358.350006,361.559998,358.119995,361.559998,346.970001,348.149994,346.369995,347.98999
22/07/2021,434.73999,435.720001,433.690002,435.459991,361.769989,363.959991,361.769989,363.950012,347.769989,348.809998,346.679993,348.26001
23/07/2021,437.519989,440.299988,436.790009,439.940002,365.309998,368.48999,363.920013,368.200012,350,350.98999,349.209991,350.570007
26/07/2021,439.309998,441.029999,439.26001,441.019989,367.48999,368.890015,366.600006,368.48999,350,351.450012,349.48999,351.410004
27/07/2021,439.910004,439.940002,435.98999,439.01001,368.220001,368.220001,360.160004,364.429993,350.019989,350.679993,348.730011,350.619995
28/07/2021,439.679993,440.299988,437.309998,438.829987,365.600006,367.450012,363.23999,365.829987,351.019989,351.230011,348.709991,349.359985
29/07/2021,439.820007,441.799988,439.809998,440.649994,365.25,367.679993,365.25,366.480011,350.950012,351.709991,350.380005,350.820007
30/07/2021,437.910004,440.059998,437.769989,438.51001,362.440002,365.170013,362.410004,364.570007,349.880005,351.01001,348.670013,349.480011
02/08/2021,440.339996,440.929993,437.209991,437.589996,366.279999,366.880005,363.869995,364.600006,350.450012,351.910004,348.059998,348.350006
03/08/2021,438.440002,441.279999,436.100006,441.149994,365.279999,366.929993,362,366.809998,349.089996,351.190002,347.109985,351.089996
04/08/2021,439.779999,441.119995,438.730011,438.980011,366.769989,368.320007,365.630005,367.339996,349.589996,350.079987,347.880005,347.98999
05/08/2021,440.220001,441.850006,439.880005,441.76001,368.179993,369.910004,367.450012,369.670013,348.850006,350.649994,348.670013,350.609985
06/08/2021,442.100006,442.940002,441.799988,442.48999,368.369995,369.369995,366.910004,368.049988,351.619995,352.48999,351.459991,352.089996
09/08/2021,442.459991,442.799988,441.309998,442.130005,368.519989,369.269989,367.390015,368.730011,351.600006,352.059998,350.549988,351.149994
10/08/2021,442.609985,443.440002,441.880005,442.679993,369.26001,369.559998,365.619995,366.839996,351.410004,352.940002,351.01001,352.730011
11/08/2021,443.820007,443.880005,442.619995,443.779999,368.140015,368.649994,364.839996,366.209991,353.940002,355.119995,353.700012,354.940002
12/08/2021,443.619995,445.26001,442.660004,445.109985,365.690002,367.899994,364.299988,367.529999,355.190002,355.25,353.73999,355.230011
13/08/2021,445.589996,445.940002,445.070007,445.920013,367.890015,369.160004,367.380005,368.820007,355.850006,356.369995,355,355.390015
16/08/2021,444.529999,447.109985,442.869995,446.970001,367.670013,369.019989,363.700012,368.980011,354.410004,356.600006,352.660004,356.570007
17/08/2021,444.23999,444.959991,440.850006,444.040009,366.149994,367.149994,363.230011,365.730011,353.910004,354.670013,351.51001,353.829987
18/08/2021,442.959991,444.630005,438.920013,439.179993,365.179993,366.619995,361.869995,362.209991,352.619995,354.040009,349.890015,350.119995
19/08/2021,436.269989,441.140015,436.119995,439.859985,360.220001,365.679993,359.959991,363.959991,347.329987,350.480011,347.309998,349.480011
20/08/2021,440.230011,443.709991,439.709991,443.359985,365.059998,368.140015,364.73999,367.730011,348.980011,351.75,348.529999,351.160004
23/08/2021,445.160004,448.230011,443.440002,447.26001,368.799988,373.940002,368.790009,373.230011,352.959991,354.309998,352.920013,353.450012
24/08/2021,447.970001,448.540009,447.420013,447.970001,373.839996,374.98999,373.359985,374.369995,354.079987,354.48999,353.619995,353.73999
25/08/2021,448.170013,449.459991,447.769989,448.910004,374.630005,375.390015,373.859985,374.799988,353.779999,355.040009,352.920013,354.179993
26/08/2021,448.609985,448.859985,446.160004,446.26001,373.920013,374.619995,371.970001,372.420013,354.470001,355,352.070007,352.160004
27/08/2021,447.119995,450.649994,447.059998,450.25,373.070007,376.559998,372.570007,376.040009,352.649994,354.850006,352.649994,354.570007
30/08/2021,450.970001,453.070007,450.709991,452.230011,376.850006,380.76001,376.829987,380.26001,354.959991,355.220001,353.880005,354.079987
31/08/2021,452.130005,452.48999,450.920013,451.559998,380.51001,380.579987,378.359985,379.950012,353.799988,354.799988,353.179993,353.920013
01/09/2021,452.559998,453.109985,451.549988,451.799988,381.040009,382.709991,380.369995,380.579987,354.290009,354.350006,353.290009,353.549988
02/09/2021,453.320007,454.049988,451.910004,453.190002,381.970001,382.309998,379.149994,380.399994,354.779999,355.179993,353.920013,354.869995
03/09/2021,451.980011,453.630005,451.549988,453.079987,379.220001,381.980011,379.200012,381.570007,353.679993,354.649994,353.089996,354.140015
07/09/2021,452.709991,452.809998,450.73999,451.459991,381.679993,382.779999,380.48999,382.109985,353.640015,353.690002,350.98999,351.440002
08/09/2021,450.890015,451.670013,448.859985,450.910004,381.929993,381.929993,378.450012,380.779999,350.820007,352.170013,349.640015,350.730011
09/09/2021,450.700012,452.570007,448.720001,448.980011,381.01001,382.149994,379.220001,379.470001,350.559998,352.51001,348.920013,349.309998
10/09/2021,451.040009,451.48999,445.309998,445.440002,381.230011,381.970001,376.25,376.589996,351.25,351.660004,346.570007,346.700012
13/09/2021,448.640015,448.920013,444.109985,446.579987,378.98999,379.429993,374.220001,376.329987,348.910004,349.940002,347.470001,349.299988
14/09/2021,448.119995,448.339996,443.220001,444.170013,377.859985,378.609985,374.279999,375.26001,350.399994,350.570007,345.709991,346.470001
15/09/2021,444.619995,448.410004,443.440002,447.880005,375.730011,378.410004,373.369995,378.049988,346.410004,349.459991,345.779999,348.820007
16/09/2021,447.320007,448.359985,444.019989,447.170013,376.679993,378.899994,374.700012,378.309998,348.910004,350.079987,346,348.179993
17/09/2021,444.920013,445.369995,441.019989,441.399994,377.820007,377.869995,372.76001,373.829987,346.850006,347.700012,345.059998,345.640015
20/09/2021,434.880005,436.559998,428.859985,434.040009,367.459991,369.25,360.929993,365.700012,340.220001,342.160004,335.98999,339.399994
21/09/2021,436.529999,437.910004,433.070007,433.630005,367.579987,368.809998,364.98999,366.149994,341.410004,343.070007,339.01001,339.109985
22/09/2021,436.049988,440.029999,433.75,437.859985,367.089996,371.070007,365.959991,369.570007,341.160004,344.329987,340.440002,342.5
23/09/2021,439.850006,444.890015,439.600006,443.179993,370.76001,374.040009,370.100006,372.980011,344.809998,348.670013,344.529999,347.559998
24/09/2021,441.440002,444.670013,441.209991,443.910004,370.649994,373.76001,370.269989,373.329987,346.5,348.429993,346.309998,347.869995
27/09/2021,442.809998,444.049988,441.899994,442.640015,370.200012,371.25,367.730011,370.350006,348.290009,350.5,348.170013,348.609985
28/09/2021,439.690002,440.040009,432.940002,433.720001,365.670013,370.299988,359.350006,359.869995,347.309998,347.820007,342.410004,342.920013
29/09/2021,435.190002,437.040009,433.850006,434.450012,361.170013,363.369995,358.640015,359.279999,343.869995,345.670013,342.880005,343.769989
30/09/2021,436.019989,436.769989,428.779999,429.140015,360.970001,362.679993,357.100006,357.959991,345.079987,345.440002,338.109985,338.290009
01/10/2021,430.980011,436.029999,427.230011,434.23999,358.600006,361.25,354.380005,360.179993,340.029999,344.779999,337.679993,343.179993
04/10/2021,433,433.959991,426.359985,428.640015,358.519989,358.859985,350.320007,352.619995,342.609985,344.029999,338.070007,340.01001
05/10/2021,430.23999,435.48999,429.390015,433.100006,353.709991,359.690002,353.480011,357.380005,341.130005,344.869995,340.470001,343.130005
06/10/2021,429.269989,435.119995,427.540009,434.899994,354.079987,359.950012,353.149994,359.670013,340.480011,344.299988,338.470001,344.119995
07/10/2021,438.390015,441.679993,438.200012,438.660004,362.799988,365.690002,362.25,362.970001,346.869995,349.769989,346.769989,347.630005
08/10/2021,439.480011,439.890015,437.190002,437.859985,364.079987,364.320007,360.609985,361.160004,347.920013,348.459991,346.579987,347.529999
11/10/2021,437.160004,440.26001,434.619995,434.690002,359.579987,363.200012,358.299988,358.390015,347.660004,349.559998,344.859985,344.980011
12/10/2021,435.670013,436.100006,432.779999,433.619995,359.880005,360.329987,356.480011,357.140015,345.48999,346.100006,343.190002,343.779999
13/10/2021,434.709991,436.049988,431.540009,435.179993,359.51001,360.690002,357.429993,360,343.950012,344.559998,341.119995,343.890015
14/10/2021,439.079987,442.660004,438.579987,442.5,363.690002,366.850006,363.01001,366.630005,347.209991,349.220001,346.600006,349.130005
15/10/2021,444.75,446.26001,444.089996,445.869995,367.880005,369.059998,366.820007,368.940002,351.649994,353.079987,350.920013,352.850006
18/10/2021,443.970001,447.549988,443.269989,447.190002,367.609985,372.869995,366.98999,372.649994,351.339996,353.130005,350.25,352.5
19/10/2021,448.920013,450.709991,448.269989,450.640015,373.75,375.519989,372.700012,375.470001,353.670013,354.51001,352.799988,354.459991
20/10/2021,451.130005,452.730011,451.01001,452.410004,375.940002,376.570007,373.459991,374.980011,354.51001,356.579987,354.369995,356.029999
21/10/2021,451.769989,453.829987,451.309998,453.589996,374.160004,377.470001,373.850006,377.269989,355.390015,356.089996,354.299988,355.959991
22/10/2021,453.130005,454.670013,451.049988,453.119995,375.980011,376.970001,372.390015,374.100006,355.970001,357.619995,355.320007,356.73999
25/10/2021,454.279999,455.899994,452.390015,455.549988,375.559998,378.869995,373.559998,377.929993,357.359985,357.890015,356.290009,357.549988
26/10/2021,457.200012,458.48999,455.559998,455.959991,380.230011,382.709991,377.910004,379.119995,358.559998,358.929993,357.369995,357.5
27/10/2021,456.450012,457.160004,453.859985,453.940002,379.579987,383.149994,379.309998,380,358.089996,358.299988,354.959991,354.980011
28/10/2021,455.459991,458.399994,455.450012,458.320007,381.950012,384.480011,381.160004,384.220001,355.75,357.380005,355.75,357.299988
29/10/2021,455.869995,459.559998,455.559998,459.25,381.059998,386.279999,380.700012,386.109985,356.649994,358.519989,356.390015,358.230011
01/11/2021,460.299988,460.700012,458.200012,460.040009,386.559998,387.559998,384.420013,387.429993,359.450012,360.049988,357.980011,359.130005
02/11/2021,460.220001,462.230011,460.079987,461.899994,386.799988,389.540009,386.75,389.049988,359.410004,360.880005,358.790009,360.570007
03/11/2021,461.299988,465.149994,460.829987,464.720001,389.549988,393.609985,388.480011,393.179993,359.910004,361.839996,358.899994,361.559998
04/11/2021,465.359985,467,464.98999,466.910004,394.480011,399.200012,393.920013,398.220001,361.339996,361.649994,359.869995,361.350006
05/11/2021,469.279999,470.649994,466.920013,468.529999,400.040009,400.98999,397.160004,398.600006,362.959991,364.940002,361.890015,363.299988
08/11/2021,469.700012,470.230011,468.200012,468.929993,398.570007,399.619995,397.399994,398.059998,365.059998,365.640015,363.329987,364.320007
09/11/2021,469.320007,469.570007,465.880005,467.380005,399.160004,399.570007,393.920013,395.320007,364.190002,364.299988,361.820007,363.279999
10/11/2021,465.579987,467.380005,462.040009,463.619995,392.470001,395.359985,387.529999,389.51001,362.519989,363.730011,360.279999,361.070007
11/11/2021,465.209991,465.290009,463.75,463.769989,392.570007,392.75,390.23999,390.589996,361.190002,361.26001,359.380005,359.459991
12/11/2021,465.119995,467.859985,464.109985,467.269989,391.769989,395.25,390.130005,394.700012,360.690002,361.73999,359.579987,361.279999
15/11/2021,468.640015,468.809998,466.230011,467.429993,395.910004,396.23999,392.100006,394.609985,362.600006,362.730011,360.670013,361.23999
16/11/2021,467.149994,470.48999,467.070007,469.279999,393.859985,397.929993,393.660004,397.420013,361.820007,363.540009,361.700012,361.929993
17/11/2021,469,469.190002,467.480011,468.140015,397.75,399.720001,396.640015,397.630005,361.440002,361.579987,359.540009,359.850006
18/11/2021,469.23999,470.01001,466.339996,469.730011,399.730011,402.269989,397.450012,401.75,360.029999,360.049988,357.130005,359.350006
19/11/2021,469.609985,470.940002,468.5,468.890015,403.429993,405.299988,402.579987,403.98999,357.890015,357.890015,355.380005,355.910004
22/11/2021,470.890015,473.540009,467.350006,467.570007,405.570007,408.709991,399.190002,399.299988,357.480011,359.23999,356.089996,356.200012
23/11/2021,467.220001,469.100006,464.450012,468.190002,398.109985,400.230011,392.920013,397.480011,356.279999,358.369995,355.339996,358.019989
24/11/2021,466.059998,469.570007,465.190002,469.440002,394.929993,399.049988,392.540009,398.76001,356.059998,358.200012,355.799988,358.029999
26/11/2021,462.339996,463.899994,457.769989,458.970001,396.109985,397.540009,389.769989,391.200012,350.329987,351.459991,347.359985,349.019989
29/11/2021,464.070007,466.559998,461.730011,464.600006,395.890015,400.730011,395.140015,399.690002,352.589996,352.769989,348.920013,351.190002
30/11/2021,462,464.029999,455.299988,455.559998,398.779999,401.190002,391.75,393.820007,348.700012,350.01001,344.359985,344.899994
01/12/2021,461.640015,464.670013,450.290009,450.5,398.279999,400.480011,386.640015,387.119995,348.040009,350.380005,340.320007,340.459991
02/12/2021,450.730011,459.070007,450.309998,457.399994,385.799988,391.73999,384.339996,389.910004,341.809998,347.950012,341.170013,346.609985
03/12/2021,459.170013,460.299988,448.920013,453.420013,391.309998,392.339996,378.899994,383.130005,347.859985,348.5,343.079987,346.23999
06/12/2021,456.130005,460.790009,453.559998,458.790009,383.630005,387.600006,379.299988,386.200012,349.26001,354.019989,348.829987,352.820007
07/12/2021,464.410004,468.880005,458.649994,468.279999,393.029999,398.459991,392.98999,397.829987,355.929993,358.609985,355.790009,357.73999
08/12/2021,468.700012,470,466.829987,469.519989,398.170013,399.820007,396.220001,399.609985,358.170013,358.869995,356.420013,357.98999
09/12/2021,468.149994,469.630005,466.140015,466.350006,398.350006,400.200012,393.529999,393.730011,356.75,359.179993,356.350006,358.109985
10/12/2021,469.230011,470.899994,466.51001,470.73999,396.619995,398.279999,393.359985,398.01001,359.589996,360.329987,357.609985,360.230011
13/12/2021,470.190002,470.559998,466.269989,466.570007,398,398.329987,391.880005,392.26001,359.429993,359.98999,356.609985,357.040009
14/12/2021,463.089996,465.73999,460.25,463.359985,387.299988,390.089996,383.630005,388.200012,355.709991,358.410004,354.970001,356.170013
15/12/2021,463.420013,470.859985,460.73999,470.600006,387.940002,397.420013,383.880005,397.049988,355.829987,359.970001,354.440002,359.809998
16/12/2021,472.570007,472.869995,464.799988,466.450012,398.040009,398.480011,385.209991,386.839996,361.269989,362.51001,358.309998,359.440002
17/12/2021,461.549988,464.73999,458.059998,459.869995,383.329987,389.190002,381.769989,384.910004,356.299988,356.929993,352.709991,353.630005
20/12/2021,454.480011,455.399994,451.140015,454.980011,379.570007,381.5,377.470001,380.690002,349.380005,349.640015,346.540009,349.269989
21/12/2021,458.609985,463.209991,456.309998,463.059998,384.049988,389.529999,380.200012,389.209991,352.160004,354.980011,351.51001,354.910004
22/12/2021,462.790009,467.809998,462.579987,467.690002,388.910004,394.160004,388.230011,393.950012,354.950012,357.559998,354.170013,357.390015
23/12/2021,468.75,472.190002,468.640015,470.600006,394.309998,398.429993,394.140015,396.920013,358.390015,360.5,358.160004,359.359985
27/12/2021,472.059998,477.309998,472.01001,477.26001,398.25,403.480011,398.220001,403.480011,360.059998,362.959991,359.700012,362.920013
28/12/2021,477.720001,478.809998,476.059998,476.869995,404.399994,404.579987,400.709991,401.609985,363.109985,365.119995,362.890015,363.98999
29/12/2021,476.980011,478.559998,475.920013,477.480011,401.75,403.049988,399.109985,401.549988,363.899994,365.640015,363.790009,364.839996
30/12/2021,477.929993,479,475.670013,476.160004,401.329987,403.570007,399.75,400.350006,365.690002,366.720001,363.600006,364.070007
31/12/2021,475.640015,476.859985,474.670013,474.959991,399.660004,401.059998,397.339996,397.850006,363.51001,364.73999,362.910004,363.320007
03/01/2022,476.299988,477.850006,473.850006,477.709991,399.049988,401.940002,396.880005,401.679993,364.339996,365.850006,362.299988,365.679993
04/01/2022,479.220001,479.980011,475.579987,477.549988,402.23999,402.279999,393.290009,396.470001,367.339996,369.209991,367.209991,367.869995
05/01/2022,477.160004,477.980011,468.279999,468.380005,394.73999,395.890015,384.029999,384.290009,367.709991,369.5,363.980011,364.089996
06/01/2022,467.890015,470.820007,465.429993,467.940002,382.420013,387.350006,380.130005,384.019989,364.109985,364.649994,361.959991,362.390015
07/01/2022,467.950012,469.200012,464.649994,466.089996,384.029999,385.76001,378.040009,379.859985,361.890015,363.869995,361.130005,362.309998
10/01/2022,462.700012,465.73999,456.600006,465.51001,374.820007,380.640015,369.309998,380.109985,361.070007,361.220001,356.440002,360.790009
11/01/2022,465.230011,469.850006,462.049988,469.75,379.359985,385.98999,377.220001,385.820007,360.690002,362.75,357.700012,362.540009
12/01/2022,471.589996,473.200012,468.940002,471.019989,388.459991,390.200012,385.01001,387.350006,363.730011,364.559998,361.670013,362.950012
13/01/2022,472.190002,472.880005,463.440002,464.529999,388.769989,389.470001,376.700012,377.660004,364.209991,365.130005,360.450012,361.200012
14/01/2022,461.190002,465.089996,459.899994,464.720001,375.070007,380.350006,374.859985,380.01001,358.209991,359.799988,356.399994,359.140015
18/01/2022,459.73999,459.959991,455.309998,456.48999,374.040009,376.220001,369.769989,370.549988,355.329987,355.359985,352.619995,353.850006
19/01/2022,458.130005,459.609985,451.459991,451.75,372.149994,374.690002,366.209991,366.480011,354.910004,355.549988,350.209991,350.350006
20/01/2022,453.75,458.73999,444.5,446.75,369.790009,373.869995,361.170013,361.720001,351.480011,355.049988,346.809998,347.329987
21/01/2022,445.559998,448.059998,437.950012,437.980011,359.470001,362.179993,351.399994,351.690002,347.089996,348.850006,342.140015,342.350006
24/01/2022,432.029999,440.380005,420.76001,439.839996,345.910004,353.980011,334.149994,353.299988,338.429993,344.119995,331.350006,343.809998
25/01/2022,433.059998,439.720001,427.149994,434.470001,346.670013,351.029999,341.679993,345.109985,340.26001,345.790009,335.339996,342.959991
26/01/2022,440.720001,444.040009,428.859985,433.380005,352.910004,356.880005,340.779999,344.570007,346.040009,348,338.529999,341.459991
27/01/2022,438.26001,441.589996,429.450012,431.23999,349.399994,351.269989,340.049988,341.100006,344.399994,347.630005,339.890015,341.549988
28/01/2022,432.679993,442,427.820007,441.950012,343.029999,352.019989,337.950012,351.799988,341.859985,347.179993,337.899994,347.109985
31/01/2022,441.23999,450.279999,439.809998,449.910004,353.200012,363.649994,351.519989,363.049988,345.779999,351.359985,344.720001,351.079987
01/02/2022,450.679993,453.630005,446.940002,452.950012,364.429993,366.190002,359.140015,365.519989,351.660004,354.269989,349.679993,353.940002
02/02/2022,455.5,458.119995,453.049988,457.350006,369.76001,370.100006,364.290009,368.48999,353.589996,356.660004,352.76001,356.029999
03/02/2022,450.950012,452.970001,445.709991,446.600006,358.529999,361.929993,352.459991,353.549988,354.820007,355.220001,350.579987,350.980011
04/02/2022,446.350006,452.779999,443.829987,448.700012,354.079987,361.399994,351.970001,358.01001,350.399994,353.25,347.820007,350.869995
07/02/2022,449.51001,450.98999,445.850006,447.26001,358.619995,361.049988,353.839996,355.130005,351.26001,353.160004,349.829987,350.899994
08/02/2022,446.730011,451.920013,445.220001,450.940002,353.959991,360.23999,352.799988,359.119995,351.600006,355.350006,350.790009,354.540009
09/02/2022,455.220001,457.880005,455.01001,457.540009,363.76001,366.809998,362.119995,366.730011,357.350006,358.100006,356.660004,357.670013
10/02/2022,451.339996,457.709991,447.200012,449.320007,359.519989,366.48999,356.540009,358.429993,354.779999,358.059998,351.029999,352.549988
11/02/2022,449.410004,451.609985,438.940002,440.459991,358.429993,360.070007,345.799988,347.059998,352.459991,354.420013,346.230011,347.290009
14/02/2022,439.920013,441.600006,435.339996,439.019989,346.48999,350.980011,343.890015,347.48999,346.720001,347.549988,343.200012,345.890015
15/02/2022,443.730011,446.279999,443.179993,446.100006,352.910004,356.369995,351.820007,356.130005,348.929993,350.76001,348.350006,350.220001
16/02/2022,443.929993,448.059998,441.940002,446.600006,353.820007,357.089996,350.709991,356.040009,348.76001,350.720001,346.709991,349.670013
17/02/2022,443.220001,446.570007,436.420013,437.059998,352.73999,353.459991,345.019989,345.450012,347.429993,347.709991,342.859985,343.679993
18/02/2022,437.329987,438.660004,431.820007,434.230011,346.410004,346.809998,339.140015,341.51001,342.899994,344.200012,339.670013,340.980011
22/02/2022,431.890015,435.5,425.859985,429.570007,338.48999,344.040009,334.350006,338.079987,338.790009,340.26001,333.579987,336.01001
23/02/2022,432.660004,433.26001,421.350006,421.950012,341.320007,342.179993,329.100006,329.420013,338.160004,338.26001,330.820007,331.519989
24/02/2022,411.019989,428.76001,410.640015,428.299988,318.839996,341.040009,318.26001,340.48999,322.820007,332.73999,322.690002,332.339996
25/02/2022,429.609985,437.839996,427.859985,437.75,341.309998,345.980011,337.390015,345.769989,333.679993,341.019989,333.059998,340.540009
28/02/2022,432.029999,438.200012,430.700012,436.630005,342.51001,348.540009,341.320007,346.799988,335.950012,339.820007,334.790009,339.339996
01/03/2022,435.040009,437.170013,427.109985,429.980011,345.75,348.079987,338.899994,341.48999,337.269989,339.019989,331.329987,333.160004
02/03/2022,432.369995,439.720001,431.570007,437.890015,343.079987,348.589996,340.23999,347.220001,335.269989,340.450012,334.690002,339
03/03/2022,440.470001,441.109985,433.799988,435.709991,349.929993,350.040009,340.350006,342.26001,340.709991,342.089996,336.679993,338.130005
04/03/2022,431.75,433.369995,427.880005,432.170013,339.839996,341.309998,334.920013,337.299988,334.609985,336.869995,332.799988,336.470001
07/03/2022,431.549988,432.299988,419.359985,419.429993,337.290009,338.480011,324.649994,324.859985,335.200012,335.329987,328.339996,328.470001
08/03/2022,419.619995,427.209991,415.119995,416.25,324.049988,333.209991,319.940002,323.350006,328.48999,334.399994,326.059998,326.529999
09/03/2022,425.140015,429.51001,422.820007,427.410004,331.75,336.380005,329.089996,334.98999,333.119995,335.040009,331.570007,333.399994
10/03/2022,422.519989,426.429993,420.440002,425.480011,330.820007,332.51001,326.709991,331.269989,329.320007,332.850006,328.679993,332.109985
11/03/2022,428.119995,428.769989,419.529999,420.070007,334.320007,334.640015,323.899994,324.399994,334.100006,335.730011,329.690002,330.019989
14/03/2022,420.890015,424.549988,415.790009,417,323.130005,326.589996,317.450012,318.170013,331.75,334.600006,328.790009,330.070007
15/03/2022,419.769989,426.839996,418.420013,426.170013,320.880005,328.950012,319.230011,328.149994,332,336.850006,331.109985,336.190002
16/03/2022,429.890015,435.679993,424.799988,435.619995,332.170013,340.440002,328.399994,340.320007,339.190002,341.420013,334.540009,341.359985
17/03/2022,433.589996,441.070007,433.190002,441.070007,338.369995,344.5,337.040009,344.440002,339.940002,345.589996,339.609985,345.450012
18/03/2022,438,444.859985,437.220001,444.519989,342.73999,351.790009,341.549988,351.48999,343.619995,347.440002,342.649994,347.190002
21/03/2022,444.339996,446.459991,440.679993,444.390015,350.200012,352.480011,345.579987,350.079987,346.609985,347.929993,343.299988,345.440002
22/03/2022,445.859985,450.579987,445.859985,449.589996,350.589996,357.850006,350.200012,356.959991,347.119995,348.720001,346.859985,348.140015
23/03/2022,446.910004,448.48999,443.709991,443.799988,354.01001,357.660004,351.769989,351.829987,345.75,346.440002,343.350006,343.410004
24/03/2022,445.940002,450.5,444.76001,450.48999,353.799988,359.700012,351.589996,359.649994,344.48999,347.059998,343.440002,347.059998
25/03/2022,451.160004,452.980011,448.429993,452.690002,359.589996,360.670013,354.940002,359.350006,347.799988,349.320007,346.190002,348.540009
28/03/2022,452.059998,455.910004,450.059998,455.910004,359.339996,365.01001,358.070007,364.910004,347.75,349.48999,345.380005,349.48999
29/03/2022,460.019989,462.070007,457.179993,461.549988,368.899994,371.829987,366.059998,371.190002,352.660004,353.709991,350.130005,352.970001
30/03/2022,460.339996,461.200012,456.470001,458.700012,369.279999,370.980011,365.570007,367.089996,352.149994,353.470001,350.440002,352.119995
31/03/2022,457.890015,458.76001,451.160004,451.640015,367.23999,367.600006,361.679993,362.540009,351.070007,351.570007,346.76001,346.829987
01/04/2022,453.309998,453.459991,449.140015,452.920013,362.809998,363.609985,358.589996,361.850006,348.149994,348.350006,345.23999,348.01001
04/04/2022,453.130005,456.910004,452.26001,456.799988,362.709991,369.309998,362.440002,369.299988,347.640015,349.279999,346.029999,349.23999
05/04/2022,455.220001,457.829987,449.820007,451.029999,367.809998,368.540009,359.929993,361.100006,347.820007,351.049988,345.5,346.339996
06/04/2022,446.890015,448.929993,443.470001,446.519989,355.649994,356.779999,350.559998,353.26001,343.589996,346.059998,342.700012,344.75
07/04/2022,445.589996,450.690002,443.529999,448.769989,352.23999,356.350006,348.690002,354.100006,343.769989,347.100006,341.890015,345.970001
08/04/2022,447.970001,450.630005,445.940002,447.570007,352.320007,353.089996,348.5,349.149994,345.709991,349.119995,344.649994,347.369995
11/04/2022,444.109985,445,439.390015,439.920013,344.809998,345.75,340.540009,340.890015,345.359985,347.079987,342.73999,343.200012
12/04/2022,443.079987,445.75,436.649994,438.290009,345.76001,347.690002,338.040009,339.450012,344.410004,346.75,341,342.220001
13/04/2022,438.029999,444.109985,437.839996,443.309998,339.799988,347.429993,339.059998,346.350006,341.690002,346.049988,341.540009,345.76001
14/04/2022,443.549988,444.730011,437.679993,437.790009,346.440002,346.970001,338.209991,338.429993,346.709991,348.730011,344.25,344.290009
18/04/2022,436.809998,439.75,435.609985,437.970001,337.350006,341.040009,335.790009,338.690002,343.869995,346.070007,342.630005,344.100006
19/04/2022,437.859985,445.799988,437.679993,445.040009,338.029999,346.850006,336.980011,346.26001,344.290009,349.73999,344.25,349.119995
20/04/2022,446.920013,447.570007,443.480011,444.709991,347.089996,347.559998,339.959991,341.209991,351.059998,353.070007,350.279999,351.529999
21/04/2022,448.540009,450.01001,437.100006,438.059998,345.190002,347.869995,333.200012,334.149994,353.959991,354.880005,347.179993,347.709991
22/04/2022,436.910004,438.079987,425.440002,426.040009,334.309998,335.559998,324.959991,325.399994,346.339996,346.410004,337.73999,338.269989
25/04/2022,423.670013,428.690002,418.839996,428.51001,323.730011,329.899994,322.429993,329.579987,336.450012,341.079987,333.200012,340.559998
26/04/2022,425.829987,426.040009,416.070007,416.100006,327.470001,327.660004,316.859985,317.140015,338.029999,339.049988,332.269989,332.450012
27/04/2022,417.23999,422.920013,415.01001,417.269989,317.23999,322.880005,315,316.76001,333.880005,337,331.079987,333.029999
28/04/2022,422.290009,429.640015,417.600006,427.809998,321.850006,329.890015,317.519989,328.01001,335.23999,340.540009,332.48999,339.290009
29/04/2022,423.589996,425.869995,411.209991,412,323.700012,327.230011,312.600006,313.25,337.619995,339.230011,329.100006,329.690002
02/05/2022,412.070007,415.920013,405.019989,414.480011,312.829987,318.720001,309.649994,318.480011,330.350006,332.339996,324.459991,330.73999
03/05/2022,415.01001,418.929993,413.359985,416.380005,318.5,321.170013,315.980011,318.820007,331.179993,333.420013,329.109985,331.25
04/05/2022,417.079987,429.660004,413.709991,429.059998,319.309998,330.290009,313.890015,329.600006,331.799988,341.170013,330.200012,340.589996
05/05/2022,424.549988,425,409.440002,413.809998,325.170013,325.25,309.619995,313,337.829987,338.23999,326.890015,330.23999
06/05/2022,411.100006,414.799988,405.730011,411.339996,310.950012,315.089996,305.109985,309.25,327.73999,330.649994,324.75,329.070007
09/05/2022,405.100006,406.410004,396.5,398.170013,303.480011,309.350006,295.720001,297.149994,324.980011,326.369995,321.369995,322.600006
10/05/2022,404.48999,406.079987,394.820007,399.089996,304.51001,305.76001,296.570007,300.76001,326.5,327.609985,319.059998,321.829987
11/05/2022,398.070007,404.040009,391.959991,392.75,298.440002,304.089996,290.950012,291.839996,321.73999,326.070007,318.160004,318.459991
12/05/2022,389.369995,395.799988,385.149994,392.339996,287.450012,295.75,284.940002,291.149994,316.600006,319.429993,312.529999,317.640015
13/05/2022,396.709991,403.179993,395.609985,401.720001,295.720001,303,294.079987,301.940002,320.329987,323.029999,318.850006,322.230011
16/05/2022,399.980011,403.970001,397.600006,400.089996,300.149994,302.26001,297.130005,298.440002,321.709991,325.570007,319.700012,322.779999
17/05/2022,406.529999,408.570007,402.579987,408.320007,304.450012,306.559998,300.549988,306.170013,326.829987,327.369995,323.459991,327.100006
18/05/2022,403.5,403.799988,390.549988,391.859985,301.540009,302.25,289.850006,291.140015,324.209991,324.390015,314.429993,315.549988
19/05/2022,388.619995,394.140015,387.109985,389.459991,289.290009,294.390015,287.579987,289.579987,312.119995,316.350006,310.829987,313.179993
20/05/2022,393.25,397.029999,380.540009,389.630005,293.130005,293.799988,280.209991,288.679993,314.790009,315.070007,306.279999,312.420013
23/05/2022,392.829987,397.730011,390.380005,396.920013,289.75,293.869995,287.290009,293.480011,315.320007,319.649994,314.779999,318.839996
24/05/2022,392.559998,395.149994,386.959991,393.890015,288.130005,288.859985,282.25,287.23999,316.570007,320.149994,313.619995,319.390015
25/05/2022,392.309998,399.450012,391.890015,397.369995,285.709991,293.390015,285.5,291.26001,317.980011,322.540009,317.450012,321.279999
26/05/2022,398.670013,407.040009,398.450012,405.309998,290.440002,300.920013,290.149994,299.329987,322.950012,327.769989,322.899994,326.450012
27/05/2022,407.910004,415.380005,407.700012,415.26001,302.540009,309.25,302.420013,309.100006,327.049988,332.130005,326.820007,332.070007
31/05/2022,413.549988,416.459991,410.029999,412.929993,309.070007,311.329987,304.329987,308.279999,330.170013,332.549988,327.660004,330.200012
01/06/2022,415.170013,416.23999,406.929993,409.589996,310.470001,312.649994,303.730011,306,332.410004,332.950012,326.100006,328.359985
02/06/2022,409.420013,417.440002,407.040009,417.390015,304.850006,314.559998,303.399994,314.380005,328.549988,332.779999,325.359985,332.769989
03/06/2022,412.399994,414.040009,409.51001,410.540009,309.029999,310.470001,304.920013,306.200012,329.869995,331.730011,328.730011,329.350006
06/06/2022,414.779999,416.609985,410.549988,411.790009,310.75,312.350006,305.619995,307.220001,331.589996,332.73999,328.529999,329.450012
07/06/2022,408.100006,416.220001,407.609985,415.73999,303.809998,310.670013,302.690002,309.869995,326.820007,332.470001,326.820007,332.170013
08/06/2022,413.929993,415.820007,410.380005,411.220001,309.049988,311.720001,306.769989,307.640015,330.559998,331.929993,328.559998,329.380005
09/06/2022,409.339996,411.73999,401.440002,401.440002,305.910004,309.049988,299.230011,299.399994,328.160004,329.98999,323,323
10/06/2022,394.880005,395.779999,389.75,389.799988,293.649994,294.869995,288.380005,288.839996,318.309998,318.769989,314.320007,314.369995
13/06/2022,379.850006,381.809998,373.299988,375,279.75,282.339996,274.529999,275.410004,307.5,309.619995,304.160004,305.579987
14/06/2022,376.850006,377.940002,370.589996,373.869995,277.660004,278.660004,273.339996,275.910004,306.609985,307.429993,301.929993,304.299988
15/06/2022,377.359985,383.899994,372.119995,379.200012,279.420013,286.829987,276.609985,282.799988,306.399994,310.679993,302.26001,307.230011
16/06/2022,370.51001,370.940002,364.079987,366.649994,275.589996,276.059998,269.279999,271.390015,301.369995,301.660004,298.019989,299.899994
17/06/2022,365.51001,369.380005,362.170013,365.859985,272.179993,277.190002,270.51001,274.690002,298.269989,301.579987,296.390015,298.720001
21/06/2022,371.890015,376.529999,371.809998,375.070007,278.75,283.450012,278.640015,281.079987,303.079987,306.470001,302.619995,305.290009
22/06/2022,370.619995,378.720001,370.179993,374.390015,278.519989,285.179993,277.910004,280.670013,301.529999,307.679993,301.329987,304.609985
23/06/2022,376.640015,378.829987,372.890015,378.059998,283.209991,285.720001,280.309998,284.850006,305.670013,307.059998,302.779999,306.73999
24/06/2022,381.399994,390.089996,381.369995,390.079987,287.73999,295.040009,287.5,294.609985,309.200012,315.119995,309.119995,315.019989
27/06/2022,391.049988,391.359985,387.440002,388.589996,296,296.579987,291.290009,292.450012,315.399994,315.890015,313.380005,314.359985
28/06/2022,390.230011,393.160004,380.529999,380.649994,293,295.649994,283.350006,283.540009,316,318.75,309.230011,309.339996
29/06/2022,381.230011,382.269989,378.420013,380.339996,283.399994,285.339996,280.839996,283.799988,310.399994,311.480011,308.829987,310.049988
30/06/2022,376.23999,380.660004,372.559998,377.25,280.75,283.940002,275.779999,280.279999,306.75,309.820007,304.25,307.820007
01/07/2022,376.559998,381.700012,373.799988,381.23999,278.950012,282.529999,277.029999,282.130005,307.399994,311.309998,304.769989,310.850006
05/07/2022,375.880005,381.980011,372.899994,381.959991,278.309998,287.079987,276.75,286.959991,306.600006,309.76001,303.579987,309.709991
06/07/2022,382.109985,385.869995,379.600006,383.25,287.350006,290.950012,285.589996,288.799988,310,312.290009,307.940002,310.410004
07/07/2022,385.119995,389.829987,383.269989,388.98999,289.630005,295.700012,289.630005,294.980011,312.540009,314.269989,311.609985,313.950012
08/07/2022,387.269989,390.640015,385.660004,388.670013,292.079987,296.75,291.119995,295.350006,313.5,315.140015,312.170013,313.459991
11/07/2022,385.850006,386.869995,383.5,384.230011,292.880005,293.109985,288.140015,289.040009,311.660004,313.73999,311.170013,311.700012
12/07/2022,383.649994,386.160004,378.98999,380.829987,290.320007,292.279999,284.609985,286.23999,310.559998,313.549988,308.600006,309.970001
13/07/2022,375.100006,381.920013,374.660004,378.829987,280.600006,288.049988,280.019989,285.649994,306.190002,309.940002,305.109985,307.75
14/07/2022,373.609985,379.049988,371.040009,377.910004,282.98999,287.559998,279.799988,286.670013,302.660004,306.859985,301.470001,306.399994
15/07/2022,382.549988,385.25,380.540009,385.130005,289.730011,291.980011,288.079987,291.869995,310.809998,312.779999,309.149994,312.660004
18/07/2022,388.380005,389.089996,380.660004,381.950012,294.720001,296.160004,288.200012,289.399994,315.76001,316.350006,309.730011,310.649994
19/07/2022,386.079987,392.869995,385.390015,392.269989,293.109985,298.600006,291.470001,298.299988,313.070007,318.399994,312.660004,318.109985
20/07/2022,392.470001,396.26001,391.029999,394.769989,298.730011,304.23999,297.929993,303.029999,318.23999,319.429993,316.450012,318.73999
21/07/2022,394.160004,398.839996,391.630005,398.790009,303.5,307.440002,300.779999,307.380005,317.630005,320.459991,315.380005,320.410004
22/07/2022,398.920013,400.179993,392.75,395.089996,306.429993,308.549988,300.119995,301.98999,321.76001,322.200012,317.339996,319.059998
25/07/2022,395.75,396.470001,393.209991,395.570007,302.019989,302.5,298.220001,300.269989,320.070007,320.390015,318.25,319.959991
26/07/2022,393.839996,394.059998,389.950012,390.890015,298.529999,298.790009,293.540009,294.369995,318.890015,319.480011,317.100006,317.540009
27/07/2022,394.359985,402.880005,394.049988,401.040009,299.040009,308.540009,298.459991,306.809998,318.880005,323.440002,318.040009,322.01001
28/07/2022,401.890015,406.799988,398.149994,406.070007,306.589996,310.399994,302.75,309.809998,322.450012,326.119995,319.809998,325.230011
29/07/2022,407.579987,413.029999,406.769989,411.98999,311.390015,316.390015,309.929993,315.459991,325.519989,329.269989,324.920013,328.660004
01/08/2022,409.149994,413.410004,408.399994,410.769989,313.649994,318.809998,312.529999,315.269989,326.910004,329.720001,326.450012,328.040009
02/08/2022,409.119995,413,406.820007,408.059998,312.920013,318.549988,311.839996,314.329987,326.970001,327.779999,323.899994,324.040009
03/08/2022,410.299988,415.679993,410,414.450012,316.049988,323.730011,315.98999,322.890015,325.700012,329.140015,325.140015,328.160004
04/08/2022,414.369995,415.089996,412.440002,414.170013,322.970001,324.720001,320.769989,324.399994,327.690002,328.359985,326.549988,327.359985
05/08/2022,409.660004,414.149994,409.600006,413.470001,319.190002,323.829987,318.390015,321.75,325.070007,328.190002,324.929993,327.970001
08/08/2022,415.25,417.619995,411.829987,412.98999,322.690002,326.470001,319.209991,320.709991,329.809998,331.119995,327.709991,328.420013
09/08/2022,412.220001,412.75,410.220001,411.350006,318.769989,319.029999,315.420013,317.079987,328.279999,328.940002,327.190002,327.910004
10/08/2022,418.779999,420.140015,416.720001,419.98999,324.589996,326.230011,322.059998,325.929993,332.600006,333.829987,331.959991,333.200012
11/08/2022,422.98999,424.950012,419.209991,419.98999,328.309998,330.359985,323.359985,324.079987,335.820007,336.799988,333.179993,333.709991
12/08/2022,422.029999,427.209991,421.029999,427.100006,326.179993,330.589996,325.100006,330.390015,334.799988,337.920013,334.190002,337.829987
15/08/2022,424.769989,429.410004,424.709991,428.859985,329.420013,333.570007,329.399994,333.059998,336.109985,339.850006,336.059998,339.369995
16/08/2022,427.730011,431.730011,426.880005,429.700012,332.059998,334.420013,329.160004,332.279999,338.820007,343.089996,338.75,341.73999
17/08/2022,425.910004,429.5,424.540009,426.649994,329.070007,331.429993,326.359985,328.48999,339.670013,342.059998,338.700012,340.200012
18/08/2022,426.859985,428.609985,425.5,427.890015,328.440002,330.48999,326.790009,329.279999,340.200012,341,338.970001,340.579987
19/08/2022,424.980011,425.26001,421.220001,422.140015,326.170013,326.839996,322.079987,322.859985,338.350006,338.660004,336.26001,337.040009
22/08/2022,417.049988,417.230011,412.399994,413.350006,318.5,318.73999,313.529999,314.359985,333.109985,333.519989,330.160004,330.76001
23/08/2022,412.899994,415.420013,411.769989,412.350006,314.119995,317,313.329987,314.100006,330.309998,331.450012,328.640015,329.109985
24/08/2022,412.109985,415.109985,411.390015,413.670013,313.609985,316.869995,312.98999,315.01001,328.929993,331.029999,328.329987,329.859985
25/08/2022,415.23999,419.559998,414.089996,419.51001,316.829987,320.600006,315.76001,320.579987,330.089996,333.149994,329,333.149994
26/08/2022,419.390015,419.959991,405.25,405.309998,320.279999,321.51001,307.350006,307.440002,333.48999,333.670013,322.820007,322.929993
29/08/2022,402.200012,405.839996,401.200012,402.630005,304.619995,307.220001,303.279999,304.410004,320.540009,323.329987,319.75,321.100006
30/08/2022,403.850006,404.100006,396,398.209991,306.100006,306.730011,298.440002,301.019989,322.089996,322.170013,316.570007,318.040009
31/08/2022,399.929993,401.23999,395.040009,395.179993,303.98999,304.910004,299.160004,299.269989,318.459991,320.170013,315.600006,315.649994
01/09/2022,392.890015,396.779999,390.040009,396.420013,296.720001,299.779999,292.950012,299.399994,314.290009,317.25,312.700012,317.059998
02/09/2022,400.279999,401.559998,390.329987,392.23999,302.339996,303.75,293.519989,295.170013,319.769989,320.75,312.309998,313.76001
06/09/2022,393.130005,394.119995,388.420013,390.76001,295.660004,296.600006,290.869995,293.049988,314.549988,315.200012,310.929993,312.200012
07/09/2022,390.429993,398.589996,390.200012,397.779999,293.540009,299.98999,293.269989,298.970001,311.640015,316.940002,311.450012,316.329987
08/09/2022,395.390015,400.859985,394.119995,400.380005,296.850006,301.869995,295.450012,300.519989,314.690002,318.399994,313.679993,318.23999
09/09/2022,402.73999,407.51001,402.459991,406.600006,302.829987,307.600006,300.519989,307.089996,320.079987,322.940002,319.5,322.279999
12/09/2022,408.779999,411.730011,408.459991,410.970001,308.5,311.079987,308.179993,310.73999,323.290009,325.679993,323.209991,324.570007
13/09/2022,401.829987,403.100006,391.920013,393.100006,301.799988,303.019989,292.790009,293.700012,318.799988,319.589996,310.829987,311.730011
14/09/2022,394.470001,396.200012,391.119995,394.600006,294.869995,296.929993,293.059998,296.029999,312.359985,313.480011,309.529999,312.059998
15/09/2022,392.959991,395.959991,388.779999,390.119995,294.070007,296.529999,289.459991,291.100006,311.630005,313.519989,309.529999,310.359985
16/09/2022,384.140015,386.25,382.109985,385.559998,287.720001,289.720001,285.619995,289.320007,305.959991,308.579987,305.350006,308.049988
19/09/2022,382.26001,388.549988,382.179993,388.549988,286.100006,291.209991,286.040009,291.049988,305.369995,310.190002,305.290009,310.149994
20/09/2022,385.059998,386.119995,381.200012,384.089996,288.48999,291.070007,286.380005,288.730011,307.690002,307.98999,304.579987,307.019989
21/09/2022,386.109985,389.309998,377.380005,377.390015,289.589996,293.950012,283.420013,283.559998,308.519989,310.269989,301.720001,301.809998
22/09/2022,376.579987,378.299988,373.440002,374.220001,282,283.029999,278.820007,280.070007,301.559998,302.970001,299.890015,300.519989
23/09/2022,370.579987,370.619995,363.290009,367.950012,277.549988,277.850006,272.019989,275.51001,297.820007,298,292.399994,295.859985
26/09/2022,366.410004,370.209991,363.029999,364.309998,275.029999,279.48999,273.559998,274.369995,294.600006,296.23999,291.5,292.720001
27/09/2022,368.019989,370.399994,360.869995,363.380005,277.809998,280.209991,272.109985,274.480011,294.779999,296.529999,289.5,291.299988
28/09/2022,364.380005,372.299988,362.600006,370.529999,274.459991,281.25,272.950012,279.940002,292.350006,298.029999,291.049988,296.730011
29/09/2022,366.809998,367.109985,359.700012,362.790009,275.859985,276.25,268.839996,271.869995,294.769989,294.850006,289.850006,292.209991
30/09/2022,361.799988,365.910004,357.040009,357.179993,271.029999,275.190002,267.100006,267.26001,291.209991,293.459991,287.040009,287.299988
03/10/2022,361.079987,368.549988,359.209991,366.609985,269.070007,275.160004,267.529999,273.529999,290.559998,296.369995,289.470001,294.790009
04/10/2022,372.399994,378,366.570007,377.970001,278.98999,282.850006,278.98999,282.130005,298.609985,303.179993,298.440002,303.140015
05/10/2022,373.390015,379.459991,370.950012,377.089996,278.279999,283.809998,275.420013,281.980011,299.730011,304.549988,298.799988,302.790009
06/10/2022,375.619995,378.720001,372.679993,373.200012,280.959991,284.179993,279.429993,279.76001,301.470001,303.309998,298.609985,299.230011
07/10/2022,368.970001,373.290009,360.940002,362.790009,275.019989,275.149994,267.73999,269.100006,296.730011,296.890015,291.440002,292.970001
10/10/2022,363.959991,364.209991,357.670013,360.019989,269.299988,269.700012,263.640015,266.410004,294.279999,294.920013,290.089996,291.959991
11/10/2022,358.23999,363.029999,355.709991,357.73999,264.700012,267.630005,261.029999,262.75,291.179993,296.140015,290.720001,292.290009
12/10/2022,358.170013,359.820007,356.299988,356.559998,263.399994,265.359985,261.950012,262.660004,292.459991,294.570007,291.369995,292.160004
13/10/2022,349.209991,367.51001,348.109985,365.970001,255.160004,270.170013,254.259995,268.820007,287.140015,301.730011,286.619995,300.559998
14/10/2022,368.549988,370.26001,356.959991,357.630005,271.200012,271.809998,260.140015,260.73999,302.540009,304.359985,296.190002,296.820007
17/10/2022,364.01001,367.980011,357.279999,366.820007,266.839996,270.23999,266.73999,269.350006,300.890015,303.209991,299.980011,302.059998
18/10/2022,375.130005,375.450012,367.519989,371.130005,276.529999,277.209991,268.73999,271.480011,308.26001,308.380005,303.040009,305.470001
19/10/2022,368.98999,371.850006,365.549988,368.5,269.929993,273.679993,268.070007,270.48999,304.339996,306.649994,302.290009,304.350006
20/10/2022,368.029999,372.670013,364.609985,365.410004,269.579987,274.839996,267.920013,269.109985,304.829987,308.369995,302.73999,303.309998
21/10/2022,365.119995,374.799988,363.540009,374.290009,267.980011,275.970001,266.820007,275.420013,303.079987,311.200012,302.01001,310.880005
24/10/2022,375.890015,380.059998,373.109985,378.869995,275.690002,279.399994,271.970001,278.450012,312.529999,316,311.600006,315.049988
25/10/2022,378.790009,385.25,378.670013,384.920013,279.410004,284.600006,277.899994,284.209991,314.350006,318.779999,314.109985,318.48999
26/10/2022,381.619995,387.579987,381.350006,382.019989,278.459991,283.980011,277.429993,277.929993,317.980011,321.720001,317.769989,318.380005
27/10/2022,383.070007,385,379.329987,379.980011,276.790009,278.279999,272.339996,272.869995,321.559998,323.869995,319.920013,320.459991
28/10/2022,379.869995,389.519989,379.679993,389.019989,272.230011,281.700012,272.059998,281.220001,321.769989,328.890015,321.459991,328.579987
31/10/2022,386.440002,388.399994,385.26001,386.209991,278.920013,279.76001,275.98999,277.950012,326.920013,328.820007,325.859985,327.420013
01/11/2022,390.140015,390.390015,383.290009,384.519989,281.5,282.070007,274.73999,275.109985,329.369995,329.829987,324.799988,326.410004
02/11/2022,383.899994,388.630005,374.76001,374.869995,275.079987,278.209991,265.609985,265.679993,325.459991,330.75,321.320007,321.359985
03/11/2022,371.470001,374.200012,368.790009,371.01001,263.01001,264.5,260.100006,260.48999,319.350006,321.850006,317.179993,319.869995
04/11/2022,377,378.869995,370,376.350006,265.529999,266.609985,259.079987,264.679993,323.609985,326.140015,319.339996,324.140015
07/11/2022,377.709991,380.570007,375.529999,379.950012,265.75,268.140015,263.570007,267.589996,325.140015,328.950012,324.149994,328.420013
08/11/2022,381.109985,385.119995,377.720001,382,269.140015,272.850006,265.519989,269.540009,329.470001,333.559998,328.290009,331.709991
09/11/2022,379.929993,381.140015,373.609985,374.130005,267.76001,268.559998,263.029999,263.320007,329.709991,330.869995,324.959991,325.339996
10/11/2022,388.049988,395.040009,385.640015,394.690002,276.01001,283.049988,273.850006,282.75,334.220001,337.48999,331.880005,337.26001
11/11/2022,395.589996,399.350006,393.609985,398.51001,282.559998,288.640015,281.190002,287.959991,337.899994,338.369995,334.140015,337.790009
14/11/2022,396.660004,400.179993,394.829987,395.119995,285.859985,289.209991,284.440002,285.440002,336.709991,339.869995,335.559998,335.769989
15/11/2022,401.149994,402.309998,394.48999,398.48999,292.209991,293.26001,285.970001,289.390015,338.48999,340.119995,333.420013,336.209991
16/11/2022,396.779999,397.779999,394.790009,395.450012,287.390015,289.480011,284.600006,285.440002,335.670013,337.25,335.549988,336.070007
17/11/2022,390.459991,394.950012,390.140015,394.23999,280.880005,286.320007,280.720001,284.809998,332.730011,336.779999,332.730011,336.100006
18/11/2022,397.73999,397.809998,393.040009,396.029999,287.890015,287.98999,282.320007,284.820007,337.459991,338.149994,335.26001,337.369995
21/11/2022,394.640015,395.820007,392.660004,394.589996,283.399994,284.579987,281.040009,281.890015,337.660004,338.649994,335.529999,337.049988
22/11/2022,396.630005,400.070007,395.149994,399.899994,282.640015,286.109985,280.459991,285.950012,338.890015,341.119995,338.390015,340.959991
23/11/2022,399.549988,402.929993,399.309998,402.420013,285.970001,289.459991,285.790009,288.820007,340.609985,342.579987,339.98999,341.950012
25/11/2022,401.829987,402.910004,401.540009,402.329987,287.190002,287.910004,286.420013,286.920013,342.089996,343.799988,342.029999,343.519989
28/11/2022,399.089996,400.809998,395.109985,395.910004,284.899994,286.959991,281.76001,282.709991,341.690002,342.980011,337.950012,338.48999
29/11/2022,396.049988,397.299988,393.299988,395.230011,282.940002,283.350006,279.170013,280.570007,337.929993,339.369995,336.609985,338.480011
30/11/2022,395.48999,407.679993,393.480011,407.679993,280.839996,293.470001,279.970001,293.359985,338.649994,346.190002,336.179993,346.149994
01/12/2022,408.769989,410,404.75,407.380005,293.690002,295.75,290.880005,293.720001,346.75,346.76001,341.690002,344.410004
02/12/2022,402.25,407.859985,402.140015,406.910004,288.540009,293.450012,288.359985,292.549988,340.859985,345.410004,340.859985,344.73999
05/12/2022,403.950012,404.929993,398.170013,399.589996,290.380005,291.679993,286.149994,287.640015,342.450012,343.309998,339.029999,340.029999
06/12/2022,399.420013,399.98999,391.640015,393.829987,287.480011,287.619995,280.26001,281.679993,339.769989,340.649994,334.720001,336.459991
07/12/2022,392.940002,395.640015,391.970001,393.160004,280.470001,282.570007,278.779999,280.529999,336.140015,338.329987,335.540009,336.440002
08/12/2022,395.140015,397.359985,393.269989,396.23999,281.910004,284.839996,279.790009,283.850006,337.73999,339.649994,337.059998,338.459991
09/12/2022,394.940002,397.619995,393.149994,393.279999,282.809998,285.640015,281.589996,282.040009,337.670013,339.109985,335.25,335.369995
12/12/2022,394.109985,398.950012,393.410004,398.950012,282.220001,285.640015,281.160004,285.579987,336.140015,340.649994,336.059998,340.619995
13/12/2022,410.220001,410.48999,399.070007,401.970001,296.649994,296.880005,285.910004,288.649994,348.179993,348.220001,339.5,341.809998
14/12/2022,401.609985,405.5,396.309998,399.399994,288.049988,291.410004,283.190002,286.51001,341.779999,344.660004,337.640015,340.220001
15/12/2022,394.299988,395.25,387.890015,389.630005,282.329987,283.01001,275.670013,276.890015,336.579987,337.369995,330.779999,332.799988
16/12/2022,385.179993,386.579987,381.040009,383.269989,276.200012,277.769989,272.609985,274.25,329.290009,330.5,326.450012,328.970001
19/12/2022,383.470001,383.820007,378.279999,380.019989,273.869995,273.959991,268.48999,269.75,328.869995,330.329987,325.709991,327.380005
20/12/2022,379.230011,382.230011,377.850006,380.540009,268.559998,271.320007,266.950012,269.540009,327.589996,329.869995,326.410004,328.380005
21/12/2022,383.25,387.410004,382.690002,386.230011,270.600006,274.779999,269.73999,273.450012,331.540009,334.329987,331.119995,333.600006
22/12/2022,383.049988,386.209991,374.769989,380.720001,270.380005,270.51001,262.459991,266.76001,331.5,331.850006,325.649994,330.26001
23/12/2022,379.649994,383.059998,378.029999,382.910004,265.470001,268.040009,263.529999,267.359985,329.619995,332.190002,328.059998,331.929993
27/12/2022,382.790009,383.149994,379.649994,381.399994,266.73999,266.850006,263.029999,263.579987,332.339996,333.820007,330.570007,332.369995
28/12/2022,381.329987,383.390015,376.420013,376.660004,263.170013,265.470001,259.730011,260.100006,332.690002,333.73999,328.570007,328.570007
29/12/2022,379.630005,384.350006,379.079987,383.440002,262.959991,267.399994,262.25,266.440002,330.529999,332.850006,330.130005,332.059998
30/12/2022,380.640015,382.579987,378.429993,382.429993,263.619995,266.410004,262.290009,266.279999,330.619995,331.399994,328.350006,331.329987
03/01/2023,384.369995,386.429993,377.829987,380.820007,268.649994,270.149994,262.130005,264.480011,332.420013,333.829987,328.350006,331.220001
04/01/2023,383.179993,385.880005,380,383.76001,266.640015,267.450012,262.529999,265.73999,332.559998,334.040009,330.200012,332.559998
05/01/2023,381.720001,381.839996,378.76001,379.380005,264.040009,264.209991,261.26001,261.579987,330.970001,331.149994,328.100006,329.220001
06/01/2023,382.609985,389.25,379.410004,388.079987,263.350006,269.940002,260.339996,268.799988,332.179993,337.119995,329.910004,336.279999
09/01/2023,390.369995,393.700012,387.670013,387.859985,270.829987,275.290009,269.920013,270.540009,337.690002,339.410004,334.920013,335.290009
10/01/2023,387.25,390.649994,386.269989,390.579987,269.48999,272.940002,268.970001,272.829987,334.950012,337.329987,334.290009,337.230011
11/01/2023,392.230011,395.600006,391.380005,395.519989,273.920013,277.660004,273.119995,277.549988,338.399994,339.809998,337.130005,339.76001
12/01/2023,396.670013,398.48999,392.420013,396.959991,278.119995,280.100006,273.73999,279.049988,340.880005,343,337.950012,342
13/01/2023,393.619995,399.100006,393.339996,398.5,276.5,281.220001,276.160004,280.970001,339.160004,343.48999,339.109985,343.040009
17/01/2023,398.480011,400.230011,397.059998,397.769989,280.769989,282.850006,279.579987,281.540009,342.359985,342.75,338.630005,339.160004
18/01/2023,399.01001,400.119995,391.279999,391.48999,283.109985,284.690002,277.670013,277.880005,339.570007,340.200012,332.700012,332.970001
19/01/2023,389.359985,391.079987,387.26001,388.640015,276.220001,277.380005,273.890015,275.149994,331.059998,332.459991,329.970001,330.630005
20/01/2023,390.100006,396.040009,388.380005,395.880005,276.790009,283.019989,275.709991,282.679993,330.820007,333.730011,329.350006,333.670013
23/01/2023,396.720001,402.649994,395.720001,400.630005,283.540009,290.209991,282.730011,288.959991,334.690002,337.75,333.049988,336.170013
24/01/2023,398.880005,401.149994,397.640015,400.200012,287.309998,289.549988,286.779999,288.369995,334.959991,337.720001,333.700012,337.100006
25/01/2023,395.950012,400.700012,393.559998,400.350006,283.769989,288.359985,281.179993,287.730011,334.23999,337.640015,332.549988,337.320007
26/01/2023,403.130005,404.920013,400.029999,404.75,291.220001,293.519989,288.519989,293.339996,338.450012,339.459991,336.200012,339.359985
27/01/2023,403.660004,408.160004,403.440002,405.679993,292,298.26001,291.880005,296.26001,339.399994,341.540009,338.160004,339.609985
30/01/2023,402.799988,405.130005,400.279999,400.589996,292.929993,294.380005,289.890015,290.269989,338.459991,340.429993,336.850006,337.059998
31/01/2023,401.130005,406.529999,400.769989,406.480011,290.309998,294.720001,290.200012,294.619995,337.600006,340.859985,336.51001,340.829987
01/02/2023,405.209991,413.670013,402.350006,410.799988,294.410004,303.429993,292.299988,300.920013,339.119995,343.269989,335.579987,340.869995
02/02/2023,414.859985,418.309998,412.880005,416.779999,307.570007,313.679993,306.730011,311.720001,341.51001,341.51001,338.01001,340.429993
03/02/2023,411.589996,416.970001,411.089996,412.350006,304.940002,312.390015,304.540009,306.179993,338.769989,341.670013,337.959991,338.980011
06/02/2023,409.790009,411.290009,408.100006,409.829987,303.51001,305.910004,302.220001,303.589996,337.649994,339.559998,336.690002,338.480011
07/02/2023,408.869995,416.48999,407.570007,415.190002,303.459991,311.029999,302.320007,309.880005,336.950012,342.309998,336.190002,341.519989
08/02/2023,413.130005,414.529999,409.929993,410.649994,308.540009,309.5,303.670013,304.369995,340.369995,341.459991,338.839996,339.420013
09/02/2023,414.410004,414.570007,405.809998,407.089996,308.839996,308.98999,300.200012,301.679993,341.75,342.559998,336.059998,337.079987
10/02/2023,405.859985,408.440002,405.01001,408.040009,299.480011,301.570007,297.25,299.700012,336.73999,339.01001,335.950012,338.730011
13/02/2023,408.720001,412.970001,408.23999,412.829987,301.130005,305.100006,299.929993,304.5,338.880005,342.559998,338.880005,342.549988
14/02/2023,411.23999,415.049988,408.51001,412.640015,302.890015,307.720001,300.910004,306.75,341.519989,343.529999,338.410004,341.140015
15/02/2023,410.350006,414.059998,409.470001,413.980011,304.899994,309.269989,304.200012,309.100006,339.459991,341.670013,338.630005,341.660004
16/02/2023,408.790009,412.910004,408.140015,408.279999,304.380005,308.429993,303.149994,303.299988,338.5,340.890015,337.309998,337.390015
17/02/2023,406.059998,407.51001,404.049988,407.26001,301.070007,301.929993,298.100006,301.160004,335.720001,338.429993,335.079987,338.290009
21/02/2023,403.059998,404.160004,398.820007,399.089996,297.26001,298.730011,293.890015,294.029999,334.720001,335.940002,331.100006,331.25
22/02/2023,399.519989,401.130005,397.019989,398.540009,294.619995,296.359985,292.559998,294.25,331.75,332.429993,329.450012,330.519989
23/02/2023,401.559998,402.200012,396.25,400.660004,297.970001,298.130005,292.549988,296.820007,331.850006,332.75,327.980011,331.670013
24/02/2023,395.420013,397.25,393.640015,396.380005,291.76001,292.970001,290.049988,291.850006,327.829987,329.140015,326.429993,328.119995
27/02/2023,399.869995,401.290009,396.75,397.730011,295.070007,296.48999,293.339996,293.940002,330.730011,331.980011,328.200012,329.059998
28/02/2023,397.230011,399.279999,396.149994,396.26001,293.299988,296.119995,292.959991,293.559998,328.869995,328.869995,326.51001,326.570007
01/03/2023,395.410004,396.690002,393.380005,394.73999,293.26001,293.929993,290.200012,291.200012,326.040009,327.820007,325.299988,327
02/03/2023,392.679993,398.690002,392.329987,397.809998,288.660004,294.429993,288.369995,293.609985,327.570007,331.200012,326.799988,330.440002
03/03/2023,399.709991,404.450012,399.029999,404.190002,295.390015,299.920013,294.869995,299.679993,331.519989,334.429993,330.420013,334.209991
06/03/2023,405.049988,407.450012,404.01001,404.470001,300.940002,304,299.820007,300.019989,334.630005,336.119995,334.179993,334.679993
07/03/2023,404.420013,404.670013,397.630005,398.269989,300.070007,301.01001,295.720001,296.339996,334.670013,334.920013,328.720001,328.869995
08/03/2023,398.390015,399.709991,396.589996,398.920013,296.769989,298.429993,294.880005,297.820007,328.920013,329.5,326.600006,328.48999
09/03/2023,399.73999,401.480011,390.529999,391.559998,298.329987,300.980011,291.829987,292.660004,329.720001,330.440002,322.399994,323.079987
10/03/2023,390.98999,393.160004,384.320007,385.910004,292.829987,294.350006,287.380005,288.549988,322.540009,324.869995,318.429993,319.730011
13/03/2023,381.809998,390.390015,380.649994,385.359985,286.730011,294.470001,285.190002,290.690002,316.76001,323.170013,316.660004,318.820007
14/03/2023,390.5,393.450012,387.049988,391.730011,294.309998,297.929993,293.450012,297.369995,322.209991,323.709991,318.709991,322.190002
15/03/2023,385.890015,389.48999,383.709991,389.279999,294.709991,299.269989,293.23999,298.929993,316.899994,319.809998,314.970001,319.540009
16/03/2023,386.820007,396.470001,386.290009,396.109985,298,307.179993,297.190002,306.809998,317.660004,323.570007,316.429993,323.25
17/03/2023,393.220001,394.399994,388.549988,389.98999,306.720001,309.149994,303.369995,305.359985,320.720001,321.089996,317.160004,318.5
20/03/2023,390.799988,394.170013,390.070007,393.73999,304.26001,306.299988,302.01001,305.970001,319.329987,322.75,319.329987,322.299988
21/03/2023,397.23999,399.410004,395.579987,398.910004,307.940002,310.799988,306.399994,310.339996,325.420013,325.839996,323.339996,325.619995
22/03/2023,398.730011,402.48999,392.070007,392.109985,310.269989,315.25,305.950012,306.119995,325.649994,327.559998,320.059998,320.179993
23/03/2023,395.089996,399.290009,390.350006,393.170013,309.920013,314.149994,307.01001,309.75,321.329987,325.019989,318.5,320.839996
24/03/2023,391.839996,395.839996,389.399994,395.75,309.320007,310.98999,306.950012,310.890015,319.450012,322.459991,317.910004,322.320007
27/03/2023,398.119995,398.920013,395.559998,396.48999,311.600006,312.700012,307.890015,308.76001,324.589996,325.570007,323.299988,324.309998
28/03/2023,395.769989,396.48999,393.690002,395.600006,308.170013,308.200012,304.769989,307.119995,323.98999,325.649994,322.839996,323.809998
29/03/2023,399.929993,401.600006,398.679993,401.350006,310.880005,313.350006,310.049988,312.720001,326.579987,327.170013,325.290009,327.079987
30/03/2023,404.089996,404.350006,401.76001,403.700012,315.23999,316.320007,312.809998,315.679993,328.880005,328.950012,326.720001,328.480011
31/03/2023,404.660004,409.700012,404.549988,409.390015,315.910004,321.170013,315.600006,320.929993,329.589996,332.809998,329.51001,332.619995
03/04/2023,408.850006,411.369995,408.440002,410.950012,318.769989,320.420013,317.420013,320.149994,333.589996,336.25,333.51001,335.910004
04/04/2023,411.619995,411.920013,407.23999,408.670013,320.600006,321.630005,317.829987,319.070007,335.910004,336.26001,332.630005,333.940002
05/04/2023,407.910004,408.700012,405.880005,407.600006,318.100006,319.059998,314.070007,315.920013,334,335.450012,333.76001,334.820007
06/04/2023,406.769989,409.480011,405.679993,409.190002,314.23999,318.549988,312.820007,318.049988,334.350006,335.309998,333.279999,334.899994
10/04/2023,406.609985,409.690002,405.970001,409.609985,315.070007,317.920013,313.25,317.869995,334,335.959991,333.429993,335.959991
11/04/2023,410.26001,411.179993,408.920013,409.720001,317.829987,317.890015,315.309998,315.829987,336.309998,337.869995,336.01001,336.899994
12/04/2023,411.869995,412.170013,407.440002,408.049988,317.820007,318.420013,312.570007,313.040009,338.609985,339.01001,335.959991,336.609985
13/04/2023,409.179993,413.839996,407.98999,413.470001,314.829987,319.649994,313.630005,319.170013,337.070007,340.579987,336.070007,340.369995
14/04/2023,412.809998,415.089996,410.059998,412.459991,317.589996,320.359985,315.609985,318.570007,339.940002,340.850006,337.309998,338.839996
17/04/2023,412.369995,413.959991,411.089996,413.940002,318.149994,319.200012,316.040009,318.839996,339.119995,339.929993,337.98999,339.920013
18/04/2023,415.579987,415.720001,412.779999,414.209991,320.98999,321.420013,317.640015,318.859985,339.940002,340.220001,337.899994,339.799988
19/04/2023,412.220001,415.079987,412.160004,414.140015,316.410004,319.790009,316.279999,318.709991,339.109985,339.630005,338.190002,338.98999
20/04/2023,411.209991,413.700012,410.269989,411.880005,315.690002,319.269989,314.970001,316.279999,337.429993,338.850006,336.850006,337.950012
21/04/2023,412.190002,412.679993,410.170013,412.200012,315.910004,317.399994,314.100006,316.609985,338.26001,338.579987,336.809998,338.109985
24/04/2023,411.98999,413.070007,410.600006,412.630005,316.380005,317.73999,313.73999,315.950012,337.910004,338.910004,337.209991,338.75
25/04/2023,410.579987,411.160004,406.019989,406.079987,314.290009,314.970001,309.890015,309.98999,338.170013,338.679993,335.200012,335.329987
26/04/2023,406.720001,407.839996,403.779999,404.359985,313.440002,314.940002,311.339996,311.869995,335.600006,336.459991,332.309998,332.950012
27/04/2023,407,412.690002,406.73999,412.410004,315.700012,320.859985,315.049988,320.350006,334.179993,338.579987,333.829987,338.200012
28/04/2023,411.48999,415.940002,411.429993,415.929993,320.109985,322.649994,318.959991,322.559998,337.190002,341.040009,337.130005,341.029999
01/05/2023,415.470001,417.619995,415.269989,415.51001,322.089996,323.630005,321.089996,322.190002,341.100006,342.589996,340.26001,340.359985
02/05/2023,414.769989,414.820007,407.820007,410.839996,322.119995,322.450012,317.609985,319.380005,339.940002,340,334.309998,336.869995
03/05/2023,411.359985,413.869995,407.769989,408.019989,319.75,322.470001,317.179993,317.290009,337.130005,338.179993,333.929993,334.109985
04/05/2023,406.929993,407.269989,403.73999,405.130005,317.059998,318.230011,315.119995,316.170013,333.279999,333.589996,329.369995,331.329987
05/05/2023,408.910004,413.720001,408.640015,412.630005,318.470001,323.76001,316.209991,322.890015,334.26001,337.5,333.940002,336.730011
08/05/2023,412.970001,413.23999,411.279999,412.73999,322.420013,324.040009,321.320007,323.690002,337.170013,337.390015,335.089996,336.220001
09/05/2023,411.130005,412.089996,410.690002,410.929993,322,322.880005,321.320007,321.640015,335.410004,336.679993,335.149994,335.769989
10/05/2023,413.880005,414.540009,408.869995,412.850006,324.119995,326.01001,321.600006,325.140015,337.399994,337.850006,332.48999,335.48999
11/05/2023,411.950012,412.429993,409.970001,412.130005,325.700012,326.75,324.119995,326.200012,333.73999,333.869995,331.470001,333.329987
12/05/2023,413.420013,413.640015,409.070007,411.589996,326.73999,327.170013,322.940002,325.029999,334.420013,334.450012,331.309998,333.200012
15/05/2023,412.220001,413.429993,410.230011,413.01001,325.51001,327.029999,323.959991,326.790009,333.51001,334.26001,331.859985,333.769989
16/05/2023,411.859985,412.820007,410.23999,410.25,326.059998,328.899994,326.019989,327.160004,332.709991,333.070007,330.279999,330.350006
17/05/2023,412.350006,415.859985,410.640015,415.230011,328.23999,331.709991,327.040009,331.119995,332.140015,335.170013,330.890015,334.609985
18/05/2023,414.899994,419.670013,414.670013,419.230011,331.519989,337.48999,331.5,337.269989,333.899994,336.440002,332.75,336.059998
19/05/2023,420.170013,420.720001,417.350006,418.619995,337.48999,338.209991,335.429993,336.51001,335.959991,336.450012,333.220001,334.190002
22/05/2023,418.640015,420.390015,417.350006,418.790009,336.25,338.670013,336.23999,337.640015,334.119995,335.149994,332.019989,332.899994
23/05/2023,417.079987,418.720001,413.679993,414.089996,335.890015,337.059998,333,333.359985,331.76001,333.100006,330.079987,330.609985
24/05/2023,412.420013,412.820007,409.880005,411.089996,331.369995,332.910004,329.559998,331.649994,330,330.23999,327.480011,328.01001
25/05/2023,414.73999,416.160004,412.410004,414.649994,339.140015,341.01001,336.670013,339.720001,328.070007,328.730011,325.820007,327.75
26/05/2023,415.329987,420.769989,415.25,420.019989,340.76001,349.25,340.660004,348.399994,328.130005,331.619995,327.920013,330.839996
30/05/2023,422.029999,422.579987,418.73999,420.179993,352.709991,353.929993,348.529999,349.980011,330.649994,331.320007,328.920013,330.519989
31/05/2023,418.279999,419.220001,416.220001,417.850006,348.369995,350.600006,346.51001,347.98999,329.450012,330.170013,327.700012,329.519989
01/06/2023,418.089996,422.920013,416.790009,421.820007,347.730011,353.359985,346.660004,352.01001,328.910004,331.980011,327.320007,330.940002
02/06/2023,424.5,428.73999,423.950012,427.920013,353.799988,355.829987,352.01001,354.649994,333.23999,338.5,333.109985,338.070007
05/06/2023,428.279999,429.619995,426.369995,427.100006,354.429993,357.5,353.850006,354.899994,338.209991,338.480011,335.959991,336.130005
06/06/2023,426.670013,428.579987,425.98999,428.029999,354.279999,355.820007,352.929993,354.839996,336.029999,336.73999,334.470001,336.170013
07/06/2023,428.440002,429.619995,426.109985,426.549988,355.130005,357.119995,348.179993,348.820007,336.540009,337.519989,335.929993,337.170013
08/06/2023,426.619995,429.600006,425.820007,429.130005,349.119995,353.619995,348.890015,353.149994,337.230011,339.26001,336.75,338.809998
09/06/2023,429.959991,431.98999,428.869995,429.899994,354.630005,357.660004,353.029999,354.5,338.570007,340.26001,338.320007,339.269989
12/06/2023,430.920013,433.880005,430.170013,433.799988,356.190002,360.589996,355.200012,360.48999,339.73999,341.299988,339.230011,341.170013
13/06/2023,435.320007,437.329987,434.630005,436.660004,363.290009,364.109985,360.029999,363.26001,341.73999,343.630005,341.600006,342.619995
14/06/2023,437.01001,439.059998,433.589996,437.179993,363.269989,366.190002,360.420013,365.899994,341.390015,342.040009,338.339996,340.420013
15/06/2023,436.329987,443.899994,436.230011,442.600006,364.609985,371.769989,363.980011,370.26001,340.350006,345.579987,340.179993,344.769989
16/06/2023,443.019989,443.609985,438.970001,439.459991,372.720001,372.850006,367.480011,367.929993,345.350006,345.730011,342.720001,342.950012
20/06/2023,437.450012,438.369995,435.029999,437.179993,365.950012,368.320007,363.890015,366.899994,341.299988,341.609985,339,340.459991
21/06/2023,436.160004,436.98999,434.329987,434.940002,365.73999,366.179993,360.959991,361.899994,339.619995,340.910004,338.679993,339.429993
22/06/2023,433.950012,436.619995,433.600006,436.51001,360.630005,366.329987,360.220001,366.170013,338.940002,339.929993,338.23999,339.339996
23/06/2023,432.929993,435.059998,432.470001,433.209991,362.209991,364.880005,360.820007,362.540009,337.119995,338.190002,336.220001,337.160004
26/06/2023,432.619995,434.609985,431.190002,431.440002,362,364.839996,357.589996,357.679993,336.799988,338.079987,335.950012,337.140015
27/06/2023,432.350006,436.809998,431.880005,436.170013,359.25,364.570007,358.51001,363.829987,337.100006,339.649994,337.100006,339.230011
28/06/2023,435.049988,437.440002,434.410004,436.390015,361.980011,366.519989,361.899994,364.540009,338.730011,338.940002,337.429993,338.630005
29/06/2023,435.959991,438.279999,435.540009,438.109985,364.23999,364.890015,362.140015,363.809998,338.410004,341.390015,338.109985,341.160004
30/06/2023,441.440002,444.299988,441.109985,443.279999,367.549988,370.48999,367.230011,369.420013,343.220001,344.579987,342.76001,343.850006
03/07/2023,442.920013,444.079987,442.630005,443.790009,370.070007,370.929993,368.970001,370.290009,343,344.529999,342.779999,344.070007
05/07/2023,441.910004,443.890015,441.899994,443.130005,368.700012,372.01001,368.660004,370.279999,342.380005,343.73999,342.25,342.809998
06/07/2023,439.420013,440.100006,437.059998,439.660004,366.51001,367.910004,364.519989,367.459991,340.23999,340.869995,337.700012,339.230011
07/07/2023,438.630005,442.640015,438.299988,438.549988,367.230011,370.480011,366.01001,366.23999,337.970001,340.399994,337.190002,337.429993
10/07/2023,438.179993,439.839996,437.589996,439.660004,365.959991,367.049988,363.410004,366.359985,337.399994,339.649994,337.170013,339.579987
11/07/2023,440.450012,442.970001,439.440002,442.459991,366.790009,368.630005,364.619995,368.170013,340.73999,342.920013,339.950012,342.640015
12/07/2023,446.390015,447.480011,444.910004,446.019989,372.339996,374.190002,370.299988,372.820007,344.910004,345.899994,343.149994,343.630005
13/07/2023,447.899994,450.380005,447.450012,449.559998,376.049988,379.98999,375.459991,379.149994,344.339996,344.880005,343.700012,343.920013
14/07/2023,450.480011,451.359985,448.48999,449.279999,379.589996,382.859985,378.179993,379.070007,345.709991,345.920013,344.51001,345.170013
17/07/2023,449.130005,451.929993,449.079987,450.839996,379.799988,383.5,379.309998,382.609985,344.559998,346.700012,344.220001,345.850006
18/07/2023,450.5,454.859985,450.049988,454.190002,381.959991,387.130005,380,385.73999,345.649994,349.910004,345.25,349.579987
19/07/2023,455.01001,456.429993,454.109985,455.200012,386.820007,387.980011,384.299988,385.649994,350.399994,352.450012,350.399994,350.690002
20/07/2023,454.170013,455.100006,451.440002,452.179993,382.609985,384.100006,375.720001,376.76001,351.450012,353.890015,351.350006,352.429993
21/07/2023,453.959991,454.170013,452.170013,452.179993,379.179993,379.920013,375.190002,375.630005,352.809998,353.320007,351.709991,352.140015
24/07/2023,453.369995,455.040009,452.299988,454.200012,376.619995,377.579987,374.339996,376.230011,352.709991,354.570007,352.529999,354.070007
25/07/2023,453.920013,456.73999,453.869995,455.440002,376.950012,380.470001,376.929993,378.779999,353.799988,355.179993,353.549988,354.320007
26/07/2023,454.470001,456.98999,453.380005,455.51001,377.720001,379.23999,375.179993,377.519989,353.140015,356.279999,353.119995,355.25
27/07/2023,459.019989,459.440002,451.549988,452.48999,383.070007,384.709991,375.309998,376.619995,355.859985,356.359985,352.040009,352.769989
28/07/2023,455.880005,457.779999,452.48999,456.920013,380.73999,384.519989,380.220001,383.480011,354.51001,355.549988,353.429993,354.480011
31/07/2023,457.410004,458.160004,456.049988,457.790009,383.790009,384.880005,382.339996,383.679993,354.570007,355.600006,354.190002,355.570007
01/08/2023,456.269989,457.25,455.48999,456.480011,382.309998,383.559998,380.690002,382.790009,355.269989,356.700012,355.140015,356.200012
02/08/2023,453.25,453.519989,449.350006,450.130005,379.26001,379.26001,373.130005,374.390015,354.480011,355.200012,352.109985,352.73999
03/08/2023,448.040009,450.790009,447.369995,448.839996,371.940002,375.950012,371.769989,373.790009,351.600006,353.390015,351.119995,351.98999
04/08/2023,450.720001,452.899994,446.269989,446.809998,375.75,378.100006,371.529999,372.040009,353.119995,354.959991,350.200012,350.649994
07/08/2023,448.709991,450.869995,447.98999,450.709991,373.880005,375.290009,371.51001,375.190002,352.040009,354.869995,351.880005,354.619995
08/08/2023,448.079987,450.700012,445.269989,448.75,372.640015,372.660004,368.820007,372,352.420013,353.350006,349.920013,353.019989
09/08/2023,449.029999,449.200012,444.959991,445.75,372.290009,372.450012,367.140015,367.910004,352.869995,353.679993,350.540009,351.279999
10/08/2023,448.190002,451.700012,444.700012,445.910004,370.970001,374.359985,367.040009,368.589996,353.149994,355.920013,351.190002,351.890015
11/08/2023,443.970001,446.700012,443.350006,445.649994,365.98999,368,364.690002,366.23999,351.190002,353.720001,350.609985,353
14/08/2023,444.700012,448.109985,444.380005,448.109985,365.429993,370.470001,364.700012,370.350006,352.730011,353.5,351.769989,353.209991
15/08/2023,446.269989,446.640015,442.299988,442.890015,369.359985,370.170013,365.73999,366.420013,351.670013,352.019989,349.179993,349.609985
16/08/2023,442.459991,444.179993,439.529999,439.640015,365.869995,367.429993,362.440002,362.540009,349.299988,351.519989,347.709991,347.769989
17/08/2023,441.160004,441.429993,435.75,436.290009,363.959991,364.309998,358.160004,358.579987,348.950012,349.320007,344.820007,345.059998
18/08/2023,433.369995,437.570007,433.01001,436.5,355.26001,359.410004,354.709991,358.130005,342.950012,345.910004,342.679993,345.119995
21/08/2023,437.549988,440.109985,435.320007,439.339996,359.619995,364.589996,359.149994,363.899994,345.299988,345.720001,342.48999,344.670013
22/08/2023,441.179993,441.179993,437.570007,438.149994,366.549988,366.559998,362.679993,363.380005,344.790009,345.140015,342.570007,342.959991
23/08/2023,439.25,443.670013,439.100006,443.029999,364.579987,370.220001,364.359985,369.109985,343.529999,345.399994,343.25,344.829987
24/08/2023,444.690002,445.220001,436.859985,436.890015,372.640015,372.73999,361.01001,361.220001,344.320007,346.970001,340.970001,341.029999
25/08/2023,438.679993,441.299988,435,439.970001,362.070007,365.73999,358.579987,364.019989,342.459991,344.549988,340.350006,343.5
28/08/2023,442.23999,443.399994,439.970001,442.76001,366.98999,367.709991,364.25,366.76001,345.209991,346.670013,344.5,345.709991
29/08/2023,442.649994,449.450012,442.459991,449.160004,366.559998,375.130005,366.230011,374.769989,345.559998,348.75,345.399994,348.619995
30/08/2023,449.51001,451.670013,448.779999,451.01001,374.880005,377.450012,373.859985,376.859985,349.100006,350.730011,348.519989,349.399994
31/08/2023,451.649994,452.829987,450.160004,450.350006,376.940002,379.720001,376.869995,377.98999,350.920013,351.279999,347.73999,347.809998
01/09/2023,453.170013,453.670013,449.679993,451.190002,380.399994,380.829987,376.079987,377.589996,349.929993,350.359985,347.75,348.980011
05/09/2023,450.730011,451.059998,449.170013,449.23999,376.769989,379.309998,375.829987,378.070007,349.079987,349.279999,346.899994,346.980011
06/09/2023,448.399994,448.51001,443.809998,446.220001,377.279999,377.630005,372.700012,374.73999,346.450012,346.51001,343.459991,345
07/09/2023,443.109985,445.549988,442.75,444.850006,370.209991,372.850006,369.149994,372.059998,344.459991,346.23999,344.350006,345.690002
08/09/2023,444.899994,447.109985,444.529999,445.519989,372.01001,374.850006,371.600006,372.579987,345.769989,347.040009,345.480011,346.51001
11/09/2023,448.23999,448.769989,446.470001,448.450012,375.660004,377.48999,373.660004,376.970001,348.019989,348.589996,346.51001,347.369995
12/09/2023,446.950012,448.529999,445.390015,445.98999,375.269989,376.950012,372.5,372.790009,346.640015,349.299988,346.359985,347.209991
13/09/2023,446.220001,447.709991,445.079987,446.51001,373.029999,375.839996,371.880005,374.209991,347.559998,348.51001,345.820007,346.549988
14/09/2023,449.070007,451.079987,447.720001,450.359985,375.98999,378.269989,373.890015,377.269989,348.660004,350.630005,347.730011,349.940002
15/09/2023,447.140015,447.480011,442.920013,443.369995,375.910004,376.320007,369.859985,370.809998,348.26001,348.850006,345.600006,346.140015
18/09/2023,443.049988,444.970001,442.559998,443.630005,369.320007,371.790009,369.029999,370.660004,346.279999,347.130005,345.309998,346.149994
19/09/2023,442.679993,443.290009,439.940002,442.709991,369.320007,370.679993,366.799988,369.869995,345.470001,345.809998,342.980011,345.070007
20/09/2023,444.01001,444.440002,438.429993,438.640015,370.950012,371.309998,364.459991,364.540009,346.040009,347.660004,344.200012,344.320007
21/09/2023,435.700012,435.970001,431.230011,431.390015,360.799988,361.600006,357.690002,357.859985,343.170013,343.649994,340.470001,340.579987
22/09/2023,432.450012,434.100006,429.98999,430.420013,359.630005,361.799988,357.589996,357.910004,340.690002,341.429993,339.320007,339.579987
25/09/2023,429.170013,432.269989,428.720001,432.230011,356.929993,359.700012,355.929993,359.609985,338.730011,340.070007,337.690002,339.980011
26/09/2023,429.089996,429.820007,425.019989,425.880005,356.98999,357.540009,353.209991,354.209991,337.869995,338.73999,335.549988,336.040009
27/09/2023,427.089996,427.670013,422.290009,426.049988,355.380005,356.980011,351.359985,355.040009,336.880005,337.149994,332.929993,335.429993
28/09/2023,425.480011,430.25,424.869995,428.519989,354.109985,360.170013,353.23999,358.01001,335.320007,337.670013,334.570007,336.619995
29/09/2023,431.670013,431.850006,425.910004,427.480011,361.540009,362.950012,357.019989,358.269989,338.779999,338.829987,333.910004,334.950012
02/10/2023,426.619995,428.600006,424.459991,427.309998,358.540009,362.679993,357.920013,361.26001,334.290009,335.019989,332.079987,334.089996
03/10/2023,425.059998,427.369995,420.179993,421.589996,358.779999,361.01001,353.279999,354.920013,332.839996,333.880005,329.040009,329.980011
04/10/2023,422.070007,425.429993,420.559998,424.660004,355.769989,360.609985,355.299988,359.75,330.130005,331.459991,328.609985,330.98999
05/10/2023,424.359985,425.369995,421.170013,424.5,359.73999,360.149994,355.140015,358.690002,330.820007,331.75,329.390015,331.170013
06/10/2023,421.970001,431.130005,420.600006,429.540009,355.649994,365.910004,354.850006,364.700012,330.350006,335.640015,328.480011,334.100006
09/10/2023,427.579987,432.880005,427.01001,432.290009,362.299988,367.109985,360.779999,366.559998,332.950012,336.380005,332.589996,336.089996
10/10/2023,432.940002,437.220001,432.529999,434.540009,366.899994,371.279999,366.390015,368.589996,337.200012,339.01001,336.029999,337.450012
11/10/2023,435.640015,436.579987,433.179993,436.320007,369.940002,371.410004,368.190002,371.220001,338.190002,338.839996,336.160004,338.029999
12/10/2023,436.950012,437.339996,431.230011,433.660004,371.730011,373.73999,367.5,369.929993,338.769989,338.769989,334.570007,336.269989
13/10/2023,435.209991,436.450012,429.880005,431.5,370.570007,371.160004,363.859985,365.279999,337.480011,339.609985,335.519989,336.679993
16/10/2023,433.820007,437.140015,433.570007,436.040009,366.619995,370.480011,366.470001,369.410004,338.769989,340.910004,338.410004,339.890015
17/10/2023,432.809998,438.140015,432.450012,436.019989,365.809998,369.920013,363.660004,368.200012,338.329987,341.519989,338.269989,339.98999
18/10/2023,434.190002,435.179993,429.089996,430.209991,365.670013,367.910004,362.019989,363.369995,339.73999,339.970001,336,336.630005
19/10/2023,430.950012,432.820007,425.730011,426.429993,364.809998,366.019989,359.160004,359.970001,336.690002,338.619995,333.76001,334.119995
20/10/2023,425.980011,426.540009,421.079987,421.190002,359.459991,360.040009,354.369995,354.600006,333.380005,334.230011,331.130005,331.190002
23/10/2023,419.609985,424.450012,417.799988,420.459991,353.26001,359.26001,351.119995,355.670013,329.899994,332.329987,328.880005,329.320007
24/10/2023,422.649994,424.820007,420.73999,423.630005,357.51001,359.910004,355.790009,359.130005,331,332.700012,329.850006,331.440002
25/10/2023,421.890015,421.920013,417.019989,417.549988,356.700012,356.880005,349.75,350.339996,332.220001,332.690002,329.829987,330.350006
26/10/2023,416.450012,417.329987,411.600006,412.549988,349.119995,350.070007,342.350006,343.660004,330.160004,331.019989,327.359985,327.820007
27/10/2023,414.190002,414.600006,409.209991,410.679993,346.429993,348.839996,344.079987,345.309998,327.839996,327.880005,323.209991,324.190002
30/10/2023,413.559998,416.679993,412.220001,415.589996,347.829987,350.540009,346.450012,349.200012,326.390015,330.019989,326.369995,329.230011
31/10/2023,416.179993,418.529999,414.209991,418.200012,349.230011,351.25,346.619995,350.869995,329.179993,330.679993,327.839996,330.480011
01/11/2023,419.200012,423.5,418.649994,422.660004,351.720001,357.529999,351.619995,356.959991,330.920013,333.359985,330.100006,332.679993
02/11/2023,426.579987,430.920013,426.559998,430.76001,361.540009,363.679993,360.299988,363.440002,334.779999,338.519989,334.410004,338.390015
03/11/2023,433.140015,436.290009,433.01001,434.690002,364.75,369.019989,364.519989,367.709991,340.119995,341.619995,339.390015,340.609985
06/11/2023,435.470001,436.149994,433.679993,435.690002,368.48999,369.779999,366.910004,369.209991,340.859985,341.640015,339.890015,341.040009
07/11/2023,435.690002,437.589996,434.51001,436.929993,370.269989,373.579987,369.049988,372.700012,340.730011,342.070007,340.299988,341.540009
08/11/2023,437.549988,438.089996,434.869995,437.25,373.079987,373.790009,370.619995,372.940002,342.100006,342.589996,339.940002,341.119995
09/11/2023,438.429993,438.470001,433.399994,433.839996,373.640015,374.799988,369.570007,370.070007,342.01001,342.049988,338.769989,339.109985
10/11/2023,435.980011,440.929993,433.829987,440.609985,371.820007,378.540009,371.279999,378.390015,340.809998,343.299988,339.269989,343.01001
13/11/2023,439.230011,441.329987,438.420013,440.190002,376.790009,378.279999,375.23999,377.209991,342.380005,344.299988,342.230011,343.570007
14/11/2023,446.320007,450.059998,446.089996,448.730011,383.709991,386.26001,383.179993,385.329987,347.519989,349.519989,346.670013,348.420013
15/11/2023,450.109985,451.380005,448.799988,449.679993,387.25,387.75,384.23999,385.619995,349.290009,350.779999,348.980011,350.269989
16/11/2023,449.220001,450.559998,448.119995,450.230011,384.839996,386.190002,383.559998,385.950012,349.579987,350.799988,348.75,350.019989
17/11/2023,450.23999,451.420013,449.290009,450.790009,385.209991,387.070007,384.290009,386.040009,349.779999,350.220001,348.730011,349.429993
20/11/2023,450.529999,455.130005,450.519989,454.26001,386.049988,391.410004,386.049988,390.73999,349.100006,352.23999,349.070007,351.519989
21/11/2023,453.179993,454.130005,451.959991,453.269989,389.01001,389.230011,386.700012,388.470001,351.109985,351.209991,350.359985,350.820007
22/11/2023,454.980011,456.380005,453.890015,455.019989,390.570007,393.070007,389.040009,390.059998,351.890015,353.140015,351.5,352.559998
24/11/2023,455.070007,455.5,454.730011,455.299988,389.649994,390.25,388.5,389.51001,353.160004,353.950012,353.040009,353.799988
27/11/2023,454.649994,455.48999,454.079987,454.480011,389.01001,391.149994,388.279999,389.170013,353.630005,354.140015,352.779999,353.320007
28/11/2023,454.079987,456.269989,453.5,454.929993,388.410004,390.779999,388.049988,390.190002,353.48999,355.140015,353.089996,354.109985
29/11/2023,457.149994,458.320007,454.200012,454.609985,392.690002,394.140015,389.459991,389.809998,354.970001,356.130005,354.369995,354.649994
30/11/2023,455.480011,456.76001,453.339996,456.399994,390.079987,390.549988,385.820007,388.829987,356.709991,360.179993,356.450012,360
01/12/2023,455.769989,459.649994,455.160004,459.100006,387.75,390.540009,386.070007,389.940002,360.019989,363.25,359.859985,363.049988
04/12/2023,455.600006,459.119995,454.339996,456.690002,386.089996,386.600006,382.660004,386.320007,361.149994,362.950012,361.019989,362.640015
05/12/2023,455.26001,457.589996,454.869995,456.600006,384.390015,388.5,384.209991,387.290009,361.859985,362.26001,360.700012,361.910004
06/12/2023,458.809998,458.839996,454.309998,454.76001,390.269989,390.369995,384.700012,385.049988,362.809998,363.549988,360.829987,361.220001
07/12/2023,456.910004,458.899994,456.290009,458.230011,388.070007,391.269989,386.959991,390.429993,361.959991,362.359985,360.929993,361.829987
08/12/2023,457.459991,460.75,457.209991,460.200012,388.670013,392.619995,388.480011,392.170013,361.76001,363.679993,361.380005,363.119995
11/12/2023,459.690002,462.170013,459.470001,461.98999,391.73999,395.790009,391.529999,395.519989,363.600006,364.869995,363,364.690002
12/12/2023,461.630005,464.200012,460.600006,464.100006,395.559998,398.790009,394.410004,398.670013,365.410004,366.679993,364.429993,366.410004
13/12/2023,464.48999,470.76001,464.119995,470.5,399.619995,404.359985,398.839996,403.73999,366.600006,371.73999,366,371.73999
14/12/2023,472.5,473.730011,469.25,472.01001,404.980011,406.299988,400.339996,403.390015,372.709991,373.670013,371.26001,373.329987
15/12/2023,469.48999,470.700012,467.429993,469.329987,404.179993,406.540009,403.570007,405.339996,371.73999,373.390015,371.329987,372.630005
18/12/2023,470.980011,472.980011,469.890015,471.970001,404.929993,407.98999,404.600006,407.079987,373.290009,373.869995,372.76001,372.980011
19/12/2023,472.529999,474.920013,472.450012,474.839996,407.540009,409.279999,407.350006,409.160004,373.23999,375.559998,373.119995,375.5
20/12/2023,473.959991,475.899994,467.820007,468.26001,408.350006,410.470001,402.899994,403.079987,374.670013,376.339996,370.609985,370.799988
21/12/2023,471.329987,472.980011,468.839996,472.700012,407.059998,408.140015,404.470001,407.769989,372.890015,374.130005,371.160004,373.880005
22/12/2023,473.859985,475.380005,471.700012,473.649994,409,409.970001,406.480011,408.380005,373.640015,375.309998,372.579987,373.799988
26/12/2023,474.070007,476.579987,473.98999,475.649994,409.25,411.559998,409.149994,410.880005,373.679993,376.089996,373.579987,375.350006
27/12/2023,475.440002,476.660004,474.890015,476.51001,410.950012,411.790009,410.079987,411.5,375.100006,376.790009,374.75,376.559998
28/12/2023,476.880005,477.549988,476.26001,476.690002,412.670013,412.920013,410.940002,411.299988,376.519989,377.690002,376.519989,377.029999
29/12/2023,476.48999,477.029999,473.299988,475.309998,411.279999,411.640015,407.579987,409.519989,376.950012,377.459991,375.269989,376.869995
02/01/2024,472.160004,473.670013,470.48999,472.649994,405.839996,406.089996,400.23999,402.589996,374.799988,377.820007,374.799988,377.089996
03/01/2024,470.429993,471.190002,468.170013,468.790009,399.929993,401,397.890015,398.329987,375.570007,376.119995,373.899994,374.209991
04/01/2024,468.299988,470.959991,467.049988,467.279999,396.440002,399.589996,396.059998,396.279999,374.839996,377.220001,374.399994,374.540009
05/01/2024,467.48999,470.440002,466.429993,467.920013,396.450012,399.559998,395.339996,396.75,374.429993,376.25,373.209991,374.640015
08/01/2024,468.429993,474.75,468.299988,474.600006,397.98999,405.23999,397.839996,404.950012,373.399994,376.970001,372.470001,376.839996
09/01/2024,471.869995,474.929993,471.350006,473.880005,401.910004,406.690002,401.709991,405.75,374.799988,375.600006,373.75,375.179993
10/01/2024,474.160004,477.450012,473.869995,476.559998,406.070007,409.519989,405.170013,408.5,375.549988,377.470001,375.290009,376.950012
11/01/2024,477.589996,478.119995,472.26001,476.350006,409.790009,411.200012,404.23999,409.350006,377.769989,378.119995,374.25,377.170013
12/01/2024,477.839996,478.600006,475.230011,476.679993,410.399994,411.25,408.149994,409.559998,377.480011,378.25,374.730011,375.910004
16/01/2024,475.26001,476.609985,473.059998,474.929993,408.309998,411.119995,406.829987,409.519989,374.970001,375.529999,372.040009,373.660004
17/01/2024,471.820007,472.790009,469.869995,472.290009,406.170013,407.589996,402.920013,407.209991,371.75,373.75,371.339996,372.720001
18/01/2024,474.01001,477.059998,472.420013,476.48999,410.519989,413.579987,409.160004,412.98999,372.230011,375.329987,371.359985,374.809998
19/01/2024,477.649994,482.720001,476.540009,482.429993,415.220001,421.339996,414.630005,421.179993,375.779999,379.369995,374.459991,378.600006
22/01/2024,484.01001,485.220001,482.779999,483.450012,423.410004,424.730011,421.119995,421.730011,379.690002,381.079987,379.079987,380.070007
23/01/2024,484.01001,485.109985,482.890015,484.859985,422.429993,423.700012,420.570007,423.480011,379.359985,379.850006,377.980011,379.040009
24/01/2024,487.809998,488.769989,484.880005,485.390015,427.440002,429.850006,425.329987,425.829987,380.209991,380.619995,377.940002,378.089996
25/01/2024,487.579987,488.309998,485.390015,488.029999,428.359985,429.040009,423.980011,426.350006,379.070007,380.559998,377.920013,380.480011
26/01/2024,487.589996,489.119995,486.540009,487.410004,424.440002,426.209991,423.149994,423.809998,379.980011,382.130005,379.950012,381.089996
29/01/2024,487.730011,491.420013,487.170013,491.269989,424.269989,428.350006,423.609985,428.149994,381,383.410004,380.540009,383.309998
30/01/2024,490.559998,491.619995,490.109985,490.890015,427.100006,427.679993,424.380005,425.299988,382.820007,384.950012,382.48999,384.48999
31/01/2024,488.619995,489.079987,482.859985,482.880005,420.850006,422.869995,416.790009,416.970001,385.209991,385.820007,381.339996,381.369995
01/02/2024,484.630005,489.230011,483.799988,489.200012,418.790009,422.380005,417.809998,421.880005,381.399994,385.149994,380.970001,385.100006
02/02/2024,489.649994,496.049988,489.299988,494.350006,423.799988,430.23999,422.790009,429.01001,383.98999,387.779999,383.23999,386.420013
05/02/2024,493.700012,494.380005,490.230011,492.549988,429.070007,429.609985,425,428.450012,385.98999,385.98999,382.119995,383.579987
06/02/2024,493.519989,494.320007,492.049988,493.980011,429.609985,430.220001,425.220001,427.589996,383.920013,385.369995,383.5,385.079987
07/02/2024,496.290009,498.529999,495.359985,498.100006,430.410004,432.829987,429.089996,431.98999,386.390015,387.450012,385.649994,386.670013
08/02/2024,498.100006,498.709991,497.26001,498.320007,432.109985,433.559998,431.420013,432.790009,387.470001,387.660004,385.51001,387.350006
09/02/2024,498.839996,501.649994,498.48999,501.200012,433.940002,437.850006,433.140015,437.049988,387.190002,387.5,385.76001,386.720001
12/02/2024,501.170013,503.5,500.23999,500.980011,436.940002,439.140015,434.649994,435.339996,386.48999,389.410004,386.440002,388.109985
13/02/2024,494.529999,497.089996,490.720001,494.079987,427.279999,431.269989,425.329987,428.549988,385.070007,385.160004,380.459991,382.820007
14/02/2024,496.790009,499.070007,494.399994,498.570007,431.26001,433.649994,428.880005,433.220001,384,384.549988,382.070007,384.290009
15/02/2024,499.290009,502.200012,498.799988,502.01001,433.920013,434.980011,431.329987,434.51001,385.190002,388.329987,384.880005,388.25
16/02/2024,501.700012,502.869995,498.75,499.51001,434.890015,434.98999,429.850006,430.570007,387.170013,388.25,385.700012,386.190002
20/02/2024,497.720001,498.410004,494.450012,496.76001,428.549988,430.079987,423.5,427.320007,385.51001,386.570007,384.540009,385.690002
21/02/2024,495.420013,497.369995,493.559998,497.209991,424.549988,425.700012,421.630005,425.609985,384.959991,386.170013,383.320007,386.049988
22/02/2024,504.01001,508.48999,503.019989,507.5,434.48999,439.119995,433.709991,438.070007,388.359985,391.470001,387.910004,390.540009
23/02/2024,509.269989,510.130005,507.100006,507.850006,439.649994,440.589996,435.790009,436.779999,391.769989,392.839996,390.920013,391.279999
26/02/2024,508.299988,508.75,505.859985,505.98999,437.600006,438.600006,436.359985,436.549988,391.450012,392.410004,390.23999,390.709991
27/02/2024,506.700012,507.160004,504.75,506.929993,437.670013,437.98999,435.029999,437.600006,390.359985,390.450012,388.75,389.660004
28/02/2024,505.329987,506.859985,504.959991,506.26001,435.429993,436.670013,434.299988,435.269989,387.940002,389.73999,387.600006,389.600006
29/02/2024,508.070007,509.73999,505.350006,508.079987,438.230011,440.089996,435.019989,439,390.690002,391.109985,388.450012,389.950012
01/03/2024,508.980011,513.289978,508.559998,512.849976,439.899994,446.579987,439.839996,445.609985,389.850006,391.609985,388.880005,391.309998
04/03/2024,512.030029,514.200012,512,512.299988,445.609985,446.040009,443.769989,444.019989,389.350006,391.25,389.350006,390.230011
05/03/2024,510.23999,510.700012,504.910004,507.179993,440.940002,440.950012,433.649994,436.049988,388.98999,389.290009,384.920013,386.190002
06/03/2024,510.549988,512.070007,508.420013,509.75,440.320007,441.98999,436.890015,438.790009,388.48999,389.130005,386.130005,387.179993
07/03/2024,513.140015,515.890015,509.809998,514.809998,442.420013,446.720001,440.859985,445.450012,389.070007,389.720001,387.829987,388.450012
08/03/2024,515.460022,518.219971,511.130005,511.720001,445.809998,448.640015,438.339996,439.019989,388.23999,390.420013,387.709991,387.98999
11/03/2024,510.480011,511.880005,508.5,511.279999,437.51001,438.660004,435.440002,437.390015,386.920013,388.649994,385.5,388.420013
12/03/2024,513.450012,517.380005,510.859985,516.780029,439.730011,444.019989,436.459991,443.660004,389.23999,391.440002,387.839996,390.790009
13/03/2024,517.109985,517.289978,514.48999,515.969971,442.649994,442.670013,439.119995,440.25,391.690002,392.790009,390.059998,391.220001
14/03/2024,516.969971,517.130005,511.820007,514.950012,441.5,442.029999,436.390015,439.140015,392.170013,392.410004,387.839996,390.070007
15/03/2024,510.209991,511.700012,508.119995,509.829987,436.070007,438.869995,432.73999,433.920013,387.73999,389.26001,386.040009,387
18/03/2024,514,515.47998,512.440002,512.859985,438.730011,441.040009,437.23999,437.480011,388.350006,388.859985,387.480011,387.730011
19/03/2024,512.150024,516,511.119995,515.710022,435.450012,438.980011,433.329987,438.570007,388.160004,391.089996,387.470001,390.899994
20/03/2024,515.77002,520.619995,515.080017,520.47998,439.779999,444.109985,438.059998,443.769989,390.149994,395.220001,389.890015,394.98999
21/03/2024,523.390015,524.109985,521.909973,522.200012,448.880005,449.339996,445.670013,445.869995,396.309998,398.820007,395.809998,397.75
22/03/2024,522.109985,522.609985,520.969971,521.210022,445.350006,447.48999,444.48999,446.380005,397.76001,398.059998,394.48999,394.529999
25/03/2024,519.799988,520.950012,519.609985,519.77002,443.549988,446.26001,442.540009,444.76001,393.920013,394.149994,392.820007,392.950012
26/03/2024,521.22998,521.580017,518.400024,518.809998,446.299988,447.230011,443.089996,443.320007,393.679993,394.269989,392.630005,392.850006
27/03/2024,521.710022,523.210022,519.48999,523.169983,446.440002,446.540009,441.929993,444.829987,395,397.579987,394.470001,397.559998
28/03/2024,523.210022,524.609985,522.780029,523.070007,444.779999,445.640015,443.649994,444.01001,398.059998,398.559998,397.040009,397.76001
01/04/2024,523.830017,524.380005,520.969971,522.159973,444.970001,447.529999,443.019989,444.950012,397.820007,398.049988,394.730011,395.329987
02/04/2024,518.23999,518.97998,516.47998,518.840027,440.079987,441.429993,438.029999,441.109985,391.970001,392.140015,390.279999,391.630005
03/04/2024,517.719971,520.950012,517.669983,519.409973,438.959991,444,438.950012,442.100006,391.679993,392.920013,389.98999,391.26001
04/04/2024,523.52002,523.869995,512.76001,513.070007,446.329987,446.950012,435.109985,435.339996,394.029999,394.23999,385.600006,386.019989
05/04/2024,514.460022,520.440002,514.01001,518.429993,436.779999,443.170013,435.959991,440.470001,386.350006,390.450012,386.079987,388.859985
08/04/2024,519.150024,520.179993,517.890015,518.719971,441.410004,442.5,439.200012,440.600006,389.049988,390.140015,388.570007,389.100006
09/04/2024,520.5,520.75,514.349976,519.320007,442.959991,443.23999,437.440002,442.230011,389.619995,389.980011,385.730011,388.839996
10/04/2024,513.47998,516.159973,512.090027,514.119995,437,439.23999,436.279999,438.369995,384.920013,385.970001,383.029999,384.51001
11/04/2024,515.679993,519.47998,512.080017,518,440.26001,446.329987,437.959991,445.369995,385.470001,386.079987,382,384.540009
12/04/2024,514.369995,515.820007,509.079987,510.850006,441.100006,442.23999,436.880005,438.269989,382.309998,382.929993,378.809998,379.869995
15/04/2024,515.130005,515.299988,503.579987,504.450012,442.059998,442.149994,430.209991,431.059998,383.329987,383.820007,376.600006,377.309998
16/04/2024,504.940002,506.5,502.209991,503.529999,430.899994,433.76001,429.700012,431.100006,379.73999,379.929993,377.040009,377.980011
17/04/2024,506.049988,506.220001,499.119995,500.549988,433.100006,433.119995,424.899994,425.839996,379.209991,380.190002,376.140015,377.450012
18/04/2024,501.980011,504.130005,498.559998,499.519989,426.48999,428.23999,422.829987,423.410004,379.049988,380.929993,376.850006,377.839996
19/04/2024,499.440002,500.459991,493.859985,495.160004,422.220001,422.75,413.070007,414.649994,378.690002,381.029999,377.920013,379.799988
22/04/2024,497.829987,502.380005,495.429993,499.720001,417.309998,421.179993,413.940002,418.820007,381.730011,384.440002,379.809998,382.369995
23/04/2024,501.779999,506.089996,499.529999,505.649994,420.769989,426.279999,418.869995,425.070007,383.690002,385.589996,382.910004,385.019989
24/04/2024,506.559998,507.369995,503.130005,505.410004,428.200012,429.730011,424.200012,426.51001,384.869995,385.470001,383.019989,384.440002
25/04/2024,499.179993,504.269989,497.48999,503.48999,419.23999,425.320007,418.140015,424.450012,379.790009,381.549988,377.480011,380.920013
26/04/2024,506.350006,509.880005,505.700012,508.26001,427.619995,432.549988,426.920013,431,380.75,383.339996,380.529999,382.309998
29/04/2024,510.089996,510.75,507.25,510.059998,433.130005,433.76001,429.980011,432.75,383.100006,384.029999,382.070007,383.799988
30/04/2024,508.559998,509.559998,501.980011,501.980011,431.149994,432.559998,424.51001,424.589996,382.459991,382.75,378.079987,378.130005
01/05/2024,501.380005,508.190002,499.869995,500.350006,423.149994,430.140015,420.660004,421.519989,378.380005,383.480011,377.980011,378.890015
02/05/2024,504.149994,505.890015,499.549988,505.029999,425.299988,427.809998,420.630005,426.899994,381.149994,382.910004,378.899994,382.230011
03/05/2024,511.160004,512.549988,508.559998,511.290009,434.440002,436.480011,432.619995,435.480011,387.140015,387.98999,385.059998,386.769989
06/05/2024,513.75,516.609985,513.299988,516.570007,437.299988,440.339996,436.519989,440.25,388.320007,388.73999,386.829987,388.450012
07/05/2024,517.559998,518.570007,516.450012,517.140015,440.700012,441.970001,439.579987,440.320007,389.170013,389.75,388.339996,388.73999
08/05/2024,515.26001,517.73999,515.140015,517.190002,437.670013,441.480011,437.549988,440.059998,388.339996,390.910004,388.190002,390.480011
09/05/2024,517.380005,520.210022,516.710022,520.169983,440.329987,441.600006,438.459991,441.019989,390.109985,394.26001,390.01001,394
10/05/2024,521.809998,522.640015,519.590027,520.840027,442.540009,444.309998,440.5,442.059998,395.25,395.899994,394.100006,395.179993
13/05/2024,522.559998,522.669983,519.73999,520.909973,443.98999,444.089996,441.649994,443.079987,396.380005,396.609985,394.070007,394.459991
14/05/2024,521.109985,523.830017,520.559998,523.299988,442.649994,446.470001,442.459991,445.929993,394.540009,396.25,393.809998,395.579987
15/05/2024,525.830017,530.080017,525.179993,529.780029,448.429993,453.149994,446.899994,452.899994,397.23999,399.5,396.940002,399.279999
16/05/2024,529.880005,531.52002,528.539978,528.690002,452.709991,454.690002,451.809998,451.980011,399.75,401,399.130005,399.209991
17/05/2024,528.809998,529.52002,527.320007,529.450012,452.109985,452.720001,449.540009,451.76001,399.109985,400.019989,398.440002,399.950012
20/05/2024,529.570007,531.559998,529.169983,530.059998,451.980011,455.579987,451.790009,454.910004,399.769989,400.720001,397.839996,398.100006
21/05/2024,529.280029,531.52002,529.070007,531.359985,453.040009,455.98999,452.839996,455.799988,398.320007,399.059998,397.769989,398.779999
22/05/2024,530.650024,531.380005,527.599976,529.830017,456.059998,456.820007,453.079987,455.709991,397.950012,398.850006,395.51001,396.660004
23/05/2024,532.960022,533.070007,524.719971,525.960022,460.549988,460.579987,451.850006,453.660004,397.059998,397.089996,390.25,390.660004
24/05/2024,527.849976,530.27002,526.880005,529.440002,455.290009,459.230011,453.570007,457.950012,391.220001,392.25,390.160004,390.640015
28/05/2024,530.27002,530.51001,527.109985,529.809998,459.179993,459.73999,456.690002,459.679993,389.809998,390.220001,387.019989,388.600006
29/05/2024,525.679993,527.309998,525.369995,526.099976,455.480011,458.23999,455.339996,456.440002,385.309998,385.720001,384.23999,384.579987
30/05/2024,524.52002,525.200012,521.330017,522.609985,455.5,455.640015,450.209991,451.549988,381.369995,382.399994,380.410004,381.480011
