date,vixo,vixh,vixl,vix,vxno,vxnh,vxnl,vxn,vxdo,vxdh,vxdl,vxd
22/09/2003,19.08,20.03,19.03,19.65,27.86,28.39,27.52,27.94,17.95,18.8,17.91,18.12
22/09/2003,19.08,23.9,19.03,19.65,27.86,28.39,27.52,27.94,17.95,18.8,17.91,18.12
23/09/2003,19.91,19.97,19.31,19.47,28.04,28.04,26.9,26.98,18.39,18.57,17.86,17.97
23/09/2003,19.91,19.97,19.31,19.47,28.04,28.04,26.9,26.98,18.39,18.57,17.86,17.97
24/09/2003,19.53,21.26,19.44,21.22,27.23,29.36,27.21,29.36,17.73,19.67,17.7,19.67
24/09/2003,19.53,21.26,19.44,21.22,27.23,29.36,27.21,29.36,17.73,19.67,17.7,19.67
25/09/2003,21.11,22.27,21.04,22.26,29.29,30.72,29.16,30.65,19.97,20.68,19.74,20.61
25/09/2003,21.11,22.27,21.04,22.26,29.29,30.72,29.16,30.65,19.97,20.68,19.74,20.61
26/09/2003,22.28,22.73,21.85,22.23,30.62,31.08,30.17,30.88,20.77,21.0,20.06,20.44
26/09/2003,22.28,22.73,21.85,22.23,30.62,31.08,30.17,30.88,20.77,21.0,20.06,20.44
29/09/2003,22.85,22.85,21.64,21.67,31.69,31.88,30.62,30.66,20.85,21.0,20.06,20.21
29/09/2003,22.85,22.85,21.64,21.67,31.69,31.88,30.62,30.66,20.85,21.0,20.06,20.21
30/09/2003,22.04,23.26,22.03,22.72,31.23,32.83,31.17,32.83,20.78,21.68,20.58,20.88
30/09/2003,22.04,23.26,22.03,22.72,31.23,32.83,31.17,32.83,20.78,21.68,20.58,20.88
01/10/2003,22.81,22.82,20.99,21.07,32.64,32.7,31.11,31.33,20.66,20.7,19.58,19.99
01/10/2003,22.81,22.82,20.99,21.07,32.64,32.7,31.11,31.33,20.66,20.7,19.58,19.99
02/10/2003,21.23,21.45,20.71,20.8,31.6,31.7,31.08,31.25,20.03,20.03,19.45,19.5
02/10/2003,21.23,21.45,20.71,20.8,31.6,31.7,31.08,31.25,20.03,20.03,19.45,19.5
03/10/2003,19.94,20.09,18.95,19.5,30.54,30.54,28.77,29.2,19.22,19.36,18.31,18.73
03/10/2003,19.94,20.09,18.95,19.5,30.54,30.54,28.77,29.2,19.22,19.36,18.31,18.73
06/10/2003,20.69,20.69,19.45,19.51,30.0,30.21,29.32,29.42,19.07,19.13,18.54,18.65
06/10/2003,20.69,20.69,19.45,19.51,30.0,30.21,29.32,29.42,19.07,19.13,18.54,18.65
07/10/2003,20.14,20.14,19.4,19.41,29.9,30.17,29.15,29.3,19.17,19.36,18.5,18.54
07/10/2003,20.14,20.14,19.4,19.41,29.9,30.17,29.15,29.3,19.17,19.36,18.5,18.54
08/10/2003,19.26,19.61,19.08,19.18,29.43,29.46,28.94,29.16,18.54,18.82,18.25,18.4
08/10/2003,19.26,19.61,19.08,19.18,29.43,29.46,28.94,29.16,18.54,18.82,18.25,18.4
09/10/2003,18.51,19.28,18.26,18.82,28.66,28.99,27.79,28.84,18.04,18.32,17.55,17.93
09/10/2003,18.51,19.28,18.26,18.82,28.66,28.99,27.79,28.84,18.04,18.32,17.55,17.93
10/10/2003,18.92,18.92,18.42,18.45,28.94,28.94,27.6,27.62,17.94,18.03,17.65,17.69
10/10/2003,18.92,18.92,18.42,18.45,28.94,28.94,27.6,27.62,17.94,18.03,17.65,17.69
13/10/2003,17.62,17.91,17.42,17.55,25.97,27.2,25.97,26.77,16.4,17.26,16.18,17.01
13/10/2003,17.62,17.91,17.42,17.55,25.97,27.2,25.97,26.77,16.4,17.26,16.18,17.01
14/10/2003,17.4,17.79,17.2,17.37,26.68,27.33,26.31,26.49,17.28,17.75,16.73,17.07
14/10/2003,17.4,17.79,17.2,17.37,26.68,27.33,26.31,26.49,17.28,17.75,16.73,17.07
15/10/2003,17.73,17.96,16.98,17.69,26.96,27.44,26.66,26.77,16.7,16.91,16.33,16.37
15/10/2003,17.73,17.96,16.98,17.69,26.96,27.44,26.66,26.77,16.7,16.91,16.33,16.37
16/10/2003,17.58,18.05,16.86,17.19,26.92,27.13,25.37,25.47,16.81,16.89,16.08,16.1
16/10/2003,17.58,18.05,16.86,17.19,26.92,27.13,25.37,25.47,16.81,16.89,16.08,16.1
17/10/2003,16.97,17.85,16.97,17.62,26.05,26.1,25.04,25.33,16.21,16.39,15.84,16.27
17/10/2003,16.97,17.85,16.97,17.62,26.05,26.1,25.04,25.33,16.21,16.39,15.84,16.27
20/10/2003,17.84,18.07,17.04,17.04,26.61,26.61,24.59,24.78,16.73,17.05,16.07,16.07
20/10/2003,17.84,18.07,17.04,17.04,26.61,26.61,24.59,24.78,16.73,17.05,16.07,16.07
21/10/2003,17.16,17.23,16.19,16.55,24.8,25.07,23.86,24.35,15.51,15.94,15.16,15.58
21/10/2003,17.16,17.23,16.19,16.55,24.8,25.07,23.86,24.35,15.51,15.94,15.16,15.58
22/10/2003,17.1,17.98,17.1,17.67,25.21,25.87,25.04,25.68,15.59,16.8,15.55,16.8
22/10/2003,17.1,17.98,17.1,17.67,25.21,25.87,25.04,25.68,15.59,16.8,15.55,16.8
23/10/2003,18.51,18.51,17.48,17.68,26.4,26.57,25.58,26.09,17.08,17.08,16.56,16.69
23/10/2003,18.51,18.51,17.48,17.68,26.4,26.57,25.58,26.09,17.08,17.08,16.56,16.69
24/10/2003,18.25,18.68,17.67,17.71,26.61,26.65,25.44,25.45,16.71,17.47,16.61,16.7
24/10/2003,18.25,18.68,17.67,17.71,26.61,26.65,25.44,25.45,16.71,17.47,16.61,16.7
27/10/2003,17.97,18.18,17.74,18.05,26.81,26.81,26.0,26.12,16.39,17.05,16.33,16.97
27/10/2003,17.97,18.18,17.74,18.05,26.81,26.81,26.0,26.12,16.39,17.05,16.33,16.97
28/10/2003,17.79,17.89,16.77,16.82,26.19,26.22,24.78,25.0,16.55,16.88,15.79,15.87
28/10/2003,17.79,17.89,16.77,16.82,26.19,26.22,24.78,25.0,16.55,16.88,15.79,15.87
29/10/2003,16.85,17.02,16.34,16.43,25.37,25.37,24.61,24.72,15.95,16.46,15.34,15.64
29/10/2003,16.85,17.02,16.34,16.43,25.37,25.37,24.61,24.72,15.95,16.46,15.34,15.64
30/10/2003,16.04,16.76,16.01,16.33,24.83,25.09,24.49,24.74,15.37,15.5,15.03,15.19
30/10/2003,18.45,18.45,16.01,16.33,24.83,25.09,24.49,24.74,15.37,15.5,15.03,15.19
31/10/2003,16.11,16.19,15.79,16.1,24.96,25.12,24.64,24.89,15.07,15.21,14.89,15.03
31/10/2003,16.11,16.19,15.79,16.1,24.96,25.12,24.64,24.89,15.07,15.21,14.89,15.03
03/11/2003,16.33,16.7,16.22,16.55,25.54,25.95,25.15,25.38,14.9,15.36,14.62,15.35
03/11/2003,16.33,16.7,16.22,16.55,25.54,25.95,25.15,25.38,14.9,15.36,14.62,15.35
04/11/2003,16.57,16.78,16.45,16.55,25.81,25.96,25.46,25.69,15.53,15.62,14.79,15.5
04/11/2003,16.57,16.78,16.45,16.55,25.81,25.96,25.46,25.69,15.53,15.62,14.79,15.5
05/11/2003,16.99,17.32,16.55,16.86,25.57,26.08,25.1,25.2,15.51,16.02,15.35,15.64
05/11/2003,16.99,17.32,16.55,16.86,25.57,26.08,25.1,25.2,15.51,16.02,15.35,15.64
06/11/2003,17.0,17.37,16.62,16.74,25.52,26.14,25.27,25.35,15.87,15.96,15.24,15.63
06/11/2003,17.0,17.37,16.62,16.74,25.52,26.14,25.27,25.35,15.87,15.96,15.24,15.63
07/11/2003,16.63,16.93,16.5,16.93,25.4,25.4,24.62,25.2,14.75,15.75,14.75,15.75
07/11/2003,16.63,16.93,16.5,16.93,25.4,25.4,24.62,25.2,14.75,15.75,14.75,15.75
10/11/2003,17.79,17.88,17.53,17.62,26.25,26.56,26.15,26.49,16.41,16.77,16.33,16.58
10/11/2003,17.79,17.88,17.53,17.62,26.25,26.56,26.15,26.49,16.41,16.77,16.33,16.58
11/11/2003,18.14,18.53,17.5,17.54,26.78,26.99,26.54,26.55,16.51,16.72,16.28,16.31
11/11/2003,18.14,18.53,17.5,17.54,26.78,26.99,26.54,26.55,16.51,16.72,16.28,16.31
12/11/2003,17.78,17.85,16.55,16.75,26.78,26.81,25.32,25.55,16.32,16.32,15.43,15.48
12/11/2003,17.78,17.85,16.55,16.75,26.78,26.81,25.32,25.55,16.32,16.32,15.43,15.48
13/11/2003,17.05,17.13,16.43,16.47,25.87,26.01,25.24,25.45,15.75,15.78,15.19,15.19
13/11/2003,17.05,17.13,16.43,16.47,25.87,26.01,25.24,25.45,15.75,15.78,15.19,15.19
14/11/2003,16.63,17.0,16.17,16.94,25.61,26.23,24.68,26.16,15.22,15.63,14.68,15.4
14/11/2003,16.63,17.0,16.17,16.94,25.61,26.23,24.68,26.16,15.22,15.63,14.68,15.4
17/11/2003,18.14,19.36,18.04,18.6,26.96,28.56,26.96,27.81,16.44,18.23,16.42,17.4
17/11/2003,18.14,19.36,18.04,18.6,26.96,28.56,26.96,27.81,16.44,18.23,16.42,17.4
18/11/2003,18.09,19.17,17.78,19.11,27.99,29.71,27.88,29.65,16.82,17.83,16.72,17.72
18/11/2003,18.09,19.17,17.78,19.11,27.99,29.71,27.88,29.65,16.82,17.83,16.72,17.72
19/11/2003,19.14,19.51,18.65,18.8,29.26,30.4,29.15,29.96,17.82,17.93,17.16,17.76
19/11/2003,19.14,19.51,18.65,18.8,29.26,30.4,29.15,29.96,17.82,17.93,17.16,17.76
20/11/2003,19.09,19.61,18.46,19.48,30.62,30.62,29.43,30.49,18.07,18.74,17.78,18.71
20/11/2003,19.09,19.61,18.46,19.48,30.62,30.62,29.43,30.49,18.07,18.74,17.78,18.71
21/11/2003,19.08,19.4,18.82,18.98,30.45,30.45,29.0,29.08,17.91,18.5,17.69,18.04
21/11/2003,19.08,19.4,18.82,18.98,30.45,30.45,29.0,29.08,17.91,18.5,17.69,18.04
24/11/2003,18.91,18.98,17.19,17.44,29.8,29.8,26.77,27.07,17.43,17.48,16.14,16.15
24/11/2003,18.91,18.98,17.19,17.44,29.8,29.8,26.77,27.07,17.43,17.48,16.14,16.15
25/11/2003,17.4,17.87,16.4,16.71,27.33,27.33,25.55,25.99,15.62,15.9,15.41,15.74
25/11/2003,17.4,17.87,16.4,16.71,27.33,27.33,25.55,25.99,15.62,15.9,15.41,15.74
26/11/2003,16.11,17.26,16.02,16.23,25.61,26.82,25.54,25.63,14.98,15.43,14.87,15.09
26/11/2003,16.11,17.26,16.02,16.23,25.61,26.82,25.54,25.63,14.98,15.43,14.87,15.09
28/11/2003,16.51,16.62,16.16,16.32,26.09,26.1,25.53,25.63,14.85,14.97,14.63,14.74
28/11/2003,16.51,16.62,16.16,16.32,26.09,26.1,25.53,25.63,14.85,14.97,14.63,14.74
01/12/2003,16.74,17.03,16.17,16.77,26.58,26.63,25.97,26.29,14.63,14.99,14.34,14.61
01/12/2003,16.74,17.03,16.17,16.77,26.58,26.63,25.97,26.29,14.63,14.99,14.34,14.61
02/12/2003,16.89,16.89,16.17,16.27,26.6,26.94,25.81,26.72,15.23,15.35,14.88,15.07
02/12/2003,16.89,16.89,16.17,16.27,26.6,26.94,25.81,26.72,15.23,15.35,14.88,15.07
03/12/2003,16.08,16.68,15.77,16.63,26.81,27.34,26.25,27.34,14.43,14.6,14.18,14.48
03/12/2003,16.08,16.68,15.77,16.63,26.81,27.34,26.25,27.34,14.43,14.6,14.18,14.48
04/12/2003,16.48,16.83,16.29,16.3,27.3,27.45,26.7,26.81,15.27,15.37,14.63,14.83
04/12/2003,16.48,16.83,16.29,16.3,27.3,27.45,26.7,26.81,15.27,15.37,14.63,14.83
05/12/2003,16.76,17.32,16.5,17.09,27.69,27.76,26.87,27.05,15.23,15.33,14.67,15.14
05/12/2003,16.76,17.32,16.5,17.09,27.69,27.76,26.87,27.05,15.23,15.33,14.67,15.14
08/12/2003,17.55,17.59,16.52,16.54,28.35,28.35,27.42,27.55,15.48,16.3,15.45,15.76
08/12/2003,17.55,17.59,16.52,16.54,28.35,28.35,27.42,27.55,15.48,16.3,15.45,15.76
09/12/2003,16.63,17.8,16.56,17.63,27.58,28.47,27.35,28.32,14.64,15.26,14.53,15.14
09/12/2003,16.63,17.8,16.56,17.63,27.58,28.47,27.35,28.32,14.64,15.26,14.53,15.14
10/12/2003,17.66,18.27,17.58,17.87,28.44,28.66,27.79,27.84,15.56,15.6,15.15,15.32
10/12/2003,17.66,18.27,17.58,17.87,28.44,28.66,27.79,27.84,15.56,15.6,15.15,15.32
11/12/2003,17.95,17.95,16.51,16.73,28.05,28.05,26.15,26.15,15.4,15.42,14.63,14.74
11/12/2003,17.95,17.95,16.51,16.73,28.05,28.05,26.15,26.15,15.4,15.42,14.63,14.74
12/12/2003,16.19,16.98,16.09,16.41,26.28,26.8,25.83,25.86,14.75,15.08,14.43,14.52
12/12/2003,16.19,16.98,16.09,16.41,26.28,26.8,25.83,25.86,14.75,15.08,14.43,14.52
15/12/2003,15.8,17.42,15.79,17.23,26.24,27.23,25.96,27.07,14.75,15.2,14.62,15.08
15/12/2003,15.8,17.42,15.79,17.23,26.24,27.23,25.96,27.07,14.75,15.2,14.62,15.08
16/12/2003,17.27,17.45,15.9,15.93,27.37,27.59,25.88,26.15,15.2,15.25,13.76,13.95
16/12/2003,17.27,17.45,15.9,15.93,27.37,27.59,25.88,26.15,15.2,15.25,13.76,13.95
17/12/2003,16.12,16.27,15.52,15.58,26.33,26.61,25.12,25.12,14.2,14.64,13.8,13.85
17/12/2003,16.12,16.27,15.52,15.58,26.33,26.61,25.12,25.12,14.2,14.64,13.8,13.85
18/12/2003,15.59,16.19,14.66,16.16,25.36,25.36,24.07,24.53,13.86,14.12,13.51,13.81
18/12/2003,15.59,16.19,14.66,16.16,25.36,25.36,24.07,24.53,13.86,14.12,13.51,13.81
19/12/2003,16.66,16.81,15.71,16.42,24.56,25.29,24.18,24.89,13.91,14.33,13.58,13.97
19/12/2003,16.66,16.81,15.71,16.42,24.56,25.29,24.18,24.89,13.91,14.33,13.58,13.97
22/12/2003,17.06,17.31,16.61,16.94,26.27,26.36,24.7,24.75,15.38,16.14,15.15,15.71
22/12/2003,17.06,17.31,16.61,16.94,26.27,26.36,24.7,24.75,15.38,16.14,15.15,15.71
23/12/2003,17.32,17.4,16.29,16.49,25.04,25.11,23.31,23.49,15.55,15.55,14.81,15.09
23/12/2003,17.32,17.4,16.29,16.49,25.04,25.11,23.31,23.49,15.55,15.55,14.81,15.09
24/12/2003,16.65,16.77,16.24,16.66,23.75,23.77,23.09,23.34,15.69,15.74,14.85,15.51
24/12/2003,16.65,16.77,16.24,16.66,23.75,23.77,23.09,23.34,15.69,15.74,14.85,15.51
26/12/2003,16.76,17.49,16.63,17.45,23.84,24.02,23.6,24.01,15.11,15.5,15.04,15.35
26/12/2003,16.76,17.49,16.63,17.45,23.84,24.02,23.6,24.01,15.11,15.5,15.04,15.35
29/12/2003,17.81,17.86,17.07,17.09,25.11,25.11,23.52,23.73,15.88,16.35,15.49,15.55
29/12/2003,17.81,17.86,17.07,17.09,25.11,25.11,23.52,23.73,15.88,16.35,15.49,15.55
30/12/2003,17.32,17.97,17.2,17.68,23.84,24.18,23.36,23.36,15.15,15.72,14.97,15.69
30/12/2003,17.32,17.97,17.2,17.68,23.84,24.18,23.36,23.36,15.15,15.72,14.97,15.69
31/12/2003,17.49,18.86,17.41,18.31,23.52,24.76,23.43,24.49,15.68,16.7,15.64,16.64
31/12/2003,17.49,18.86,17.41,18.31,23.52,24.76,23.43,24.49,15.68,16.7,15.64,16.64
02/01/2004,17.96,18.68,17.54,18.22,24.63,24.88,24.3,24.51,16.43,16.91,15.96,16.7
05/01/2004,18.45,18.49,17.44,17.49,25.29,25.29,23.76,23.89,16.6,16.86,15.97,15.97
06/01/2004,17.66,17.67,16.19,16.73,24.21,24.21,22.69,22.76,16.6,16.61,15.12,15.35
07/01/2004,16.72,16.75,15.5,15.5,23.01,23.01,21.81,21.91,15.21,15.69,14.87,14.89
08/01/2004,15.42,15.68,15.32,15.61,21.85,22.16,21.36,21.89,15.06,15.28,14.94,15.21
09/01/2004,16.15,16.88,15.57,16.75,22.22,23.18,21.63,23.01,15.25,16.19,15.07,16.19
12/01/2004,17.32,17.46,16.79,16.82,23.64,24.26,22.45,22.56,16.33,16.62,15.87,15.92
13/01/2004,16.6,18.33,16.53,18.04,22.32,23.89,22.26,23.05,16.2,17.13,15.98,16.79
14/01/2004,17.29,17.3,16.4,16.75,23.18,23.44,22.77,23.17,16.59,16.59,15.86,16.23
15/01/2004,17.07,17.31,15.49,15.56,23.78,24.03,22.18,22.64,15.39,16.0,14.6,14.87
16/01/2004,15.4,15.44,14.9,15.0,22.24,22.53,20.08,20.24,14.26,14.35,13.79,14.14
20/01/2004,15.77,16.13,15.09,15.21,22.03,22.13,20.26,20.49,14.97,15.08,14.13,14.18
21/01/2004,15.63,15.63,14.24,14.34,21.05,21.72,20.58,20.71,14.34,14.44,13.36,13.6
22/01/2004,14.2,14.87,14.01,14.71,20.65,21.78,20.42,21.74,13.15,13.81,13.15,13.77
23/01/2004,14.73,15.05,14.56,14.84,21.72,21.95,21.01,21.27,13.84,14.79,13.55,13.96
26/01/2004,15.78,15.78,14.52,14.55,22.56,22.77,20.99,20.99,14.31,14.38,13.47,13.63
27/01/2004,15.28,15.44,14.74,15.35,21.72,23.07,21.6,23.03,13.58,14.29,13.53,14.24
28/01/2004,15.37,17.06,15.29,16.78,22.94,25.21,22.83,25.16,14.15,15.73,14.14,15.42
29/01/2004,16.88,17.66,16.79,17.14,25.07,26.24,25.05,25.2,15.56,16.36,15.49,15.86
30/01/2004,16.55,17.35,16.55,16.63,25.58,25.68,24.88,25.06,15.75,15.8,15.27,15.43
02/02/2004,17.45,17.56,16.67,17.11,26.12,26.38,25.22,25.81,16.03,16.39,15.58,15.99
03/02/2004,17.29,17.78,17.17,17.34,26.03,26.31,25.66,26.3,15.95,16.39,15.83,16.04
04/02/2004,17.84,18.06,17.46,17.87,26.88,26.89,25.99,26.65,16.35,16.7,16.13,16.32
05/02/2004,17.91,17.99,17.6,17.71,26.67,26.81,25.96,26.17,16.35,16.52,16.19,16.4
06/02/2004,17.71,17.71,15.94,16.0,26.19,26.26,24.53,24.67,15.99,16.15,14.78,14.99
09/02/2004,16.54,16.82,16.12,16.39,25.66,25.87,25.2,25.21,15.23,15.29,14.83,15.07
10/02/2004,16.41,16.76,15.84,15.94,25.44,25.44,24.28,24.5,15.06,15.07,14.52,14.58
11/02/2004,15.9,16.16,15.26,15.39,24.58,24.77,23.4,23.53,14.56,14.79,14.1,14.2
12/02/2004,15.36,15.72,15.23,15.31,23.86,23.88,23.0,23.53,14.3,14.53,13.85,14.21
13/02/2004,15.12,16.03,14.86,15.58,23.73,24.86,23.48,24.14,13.66,14.72,13.66,14.29
17/02/2004,15.63,15.96,15.32,15.4,25.0,25.4,23.66,23.87,14.24,14.7,14.2,14.42
18/02/2004,15.51,15.76,15.3,15.59,24.01,24.22,23.49,23.73,14.45,14.72,14.25,14.58
19/02/2004,15.33,15.97,15.2,15.8,23.45,24.55,23.16,24.24,13.64,14.91,13.63,14.72
20/02/2004,15.85,16.55,15.82,16.04,24.47,24.98,23.83,24.12,14.64,15.28,14.55,14.85
23/02/2004,16.5,16.78,16.25,16.29,25.31,25.37,24.36,24.38,15.04,15.35,14.81,14.92
24/02/2004,16.38,16.76,15.77,15.9,24.82,25.27,24.36,24.68,14.98,15.12,14.51,14.7
25/02/2004,15.58,16.05,14.93,14.93,24.8,24.8,23.52,23.55,14.64,14.71,13.97,14.0
26/02/2004,15.32,15.33,14.69,14.83,23.95,24.14,23.07,23.1,13.98,14.45,13.74,13.81
27/02/2004,13.8,14.77,13.8,14.55,23.31,23.42,22.67,22.84,13.68,13.79,12.75,13.34
01/03/2004,14.91,15.05,14.4,14.44,23.85,24.02,22.54,22.54,13.62,13.67,12.99,13.27
02/03/2004,14.59,14.89,14.18,14.86,22.88,22.93,21.97,22.42,13.4,13.68,13.1,13.55
03/03/2004,14.73,15.27,14.47,14.55,22.82,23.48,22.75,23.09,13.78,13.94,13.5,13.68
04/03/2004,14.45,14.5,14.19,14.4,23.15,23.3,22.38,22.5,13.67,13.77,13.44,13.54
05/03/2004,14.81,14.82,13.83,14.48,23.17,23.27,21.89,22.08,13.66,13.71,13.05,13.55
08/03/2004,14.83,15.83,14.54,15.79,23.07,24.11,22.82,24.08,13.75,14.35,13.24,14.32
09/03/2004,15.57,16.74,15.56,16.6,24.13,24.86,24.03,24.7,14.43,15.51,14.26,15.35
10/03/2004,16.12,18.7,16.11,18.67,24.78,26.07,24.41,26.05,15.15,17.16,14.75,16.99
11/03/2004,18.81,20.69,17.63,20.67,26.05,26.68,25.48,26.58,17.77,19.47,16.16,19.42
12/03/2004,19.94,20.08,18.06,18.3,26.46,26.48,25.08,25.3,18.08,18.16,16.83,17.19
15/03/2004,18.98,21.39,18.86,21.13,26.23,27.3,26.07,27.13,17.58,20.05,17.24,19.94
16/03/2004,20.27,20.94,19.86,20.34,27.06,27.66,26.66,27.34,19.0,19.88,18.45,18.8
17/03/2004,19.54,19.55,17.98,18.11,27.28,27.31,24.5,24.75,17.96,17.96,16.12,16.26
18/03/2004,18.38,19.23,18.35,18.53,25.22,25.36,24.32,24.58,16.74,17.84,16.39,16.39
19/03/2004,17.98,19.25,17.89,19.15,24.98,25.99,24.34,25.99,16.96,18.18,16.71,18.07
22/03/2004,20.61,22.67,20.61,21.58,27.45,27.79,27.06,27.15,19.31,20.57,19.09,20.22
23/03/2004,21.06,21.33,20.01,20.67,27.13,27.21,26.25,26.84,19.66,19.86,19.01,19.57
24/03/2004,20.24,20.83,19.45,19.81,26.89,26.97,25.77,26.06,19.31,19.67,18.67,19.0
25/03/2004,19.58,19.58,17.61,17.88,25.98,26.01,23.49,23.7,18.48,18.62,16.98,17.09
26/03/2004,18.19,18.23,16.67,17.33,23.97,24.0,22.61,23.04,17.21,17.25,15.93,16.2
29/03/2004,17.11,17.17,16.29,16.5,23.66,23.66,22.74,23.16,16.17,16.2,15.71,15.98
30/03/2004,16.68,16.8,16.13,16.28,23.48,23.7,23.04,23.18,16.04,16.2,15.67,15.68
31/03/2004,16.33,16.96,16.23,16.74,23.55,24.03,23.49,23.76,15.84,16.41,15.78,16.13
01/04/2004,16.76,17.25,16.65,16.65,23.97,24.02,23.32,23.41,15.47,15.95,15.26,15.69
02/04/2004,15.21,16.55,15.21,15.64,22.8,22.82,21.31,21.35,14.17,14.93,14.05,14.05
05/04/2004,16.17,16.64,14.81,14.97,22.33,22.33,20.97,21.11,14.39,14.57,13.34,13.45
06/04/2004,15.35,15.53,15.07,15.32,21.61,22.24,21.28,22.23,14.03,14.04,13.49,13.69
07/04/2004,15.41,16.36,15.34,15.76,22.37,22.65,21.81,21.99,14.15,14.82,14.13,14.46
08/04/2004,14.96,16.82,14.96,16.26,21.53,21.79,21.1,21.38,13.89,15.41,13.88,14.75
12/04/2004,15.71,16.12,15.0,15.28,20.53,20.88,20.23,20.37,13.95,14.0,13.14,13.92
13/04/2004,15.29,17.98,15.29,17.26,20.36,22.52,20.26,22.23,13.57,16.09,13.44,16.02
14/04/2004,17.29,17.71,15.6,15.62,22.82,22.83,21.59,21.59,16.1,16.19,14.15,14.22
15/04/2004,16.02,16.78,15.22,15.74,21.99,22.97,21.53,22.83,14.33,14.89,13.88,14.48
16/04/2004,15.59,15.69,14.77,14.94,22.86,23.19,21.79,22.55,14.47,14.52,13.55,13.73
19/04/2004,15.73,16.08,15.33,15.42,23.47,23.49,21.17,21.4,14.11,14.32,13.79,13.81
20/04/2004,15.24,16.72,14.79,16.67,21.67,23.12,21.01,23.07,13.64,14.93,13.25,14.62
21/04/2004,16.61,16.94,15.55,15.6,22.6,23.35,22.43,22.82,15.81,15.82,15.15,15.19
22/04/2004,15.89,15.98,13.86,14.61,22.93,22.94,20.94,21.35,14.81,14.85,12.66,13.03
23/04/2004,12.89,14.56,12.89,14.01,21.12,21.21,20.3,20.68,12.95,13.19,12.78,12.91
26/04/2004,14.75,15.22,14.39,14.77,21.44,22.39,21.28,21.83,13.05,13.71,12.94,13.39
27/04/2004,15.05,15.17,14.37,15.07,22.13,22.32,21.59,21.84,13.62,13.65,12.9,13.41
28/04/2004,15.55,16.54,15.55,16.29,22.28,24.15,22.26,23.92,14.32,14.97,14.29,14.86
29/04/2004,16.36,17.27,15.87,16.6,24.12,25.51,23.95,24.9,14.9,16.15,14.47,15.5
30/04/2004,16.27,17.23,16.14,17.19,25.09,25.77,24.61,25.73,15.23,15.48,14.73,15.39
03/05/2004,17.69,17.72,16.61,16.62,26.18,26.27,25.35,25.72,15.89,15.95,15.51,15.59
04/05/2004,16.8,17.13,15.97,16.55,25.89,25.89,24.36,25.14,15.51,15.61,14.8,15.19
05/05/2004,16.43,16.55,15.64,15.77,25.13,25.41,24.17,24.34,15.17,15.21,14.55,14.72
06/05/2004,16.45,17.67,16.45,17.05,25.02,25.86,24.79,25.18,15.12,16.33,15.09,15.62
07/05/2004,17.22,18.17,16.44,18.13,25.41,25.54,24.2,25.5,15.41,16.82,15.41,16.82
10/05/2004,19.44,20.2,18.99,19.77,27.17,28.15,26.75,27.91,17.89,19.37,17.81,18.4
11/05/2004,19.23,19.28,17.94,18.57,27.76,27.9,26.84,27.75,17.74,17.75,17.13,17.42
12/05/2004,18.79,20.41,18.14,18.14,28.05,29.34,27.49,27.62,17.5,18.94,17.01,17.04
13/05/2004,18.78,18.92,17.97,18.86,28.22,28.33,27.37,28.11,17.33,17.65,16.61,17.22
14/05/2004,18.66,19.27,18.06,18.47,27.82,29.1,27.02,29.04,17.13,17.63,16.75,17.31
17/05/2004,19.7,20.45,19.65,19.96,29.28,29.85,29.05,29.19,18.49,19.5,18.17,18.99
18/05/2004,19.6,19.7,19.14,19.33,29.21,29.29,27.58,27.75,18.17,18.21,17.59,17.97
19/05/2004,18.48,18.93,17.58,18.93,27.14,27.19,24.75,26.09,16.84,17.32,15.89,17.29
20/05/2004,18.6,19.25,18.55,18.67,26.15,26.31,25.51,25.54,17.38,17.77,17.13,17.45
21/05/2004,18.73,18.74,18.0,18.49,25.32,25.55,24.45,24.9,17.26,17.56,17.05,17.46
24/05/2004,18.79,18.82,17.96,18.08,25.56,25.58,24.26,24.33,16.99,17.53,16.55,17.19
25/05/2004,18.41,18.42,15.73,15.96,24.67,24.82,21.62,22.04,16.97,17.22,14.6,14.79
26/05/2004,16.09,16.3,15.78,15.97,22.32,22.53,21.56,21.63,15.05,15.35,15.0,15.14
27/05/2004,15.74,15.86,15.19,15.28,21.84,22.19,21.33,21.5,14.48,14.93,14.28,14.48
28/05/2004,15.44,15.65,15.39,15.5,21.77,21.92,21.09,21.33,14.78,14.83,14.48,14.73
01/06/2004,16.6,16.96,16.19,16.3,23.18,23.58,22.51,22.57,15.36,15.84,15.06,15.26
02/06/2004,16.05,16.7,15.95,16.08,22.7,23.17,22.19,22.61,15.1,15.35,14.69,14.92
03/06/2004,16.43,17.04,16.16,17.03,22.86,23.98,22.86,23.93,15.29,15.82,15.16,15.77
04/06/2004,16.24,16.9,15.82,16.78,23.14,23.91,22.48,23.84,14.97,15.38,14.54,15.17
07/06/2004,16.6,16.7,15.33,15.39,24.11,24.21,22.52,22.65,15.02,15.16,13.99,14.02
08/06/2004,15.79,15.88,15.0,15.01,23.07,23.1,22.1,22.26,14.16,14.42,13.35,13.37
09/06/2004,14.56,15.46,14.56,15.39,22.46,22.52,22.08,22.35,13.57,13.88,13.4,13.72
10/06/2004,15.33,15.35,14.92,15.04,22.18,22.18,21.23,21.23,13.83,13.83,13.17,13.17
14/06/2004,15.54,16.36,15.54,16.07,22.29,22.86,22.16,22.24,14.14,15.33,14.09,15.04
15/06/2004,15.34,15.35,14.72,15.05,21.83,21.85,20.46,20.88,14.81,14.87,13.27,13.63
16/06/2004,14.83,15.22,14.48,14.79,20.92,21.38,20.13,20.39,13.19,13.39,12.79,13.02
17/06/2004,15.06,15.58,15.0,15.15,20.77,21.75,20.77,21.33,13.28,14.04,13.15,13.79
18/06/2004,14.74,15.25,14.51,14.99,21.63,21.63,19.77,20.02,13.38,13.89,13.04,13.63
21/06/2004,15.61,15.62,14.96,15.26,20.98,21.01,19.7,19.73,14.4,14.54,13.55,14.53
22/06/2004,15.44,15.64,14.31,14.31,19.79,19.9,18.72,19.29,14.59,14.6,13.28,13.29
23/06/2004,14.6,14.82,13.75,13.98,19.41,19.71,18.78,18.98,13.78,14.05,12.91,13.27
24/06/2004,14.39,14.97,14.16,14.81,19.22,19.61,19.07,19.36,13.31,13.78,13.14,13.7
25/06/2004,14.78,15.29,14.47,15.19,19.49,19.5,18.88,18.96,13.74,14.22,13.53,14.09
28/06/2004,15.28,16.13,15.19,16.07,19.51,20.72,19.45,20.59,14.31,14.88,14.08,14.88
29/06/2004,15.22,16.28,15.22,15.47,20.46,20.52,19.9,20.15,14.55,14.6,14.11,14.34
30/06/2004,15.27,15.73,14.25,14.34,20.29,20.52,19.09,19.37,14.09,14.55,13.4,13.49
01/07/2004,14.74,15.57,14.41,15.2,19.6,20.68,19.59,20.06,13.55,14.66,13.51,14.36
02/07/2004,15.23,15.45,14.8,15.08,20.05,20.67,19.89,19.89,14.3,14.49,13.91,14.37
06/07/2004,16.25,16.75,16.13,16.25,21.56,22.38,21.41,22.11,15.38,15.72,15.09,15.63
07/07/2004,16.36,16.47,15.59,15.81,22.34,22.39,21.89,22.26,15.23,15.47,14.86,14.94
08/07/2004,15.86,16.36,15.5,16.2,22.71,22.91,22.1,22.68,15.18,15.35,14.77,15.16
09/07/2004,16.01,16.03,15.71,15.78,22.44,22.59,22.19,22.35,15.01,15.36,14.69,15.04
12/07/2004,15.25,15.61,14.61,14.96,22.2,22.51,21.48,21.73,14.57,15.92,13.96,14.32
13/07/2004,14.86,15.08,14.28,14.46,21.78,21.8,20.62,21.42,14.0,14.21,13.51,13.85
14/07/2004,14.9,16.59,13.34,13.76,22.17,22.37,21.07,21.64,13.43,13.65,12.6,13.17
15/07/2004,13.94,14.73,13.6,14.71,21.56,22.14,20.96,21.68,13.02,13.67,12.4,13.67
16/07/2004,14.27,14.58,13.95,14.34,21.48,21.48,20.58,20.94,13.35,14.06,13.07,13.6
19/07/2004,15.17,15.83,14.86,15.17,22.11,22.47,21.55,22.21,13.75,14.67,13.53,14.3
20/07/2004,15.53,15.57,13.98,14.17,22.29,22.3,20.66,20.91,13.71,14.11,12.98,13.03
21/07/2004,14.0,16.46,13.91,16.41,21.14,22.17,19.79,22.15,13.02,15.13,12.74,15.13
22/07/2004,16.65,17.1,15.29,15.75,22.27,23.1,21.96,22.44,14.74,15.28,14.05,14.51
23/07/2004,15.82,16.94,15.82,16.5,23.14,24.11,22.79,23.91,15.67,15.87,14.68,15.03
26/07/2004,17.22,17.93,16.98,17.3,25.07,25.98,24.57,25.29,15.75,16.22,15.46,15.72
27/07/2004,17.24,17.34,16.3,16.55,25.43,25.53,24.11,24.31,15.73,15.73,14.69,15.05
28/07/2004,16.77,17.41,15.94,16.15,24.84,25.6,24.42,24.87,14.94,16.17,14.28,14.72
29/07/2004,16.0,16.12,15.42,15.68,24.73,24.79,23.82,23.99,14.54,14.67,14.08,14.32
30/07/2004,15.85,15.89,15.27,15.32,24.24,24.4,23.27,23.31,14.29,14.35,13.87,13.97
02/08/2004,16.42,16.58,15.22,15.37,25.02,25.26,23.97,24.13,14.68,14.75,13.73,13.87
03/08/2004,15.56,16.05,15.28,16.03,24.47,25.16,24.31,25.08,13.83,14.55,13.71,14.45
04/08/2004,16.33,16.65,15.82,16.21,25.38,25.65,24.63,25.05,14.57,14.88,14.19,14.7
05/08/2004,16.19,18.41,16.17,18.32,25.19,26.25,24.96,26.19,14.42,16.3,14.29,16.15
06/08/2004,18.21,19.68,18.18,19.34,26.72,27.66,26.39,27.45,16.8,18.1,16.56,17.34
09/08/2004,19.97,19.97,18.63,18.89,28.21,28.38,27.18,27.45,17.28,18.19,16.96,17.61
10/08/2004,18.8,18.86,17.25,17.47,27.56,27.59,25.9,26.52,16.41,16.52,15.78,15.86
11/08/2004,18.15,18.49,17.84,18.04,27.32,27.7,26.8,26.96,15.81,16.61,15.78,16.19
12/08/2004,18.61,19.3,18.36,19.08,27.62,28.54,27.41,28.28,16.0,17.33,16.0,17.17
13/08/2004,18.91,19.25,17.97,17.98,28.29,28.41,27.31,27.46,16.38,16.93,16.37,16.53
16/08/2004,19.28,19.28,17.42,17.57,28.22,28.22,26.2,26.72,16.6,16.6,15.53,15.73
17/08/2004,16.58,17.28,16.16,17.02,26.61,26.63,25.37,25.55,15.46,15.69,15.15,15.52
18/08/2004,17.55,17.55,16.13,16.23,26.19,26.29,24.07,24.17,15.81,15.85,14.95,15.12
19/08/2004,16.54,17.55,16.31,16.96,24.97,25.1,23.8,23.91,15.25,15.75,15.07,15.44
20/08/2004,16.99,17.04,15.78,16.0,24.29,24.32,22.9,23.06,15.49,15.49,14.42,14.72
23/08/2004,16.68,16.71,15.79,15.88,23.83,23.88,22.53,22.54,15.16,15.32,14.48,14.55
24/08/2004,15.63,15.81,15.33,15.33,22.41,22.73,21.97,21.97,14.43,14.93,14.0,14.0
25/08/2004,15.4,15.76,14.81,14.98,22.27,22.57,21.27,21.41,14.54,14.54,13.61,13.8
26/08/2004,15.22,15.22,14.76,14.91,21.7,21.77,21.36,21.6,14.19,14.19,13.61,13.84
27/08/2004,14.91,15.02,14.67,14.71,21.39,21.66,21.12,21.27,13.73,13.73,13.51,13.62
30/08/2004,15.35,15.58,15.3,15.44,22.31,23.18,22.31,23.14,14.09,14.4,13.97,14.28
31/08/2004,15.64,15.85,15.28,15.29,23.19,23.66,22.91,22.92,14.1,14.57,13.72,13.74
01/09/2004,15.39,15.39,14.72,14.91,22.95,23.16,22.1,22.65,14.13,14.28,13.43,13.72
02/09/2004,14.97,15.05,14.18,14.28,22.94,22.94,21.5,21.62,13.77,13.86,12.89,13.0
03/09/2004,14.36,14.38,13.79,13.91,22.15,22.19,21.06,21.06,12.91,13.15,12.6,12.84
07/09/2004,14.52,14.64,14.03,14.07,22.11,22.15,21.19,21.44,13.13,13.44,12.71,12.82
08/09/2004,13.41,14.31,13.41,14.06,21.77,21.83,21.24,21.28,13.07,13.19,12.67,12.9
09/09/2004,14.12,14.41,13.7,14.01,21.18,21.36,20.29,20.58,12.61,12.94,12.37,12.7
13/09/2004,13.64,13.78,13.16,13.17,21.23,21.23,18.63,19.14,12.4,12.75,12.09,12.18
14/09/2004,13.5,13.89,13.5,13.56,19.42,19.85,19.13,19.49,12.57,12.65,12.02,12.15
15/09/2004,13.88,14.67,13.68,14.64,19.82,20.53,19.82,20.3,12.72,13.41,12.53,13.35
16/09/2004,14.29,14.66,14.27,14.39,20.48,20.48,19.6,19.92,13.36,13.4,12.81,13.04
17/09/2004,14.11,14.43,13.93,14.03,20.24,20.35,19.1,20.13,13.15,13.17,12.29,12.49
20/09/2004,13.98,15.29,13.98,14.43,21.3,21.49,20.02,20.56,13.69,13.83,13.11,13.7
21/09/2004,15.98,15.98,13.38,13.66,20.6,20.72,19.86,20.3,12.4,12.61,11.89,12.1
22/09/2004,15.28,15.3,13.95,14.74,20.66,21.19,20.66,21.06,12.25,13.02,12.24,12.91
23/09/2004,14.85,15.08,14.61,14.8,21.12,21.35,20.9,21.17,12.88,13.63,12.85,13.62
24/09/2004,14.93,14.94,14.08,14.28,21.2,21.31,20.7,21.1,13.39,13.39,12.63,12.77
27/09/2004,14.86,15.09,14.55,14.62,22.3,22.34,21.73,21.92,13.08,13.27,12.96,13.04
28/09/2004,14.73,14.84,13.69,13.83,22.05,22.23,21.2,21.36,12.74,12.75,12.16,12.33
29/09/2004,14.09,14.14,13.2,13.21,21.51,21.51,20.57,20.67,12.33,12.53,11.81,11.81
30/09/2004,13.49,13.67,13.2,13.34,20.91,20.91,20.21,20.48,12.13,12.32,11.64,11.76
01/10/2004,13.11,13.11,12.6,12.75,20.05,20.22,18.72,18.91,11.33,11.49,10.87,11.41
04/10/2004,13.05,13.45,12.99,13.41,19.07,19.66,18.9,19.61,11.22,11.76,11.17,11.76
05/10/2004,13.51,14.19,13.51,13.95,19.71,20.26,19.59,20.02,11.54,12.38,11.49,12.04
06/10/2004,14.01,14.1,13.24,13.28,20.14,20.53,19.74,19.77,12.25,12.37,11.55,11.61
07/10/2004,13.33,14.66,13.32,14.5,19.93,20.75,19.65,20.59,11.78,12.6,11.74,12.59
08/10/2004,14.7,15.52,13.78,15.05,20.85,20.85,20.1,20.69,12.59,13.61,12.26,13.42
11/10/2004,14.69,15.27,14.28,14.71,20.34,20.46,19.94,20.05,12.33,13.15,12.07,12.29
12/10/2004,15.21,15.69,14.91,15.05,21.07,21.77,20.71,20.93,13.01,13.44,12.7,13.04
13/10/2004,13.92,15.63,13.92,15.42,20.68,22.94,20.52,22.13,12.58,14.12,12.22,13.66
14/10/2004,15.22,16.56,15.22,16.43,22.21,22.67,22.03,22.3,13.43,15.18,13.1,14.89
15/10/2004,16.28,16.49,14.72,15.04,22.38,22.42,21.7,21.8,14.34,14.34,12.67,12.77
18/10/2004,16.16,16.16,14.64,14.71,22.92,22.96,20.61,20.72,14.06,14.11,12.63,12.87
19/10/2004,16.32,16.32,14.32,15.13,20.74,20.89,20.1,20.84,12.75,13.85,12.58,13.59
20/10/2004,15.46,15.53,14.8,14.85,21.34,21.36,20.35,20.65,13.38,13.97,13.14,13.19
21/10/2004,14.98,15.19,14.28,14.54,20.61,20.92,20.21,20.36,13.42,13.66,12.72,13.06
22/10/2004,14.59,15.41,14.31,15.28,20.49,21.38,20.21,21.36,13.27,14.39,13.23,14.28
25/10/2004,16.07,16.71,16.02,16.58,22.29,22.73,22.14,22.7,15.18,15.62,15.1,15.49
26/10/2004,16.87,16.87,15.97,16.39,22.78,23.14,22.36,22.47,15.48,15.6,14.73,14.88
27/10/2004,16.48,16.53,15.66,15.72,22.6,22.65,21.21,21.52,15.32,15.4,14.39,14.47
28/10/2004,16.02,16.05,15.36,15.39,21.74,21.87,20.88,21.25,14.31,14.62,13.99,14.23
29/10/2004,15.83,16.29,14.96,16.27,21.47,22.06,21.17,21.9,13.85,15.02,13.69,15.02
01/11/2004,16.43,16.76,16.18,16.27,22.44,22.85,22.43,22.61,15.17,15.26,14.36,14.94
02/11/2004,15.99,16.32,15.21,16.18,22.62,23.06,21.66,22.97,14.65,15.0,13.81,14.85
03/11/2004,15.05,15.18,13.79,14.04,22.2,22.2,20.45,20.82,13.26,13.47,12.9,13.09
04/11/2004,13.83,14.02,12.95,13.97,20.89,20.9,19.73,20.16,12.86,13.22,12.14,13.22
05/11/2004,13.67,14.1,13.23,13.84,19.88,20.13,19.44,19.47,12.65,13.17,12.63,13.13
08/11/2004,14.11,14.48,13.68,13.8,20.2,20.23,19.13,19.22,12.85,13.34,12.71,13.09
09/11/2004,12.89,13.96,12.89,13.61,19.12,19.5,18.84,19.19,12.97,13.28,12.85,12.93
10/11/2004,13.16,13.51,12.79,13.08,19.32,19.91,19.16,19.41,12.86,13.03,12.52,12.64
11/11/2004,13.11,13.12,12.64,13.04,19.41,19.45,18.61,18.92,12.44,12.44,11.84,12.26
12/11/2004,13.24,13.48,13.04,13.33,18.65,18.87,18.36,18.82,11.9,12.59,11.86,12.35
15/11/2004,14.05,14.06,13.25,13.38,19.6,19.73,18.42,18.5,12.61,12.88,12.34,12.45
16/11/2004,13.41,13.67,13.2,13.21,18.63,18.95,18.52,18.6,12.67,12.81,12.13,12.2
17/11/2004,13.2,13.39,12.77,13.21,18.27,18.63,17.36,18.5,12.05,12.4,11.93,12.16
18/11/2004,13.22,13.29,12.96,12.98,18.55,19.03,18.44,18.79,12.12,12.28,11.88,12.16
19/11/2004,12.79,13.83,12.77,13.5,18.63,19.73,18.32,19.72,12.12,12.44,11.51,12.14
22/11/2004,13.71,13.71,12.94,12.97,19.98,20.07,18.72,18.77,12.39,13.19,11.84,12.13
23/11/2004,12.78,12.91,12.57,12.67,18.82,18.97,18.35,18.43,11.84,12.33,11.56,11.66
24/11/2004,12.58,12.89,12.56,12.72,18.22,18.28,17.73,17.88,11.57,11.8,11.47,11.77
26/11/2004,12.76,12.9,12.59,12.79,17.79,18.11,17.73,17.94,11.68,11.96,11.54,11.94
29/11/2004,12.99,13.69,12.93,13.3,18.15,19.18,18.02,18.83,11.93,12.84,11.93,12.59
30/11/2004,13.27,13.38,13.07,13.24,18.83,18.9,18.52,18.84,12.38,12.81,12.18,12.71
01/12/2004,13.1,13.12,12.77,12.97,18.89,18.89,17.83,18.24,12.32,12.46,11.94,12.46
02/12/2004,12.97,13.04,12.72,12.98,18.32,18.65,17.85,18.64,12.14,12.52,11.92,12.37
03/12/2004,13.02,13.06,12.4,12.96,18.38,18.39,17.73,18.26,11.85,13.22,11.74,12.12
06/12/2004,12.95,13.4,12.93,13.19,18.76,19.6,18.68,19.53,12.32,12.72,12.18,12.53
07/12/2004,13.07,13.74,12.96,13.67,19.44,20.38,19.02,20.28,12.42,12.84,12.14,12.67
08/12/2004,13.52,13.68,13.18,13.19,20.31,20.39,19.93,20.01,12.62,13.03,11.96,11.99
09/12/2004,13.52,13.71,12.77,12.88,20.75,20.94,19.63,19.84,12.43,12.76,12.07,12.2
10/12/2004,13.05,13.15,12.68,12.76,20.13,20.15,19.45,19.57,12.24,12.49,11.51,11.65
13/12/2004,12.37,12.61,12.13,12.54,19.02,19.64,18.71,18.78,10.66,11.68,10.58,11.24
14/12/2004,12.55,12.97,12.21,12.73,18.98,19.05,18.35,18.58,11.37,11.93,11.27,11.85
15/12/2004,12.41,12.88,12.23,12.35,18.91,19.14,18.28,18.77,10.84,12.07,10.77,12.07
16/12/2004,12.34,12.59,11.96,12.27,18.98,19.07,18.19,18.6,11.39,11.57,10.95,11.06
17/12/2004,12.34,12.75,11.87,11.95,18.8,19.21,18.13,18.21,10.8,11.63,10.25,11.05
20/12/2004,12.26,12.34,11.77,11.83,18.8,19.22,18.11,18.21,10.8,10.84,10.03,10.56
21/12/2004,11.78,12.0,11.37,11.55,18.35,18.35,16.58,16.94,10.61,11.47,10.36,10.52
22/12/2004,11.42,11.71,11.37,11.45,17.32,17.38,16.44,17.15,10.1,10.8,9.95,10.7
23/12/2004,11.41,11.64,11.14,11.23,16.92,17.22,16.68,16.8,10.58,10.96,10.03,10.07
27/12/2004,11.53,12.16,11.53,12.14,17.65,18.43,17.62,18.33,10.74,11.12,10.73,11.12
28/12/2004,12.25,12.4,11.97,12.0,18.31,18.51,17.74,17.79,11.09,11.11,10.8,10.87
29/12/2004,11.61,11.79,11.61,11.62,17.86,19.31,17.69,17.72,11.06,11.19,10.98,11.02
30/12/2004,12.25,12.61,12.18,12.56,17.72,18.05,17.63,17.94,11.05,11.48,11.03,11.45
31/12/2004,12.42,13.29,12.42,13.29,17.85,18.62,17.83,18.58,11.34,12.05,11.27,12.05
03/01/2005,13.39,14.23,13.25,14.08,19.08,19.78,18.8,19.5,11.76,12.76,11.67,12.43
04/01/2005,14.01,14.45,13.93,13.98,19.63,20.81,19.57,20.06,12.28,13.01,12.11,12.46
05/01/2005,13.98,14.09,13.26,14.09,20.19,20.19,19.52,20.18,12.01,12.05,11.62,11.71
06/01/2005,14.09,14.09,13.33,13.58,20.25,20.26,19.76,20.13,12.34,12.47,12.11,12.42
07/01/2005,13.47,13.51,12.94,13.49,20.07,20.07,18.83,19.15,12.09,12.73,11.77,12.17
10/01/2005,13.92,13.93,12.94,13.23,19.78,19.84,19.23,19.61,12.16,12.86,11.47,12.39
11/01/2005,13.44,13.68,13.05,13.19,19.99,20.3,19.55,19.67,11.98,12.06,11.64,11.93
12/01/2005,13.94,13.94,12.54,12.56,19.48,19.7,18.95,19.28,11.76,12.16,11.3,11.35
13/01/2005,12.7,12.86,12.37,12.84,19.2,19.45,18.81,19.09,11.26,11.95,11.01,11.86
14/01/2005,12.68,12.82,12.29,12.43,18.88,19.02,18.39,18.57,11.59,11.73,10.86,11.12
18/01/2005,13.13,13.15,12.3,12.47,19.49,19.74,18.72,18.75,11.6,11.78,10.92,11.11
19/01/2005,12.47,13.21,12.41,13.18,18.92,19.43,18.82,19.24,11.18,12.39,11.11,12.12
20/01/2005,13.37,14.11,13.28,13.83,19.71,20.22,19.45,19.5,12.01,12.73,11.99,12.5
21/01/2005,13.75,14.46,13.4,14.36,19.75,19.79,18.51,19.37,11.94,13.4,11.94,13.32
24/01/2005,14.38,14.75,14.17,14.65,19.89,20.11,19.57,19.87,13.4,13.59,13.11,13.5
25/01/2005,14.34,14.36,13.88,14.06,19.84,20.51,19.21,19.52,12.95,13.15,12.69,12.94
26/01/2005,13.84,13.84,13.06,13.44,19.43,19.43,18.41,18.92,12.46,12.46,12.01,12.4
27/01/2005,13.5,13.57,12.96,13.24,19.04,19.13,18.39,18.58,12.52,12.56,11.91,12.23
28/01/2005,13.15,13.56,12.83,13.24,18.52,18.91,18.08,18.58,12.15,12.47,11.77,12.21
31/01/2005,13.63,13.63,12.79,12.82,18.73,18.85,18.26,18.43,12.87,12.91,12.04,12.15
01/02/2005,12.8,12.8,12.02,12.03,18.46,18.65,17.72,17.76,12.04,12.12,11.2,11.29
02/02/2005,12.01,12.06,11.52,11.66,17.78,17.97,17.17,17.3,11.59,11.6,10.67,10.99
03/02/2005,12.03,12.12,11.72,11.79,17.52,17.68,17.2,17.36,11.21,11.31,10.82,10.94
04/02/2005,11.97,11.97,10.9,11.21,17.37,17.43,16.71,16.92,11.04,11.04,10.18,10.31
07/02/2005,11.53,11.75,11.36,11.73,17.23,17.56,17.16,17.56,10.7,11.1,10.67,11.0
08/02/2005,11.66,11.67,11.45,11.6,17.47,17.73,17.13,17.6,10.82,11.07,10.62,10.69
09/02/2005,11.52,12.02,11.41,12.0,17.47,18.24,17.44,18.24,10.95,11.32,10.69,11.22
10/02/2005,11.98,11.99,11.38,11.51,18.24,18.88,17.82,17.92,10.75,11.11,10.5,10.85
11/02/2005,11.64,11.82,11.25,11.43,18.17,18.25,16.98,17.19,10.57,10.79,10.3,10.65
14/02/2005,11.28,11.86,11.18,11.52,17.55,17.83,17.43,17.68,10.54,10.71,10.29,10.29
15/02/2005,11.57,11.76,11.13,11.27,17.74,18.83,17.04,17.56,10.36,10.48,10.04,10.14
16/02/2005,11.4,11.5,11.03,11.1,17.75,17.95,17.29,17.41,10.44,10.55,10.04,10.08
17/02/2005,11.25,11.91,11.21,11.77,17.19,17.58,16.61,17.53,10.09,10.55,10.08,10.47
18/02/2005,11.99,12.12,11.18,11.18,18.0,18.04,17.59,17.87,10.73,10.73,9.93,9.94
22/02/2005,12.18,13.2,12.09,13.14,18.64,19.09,18.09,19.0,11.0,11.85,10.77,11.74
23/02/2005,12.94,12.94,12.3,12.39,19.04,19.16,18.32,18.44,11.4,11.46,10.99,11.21
24/02/2005,12.51,12.51,11.48,11.57,18.64,18.64,17.52,17.61,11.06,11.14,10.39,10.5
25/02/2005,11.75,11.78,10.92,11.49,17.75,17.75,17.15,17.34,10.39,10.44,9.64,10.02
28/02/2005,11.89,12.5,11.73,12.08,18.07,18.39,17.79,18.07,10.42,11.02,10.37,10.75
01/03/2005,11.95,12.1,11.66,12.04,17.95,18.06,17.68,17.78,10.56,10.88,10.51,10.81
02/03/2005,12.88,12.91,12.2,12.5,18.13,18.24,17.59,18.2,11.18,11.43,10.79,11.4
03/03/2005,12.28,13.07,12.23,12.93,18.18,19.01,18.15,18.76,11.26,11.59,11.01,11.3
04/03/2005,12.49,12.5,11.94,11.94,18.67,18.67,17.96,18.13,11.12,11.12,10.61,10.94
07/03/2005,12.36,12.6,12.05,12.26,18.51,18.52,17.59,17.73,11.07,11.22,10.83,11.16
08/03/2005,12.06,12.5,11.95,12.4,17.96,18.02,17.04,17.86,10.87,11.18,10.87,11.04
09/03/2005,12.23,12.72,12.2,12.7,18.02,18.07,17.5,17.8,11.23,11.69,11.06,11.68
10/03/2005,12.62,12.97,12.42,12.49,17.9,18.37,17.71,17.88,11.49,11.74,11.32,11.43
11/03/2005,12.29,12.98,12.11,12.8,17.96,18.73,17.7,18.57,11.44,11.89,11.32,11.63
14/03/2005,12.82,12.99,12.36,12.39,19.0,19.1,18.32,18.35,12.1,12.17,11.74,11.74
15/03/2005,12.44,13.22,12.33,13.15,18.5,19.23,18.12,18.68,11.46,12.08,11.39,12.07
16/03/2005,13.3,13.81,13.19,13.49,18.83,19.21,18.49,19.01,12.43,13.02,12.3,12.9
17/03/2005,13.25,13.67,13.2,13.29,19.03,19.03,18.35,18.46,12.32,12.54,12.1,12.37
18/03/2005,13.65,13.67,13.08,13.14,18.63,18.73,17.78,17.88,12.02,12.41,11.68,11.85
21/03/2005,13.62,13.98,13.33,13.61,18.26,18.32,17.43,17.83,12.13,12.87,12.06,12.81
22/03/2005,13.76,14.28,13.15,14.27,17.69,18.11,17.33,18.03,12.58,13.06,12.13,13.06
23/03/2005,14.61,14.89,13.88,14.06,18.24,18.25,17.36,17.68,12.95,13.52,12.9,13.11
24/03/2005,13.86,13.88,12.97,13.42,17.7,17.7,16.89,17.15,12.73,13.1,11.94,12.38
28/03/2005,14.01,14.01,13.44,13.75,17.75,17.78,17.36,17.74,12.72,13.0,12.31,12.64
29/03/2005,13.96,14.68,13.38,14.49,17.9,18.21,17.46,17.99,12.58,13.46,12.33,13.32
30/03/2005,14.47,14.47,13.64,13.64,18.08,18.11,17.28,17.36,13.22,13.25,12.48,12.55
31/03/2005,13.71,14.1,13.57,14.02,17.55,17.79,17.48,17.65,12.66,12.83,12.49,12.78
01/04/2005,13.64,14.38,12.92,14.09,17.56,17.81,17.27,17.61,12.37,13.49,11.9,13.22
04/04/2005,14.53,14.76,13.96,14.11,18.3,18.46,17.98,18.07,13.58,14.0,13.21,13.3
05/04/2005,14.1,14.11,13.66,13.68,18.17,18.22,17.59,17.67,12.75,13.02,12.55,12.63
06/04/2005,13.75,13.76,12.89,13.15,17.66,17.7,17.21,17.35,12.61,12.73,12.06,12.18
07/04/2005,12.92,12.96,12.3,12.33,17.5,17.54,16.56,16.67,12.36,12.41,11.36,11.52
08/04/2005,12.06,12.65,11.52,12.62,16.73,17.04,16.5,16.96,11.33,11.78,11.13,11.73
11/04/2005,12.09,12.46,11.82,11.98,16.63,17.36,16.54,16.9,11.11,11.56,10.81,11.0
12/04/2005,12.12,12.83,11.2,11.3,17.11,17.56,16.19,16.24,11.49,11.87,9.73,10.03
13/04/2005,11.68,13.44,11.27,13.31,16.59,16.61,15.89,16.07,10.71,12.31,10.25,11.88
14/04/2005,13.4,14.6,12.67,14.53,16.25,18.36,16.21,18.01,11.81,14.41,11.69,14.1
15/04/2005,14.92,18.05,14.71,17.74,18.49,21.94,18.1,21.85,13.35,16.12,13.25,16.08
18/04/2005,18.33,18.59,16.41,16.56,22.09,22.26,20.88,21.38,15.93,16.59,15.12,15.46
19/04/2005,15.28,15.97,14.81,14.96,20.9,20.99,18.97,19.11,15.2,15.2,13.36,13.99
20/04/2005,14.86,17.25,14.52,16.92,19.37,20.47,18.67,20.23,13.64,16.13,13.56,15.94
21/04/2005,16.22,16.22,14.26,14.41,19.93,19.93,18.06,18.52,15.04,15.05,13.35,13.52
22/04/2005,14.54,16.32,14.2,15.38,18.61,19.17,18.2,19.04,13.66,15.11,12.99,14.57
25/04/2005,15.29,15.47,14.6,14.62,19.34,19.34,18.53,18.58,14.15,14.35,13.4,13.76
26/04/2005,14.27,15.15,14.27,14.91,18.85,19.0,18.11,18.68,14.3,14.33,13.61,14.16
27/04/2005,14.62,15.93,14.43,14.87,18.99,20.46,18.63,18.76,14.32,14.84,13.38,13.82
28/04/2005,14.19,16.87,14.19,16.86,19.11,20.21,18.84,20.13,14.23,16.0,14.01,15.81
29/04/2005,15.75,16.92,15.26,15.31,18.7,21.35,18.45,18.54,14.97,15.94,14.54,14.59
02/05/2005,15.45,16.01,15.08,15.12,19.32,20.8,18.71,20.8,14.78,15.03,14.31,14.59
03/05/2005,17.89,17.89,14.53,14.53,20.24,20.24,20.06,20.14,14.33,14.58,13.71,14.13
04/05/2005,14.44,15.38,13.7,13.85,19.52,19.55,18.17,18.32,13.59,13.82,13.05,13.15
05/05/2005,13.48,14.56,13.43,13.98,18.45,18.66,18.01,18.12,13.1,13.66,12.49,13.13
06/05/2005,13.29,14.06,13.11,14.05,17.68,17.95,17.5,17.58,12.96,13.32,12.46,13.32
09/05/2005,14.11,14.56,13.53,13.75,18.68,18.94,18.26,18.37,13.65,13.88,13.05,13.15
10/05/2005,14.05,15.11,14.03,14.91,17.86,18.34,17.75,18.11,13.25,14.13,13.15,13.93
11/05/2005,14.69,15.8,14.31,14.45,18.26,19.83,17.74,17.87,13.99,14.95,13.61,13.62
12/05/2005,14.43,16.23,14.16,16.12,17.76,18.87,17.34,18.81,13.6,15.33,12.86,15.29
13/05/2005,15.88,17.7,15.4,16.32,18.62,19.1,18.04,18.41,15.02,16.82,14.85,16.16
16/05/2005,16.87,16.87,15.67,15.68,19.11,19.32,18.69,18.77,15.75,16.19,15.27,15.33
17/05/2005,15.92,16.21,14.45,14.57,18.99,19.69,18.27,18.28,15.06,15.55,13.29,13.49
18/05/2005,14.11,14.13,13.3,13.63,18.46,18.46,17.18,17.55,13.25,13.87,12.03,12.25
19/05/2005,13.35,14.02,13.25,13.32,17.57,17.65,16.68,16.95,12.52,13.62,11.99,12.18
20/05/2005,13.57,13.73,13.07,13.14,16.95,17.18,15.84,15.88,12.33,12.81,11.85,11.88
23/05/2005,13.38,13.45,12.75,12.95,16.36,16.47,15.45,16.04,13.74,15.28,11.56,11.95
24/05/2005,13.12,13.3,12.53,12.69,16.49,16.52,15.54,15.84,12.32,12.69,11.47,11.83
25/05/2005,12.83,13.11,12.58,12.58,15.91,16.22,15.62,15.62,11.96,12.34,11.65,11.65
26/05/2005,12.23,12.38,11.65,12.24,15.45,15.45,14.57,15.0,11.35,11.61,10.81,11.41
27/05/2005,12.06,12.43,12.06,12.15,14.76,15.29,14.47,15.15,11.41,11.79,11.32,11.4
31/05/2005,12.69,13.45,12.67,13.29,15.61,16.23,15.61,16.08,12.2,12.66,12.02,12.42
01/06/2005,13.34,13.34,12.17,12.36,16.18,16.19,15.01,15.87,12.37,12.53,11.11,11.49
02/06/2005,12.35,12.43,11.8,11.84,15.75,15.99,14.72,14.95,11.43,11.77,11.16,11.24
03/06/2005,11.78,12.49,11.52,12.15,14.89,15.74,14.81,15.59,11.25,12.07,10.87,11.28
06/06/2005,12.68,13.0,12.21,12.28,15.99,16.28,15.68,15.74,11.78,11.89,11.33,11.5
07/06/2005,12.22,12.43,11.47,12.39,15.71,15.81,14.76,15.61,11.34,11.59,10.75,11.46
08/06/2005,13.1,13.11,12.05,12.7,15.61,16.11,15.47,15.8,11.27,11.91,11.24,11.71
09/06/2005,12.69,13.07,12.06,12.08,16.0,16.07,15.2,15.27,11.99,12.36,11.47,11.55
10/06/2005,12.16,12.4,11.9,11.96,15.43,16.08,15.33,15.87,11.59,12.34,11.22,11.24
13/06/2005,12.12,12.12,11.31,11.65,16.28,16.31,15.67,15.74,11.75,11.75,10.53,11.07
14/06/2005,11.65,12.02,11.52,11.79,16.05,16.19,15.58,15.75,11.6,11.74,10.61,10.92
15/06/2005,11.22,11.96,11.05,11.46,15.75,16.57,15.32,15.45,10.88,11.37,10.71,11.0
16/06/2005,11.24,11.36,11.04,11.15,15.56,15.77,14.89,14.97,10.81,11.08,10.35,10.73
17/06/2005,10.83,11.64,10.78,11.48,14.77,15.31,14.35,14.63,10.4,10.9,10.2,10.68
20/06/2005,12.51,12.53,11.31,11.47,15.62,15.62,14.19,14.7,11.18,11.74,10.51,10.77
21/06/2005,11.52,11.67,11.01,11.08,14.8,14.93,13.39,13.43,10.6,10.93,10.4,10.44
22/06/2005,10.96,11.31,10.81,11.05,13.98,14.68,13.63,14.04,10.34,10.76,10.25,10.53
23/06/2005,11.19,12.13,10.96,12.13,14.22,15.16,13.96,15.07,10.53,12.42,10.37,11.57
24/06/2005,12.27,12.32,11.95,12.18,15.14,15.43,14.93,15.3,11.41,12.11,11.36,11.96
27/06/2005,12.73,12.78,12.38,12.52,15.93,16.03,15.48,15.73,12.3,12.42,11.93,12.1
28/06/2005,12.31,12.31,11.55,11.58,15.72,15.75,14.79,14.84,11.87,11.91,11.23,11.26
29/06/2005,11.54,11.78,11.44,11.77,14.75,14.95,14.31,14.46,11.2,11.57,10.87,11.51
30/06/2005,11.72,12.1,11.5,12.04,14.25,14.55,13.72,14.46,11.14,11.88,11.03,11.7
01/07/2005,11.75,11.92,11.38,11.4,14.27,14.43,13.9,14.27,11.54,11.64,10.95,11.29
05/07/2005,12.41,12.41,11.53,11.68,15.12,15.15,14.3,14.5,12.13,12.25,11.44,11.5
06/07/2005,11.67,12.33,11.54,12.27,14.58,14.88,14.27,14.77,11.49,12.2,11.44,12.11
07/07/2005,13.91,13.92,12.48,12.49,17.09,17.09,15.12,15.14,13.15,13.34,12.14,12.18
08/07/2005,12.24,12.29,11.09,11.45,15.24,15.25,13.78,13.8,12.27,12.27,11.24,11.46
11/07/2005,10.96,11.41,10.53,11.28,14.03,14.1,13.42,13.57,11.35,11.74,10.9,11.5
12/07/2005,11.03,11.37,10.85,10.95,13.76,15.01,13.7,14.77,11.56,11.74,10.99,11.66
13/07/2005,11.09,11.44,10.8,10.84,14.68,15.3,14.59,14.88,11.98,11.98,10.49,10.65
14/07/2005,10.87,11.13,10.5,10.81,14.59,14.85,14.15,14.21,10.52,10.72,10.11,10.55
15/07/2005,10.61,10.9,10.13,10.33,13.94,13.98,12.87,13.34,10.44,10.67,9.81,9.94
18/07/2005,11.09,11.09,10.77,10.77,14.41,14.54,13.79,13.81,10.42,11.02,10.38,10.65
19/07/2005,10.63,10.79,10.36,10.45,13.66,13.68,13.0,13.06,10.32,10.51,9.65,9.71
20/07/2005,10.8,10.94,9.88,10.23,13.72,13.74,12.48,12.89,10.12,10.54,9.46,9.69
21/07/2005,10.23,11.21,10.23,10.97,12.9,13.66,12.54,13.47,9.88,10.66,9.64,10.44
22/07/2005,11.01,11.05,10.51,10.52,13.14,13.22,12.87,12.95,10.51,10.61,9.86,10.0
25/07/2005,11.12,11.28,10.7,11.1,13.33,13.82,13.21,13.58,10.66,11.02,10.27,10.69
26/07/2005,11.11,11.25,10.92,10.99,13.64,13.9,13.42,13.56,10.56,10.85,10.26,10.38
27/07/2005,11.03,11.03,10.34,10.36,13.38,13.68,12.69,12.76,10.22,10.53,9.98,10.16
28/07/2005,10.4,10.58,10.27,10.52,12.82,12.98,12.5,12.61,10.15,10.41,9.82,10.2
29/07/2005,10.24,11.73,10.24,11.57,12.91,14.01,12.84,13.87,10.31,11.09,10.15,10.82
01/08/2005,11.75,12.23,11.36,12.08,14.46,14.72,14.05,14.38,11.28,11.82,11.17,11.69
02/08/2005,12.0,12.03,11.69,11.75,14.39,14.42,13.75,13.95,11.46,11.51,11.01,11.07
03/08/2005,11.9,12.01,11.62,11.83,14.04,14.21,13.71,13.72,11.29,11.35,11.06,11.12
04/08/2005,12.12,12.57,11.99,12.52,14.0,15.12,13.9,14.94,11.38,12.14,11.35,11.69
05/08/2005,11.82,12.92,11.82,12.48,15.23,15.56,14.95,15.4,11.81,12.43,11.75,11.95
08/08/2005,12.56,13.29,12.56,13.21,15.77,16.24,15.56,15.95,12.33,12.86,12.02,12.31
09/08/2005,12.25,12.78,12.24,12.4,15.92,15.99,15.18,15.25,12.14,12.16,11.51,11.72
10/08/2005,12.03,12.56,11.51,12.38,15.36,15.97,14.5,15.67,11.47,12.23,10.96,11.83
11/08/2005,12.34,12.94,11.88,12.42,15.89,15.93,15.2,15.73,12.01,12.29,11.44,11.65
12/08/2005,12.36,12.98,12.18,12.74,15.89,16.18,15.43,15.63,11.91,12.57,11.87,12.18
15/08/2005,12.87,12.99,12.08,12.26,16.06,16.24,14.85,15.07,12.74,12.96,11.79,11.84
16/08/2005,12.37,13.89,12.28,13.52,15.41,16.28,15.23,16.2,12.23,13.03,12.01,12.88
17/08/2005,13.35,13.76,12.78,13.3,16.31,16.37,15.33,15.57,13.35,13.47,12.17,12.55
18/08/2005,13.47,13.88,13.01,13.42,15.62,15.86,15.05,15.29,12.78,13.01,12.47,12.76
19/08/2005,12.84,13.85,12.61,13.42,15.32,16.16,14.46,16.16,12.44,22.1,11.9,12.94
22/08/2005,13.67,13.89,13.2,13.42,16.5,16.5,15.62,15.94,12.49,13.03,11.98,12.67
23/08/2005,13.63,14.05,13.3,13.34,16.09,16.2,15.57,15.57,12.41,12.92,12.3,12.56
24/08/2005,13.56,14.18,13.0,14.17,15.58,15.7,14.65,15.43,12.51,13.36,11.82,13.2
25/08/2005,13.92,14.12,13.66,13.73,15.42,15.57,15.06,15.35,13.0,13.22,12.52,12.59
26/08/2005,13.79,14.2,13.65,13.72,15.43,15.76,15.12,15.37,12.64,13.3,12.45,12.71
29/08/2005,14.34,14.41,13.38,13.52,16.33,16.35,15.25,15.3,13.63,13.63,12.45,12.67
30/08/2005,13.49,14.18,13.47,13.65,15.82,16.1,15.24,15.36,13.23,13.58,12.7,12.86
31/08/2005,13.37,13.63,12.56,12.6,15.43,15.62,14.63,14.71,12.76,13.19,12.22,12.29
01/09/2005,12.86,13.37,12.31,13.15,15.02,15.39,14.65,15.07,12.64,13.04,11.83,12.85
02/09/2005,13.21,13.72,13.03,13.57,14.99,15.74,14.7,15.67,12.62,13.27,12.37,13.15
06/09/2005,14.17,14.18,12.9,12.93,15.98,16.11,14.79,14.89,13.35,13.41,12.39,12.39
07/09/2005,13.06,13.2,12.44,12.52,15.12,15.34,14.67,14.9,12.53,12.66,11.85,11.95
08/09/2005,12.72,12.94,12.37,12.93,15.02,15.02,14.47,14.7,12.14,12.51,11.74,12.17
09/09/2005,12.46,12.65,11.96,11.98,14.73,14.82,14.21,14.27,12.18,12.23,11.39,11.47
12/09/2005,11.66,11.89,11.45,11.65,14.79,15.26,14.61,15.16,10.86,11.16,10.68,11.06
13/09/2005,11.76,12.48,11.75,12.39,15.36,15.53,14.26,14.97,11.26,12.35,11.07,12.09
14/09/2005,12.79,13.26,12.67,12.91,14.86,15.68,14.52,15.57,12.2,12.4,11.61,12.18
15/09/2005,12.72,13.17,12.28,12.49,15.44,15.85,15.31,15.76,11.67,12.41,11.36,11.96
16/09/2005,11.89,11.93,11.07,11.22,15.54,15.54,14.11,14.58,11.24,11.63,10.47,10.84
19/09/2005,12.17,12.46,12.04,12.14,15.13,15.27,14.65,14.69,11.48,11.88,11.23,11.57
20/09/2005,12.23,12.96,11.83,12.64,14.87,15.33,13.88,15.17,11.52,12.63,11.25,12.3
21/09/2005,13.07,13.91,12.96,13.79,15.47,15.93,15.28,15.85,12.44,13.53,12.37,13.17
22/09/2005,13.85,14.39,13.31,13.33,16.0,16.34,15.17,15.3,13.27,13.99,12.72,12.98
23/09/2005,13.64,13.88,12.75,12.96,15.64,15.76,14.85,15.16,13.02,13.32,12.2,12.55
26/09/2005,13.27,13.47,12.64,13.04,15.45,15.45,14.56,14.82,12.71,12.9,12.22,12.55
27/09/2005,13.06,13.46,12.51,12.76,14.97,15.04,14.26,14.39,12.61,12.96,12.08,12.33
28/09/2005,12.6,12.98,12.37,12.63,14.67,14.7,14.17,14.35,12.11,12.55,11.93,12.11
29/09/2005,12.92,13.23,12.15,12.24,14.63,14.94,14.15,14.37,12.47,12.76,11.54,11.64
30/09/2005,12.42,12.44,11.92,11.92,14.54,14.56,13.31,13.31,11.71,11.85,11.34,11.49
03/10/2005,12.37,12.62,11.98,12.46,14.01,14.11,13.76,13.97,11.84,11.89,11.41,11.68
04/10/2005,12.5,13.21,12.11,13.2,14.1,14.92,13.82,14.91,11.74,12.65,11.48,12.61
05/10/2005,13.15,14.58,12.97,14.55,14.96,15.91,14.96,15.86,12.61,14.08,12.45,14.07
06/10/2005,14.53,15.63,14.04,14.96,16.0,17.12,15.62,16.79,13.64,14.97,13.39,14.38
07/10/2005,14.56,14.82,14.3,14.59,16.64,16.69,16.25,16.62,14.13,14.51,13.84,14.42
10/10/2005,14.93,15.61,14.87,15.55,16.97,17.32,16.65,17.28,14.68,15.15,14.53,14.87
11/10/2005,15.35,15.7,15.06,15.63,17.31,17.33,16.76,17.15,14.67,15.16,14.52,14.95
12/10/2005,15.56,16.27,15.04,16.22,17.38,17.85,16.91,17.76,14.92,15.66,14.31,15.57
13/10/2005,16.32,17.19,15.98,16.47,17.83,18.11,16.75,17.19,15.77,16.3,15.25,15.75
14/10/2005,15.99,16.03,14.83,14.87,17.01,17.17,16.13,16.23,15.47,15.5,14.36,14.49
17/10/2005,15.3,15.3,14.58,14.67,16.63,16.72,16.11,16.22,14.8,14.82,14.25,14.28
18/10/2005,14.92,15.4,14.79,15.33,16.48,16.61,16.18,16.48,14.58,14.87,14.35,14.7
19/10/2005,15.63,15.86,13.47,13.5,16.8,17.13,15.57,15.57,14.86,15.58,13.54,13.58
20/10/2005,14.18,16.19,13.98,16.11,15.94,16.43,15.4,16.35,13.51,15.12,12.98,15.09
21/10/2005,15.53,16.27,15.26,16.13,15.84,16.03,15.39,15.82,14.74,15.44,14.6,15.08
24/10/2005,16.18,16.44,14.61,14.74,16.29,16.43,15.02,15.23,15.55,15.61,13.99,14.08
25/10/2005,14.96,15.3,14.2,14.53,15.45,15.76,14.99,15.28,14.49,14.65,13.82,14.09
26/10/2005,14.8,14.88,13.72,14.59,15.48,16.13,14.9,15.87,14.3,14.34,13.17,13.98
27/10/2005,14.73,16.3,14.57,16.02,16.11,17.89,15.93,17.7,14.11,15.19,13.93,15.11
28/10/2005,15.45,15.61,14.11,14.25,17.56,17.99,17.32,17.52,14.61,14.7,13.52,13.56
31/10/2005,14.04,15.39,13.93,15.32,17.82,17.99,17.13,17.99,13.9,14.1,13.19,14.1
01/11/2005,14.85,15.66,14.65,14.85,17.83,18.1,17.11,17.39,13.75,13.91,13.1,13.81
02/11/2005,14.99,14.99,13.38,13.48,17.67,17.68,15.82,15.82,13.89,13.98,12.73,12.73
03/11/2005,13.12,13.23,12.5,13.0,15.73,15.86,14.93,15.65,12.18,12.25,11.71,12.05
04/11/2005,12.88,13.62,12.69,13.17,15.7,15.95,15.11,15.18,11.94,12.59,11.26,12.02
07/11/2005,13.11,13.65,12.76,13.1,15.48,16.09,15.14,15.67,12.15,12.54,11.89,12.16
08/11/2005,13.61,13.61,13.04,13.08,15.88,16.07,15.26,15.56,12.61,12.61,12.01,12.12
09/11/2005,13.14,13.36,12.42,12.8,15.85,16.45,15.55,15.87,12.19,12.29,11.46,11.8
10/11/2005,12.68,13.17,11.73,11.9,16.14,16.73,14.61,14.61,11.82,12.18,10.85,11.13
11/11/2005,11.82,11.96,11.63,11.63,14.56,14.58,13.91,14.21,11.0,11.26,10.72,11.21
14/11/2005,11.99,12.34,11.77,12.18,14.93,15.22,14.55,14.68,11.19,11.4,11.05,11.28
15/11/2005,12.16,12.69,11.7,12.23,14.87,15.54,14.15,14.79,11.28,11.62,10.96,11.44
16/11/2005,12.22,12.68,12.17,12.26,14.6,15.27,13.85,13.96,11.4,11.68,11.1,11.36
17/11/2005,11.92,12.2,11.25,11.25,13.97,13.97,13.22,13.28,11.27,11.36,10.46,10.68
18/11/2005,11.19,11.67,10.96,11.12,14.38,14.6,14.08,14.36,10.0,10.77,9.96,10.02
21/11/2005,11.18,11.38,10.71,10.82,14.77,15.07,14.08,14.11,10.26,10.78,9.9,10.22
22/11/2005,11.01,11.1,10.5,10.6,14.57,14.64,13.55,14.01,10.32,10.39,9.76,10.09
23/11/2005,10.96,11.03,10.67,10.96,14.19,14.34,13.78,14.16,9.92,10.31,9.87,10.08
25/11/2005,11.04,11.24,10.88,10.88,14.31,14.36,13.79,13.89,10.52,10.71,10.22,10.32
28/11/2005,11.34,11.99,11.33,11.84,14.35,15.18,14.3,14.78,10.71,11.19,10.59,11.05
29/11/2005,11.77,11.96,11.61,11.89,14.89,15.52,14.62,15.4,11.06,11.14,10.87,11.01
30/11/2005,11.84,12.13,11.55,12.06,15.44,15.5,14.99,15.31,11.11,11.21,9.69,11.1
01/12/2005,12.09,12.23,11.14,11.24,15.18,15.18,14.36,14.42,10.87,10.93,10.44,10.46
02/12/2005,11.1,11.23,10.94,11.01,14.61,14.62,13.91,13.92,10.43,10.65,10.21,10.39
05/12/2005,11.45,11.68,11.4,11.6,14.55,15.04,14.54,14.6,10.8,11.0,10.65,10.8
06/12/2005,11.16,11.59,10.96,11.52,14.62,14.76,14.06,14.36,10.64,10.89,10.38,10.79
07/12/2005,11.49,12.44,11.45,12.18,14.41,15.38,14.38,14.98,10.86,11.43,10.76,11.15
08/12/2005,11.88,12.41,11.73,12.21,15.11,15.82,14.73,15.44,11.11,11.6,10.74,11.32
09/12/2005,11.91,12.2,11.56,11.69,15.46,15.65,15.07,15.14,11.29,11.44,10.72,10.98
12/12/2005,10.86,11.81,10.83,11.47,15.04,15.18,14.64,14.83,10.34,11.45,10.16,10.88
13/12/2005,11.18,11.42,10.74,11.11,14.78,15.08,13.94,14.22,11.1,11.14,9.91,10.16
14/12/2005,10.75,10.79,10.39,10.48,14.61,14.66,13.64,13.79,10.16,10.68,9.63,10.04
15/12/2005,10.66,11.11,10.37,10.73,13.84,14.27,13.53,13.99,10.12,10.57,9.63,10.28
16/12/2005,10.7,10.75,10.15,10.68,13.4,13.71,12.85,13.19,9.35,9.56,9.0,9.31
19/12/2005,11.11,11.38,10.65,11.38,13.88,14.28,13.38,14.23,9.95,10.39,9.63,10.22
20/12/2005,11.32,11.45,11.0,11.19,14.17,14.32,13.53,14.14,10.23,10.38,8.3,10.07
21/12/2005,10.71,11.07,10.34,10.81,14.07,14.11,13.38,13.97,9.97,10.17,9.6,10.13
22/12/2005,10.82,10.89,10.28,10.29,13.87,13.92,13.52,13.67,10.07,10.1,9.42,9.49
23/12/2005,10.37,10.48,10.24,10.27,13.74,13.8,13.5,13.6,9.47,9.74,9.36,9.47
27/12/2005,10.97,11.65,10.83,11.57,14.17,14.7,13.87,14.65,10.1,11.03,9.93,10.98
28/12/2005,11.55,11.64,11.26,11.35,14.56,14.8,14.33,14.48,10.75,10.86,10.47,10.67
29/12/2005,11.36,11.67,11.14,11.61,14.55,14.67,14.38,14.62,10.63,10.77,10.55,10.74
30/12/2005,11.96,12.07,11.55,12.07,14.84,14.86,14.06,14.26,10.96,11.09,10.73,11.03
03/01/2006,12.25,12.51,10.99,11.14,14.85,15.24,14.32,14.69,11.3,11.6,10.51,10.57
04/01/2006,11.22,11.71,10.97,11.37,14.78,14.9,14.34,14.85,10.69,11.06,10.4,10.87
05/01/2006,11.43,11.84,11.31,11.31,14.99,15.16,14.72,15.01,10.88,10.99,10.49,10.66
06/01/2006,11.23,11.5,10.81,11.0,15.17,15.17,14.53,14.95,10.42,10.63,9.77,10.42
09/01/2006,11.35,11.35,10.98,11.13,15.51,15.83,15.48,15.66,10.78,10.78,10.41,10.54
10/01/2006,11.39,11.39,10.84,10.86,15.95,16.13,15.68,15.77,10.65,10.72,10.35,10.4
11/01/2006,11.03,11.16,10.83,10.94,15.9,15.92,15.07,15.23,10.53,10.76,10.26,10.31
12/01/2006,10.98,11.38,10.94,11.2,15.66,16.24,15.58,15.93,10.47,10.82,10.34,10.68
13/01/2006,11.4,11.61,11.11,11.23,16.33,16.59,15.91,15.92,10.9,11.0,10.59,10.67
17/01/2006,12.13,12.46,11.87,11.91,17.02,17.13,15.77,16.74,11.18,11.57,11.07,11.16
18/01/2006,12.62,12.7,12.2,12.25,17.75,17.76,17.09,17.11,11.62,11.75,11.43,11.48
19/01/2006,12.12,12.34,11.65,11.98,17.09,17.15,16.4,16.51,11.57,11.57,10.81,11.07
20/01/2006,12.1,14.56,11.89,14.56,16.62,19.5,16.29,19.45,11.05,13.39,10.98,13.38
23/01/2006,14.44,14.48,13.58,13.93,20.59,20.59,19.08,19.43,13.55,13.57,12.64,12.95
24/01/2006,13.79,13.83,13.14,13.31,19.4,19.44,18.22,18.37,12.88,12.88,11.88,12.15
25/01/2006,12.95,13.38,12.62,12.87,18.1,18.33,17.81,17.93,12.13,12.38,11.61,11.83
26/01/2006,12.89,12.91,12.19,12.42,17.67,17.81,17.38,17.55,11.63,11.75,11.19,11.3
27/01/2006,12.27,12.33,11.72,11.97,17.53,17.8,16.77,17.31,11.38,11.39,10.56,10.94
30/01/2006,12.22,12.46,12.07,12.39,17.83,18.0,17.66,17.89,11.44,11.53,11.31,11.45
31/01/2006,12.45,13.06,12.45,12.95,18.11,18.58,17.78,18.58,11.59,12.18,10.63,12.1
01/02/2006,13.03,13.03,12.34,12.36,18.34,18.35,17.08,17.12,12.02,12.03,11.16,11.58
02/02/2006,12.54,13.47,12.48,13.23,17.31,17.89,17.31,17.79,11.85,12.59,11.82,12.51
03/02/2006,13.37,13.7,12.64,12.96,18.02,18.08,17.2,17.53,12.6,13.03,12.1,12.42
06/02/2006,13.43,13.43,12.99,13.04,18.15,18.16,17.59,17.62,12.77,12.78,12.2,12.37
07/02/2006,13.2,13.67,12.97,13.59,17.79,17.84,17.52,17.66,12.97,12.97,12.3,12.87
08/02/2006,13.41,13.61,12.76,12.83,17.62,17.65,16.87,17.06,12.73,12.93,12.11,12.18
09/02/2006,12.56,13.15,12.27,13.12,17.07,17.23,16.69,17.14,12.09,12.17,11.55,12.1
10/02/2006,13.35,13.73,12.69,12.87,17.03,17.35,16.59,16.88,12.0,12.75,11.65,11.89
13/02/2006,13.34,13.7,13.05,13.35,17.54,17.65,17.34,17.39,12.5,12.78,12.1,12.23
14/02/2006,13.09,13.15,12.01,12.25,17.42,17.59,16.73,16.91,12.61,12.61,11.47,11.65
15/02/2006,12.43,12.95,12.21,12.31,16.93,16.96,15.98,16.05,11.79,12.18,11.55,11.75
16/02/2006,12.19,12.29,11.13,11.48,16.02,16.07,14.92,14.93,11.48,11.73,10.25,10.95
17/02/2006,11.64,12.21,11.52,12.01,15.03,15.12,14.73,15.11,10.74,11.13,10.59,11.06
21/02/2006,12.36,12.64,12.28,12.41,15.48,15.57,15.13,15.25,11.45,11.95,11.3,11.64
22/02/2006,12.27,12.3,11.68,11.88,15.15,15.37,14.76,15.34,11.6,11.67,10.78,11.06
23/02/2006,11.86,11.97,11.58,11.87,15.18,15.59,15.16,15.59,11.2,11.46,10.81,11.17
24/02/2006,11.94,12.06,11.42,11.46,15.34,15.37,15.12,15.16,11.08,11.21,10.63,10.7
27/02/2006,11.79,11.83,11.4,11.59,15.43,15.45,14.92,14.97,11.07,11.11,10.75,11.03
28/02/2006,11.74,12.36,11.71,12.34,15.02,16.01,14.94,15.99,11.28,11.68,11.17,11.6
01/03/2006,12.05,12.07,11.52,11.54,16.03,16.05,15.4,15.49,11.42,11.53,10.84,10.9
02/03/2006,11.79,11.95,11.56,11.72,15.65,16.25,15.57,15.99,11.36,11.37,10.87,10.9
03/03/2006,12.03,12.1,11.36,11.96,16.18,16.3,15.78,16.27,11.44,11.5,10.55,11.34
06/03/2006,12.22,12.91,12.22,12.74,16.6,17.71,16.58,17.52,11.74,12.35,11.54,12.16
07/03/2006,12.92,13.34,12.64,12.66,17.76,18.09,17.66,17.7,12.44,12.54,11.86,12.09
08/03/2006,12.83,13.34,12.26,12.32,17.99,18.37,17.4,17.47,12.24,12.43,11.63,11.78
09/03/2006,12.21,12.69,12.01,12.68,17.57,17.96,17.12,17.79,11.85,12.04,11.48,12.04
10/03/2006,12.52,12.6,11.79,11.85,17.85,18.1,17.51,17.62,11.77,11.91,11.16,11.19
13/03/2006,11.72,11.75,10.89,11.37,17.97,17.97,17.22,17.25,11.1,11.49,10.95,11.28
14/03/2006,11.61,11.72,10.53,10.74,17.33,17.33,15.72,15.72,11.12,11.19,10.66,10.84
15/03/2006,11.17,11.54,10.98,11.35,15.59,15.65,14.9,15.44,10.88,11.07,10.74,10.77
16/03/2006,10.59,12.05,10.57,11.98,15.54,15.75,15.08,15.62,10.82,11.15,10.59,11.09
17/03/2006,11.56,12.2,11.53,12.12,15.55,15.6,14.9,15.36,10.8,11.08,10.6,10.87
20/03/2006,12.11,12.21,11.82,11.79,15.96,16.24,15.76,15.93,11.19,11.66,11.01,11.06
21/03/2006,11.71,11.89,11.17,11.62,15.98,16.12,15.42,16.04,10.98,11.19,10.48,10.92
22/03/2006,11.71,11.79,11.11,11.21,16.42,16.43,15.91,16.1,10.99,11.09,10.51,10.92
23/03/2006,11.19,11.57,11.11,11.17,16.35,16.39,15.92,16.03,10.58,11.07,10.44,10.62
24/03/2006,11.23,11.48,11.09,11.19,15.88,16.22,15.46,15.91,10.61,10.9,10.38,10.54
27/03/2006,11.46,11.72,11.41,11.46,16.5,16.62,16.08,16.11,11.14,11.17,10.49,10.5
28/03/2006,11.69,11.9,11.38,11.58,16.3,16.44,15.75,16.3,11.12,11.37,10.72,10.87
29/03/2006,11.46,11.57,10.79,10.95,16.27,16.42,15.02,15.81,10.85,11.01,10.29,11.15
30/03/2006,11.03,11.73,10.7,11.57,15.78,16.21,15.3,16.14,10.53,11.21,10.15,10.43
31/03/2006,11.42,11.65,11.27,11.39,16.02,16.6,15.95,16.31,10.95,11.14,10.62,10.96
03/04/2006,11.47,11.62,11.03,11.57,16.71,16.82,16.35,16.52,10.89,11.04,10.36,10.97
04/04/2006,11.66,11.8,11.09,11.14,16.56,16.8,16.22,16.26,11.08,11.18,10.28,11.01
05/04/2006,11.24,11.36,11.06,11.13,16.29,16.42,15.85,15.92,10.71,10.82,10.45,10.72
06/04/2006,11.34,11.74,11.25,11.45,15.96,16.12,15.51,15.63,10.63,11.08,10.54,10.53
07/04/2006,11.44,12.31,11.2,12.26,15.62,15.99,15.37,15.88,10.61,11.58,10.4,10.85
10/04/2006,12.44,12.49,12.04,12.19,16.42,16.7,16.33,16.4,11.77,11.84,11.29,11.54
11/04/2006,12.09,13.06,12.06,13.0,16.51,17.33,16.46,17.04,11.34,12.47,11.3,11.61
12/04/2006,13.08,13.9,12.66,12.76,17.09,17.2,16.77,17.04,12.12,12.16,11.8,12.14
13/04/2006,12.93,13.0,12.28,12.38,17.02,17.1,16.12,16.34,11.93,12.1,11.31,11.89
17/04/2006,12.8,13.02,12.27,12.58,17.03,17.71,16.85,17.31,11.82,12.27,11.42,11.35
18/04/2006,12.55,12.55,11.31,11.4,17.33,17.43,15.42,16.34,11.82,11.82,10.51,11.83
19/04/2006,11.52,11.8,11.23,11.32,16.3,16.52,15.11,15.21,10.65,11.09,10.46,10.68
20/04/2006,11.3,11.67,11.02,11.64,15.32,15.61,14.7,15.52,10.56,10.69,10.09,10.57
21/04/2006,11.24,11.98,11.19,11.59,15.3,16.07,15.24,15.92,10.34,10.95,10.19,10.63
24/04/2006,12.26,12.42,11.67,11.75,16.47,16.61,15.61,15.61,11.26,11.38,10.72,10.69
25/04/2006,11.71,12.19,11.59,11.75,15.65,15.95,15.53,15.59,10.76,11.22,7.63,10.76
26/04/2006,11.76,11.79,11.34,11.76,15.6,15.74,15.44,15.55,10.8,10.8,10.36,10.93
27/04/2006,12.27,12.52,11.55,11.84,15.84,15.98,14.77,15.21,11.16,11.39,10.37,10.66
28/04/2006,12.13,12.13,11.42,11.59,15.65,15.85,15.33,15.51,10.95,10.95,10.41,10.72
01/05/2006,11.83,12.59,11.75,12.54,15.96,16.42,15.78,16.33,10.9,11.64,10.82,10.53
02/05/2006,12.2,12.27,11.93,11.99,16.05,16.13,15.68,15.79,11.18,11.32,11.03,11.55
03/05/2006,12.21,12.45,11.95,11.99,15.84,15.99,15.46,15.58,11.26,11.6,11.09,11.2
05/05/2006,11.39,11.62,11.18,11.62,14.68,14.7,14.38,14.43,10.68,10.74,10.28,11.03
08/05/2006,11.98,12.06,11.81,12.0,14.96,15.04,14.62,14.77,11.0,11.22,10.72,10.55
09/05/2006,12.1,12.15,11.88,11.99,14.94,15.02,14.55,14.64,11.05,11.19,10.65,10.9
10/05/2006,12.22,12.32,11.78,11.78,14.93,15.23,14.63,14.85,11.29,11.62,11.08,10.86
11/05/2006,12.33,12.92,11.99,12.49,14.93,15.79,14.88,15.72,11.33,12.04,10.76,11.11
12/05/2006,12.71,14.26,12.71,14.19,16.01,17.16,15.94,17.1,11.9,13.12,11.9,11.73
15/05/2006,15.12,15.13,13.44,13.57,17.87,18.69,17.54,18.04,13.65,14.04,12.56,13.1
16/05/2006,13.49,13.61,12.98,13.35,17.82,17.82,17.11,17.33,13.03,13.03,12.33,13.06
17/05/2006,13.83,16.26,13.39,16.26,18.48,19.62,17.45,19.56,12.92,15.42,12.92,12.61
18/05/2006,15.54,17.09,14.96,16.99,19.56,20.37,19.15,20.31,15.14,16.23,14.35,15.42
19/05/2006,16.16,18.01,15.9,17.18,20.39,22.3,20.06,20.95,15.51,16.79,14.92,16.19
22/05/2006,18.55,19.62,16.73,17.72,21.89,23.34,21.6,22.54,17.54,18.5,16.74,16.39
23/05/2006,16.7,18.26,15.36,18.26,21.98,22.21,19.8,22.18,15.91,17.54,14.53,17.59
24/05/2006,17.87,19.87,17.13,17.36,22.05,23.55,20.81,21.91,17.02,18.72,16.27,17.44
25/05/2006,16.67,16.67,15.31,15.5,21.47,21.47,19.57,19.69,15.45,15.48,14.26,16.43
26/05/2006,14.92,15.04,14.26,14.26,19.32,19.45,18.37,18.58,13.97,14.09,12.91,14.28
30/05/2006,15.39,18.72,15.39,18.66,19.66,22.1,19.66,22.1,14.62,17.76,14.61,13.29
31/05/2006,18.09,18.09,16.41,16.44,21.56,21.98,20.54,21.46,16.65,16.84,14.61,17.76
01/06/2006,16.47,16.56,14.48,14.52,21.29,21.34,18.72,18.86,15.77,15.85,13.65,15.62
02/06/2006,14.17,14.97,13.92,14.32,18.3,19.29,18.1,18.38,13.29,14.3,13.1,13.81
05/06/2006,14.97,17.14,14.97,16.65,18.97,21.06,18.87,20.9,14.12,16.18,13.76,13.53
06/06/2006,16.72,18.56,16.65,17.34,21.04,23.17,21.0,22.18,15.7,17.6,15.61,15.87
07/06/2006,17.21,17.86,16.07,17.8,22.44,23.64,21.37,23.54,16.21,16.94,15.35,16.42
08/06/2006,17.92,20.75,17.88,18.35,23.87,27.29,23.84,24.61,17.09,19.18,16.68,16.9
09/06/2006,17.9,18.45,17.07,18.12,23.78,23.78,22.13,23.22,16.65,17.31,16.23,17.32
12/06/2006,18.13,21.25,17.89,20.96,24.29,26.04,24.14,25.64,17.37,19.76,17.32,17.2
13/06/2006,20.95,23.81,20.27,23.81,25.23,25.88,23.51,25.73,20.13,22.0,19.13,19.75
14/06/2006,23.45,23.49,21.45,21.46,25.65,25.79,24.19,24.34,21.72,21.78,19.92,22.0
15/06/2006,21.05,21.14,15.65,15.9,23.43,23.43,19.38,19.47,19.52,19.6,14.52,19.92
16/06/2006,16.56,18.13,16.52,17.25,19.89,22.34,19.24,21.69,15.52,16.69,14.68,14.82
19/06/2006,16.06,18.1,15.73,17.83,21.62,22.42,21.2,22.04,14.86,16.4,14.81,15.66
20/06/2006,17.52,17.65,16.39,16.69,21.9,22.2,20.92,21.03,15.72,15.84,14.54,16.18
21/06/2006,16.67,16.72,14.88,15.52,21.04,21.13,18.49,19.66,14.86,15.07,13.21,14.97
22/06/2006,15.95,16.66,15.56,15.88,19.9,21.48,19.76,20.81,14.0,14.94,14.0,14.07
23/06/2006,16.41,16.58,14.94,15.89,21.03,21.32,19.57,20.36,14.67,14.88,13.21,14.23
26/06/2006,16.55,16.61,15.49,15.62,20.9,21.15,20.52,20.83,14.82,15.01,14.24,14.5
27/06/2006,15.58,16.55,15.27,16.4,20.65,22.26,20.42,22.11,14.31,15.29,14.12,14.29
28/06/2006,16.02,17.0,15.78,15.79,22.12,22.7,21.43,21.45,14.96,15.6,14.57,15.13
29/06/2006,15.28,15.3,12.93,13.03,21.08,21.14,17.67,17.93,14.2,15.08,10.8,14.72
30/06/2006,12.9,13.47,12.74,13.08,17.78,18.54,17.71,17.89,11.88,12.36,11.71,12.04
03/07/2006,13.29,13.51,12.77,13.05,21.94,22.22,17.58,17.68,12.25,12.37,11.85,12.09
05/07/2006,13.92,14.77,13.86,14.15,18.6,20.12,18.6,19.78,12.83,13.6,12.81,13.21
06/07/2006,14.04,14.04,13.25,13.65,19.69,19.91,19.09,19.8,12.87,12.99,12.18,12.61
07/07/2006,13.9,14.45,13.43,13.97,19.94,20.59,19.42,20.17,13.05,13.35,12.69,13.05
10/07/2006,14.17,14.5,13.67,14.02,20.83,21.33,20.29,20.82,13.07,13.31,12.55,13.03
11/07/2006,14.31,14.68,13.1,13.14,21.08,21.64,20.13,20.18,13.32,13.6,12.3,12.3
12/07/2006,13.39,14.85,13.26,14.49,20.48,22.24,20.28,22.07,12.46,13.82,12.31,13.57
13/07/2006,15.17,17.83,15.17,17.79,22.68,24.75,22.62,24.66,14.37,16.96,14.21,16.41
14/07/2006,17.57,18.79,17.28,18.05,24.61,25.32,24.45,24.62,16.14,19.98,15.99,17.17
17/07/2006,18.73,18.76,17.75,18.64,25.25,25.29,24.48,24.52,17.33,17.83,16.79,17.59
18/07/2006,18.2,19.58,17.66,17.74,24.38,25.42,23.8,23.89,17.12,18.12,16.8,16.84
19/07/2006,17.62,17.62,14.47,15.55,24.15,24.15,21.71,22.83,16.18,16.21,13.73,14.44
20/07/2006,15.1,16.37,14.87,16.21,22.33,23.42,22.06,23.22,14.26,15.43,14.0,15.4
21/07/2006,16.23,17.56,16.23,17.4,23.55,23.61,22.76,23.2,15.13,15.94,14.99,15.92
24/07/2006,17.08,17.08,14.89,14.98,23.45,23.56,21.53,21.78,15.86,15.86,14.23,14.38
25/07/2006,15.44,15.68,14.31,14.85,22.01,22.24,20.95,21.52,14.54,14.7,13.22,13.86
26/07/2006,15.04,15.21,14.09,14.62,21.61,21.72,20.22,20.69,13.93,14.18,13.12,13.65
27/07/2006,14.26,15.39,14.07,14.94,20.26,21.22,19.78,20.79,13.1,14.38,12.92,13.96
28/07/2006,14.73,14.75,14.06,14.33,20.66,20.68,19.23,19.26,13.76,13.83,13.14,13.47
31/07/2006,15.01,15.13,14.86,14.95,20.02,20.42,19.69,20.33,14.27,14.32,14.09,14.2
01/08/2006,15.49,16.15,15.03,15.05,21.13,22.16,20.97,21.38,14.44,15.06,14.19,14.23
02/08/2006,14.93,14.93,13.92,14.34,21.15,21.15,20.02,20.85,13.91,13.98,13.13,13.76
03/08/2006,15.1,15.19,14.2,14.46,21.76,21.86,20.83,21.12,14.44,14.51,13.34,13.59
04/08/2006,14.03,14.91,13.65,14.34,20.66,22.44,20.16,21.63,13.01,14.29,12.88,13.77
07/08/2006,14.98,15.53,14.97,15.23,22.63,23.31,22.63,22.87,14.29,14.95,14.22,14.37
08/08/2006,15.2,15.55,14.86,15.23,22.88,23.44,21.81,22.85,14.37,15.08,12.81,14.45
09/08/2006,14.76,15.41,14.07,15.2,22.12,22.12,19.91,21.6,13.94,15.01,13.61,14.8
10/08/2006,15.56,15.73,14.45,14.46,22.1,22.21,20.66,20.86,15.19,15.31,14.37,14.45
11/08/2006,14.72,14.85,14.3,14.3,21.04,21.1,20.05,20.06,14.1,14.58,13.81,13.83
14/08/2006,14.15,14.43,13.41,14.26,19.15,19.19,18.06,19.11,13.59,14.16,13.13,13.89
15/08/2006,13.57,13.72,13.15,13.42,18.74,18.89,18.13,18.49,13.26,13.36,12.68,13.18
16/08/2006,12.69,12.95,12.11,12.41,18.35,19.04,18.11,18.99,12.82,12.83,11.7,11.9
17/08/2006,12.69,12.72,12.21,12.24,19.54,19.83,18.07,18.96,12.2,12.43,11.86,11.88
18/08/2006,12.11,12.52,11.57,11.64,19.25,19.3,17.64,18.45,11.75,11.98,11.2,11.28
21/08/2006,12.4,12.62,12.21,12.22,20.15,20.52,19.75,19.87,12.35,12.35,11.74,11.76
22/08/2006,12.42,12.42,11.93,12.19,20.02,20.14,19.21,19.96,12.02,12.11,11.57,11.66
23/08/2006,12.26,12.73,12.16,12.4,20.2,20.72,19.92,20.29,11.77,12.14,11.52,11.86
24/08/2006,12.24,12.58,12.21,12.4,20.32,20.45,19.45,19.52,11.84,12.15,11.7,12.01
25/08/2006,12.41,12.47,12.08,12.31,19.64,19.78,16.89,16.98,11.93,12.07,11.62,11.86
28/08/2006,12.92,12.92,12.07,12.18,17.77,17.78,17.0,17.23,12.38,12.42,11.76,12.0
29/08/2006,12.27,12.83,12.21,12.28,17.21,17.87,17.15,17.29,11.9,12.38,11.87,11.97
30/08/2006,12.14,12.35,12.1,12.22,17.24,17.34,16.77,16.8,11.63,11.88,11.59,11.77
31/08/2006,12.23,12.33,12.07,12.31,16.81,17.39,16.61,17.39,11.79,12.01,11.65,12.0
01/09/2006,12.14,12.33,11.91,11.96,16.96,17.26,16.07,16.8,11.64,11.84,11.5,11.64
05/09/2006,12.8,12.86,12.43,12.63,17.99,18.35,17.68,18.35,10.95,12.42,10.95,12.18
06/09/2006,13.06,13.88,13.06,13.74,18.88,20.32,18.78,20.19,12.68,13.31,12.58,13.18
07/09/2006,14.07,14.49,13.67,13.88,20.51,20.93,19.83,20.27,13.49,13.92,13.17,13.38
08/09/2006,13.79,13.8,13.05,13.16,20.35,20.38,19.57,19.82,13.26,13.26,12.6,12.76
11/09/2006,13.95,13.95,12.75,12.99,20.77,20.82,19.49,19.77,13.09,13.24,12.1,12.15
12/09/2006,13.04,13.14,11.55,11.92,19.79,19.79,17.76,18.26,12.11,12.47,11.27,11.42
13/09/2006,10.72,12.54,10.54,11.18,18.3,18.48,17.51,17.59,11.72,11.84,10.79,11.23
14/09/2006,11.36,12.02,10.74,11.55,17.88,18.16,16.7,17.49,10.84,11.0,10.76,10.94
15/09/2006,11.49,12.54,11.4,11.76,16.67,17.84,16.3,17.75,10.84,11.37,10.76,10.86
18/09/2006,12.28,12.41,11.58,11.78,17.98,18.71,17.61,18.45,11.45,11.82,11.0,11.18
19/09/2006,11.96,12.69,11.86,11.98,18.7,20.17,18.22,18.26,11.23,12.28,11.18,11.41
20/09/2006,11.75,11.75,11.34,11.39,17.89,18.74,16.87,18.45,11.2,11.21,9.36,10.94
21/09/2006,11.43,12.6,11.28,12.25,18.28,18.71,17.78,18.2,11.01,12.15,10.8,11.89
22/09/2006,12.47,13.28,12.47,12.59,18.35,18.76,18.2,18.23,12.04,12.68,12.03,12.07
25/09/2006,12.97,13.41,11.93,12.12,18.56,19.12,17.48,17.72,12.46,12.9,11.55,11.84
26/09/2006,12.23,12.23,11.51,11.53,17.77,18.23,17.34,17.66,11.76,11.82,11.1,11.12
27/09/2006,11.65,11.9,11.42,11.58,17.85,17.97,17.2,17.41,11.28,11.54,11.0,11.23
28/09/2006,11.64,12.06,11.59,11.72,17.43,17.8,16.98,17.26,11.37,11.74,11.24,11.52
29/09/2006,11.75,12.1,11.72,11.98,17.07,17.69,16.97,17.68,11.41,11.82,11.12,11.65
02/10/2006,12.45,12.72,12.11,12.57,18.53,19.5,18.12,19.44,12.16,12.33,11.76,12.25
03/10/2006,12.68,12.91,11.97,12.24,19.62,19.95,19.1,19.78,12.41,12.53,11.82,11.96
04/10/2006,12.64,12.64,11.62,11.86,19.89,19.89,18.4,18.53,12.1,12.15,11.39,11.65
05/10/2006,11.94,12.06,11.65,11.98,18.46,18.58,17.7,18.15,11.68,11.9,11.45,11.67
06/10/2006,11.99,12.17,11.55,11.56,18.39,18.55,17.66,17.97,11.8,12.04,11.24,11.25
09/10/2006,12.07,12.09,11.58,11.68,18.88,18.99,17.96,18.28,11.84,11.88,11.37,11.43
10/10/2006,11.77,11.89,11.47,11.52,18.28,19.13,18.17,18.86,11.47,11.69,11.29,11.37
11/10/2006,11.75,12.03,11.31,11.62,18.8,19.27,17.67,18.51,11.75,11.78,9.79,11.37
12/10/2006,11.5,11.51,11.09,11.09,18.43,18.48,17.62,17.66,11.24,11.25,10.7,10.92
13/10/2006,11.17,11.35,10.75,10.75,17.87,18.05,17.21,17.83,10.96,11.11,10.55,10.63
16/10/2006,11.07,11.2,10.91,11.09,18.31,18.51,17.01,18.45,10.67,10.83,10.6,10.77
17/10/2006,11.36,12.03,11.35,11.73,18.92,19.69,18.35,18.88,11.09,11.57,11.01,11.12
18/10/2006,11.44,11.83,11.33,11.34,18.46,19.28,18.09,18.09,10.73,11.46,10.73,11.05
19/10/2006,11.51,11.57,10.78,10.9,18.42,18.51,16.93,16.93,10.99,11.11,10.47,10.51
20/10/2006,11.06,11.23,10.44,10.63,17.06,17.51,16.68,16.7,10.56,10.75,9.88,10.0
23/10/2006,11.15,11.25,10.62,11.08,17.13,17.71,16.5,17.62,10.79,10.8,10.37,10.7
24/10/2006,11.25,11.27,10.78,10.78,17.78,17.81,17.21,17.25,10.84,10.93,10.56,10.57
25/10/2006,10.88,10.88,10.6,10.66,17.46,17.62,16.55,16.78,10.56,10.66,10.31,10.34
26/10/2006,10.56,10.96,10.47,10.56,16.92,17.39,16.23,16.59,10.23,10.63,10.19,10.29
27/10/2006,10.66,10.99,10.53,10.8,16.82,17.53,16.62,17.41,10.43,10.65,10.25,10.48
30/10/2006,11.36,11.43,10.92,11.2,17.95,18.07,17.62,17.99,11.08,11.11,10.6,10.81
31/10/2006,11.1,11.39,10.99,11.1,17.89,18.05,16.92,17.28,10.7,11.02,10.59,10.71
01/11/2006,10.93,11.68,10.89,11.51,17.22,18.21,16.48,17.98,10.58,11.22,10.53,11.14
02/11/2006,11.61,11.76,11.41,11.42,18.28,18.51,18.03,18.04,11.37,11.4,11.07,11.11
03/11/2006,11.16,11.43,10.34,11.16,17.82,18.04,17.16,17.23,10.87,11.21,10.69,10.94
03/11/2006,11.16,11.43,10.34,11.16,17.82,18.04,17.16,17.23,10.87,11.21,10.69,10.94
06/11/2006,11.39,11.41,10.99,11.16,17.54,17.59,16.79,17.39,11.77,11.77,10.37,10.75
07/11/2006,11.06,11.19,10.87,11.09,17.42,17.7,16.82,17.51,10.69,10.87,10.07,10.8
08/11/2006,11.41,11.49,10.7,10.75,17.97,18.03,16.12,16.39,11.04,11.11,10.41,10.41
09/11/2006,10.65,11.07,10.57,11.01,16.41,16.94,16.29,16.66,10.48,10.95,10.38,10.78
10/11/2006,11.01,11.12,10.77,10.79,16.75,16.91,15.38,15.52,10.74,10.91,10.63,10.83
13/11/2006,11.19,11.26,10.69,10.86,16.51,16.57,15.66,16.2,10.92,11.03,10.49,10.72
14/11/2006,10.89,11.31,10.14,10.5,16.21,16.44,15.25,15.36,10.58,11.04,10.15,10.28
15/11/2006,10.47,10.61,10.13,10.31,15.53,15.64,14.83,15.4,10.38,10.4,9.83,9.89
16/11/2006,10.13,10.35,10.04,10.16,15.47,15.53,14.91,15.36,9.8,9.92,9.7,9.85
17/11/2006,10.37,10.48,10.05,10.05,15.71,15.93,15.28,15.33,9.82,10.14,9.65,9.77
20/11/2006,10.42,10.48,9.91,9.97,16.0,16.11,14.96,15.13,9.99,10.12,9.63,9.75
21/11/2006,10.05,10.06,9.84,9.9,15.15,15.28,14.84,15.02,9.65,9.7,9.48,9.6
22/11/2006,10.02,10.15,9.81,10.14,14.99,15.33,14.92,14.95,9.62,9.87,9.49,9.74
24/11/2006,10.81,10.86,10.56,10.73,15.62,15.8,15.41,15.59,10.32,10.45,10.21,10.45
27/11/2006,11.26,12.33,11.14,12.3,16.64,17.85,16.53,17.6,10.87,12.15,10.87,11.96
28/11/2006,12.48,12.55,11.56,11.62,17.89,18.06,17.14,17.33,12.07,12.19,11.25,11.3
29/11/2006,11.41,11.43,10.67,10.83,16.98,17.23,16.3,16.78,11.08,11.08,10.54,10.68
30/11/2006,10.88,11.3,10.58,10.91,16.88,17.3,16.2,16.53,10.43,15.19,7.36,10.62
01/12/2006,11.07,12.28,10.96,11.66,16.73,17.38,16.6,16.6,10.58,12.18,10.12,11.32
04/12/2006,12.01,12.01,10.98,11.23,16.99,16.99,16.13,16.49,11.87,12.1,11.04,11.06
05/12/2006,11.13,11.59,10.85,11.27,16.37,16.55,16.02,16.2,11.01,13.12,10.77,10.98
06/12/2006,11.39,11.55,11.19,11.33,16.43,16.8,16.3,16.46,11.15,11.39,11.07,11.16
07/12/2006,11.35,12.68,11.17,12.67,16.46,17.93,16.12,17.93,11.02,12.06,10.93,12.01
08/12/2006,12.58,12.67,11.91,12.07,17.97,17.99,16.35,17.14,12.0,12.19,11.5,11.73
11/12/2006,11.88,11.93,10.71,10.71,16.36,16.52,14.53,15.54,11.22,11.36,10.53,10.63
12/12/2006,11.2,11.39,10.35,10.65,15.91,15.98,14.18,15.25,10.79,11.03,10.3,10.37
13/12/2006,10.45,10.58,10.15,10.18,15.13,15.49,14.22,14.9,10.14,10.43,9.81,9.81
14/12/2006,10.74,10.75,9.64,9.97,14.96,14.98,13.75,14.09,9.96,10.2,9.35,9.6
15/12/2006,9.68,10.07,9.39,10.05,13.95,15.22,13.68,15.15,9.53,9.88,9.12,9.86
18/12/2006,10.64,10.91,10.4,10.6,16.01,16.45,14.97,16.22,10.1,10.53,10.01,10.1
19/12/2006,11.06,11.31,10.27,10.3,16.83,17.56,16.03,16.55,10.73,10.87,9.82,9.85
20/12/2006,10.3,10.33,10.03,10.26,16.23,16.39,15.72,16.07,9.83,10.04,9.68,9.77
21/12/2006,10.36,10.89,10.13,10.53,16.17,16.75,15.89,16.41,9.88,10.35,9.83,10.06
22/12/2006,10.59,11.46,10.59,11.36,16.46,17.22,16.45,17.2,10.3,10.93,9.89,10.86
26/12/2006,12.03,12.03,11.24,11.26,18.18,18.2,17.42,17.44,11.65,11.65,10.81,10.9
27/12/2006,11.12,11.12,10.59,10.64,17.34,17.37,16.42,16.46,10.56,10.61,10.12,10.24
28/12/2006,10.84,11.06,10.73,10.99,16.75,16.9,15.87,16.32,10.34,10.53,10.13,10.32
29/12/2006,10.95,11.65,10.71,11.56,16.21,16.27,15.58,16.23,10.75,11.1,10.34,11.08
03/01/2007,12.16,12.75,11.53,12.04,16.97,18.42,16.29,17.5,11.4,12.28,11.01,11.67
04/01/2007,12.4,12.42,11.28,11.51,17.58,17.86,16.92,16.99,11.81,12.25,11.01,11.09
05/01/2007,11.84,12.25,11.68,12.14,17.21,18.29,17.2,17.9,11.37,11.98,11.37,11.83
08/01/2007,12.48,12.83,11.78,12.0,18.21,18.95,18.19,18.35,12.15,12.49,11.56,11.66
09/01/2007,11.86,12.47,11.69,11.91,18.34,18.79,17.33,17.89,11.5,11.99,11.41,11.5
10/01/2007,12.34,12.5,11.43,11.47,18.31,18.53,17.25,17.25,11.91,12.05,11.15,11.24
11/01/2007,11.42,11.48,10.5,10.87,17.26,17.29,16.54,17.02,11.16,11.16,10.18,10.37
12/01/2007,10.93,10.93,10.14,10.15,17.04,17.28,16.55,16.56,10.4,10.49,9.82,9.82
16/01/2007,10.64,10.89,10.4,10.74,17.42,17.59,17.2,17.28,10.36,10.5,10.17,10.33
17/01/2007,10.9,10.9,10.35,10.59,17.49,17.54,16.76,16.92,10.47,10.54,9.81,10.13
18/01/2007,10.65,11.04,10.45,10.85,16.97,17.81,16.93,17.63,10.04,10.45,9.96,10.21
19/01/2007,10.8,11.03,10.24,10.4,17.65,17.68,16.68,16.81,10.19,10.19,9.52,9.77
22/01/2007,10.77,11.08,10.62,10.77,17.33,17.95,17.31,17.65,9.99,10.67,9.96,10.32
23/01/2007,10.77,10.94,10.22,10.34,17.78,17.81,17.01,17.34,10.43,10.45,9.67,9.8
24/01/2007,10.41,10.41,9.87,9.89,17.06,17.17,16.58,16.61,9.77,9.87,9.23,9.38
25/01/2007,9.99,11.38,9.95,11.22,16.42,18.02,16.42,17.63,9.48,10.82,9.37,10.63
26/01/2007,10.95,11.6,10.92,11.13,17.62,18.11,17.31,17.52,10.47,11.08,10.32,10.33
29/01/2007,11.5,11.6,10.92,11.45,18.0,18.39,17.76,18.16,10.94,10.94,10.38,10.9
30/01/2007,11.28,11.49,10.95,10.96,18.02,18.27,17.91,17.98,10.86,10.91,10.44,10.44
31/01/2007,11.09,11.26,10.27,10.42,18.17,18.56,16.95,17.19,10.54,10.66,9.88,10.02
01/02/2007,10.32,10.43,10.14,10.31,16.89,17.53,16.72,17.11,9.78,10.02,9.64,9.72
02/02/2007,10.3,10.36,9.96,10.08,17.03,17.06,16.42,16.43,9.67,9.87,9.47,9.56
05/02/2007,10.53,10.7,10.44,10.55,17.03,17.24,16.68,16.84,10.02,10.19,9.88,9.97
06/02/2007,10.55,10.88,10.44,10.65,16.82,17.38,16.61,16.61,10.02,10.29,9.9,9.95
07/02/2007,10.31,10.56,10.24,10.32,16.36,16.59,15.99,16.17,9.88,10.05,9.64,9.66
08/02/2007,10.49,10.91,10.4,10.44,16.38,16.59,16.14,16.14,10.01,10.46,9.82,9.84
09/02/2007,10.42,11.56,10.25,11.1,16.12,17.52,16.03,17.11,9.81,10.86,9.53,10.4
12/02/2007,11.33,11.88,11.3,11.61,17.58,17.9,17.34,17.34,10.68,11.21,10.59,10.98
13/02/2007,11.42,11.42,10.33,10.34,17.22,17.29,15.83,15.83,10.71,10.8,9.5,9.5
14/02/2007,10.19,10.26,9.7,10.23,15.79,15.85,14.92,15.37,9.67,9.68,8.93,9.39
15/02/2007,10.28,10.32,10.05,10.22,15.65,16.1,15.22,15.27,9.43,9.73,9.38,9.72
16/02/2007,10.42,10.44,9.98,10.02,15.35,15.41,14.54,14.83,9.65,9.8,9.21,9.28
20/02/2007,10.62,10.72,10.14,10.24,15.75,16.07,15.16,15.77,9.81,10.12,9.4,9.53
21/02/2007,10.48,10.53,10.17,10.2,15.97,16.07,15.37,15.38,9.79,9.9,9.48,9.48
22/02/2007,10.23,10.52,10.01,10.18,15.3,15.72,15.2,15.3,9.47,9.91,9.33,9.62
23/02/2007,10.41,10.7,10.36,10.58,15.2,15.71,15.2,15.32,9.79,10.09,9.74,9.85
26/02/2007,10.59,11.44,10.52,11.15,15.71,16.62,15.63,15.98,10.07,10.66,9.93,10.45
27/02/2007,12.12,19.01,12.1,18.31,17.42,23.28,16.94,22.97,11.54,18.77,11.47,17.72
28/02/2007,17.21,17.29,14.5,15.42,21.94,21.94,19.15,20.53,16.26,16.31,14.09,14.89
01/03/2007,17.76,19.4,15.36,15.82,22.69,25.2,20.6,21.51,16.58,19.05,13.57,15.0
02/03/2007,16.7,18.63,16.04,18.61,22.07,23.72,21.43,23.66,15.54,17.52,15.13,17.41
05/03/2007,20.4,20.41,18.13,19.63,25.11,25.28,23.22,24.61,18.77,19.09,17.04,19.08
06/03/2007,18.31,18.34,15.76,15.96,22.83,22.83,20.78,21.19,17.6,17.6,15.12,15.31
07/03/2007,16.25,16.27,14.52,15.24,21.21,21.26,20.17,20.56,15.6,15.62,13.91,14.45
08/03/2007,14.34,14.7,13.48,14.29,19.75,19.87,18.9,19.79,13.88,14.0,13.05,13.67
09/03/2007,13.7,14.62,13.67,14.09,18.95,19.84,18.65,18.94,13.02,13.88,12.75,13.11
12/03/2007,14.96,14.96,13.76,13.99,19.63,19.78,18.42,18.52,13.79,14.25,12.72,13.12
13/03/2007,14.87,18.42,14.6,18.13,19.4,22.2,18.91,22.04,14.13,17.12,13.44,16.45
14/03/2007,17.63,21.25,16.75,17.27,21.73,23.47,19.51,19.77,16.6,19.86,15.52,15.88
15/03/2007,16.91,16.91,15.27,16.43,20.08,20.09,18.44,18.79,15.83,15.97,14.13,14.39
16/03/2007,15.38,17.71,15.29,16.79,18.64,19.9,18.2,19.6,14.26,16.0,13.8,15.33
19/03/2007,15.82,15.82,14.58,14.59,19.32,19.34,18.38,18.38,14.64,14.69,13.56,13.68
20/03/2007,15.01,15.16,13.25,13.27,18.46,18.49,17.36,17.6,13.74,13.92,12.25,12.25
21/03/2007,13.27,13.67,11.21,12.19,17.39,18.12,16.39,17.2,12.38,12.68,10.32,11.04
22/03/2007,12.29,12.95,12.04,12.93,16.94,17.38,16.22,16.77,10.96,11.61,10.78,11.56
23/03/2007,13.13,13.18,12.46,12.95,16.69,17.3,16.57,17.17,11.65,12.05,11.21,11.72
26/03/2007,13.39,14.7,12.91,13.16,17.82,18.72,16.9,17.0,12.2,13.54,11.86,11.88
27/03/2007,13.35,13.9,13.35,13.48,17.26,17.68,17.14,17.2,12.12,12.74,12.11,12.48
28/03/2007,14.28,15.51,14.22,14.98,18.07,18.8,17.84,18.56,13.08,14.46,13.06,13.89
29/03/2007,14.45,16.05,14.34,15.14,17.83,19.31,17.68,18.53,12.99,14.69,12.93,13.87
30/03/2007,14.94,15.82,14.14,14.64,18.34,19.01,17.88,18.24,13.54,14.23,12.86,13.18
02/04/2007,14.91,15.46,14.4,14.53,18.78,19.42,18.51,18.6,13.69,13.92,13.23,13.33
03/04/2007,14.02,14.06,12.81,13.46,18.06,18.06,16.87,17.69,12.77,12.78,11.92,12.35
04/04/2007,13.82,13.91,13.2,13.24,17.74,17.83,17.08,17.1,12.52,12.66,12.08,12.12
05/04/2007,13.57,13.66,12.69,13.23,17.39,17.4,16.61,16.75,12.44,12.46,11.55,11.76
09/04/2007,13.26,13.56,12.89,13.14,17.62,18.03,17.27,17.77,12.26,12.27,11.82,11.96
10/04/2007,13.33,13.33,12.56,12.68,17.79,17.82,16.92,17.02,12.16,12.16,11.5,11.53
11/04/2007,12.72,14.08,12.72,13.49,17.09,18.23,17.09,17.74,11.67,12.7,11.57,12.36
12/04/2007,13.65,14.15,12.58,12.71,17.86,18.35,17.22,17.42,12.66,13.06,11.64,11.71
13/04/2007,12.67,13.0,12.13,12.2,17.49,17.87,16.72,16.84,11.53,11.92,11.12,11.17
16/04/2007,11.86,12.1,11.46,11.98,17.01,17.05,16.41,16.44,10.94,11.05,10.49,10.74
17/04/2007,11.7,12.17,11.5,12.14,16.6,16.84,15.82,16.08,10.67,10.96,10.53,10.78
18/04/2007,12.48,12.57,11.95,12.42,16.59,16.67,16.0,16.29,11.21,11.36,10.67,11.01
19/04/2007,13.16,13.27,12.41,12.54,17.1,17.23,16.16,16.3,11.87,12.04,11.24,11.54
20/04/2007,12.03,12.67,11.97,12.07,15.78,16.03,15.6,15.71,10.7,11.34,10.43,11.07
23/04/2007,12.6,13.08,12.48,13.04,16.33,16.55,16.1,16.38,11.56,11.94,11.38,11.91
24/04/2007,13.12,13.89,13.04,13.12,16.27,17.12,16.25,16.37,11.94,12.66,11.72,12.03
25/04/2007,12.74,13.23,12.58,13.21,16.09,16.41,15.93,16.36,11.66,12.08,11.46,12.08
26/04/2007,13.16,13.67,12.67,12.79,16.06,16.67,15.84,15.97,12.01,12.53,11.63,11.63
27/04/2007,13.12,13.26,12.41,12.45,16.38,16.43,15.46,15.46,12.19,12.19,11.47,11.49
30/04/2007,12.9,14.31,12.78,14.22,16.3,17.35,16.2,17.26,11.92,13.2,11.78,13.11
01/05/2007,14.1,14.6,13.48,13.51,17.23,18.15,16.93,16.94,13.02,13.41,12.43,12.46
02/05/2007,13.52,13.52,12.55,13.08,17.02,17.02,16.25,16.7,12.42,12.45,11.79,12.31
03/05/2007,13.01,13.36,12.89,13.09,16.54,16.85,16.42,16.6,12.29,12.66,12.16,12.37
04/05/2007,12.91,13.36,12.59,12.91,16.3,17.01,16.14,16.59,12.03,12.68,11.91,12.25
07/05/2007,13.34,13.37,13.11,13.15,17.2,17.2,16.81,16.98,12.64,12.73,12.4,12.6
08/05/2007,13.48,13.69,13.16,13.21,17.35,17.85,16.86,17.06,12.96,13.12,12.64,12.67
09/05/2007,13.43,13.5,12.54,12.88,17.28,17.33,16.07,16.29,12.91,12.98,12.12,12.22
10/05/2007,13.31,13.85,12.89,13.6,16.49,17.59,16.36,17.38,12.62,13.26,12.32,13.14
11/05/2007,13.47,13.47,12.63,12.95,17.28,17.29,15.98,16.09,12.95,12.98,12.14,12.28
14/05/2007,13.26,14.43,13.01,13.96,16.4,17.52,16.22,16.83,12.59,13.48,12.36,13.2
15/05/2007,13.88,14.3,13.27,14.01,16.82,17.28,16.43,17.09,13.02,13.41,12.41,13.15
16/05/2007,14.02,14.18,13.47,13.5,16.95,17.36,16.3,16.31,13.27,13.5,12.77,12.84
17/05/2007,13.62,13.82,13.25,13.51,16.37,16.79,16.29,16.75,13.05,13.15,12.78,13.03
18/05/2007,13.01,13.22,12.69,12.76,16.35,16.35,15.72,15.91,12.48,12.6,12.08,12.15
21/05/2007,13.24,13.3,12.7,13.3,16.29,16.43,15.28,16.03,12.61,12.65,12.16,12.61
22/05/2007,12.09,13.38,12.08,13.06,15.77,16.11,15.55,16.07,12.42,12.6,12.01,12.44
23/05/2007,12.77,13.28,12.55,13.24,15.75,16.99,15.64,16.93,12.33,12.77,12.07,12.56
24/05/2007,13.15,14.36,12.92,14.08,16.87,18.29,16.43,18.02,12.59,13.73,12.14,13.43
25/05/2007,13.81,13.87,13.23,13.34,17.58,17.63,16.94,17.07,13.09,13.18,12.61,12.66
29/05/2007,13.86,13.95,13.31,13.53,17.77,17.87,17.26,17.57,13.05,13.31,12.31,12.71
30/05/2007,14.18,14.29,12.82,12.83,18.14,18.31,16.76,16.84,13.39,13.58,12.08,12.14
31/05/2007,12.78,13.18,12.62,13.05,16.78,17.21,16.53,16.86,12.14,12.62,11.94,12.44
01/06/2007,12.77,13.01,12.43,12.78,16.62,16.64,16.13,16.58,12.12,12.43,11.95,12.34
04/06/2007,13.47,13.54,13.21,13.29,17.38,17.43,16.54,16.59,12.9,13.06,12.61,12.78
05/06/2007,13.58,14.17,13.54,13.63,16.85,17.06,16.44,16.44,12.92,13.53,12.87,12.87
06/06/2007,14.07,15.06,14.06,14.87,17.0,17.74,17.0,17.2,13.5,14.49,13.44,14.25
07/06/2007,15.08,17.09,14.89,17.06,17.66,19.41,17.31,19.3,14.58,16.4,14.35,16.25
08/06/2007,16.75,16.78,14.73,14.84,19.08,19.18,17.09,17.12,15.96,15.97,14.21,14.25
11/06/2007,15.31,15.47,14.24,14.71,17.06,17.2,15.91,16.29,14.54,14.67,13.46,14.05
12/06/2007,15.46,16.7,14.77,16.67,17.03,17.82,16.03,17.7,14.55,15.68,13.87,15.6
13/06/2007,16.05,16.1,14.67,14.73,17.25,17.25,15.77,15.81,14.82,15.01,13.59,13.72
14/06/2007,14.76,14.82,13.59,13.64,15.89,15.95,15.08,15.43,13.58,13.73,12.77,12.82
15/06/2007,13.01,13.97,12.58,13.94,14.96,15.96,14.7,15.94,12.14,13.0,11.91,12.94
18/06/2007,14.42,14.51,13.35,13.42,16.36,16.76,15.8,15.86,13.19,13.61,12.56,12.63
19/06/2007,13.78,13.8,12.79,12.85,16.32,16.32,15.25,15.53,12.91,13.09,12.0,12.0
20/06/2007,12.77,14.76,12.75,14.67,15.43,16.73,15.34,16.68,11.88,14.1,11.85,14.03
21/06/2007,14.8,15.56,14.17,14.21,16.82,17.23,16.21,16.21,14.08,14.62,13.24,13.24
22/06/2007,14.45,16.58,14.31,15.75,16.55,17.69,16.5,17.29,13.8,15.52,13.61,15.03
25/06/2007,16.5,17.24,15.41,16.65,18.07,18.55,17.16,18.07,15.59,16.18,13.96,15.65
26/06/2007,16.46,18.89,16.21,18.89,17.82,19.59,17.77,19.59,15.58,17.56,15.41,17.54
27/06/2007,18.87,18.98,15.44,15.53,19.78,19.98,17.3,17.36,17.93,18.05,14.57,14.68
28/06/2007,15.7,15.71,14.98,15.54,17.56,17.57,16.54,16.91,14.91,14.99,14.1,14.69
29/06/2007,15.25,17.13,14.62,16.23,16.53,18.33,16.16,17.86,14.42,16.12,13.7,15.17
02/07/2007,16.48,16.48,15.31,15.4,18.12,18.12,16.94,17.0,15.48,15.48,14.36,14.41
03/07/2007,14.96,15.3,14.85,14.92,17.1,17.1,16.65,16.7,11.87,14.4,11.87,14.02
05/07/2007,15.37,15.95,15.17,15.48,17.06,17.59,16.94,17.09,14.38,14.9,14.2,14.57
06/07/2007,15.36,15.59,14.67,14.72,16.84,16.99,16.42,16.52,14.45,14.47,13.7,13.82
09/07/2007,15.34,15.69,15.03,15.16,17.12,17.37,16.94,17.08,14.1,14.47,13.97,13.98
10/07/2007,15.88,17.68,15.83,17.57,17.68,18.63,17.5,18.61,14.45,16.36,14.45,16.26
11/07/2007,17.69,17.91,16.64,16.64,18.81,18.93,17.54,17.54,16.39,16.62,15.21,15.26
12/07/2007,16.39,16.39,14.93,15.54,17.41,17.41,16.43,17.25,14.91,14.92,13.75,14.18
13/07/2007,15.39,15.51,14.79,15.15,17.05,17.12,16.18,16.44,14.19,14.32,13.78,14.08
16/07/2007,15.57,15.83,15.27,15.59,16.82,16.84,16.3,16.55,14.32,14.67,14.11,14.49
17/07/2007,15.58,15.78,15.31,15.63,16.59,17.0,16.36,16.95,14.58,14.75,14.34,14.52
18/07/2007,16.38,17.06,15.95,16.0,17.57,18.26,16.76,16.77,15.21,15.95,14.79,14.86
19/07/2007,15.43,15.62,15.06,15.23,16.54,16.66,16.04,16.55,14.28,14.42,13.84,14.14
20/07/2007,15.39,18.53,15.36,16.95,16.61,17.8,16.51,17.49,14.4,16.15,14.25,15.52
23/07/2007,16.62,17.09,16.39,16.81,18.09,18.26,17.49,17.85,15.3,15.64,15.17,15.45
24/07/2007,17.63,19.09,17.48,18.55,18.68,19.93,18.39,19.31,16.36,17.48,16.24,17.07
25/07/2007,17.77,19.46,17.38,18.1,18.98,19.88,18.47,18.92,16.46,17.58,16.19,16.57
26/07/2007,19.41,23.36,19.3,20.74,19.91,22.66,19.5,19.5,17.79,21.69,17.76,19.39
27/07/2007,20.34,24.17,19.6,24.17,19.64,23.18,19.16,23.18,19.07,22.55,18.55,22.42
30/07/2007,23.64,23.64,20.86,20.87,22.78,22.78,20.7,20.76,21.51,21.96,19.65,19.66
31/07/2007,20.08,23.93,19.68,23.52,20.3,23.95,19.99,23.55,19.18,22.19,18.17,21.97
01/08/2007,23.71,26.22,23.26,23.67,24.23,26.02,23.5,23.78,22.44,23.74,21.9,21.9
02/08/2007,22.94,23.0,21.2,21.22,23.48,23.49,21.23,21.24,21.26,21.33,19.67,19.69
03/08/2007,21.52,25.55,21.09,25.16,21.49,25.0,21.25,24.42,20.1,23.75,19.74,22.63
06/08/2007,25.32,26.47,22.44,22.94,24.88,26.31,22.36,22.43,22.95,23.86,20.44,20.61
07/08/2007,23.33,23.74,20.79,21.56,22.8,24.24,20.8,21.08,21.33,21.5,19.34,19.91
08/08/2007,20.97,22.95,19.33,21.45,20.54,22.2,19.17,20.97,19.42,20.91,17.86,19.51
09/08/2007,24.46,26.9,23.84,26.48,23.0,26.41,22.6,26.23,21.94,24.74,21.94,24.62
10/08/2007,28.04,29.84,26.91,28.3,27.43,29.21,26.02,26.84,25.9,30.75,25.46,26.06
13/08/2007,28.02,28.02,25.48,26.57,26.37,26.63,24.07,24.57,25.76,25.83,23.35,23.99
14/08/2007,25.56,28.29,25.31,27.68,24.08,25.72,23.56,24.97,23.37,26.36,23.21,25.94
15/08/2007,28.22,31.76,26.16,30.67,25.4,28.21,24.22,27.97,26.07,28.86,24.82,28.66
16/08/2007,32.68,37.5,30.44,30.83,29.46,34.75,28.44,29.03,29.57,34.21,25.93,28.69
17/08/2007,25.25,31.46,25.23,29.99,27.48,30.87,24.64,27.04,24.94,28.54,22.92,26.57
20/08/2007,29.87,29.95,25.8,26.33,27.33,27.52,24.81,25.2,27.01,27.14,24.12,24.22
21/08/2007,26.39,26.72,24.77,25.25,25.36,25.46,23.15,23.67,24.0,24.13,22.56,23.0
22/08/2007,24.33,24.44,22.87,22.89,22.55,23.04,21.81,22.0,22.27,22.27,20.7,20.7
23/08/2007,22.47,23.61,22.05,22.62,21.28,23.0,21.28,22.03,19.88,21.12,19.7,20.2
24/08/2007,22.75,23.03,20.44,20.72,22.26,22.46,20.43,20.69,20.3,20.37,18.46,18.57
27/08/2007,22.24,22.83,21.96,22.72,21.77,22.71,21.65,22.63,19.63,20.22,19.49,20.22
28/08/2007,23.87,26.57,23.72,26.3,23.18,26.17,23.16,25.9,21.03,23.89,20.99,23.72
29/08/2007,25.87,26.02,23.44,23.81,25.28,25.41,23.51,23.61,22.86,22.86,21.0,21.27
30/08/2007,25.4,25.58,23.69,25.06,24.52,25.85,24.11,25.38,22.26,22.72,21.52,22.46
31/08/2007,23.53,24.07,22.47,23.38,24.29,24.69,24.13,24.53,21.13,21.73,20.31,21.47
04/09/2007,21.93,24.81,21.71,22.78,25.45,25.45,23.88,24.51,21.99,22.21,19.8,20.13
05/09/2007,24.03,25.45,23.8,24.58,25.11,27.9,25.11,27.15,21.29,22.98,21.29,22.28
06/09/2007,24.43,25.14,23.66,23.99,26.9,27.89,26.33,26.64,21.78,22.65,21.53,21.74
07/09/2007,25.98,26.97,25.6,26.23,28.42,30.09,28.4,29.22,23.1,24.7,23.1,24.05
10/09/2007,26.91,28.82,26.56,27.38,29.86,31.75,29.11,29.94,24.29,26.31,24.2,24.95
11/09/2007,27.11,27.21,25.19,25.27,29.59,29.71,27.48,27.52,24.4,24.47,22.75,22.89
12/09/2007,25.97,26.21,24.57,24.96,28.1,28.34,27.18,28.02,23.02,23.34,22.52,23.05
13/09/2007,25.01,25.32,23.83,24.76,27.44,27.76,26.82,27.44,22.29,22.55,21.57,22.41
14/09/2007,26.38,26.48,24.68,24.92,28.33,28.53,26.88,26.96,23.08,23.71,22.26,22.32
17/09/2007,26.45,27.08,25.8,26.48,28.38,29.18,28.29,28.74,23.41,24.45,23.27,23.96
18/09/2007,25.79,26.23,20.27,20.35,27.98,28.03,17.95,23.28,23.25,26.62,13.17,18.43
19/09/2007,19.96,20.57,19.17,20.03,22.97,23.2,21.9,22.51,17.74,18.27,17.55,17.64
20/09/2007,20.47,20.82,19.55,20.45,22.66,22.85,21.89,21.97,18.14,18.23,17.61,18.03
21/09/2007,19.44,19.81,18.37,19.0,21.41,21.41,20.03,20.71,17.05,17.18,11.4,16.72
24/09/2007,19.04,19.62,18.32,19.37,21.14,21.32,20.22,20.83,16.83,17.21,16.35,17.04
25/09/2007,20.25,20.46,18.44,18.6,21.25,21.54,20.64,20.8,17.81,17.84,16.4,16.44
26/09/2007,17.92,18.18,17.3,17.63,20.23,20.85,19.82,20.59,15.68,15.83,15.03,15.46
27/09/2007,17.12,17.47,16.95,17.0,20.12,20.77,20.08,20.59,14.99,15.36,14.97,15.05
28/09/2007,17.23,18.22,16.91,18.0,20.59,21.36,20.53,21.01,15.27,16.23,15.2,16.06
01/10/2007,18.44,18.44,17.11,17.84,21.58,21.58,20.38,21.09,16.8,16.8,15.49,15.98
02/10/2007,17.67,18.89,17.6,18.49,21.01,22.07,21.01,21.26,16.26,17.1,15.94,16.83
03/10/2007,18.88,18.99,18.31,18.8,21.63,21.87,20.82,21.55,17.05,17.24,16.76,17.05
04/10/2007,18.65,18.65,18.26,18.44,21.3,21.95,21.21,21.46,16.75,17.02,16.73,16.88
05/10/2007,17.55,17.56,16.44,16.91,20.43,20.44,19.44,19.77,15.81,15.81,15.04,15.41
08/10/2007,17.73,17.83,17.32,17.46,20.33,20.59,20.12,20.25,15.9,16.31,15.9,15.96
09/10/2007,17.15,17.28,16.09,16.12,19.91,20.42,19.42,19.42,15.61,15.69,14.8,14.87
10/10/2007,16.42,17.35,16.39,16.67,19.53,20.18,19.53,19.73,14.99,15.95,14.95,15.48
11/10/2007,16.15,19.73,16.08,18.88,19.17,22.74,19.17,22.42,14.79,17.78,12.54,17.7
12/10/2007,18.68,18.74,17.49,17.73,21.98,22.05,21.04,21.2,17.33,17.33,16.37,16.43
15/10/2007,18.14,20.01,17.95,19.25,21.6,24.18,21.6,23.46,16.58,18.67,16.52,18.01
16/10/2007,20.07,20.75,19.73,20.02,24.2,24.46,23.47,23.56,18.34,19.09,18.24,18.35
17/10/2007,18.76,20.11,18.28,18.54,22.59,23.82,21.73,22.02,17.48,18.68,16.91,17.19
18/10/2007,19.16,19.56,17.73,18.5,22.66,23.06,21.57,22.14,17.72,17.83,17.09,17.12
19/10/2007,19.15,22.96,19.02,22.96,22.24,25.99,22.21,25.94,18.11,21.1,17.84,21.1
22/10/2007,23.89,23.94,21.38,21.64,27.4,27.77,25.11,25.26,22.62,22.73,20.45,20.45
23/10/2007,21.29,21.43,20.13,20.41,24.65,24.65,23.37,24.13,19.78,19.8,19.0,19.04
24/10/2007,21.16,24.15,20.59,20.8,24.59,27.36,24.38,24.8,19.52,21.62,19.41,19.67
25/10/2007,20.84,22.4,20.04,21.17,24.84,27.3,24.7,25.77,19.33,20.7,18.9,19.72
26/10/2007,19.84,20.97,19.48,19.56,24.83,25.76,24.62,25.01,18.85,19.14,18.24,18.24
29/10/2007,19.93,20.24,19.54,19.87,25.49,25.94,25.32,25.83,18.56,18.58,18.35,18.46
30/10/2007,20.46,21.15,20.31,21.07,26.4,26.65,25.64,26.36,19.07,19.58,19.02,19.58
31/10/2007,20.53,22.09,18.3,18.53,26.0,26.07,23.01,23.11,19.2,21.71,14.79,17.45
01/11/2007,19.89,24.15,17.38,23.21,23.95,26.56,23.87,26.26,18.22,21.7,18.21,21.48
02/11/2007,22.56,25.17,22.56,23.01,25.8,27.65,24.66,24.83,20.6,23.03,20.6,20.98
05/11/2007,25.25,25.46,23.61,24.31,26.85,27.97,26.0,26.1,23.01,23.32,22.35,22.42
06/11/2007,23.5,23.74,21.24,21.39,25.82,26.07,23.85,23.91,21.96,21.96,20.15,20.15
07/11/2007,23.15,26.85,22.75,26.49,25.25,27.2,24.91,27.14,21.48,24.43,21.3,24.22
08/11/2007,26.45,29.15,25.32,26.16,27.4,32.33,27.12,29.61,24.29,26.52,23.82,23.82
09/11/2007,27.96,28.84,26.21,28.5,31.02,33.25,30.15,32.52,25.44,26.38,24.8,25.93
12/11/2007,30.57,31.09,24.47,31.09,33.49,34.94,30.95,34.94,26.7,27.14,25.02,26.93
13/11/2007,27.47,27.5,23.82,24.1,32.59,32.76,28.82,29.71,25.45,25.54,22.34,22.41
14/11/2007,23.35,27.03,23.07,25.94,27.82,32.37,27.82,31.32,21.64,23.94,21.59,23.71
15/11/2007,26.96,29.31,25.98,28.06,32.58,33.53,30.86,32.91,24.74,26.18,23.75,25.58
16/11/2007,27.04,28.12,25.12,25.49,32.4,32.64,28.64,28.79,24.66,24.96,22.76,23.04
19/11/2007,26.74,27.18,25.74,26.01,30.32,30.45,28.68,30.11,24.55,24.6,23.62,23.66
20/11/2007,26.12,27.35,23.62,24.88,29.67,31.56,27.62,29.89,23.38,24.11,21.78,22.75
21/11/2007,26.3,27.77,24.55,26.84,31.58,32.27,29.1,30.55,24.25,24.99,22.82,23.98
23/11/2007,26.42,26.42,25.35,25.61,30.23,30.89,29.79,30.49,23.54,23.59,23.3,23.41
26/11/2007,26.46,28.95,25.84,28.91,31.64,33.9,30.85,33.43,23.93,26.41,23.07,26.17
27/11/2007,28.14,28.24,26.23,26.28,32.79,33.33,30.76,30.76,25.71,25.71,24.13,24.16
28/11/2007,25.14,25.14,23.55,24.11,29.58,29.58,27.97,28.83,22.89,22.89,21.56,22.16
29/11/2007,24.59,24.61,23.35,23.97,29.24,29.24,27.75,28.27,22.33,22.33,21.46,21.69
30/11/2007,22.67,23.39,22.0,22.87,27.17,28.93,26.92,28.65,20.57,21.09,19.97,20.77
03/12/2007,23.59,24.49,23.4,23.61,29.83,30.06,29.21,29.63,21.54,21.8,19.75,21.37
04/12/2007,24.3,24.59,23.32,23.79,30.53,30.65,28.82,28.85,21.95,21.96,21.17,21.37
05/12/2007,22.72,23.03,21.87,22.53,28.06,28.09,26.51,26.91,20.63,20.63,19.68,20.37
06/12/2007,22.68,22.75,20.87,20.96,26.92,27.09,24.77,24.89,20.43,20.46,19.06,19.07
07/12/2007,20.69,21.01,20.29,20.85,24.78,24.82,23.47,23.75,18.76,18.88,18.56,18.83
10/12/2007,21.16,21.46,20.36,20.74,24.39,24.55,23.78,24.39,19.13,19.18,18.59,18.91
11/12/2007,20.69,23.7,19.77,23.59,24.4,26.58,23.67,26.46,18.74,24.84,18.36,21.16
12/12/2007,20.82,24.22,20.49,22.47,24.93,27.23,24.12,25.97,19.2,21.6,18.76,20.71
13/12/2007,23.53,24.04,22.41,22.56,26.87,27.49,25.51,25.52,21.27,21.65,20.71,20.71
14/12/2007,23.53,23.53,22.26,23.27,26.3,26.3,25.16,25.91,21.35,21.45,20.53,21.09
17/12/2007,24.13,24.86,23.42,24.52,26.69,28.41,26.38,27.89,22.14,22.3,21.7,22.25
18/12/2007,23.7,24.6,22.41,22.64,27.54,27.59,26.23,26.79,21.66,21.98,20.64,20.75
19/12/2007,22.62,22.68,21.3,21.68,26.94,27.01,24.85,24.88,20.4,20.48,19.53,19.7
20/12/2007,21.02,21.67,20.58,20.58,24.21,24.43,23.13,23.15,19.01,19.59,18.86,18.86
21/12/2007,19.82,19.82,18.28,18.47,22.33,22.54,20.84,20.9,18.0,18.08,16.55,16.69
24/12/2007,19.08,19.42,18.48,18.6,21.73,21.81,21.09,21.42,17.19,17.2,16.75,16.81
26/12/2007,19.37,19.47,18.6,18.66,22.34,22.39,21.15,21.32,17.38,17.38,16.9,16.96
27/12/2007,19.15,20.51,19.15,20.26,21.8,22.65,21.56,22.46,17.35,18.41,17.33,18.29
28/12/2007,19.59,21.05,19.44,20.74,22.1,23.91,21.8,23.63,17.74,18.98,17.63,18.89
31/12/2007,21.87,22.75,21.79,22.5,24.83,26.0,24.83,25.9,19.92,20.79,19.83,20.7
02/01/2008,22.58,24.05,22.4,23.17,26.32,28.1,26.06,27.14,20.89,22.01,20.49,21.19
03/01/2008,23.11,23.27,22.11,22.49,27.26,27.6,26.15,26.59,21.2,21.21,20.15,20.56
04/01/2008,23.5,24.3,23.25,23.94,27.47,28.95,27.38,28.62,21.39,22.46,21.32,22.26
07/01/2008,24.62,24.88,23.3,23.79,29.36,30.29,28.47,29.39,22.56,22.81,21.51,21.67
08/01/2008,23.27,25.6,22.63,25.43,28.99,30.96,27.98,30.77,21.47,23.5,20.88,23.4
09/01/2008,25.61,25.95,23.9,24.12,30.9,31.01,28.1,28.18,23.31,23.6,21.89,22.04
10/01/2008,24.56,24.61,22.62,23.45,28.82,28.98,26.86,27.78,22.52,23.39,20.91,21.44
11/01/2008,24.04,24.41,23.22,23.68,28.08,29.56,27.95,28.82,21.72,22.43,21.62,21.87
14/01/2008,23.76,23.93,22.65,22.9,28.25,28.58,27.21,28.08,21.94,22.0,21.24,21.27
15/01/2008,24.1,24.59,22.97,23.34,28.82,28.82,27.15,27.48,22.01,22.32,21.28,21.5
16/01/2008,23.9,24.38,22.85,24.38,28.2,28.88,27.09,28.87,21.93,22.17,21.02,22.17
17/01/2008,24.11,28.51,23.87,28.46,28.51,31.4,28.09,31.16,22.15,26.18,22.03,26.08
18/01/2008,27.55,29.3,26.27,27.18,30.94,31.95,28.1,30.23,24.7,26.74,24.07,25.51
22/01/2008,35.12,37.57,29.71,31.01,39.16,40.77,34.32,35.63,30.26,32.34,27.24,28.28
23/01/2008,33.84,34.42,28.47,29.02,38.92,39.55,33.88,34.02,30.65,31.71,25.61,26.11
24/01/2008,28.07,28.48,27.03,27.78,33.43,33.59,32.07,32.22,25.57,26.14,24.63,25.23
25/01/2008,26.19,29.76,25.93,29.08,30.46,34.12,29.96,33.81,24.04,27.42,23.8,26.76
28/01/2008,29.67,30.26,27.57,27.78,34.1,34.95,32.49,32.56,27.24,27.59,25.01,25.09
29/01/2008,26.61,27.96,26.55,27.32,32.11,33.45,31.72,32.85,24.2,24.98,24.18,24.74
30/01/2008,27.53,28.34,24.74,27.62,32.77,33.54,25.53,31.8,24.86,29.4,22.46,24.92
31/01/2008,28.78,28.81,25.45,26.2,32.63,32.73,29.78,31.08,26.32,26.36,23.14,23.82
01/02/2008,25.66,25.75,24.02,24.02,29.98,30.14,28.25,28.25,23.2,23.27,21.77,21.77
04/02/2008,25.09,26.03,24.85,25.99,29.2,30.51,29.04,30.46,22.47,23.47,22.37,23.4
05/02/2008,27.2,28.49,27.2,28.24,31.51,32.62,30.85,32.44,24.69,26.06,24.69,25.72
06/02/2008,27.75,29.31,27.04,28.97,32.25,33.06,30.88,32.68,25.38,26.46,24.76,26.24
07/02/2008,29.51,29.7,26.78,27.66,33.48,33.57,30.5,31.56,26.89,27.03,24.71,25.26
08/02/2008,27.98,28.89,27.22,28.01,31.93,32.2,30.08,30.08,25.64,26.49,24.89,25.73
11/02/2008,29.14,29.57,27.32,27.6,30.27,30.35,27.25,29.09,25.81,26.61,22.81,24.5
12/02/2008,26.56,27.17,25.25,26.33,28.8,28.9,26.35,28.22,23.99,24.12,22.28,23.54
13/02/2008,25.67,26.06,24.57,24.88,26.99,27.3,24.88,25.35,23.18,23.18,21.6,22.07
14/02/2008,24.64,25.64,23.98,25.54,25.21,26.82,25.21,26.52,21.89,22.77,21.58,22.71
15/02/2008,25.58,25.67,24.45,25.02,27.02,27.12,25.93,26.69,23.14,23.16,21.93,22.6
19/02/2008,25.39,26.59,24.73,25.59,27.13,28.56,26.83,27.99,22.93,23.62,22.55,23.26
20/02/2008,25.6,26.95,24.21,24.4,27.99,28.93,26.9,27.09,23.26,24.49,22.2,22.33
21/02/2008,24.42,25.45,23.74,25.12,27.04,27.37,26.45,26.92,22.33,23.33,21.83,23.15
22/02/2008,24.99,25.93,23.62,24.06,26.61,28.04,26.29,26.3,22.82,23.66,21.74,21.75
25/02/2008,24.06,25.07,22.69,23.03,26.3,27.9,26.3,26.67,21.75,22.83,20.63,20.75
26/02/2008,23.44,23.45,21.64,21.9,27.07,27.16,25.48,25.95,20.75,21.05,19.48,19.85
27/02/2008,21.9,23.01,21.83,22.69,25.95,26.73,24.92,25.06,19.85,20.7,19.73,20.38
28/02/2008,22.69,23.79,22.69,23.53,25.06,26.62,25.06,26.6,20.38,21.27,20.38,21.25
29/02/2008,23.54,26.91,23.54,26.54,26.62,28.75,26.62,28.44,21.25,24.74,21.25,24.3
03/03/2008,27.54,28.13,26.27,26.28,29.7,30.31,29.44,29.47,24.3,25.71,24.3,24.57
04/03/2008,27.19,27.42,25.51,25.52,29.96,30.14,28.16,28.26,24.57,25.5,23.94,23.95
05/03/2008,25.52,25.77,23.3,24.6,28.14,28.18,26.53,27.52,23.95,23.95,22.31,22.89
06/03/2008,25.45,27.9,25.04,27.55,27.84,30.18,27.72,29.99,22.89,25.87,22.89,25.62
07/03/2008,28.52,29.29,26.48,27.49,30.49,30.69,28.68,29.25,25.62,26.8,24.73,25.55
10/03/2008,28.13,29.73,27.92,29.38,30.14,31.73,29.84,31.38,25.55,27.51,25.55,27.12
11/03/2008,27.25,28.64,26.35,26.36,29.79,30.91,28.55,28.56,27.12,27.12,24.42,24.42
12/03/2008,26.39,27.25,24.9,27.22,28.51,30.12,27.83,30.05,24.42,24.86,23.37,24.82
13/03/2008,27.22,29.62,25.65,27.29,30.05,31.72,28.86,29.86,24.82,26.88,24.82,25.09
14/03/2008,27.31,32.89,26.02,31.16,29.85,34.47,29.17,32.01,25.09,30.4,21.52,28.62
17/03/2008,35.14,35.6,31.1,32.24,36.07,36.75,32.37,32.99,28.62,34.03,28.62,29.81
18/03/2008,32.24,32.24,25.58,25.79,32.99,32.99,28.39,28.45,29.81,29.81,24.02,24.44
19/03/2008,25.78,29.95,25.16,29.84,28.46,31.32,27.17,31.28,24.44,27.6,23.31,27.52
20/03/2008,29.84,29.84,25.8,26.62,31.26,31.26,28.38,29.05,27.52,27.52,22.04,24.67
24/03/2008,26.64,27.04,24.75,25.73,29.02,29.4,27.27,28.69,24.67,25.29,23.04,23.77
25/03/2008,25.75,26.42,25.17,25.72,28.69,29.29,28.44,29.07,23.77,24.5,23.28,23.74
26/03/2008,25.75,26.85,25.51,26.08,29.1,30.81,28.83,29.75,23.74,24.83,23.74,24.09
27/03/2008,25.55,25.98,24.91,25.88,29.36,30.0,28.54,29.55,24.09,24.09,23.12,23.9
28/03/2008,25.81,25.96,25.04,25.71,29.52,29.53,28.61,28.87,23.9,24.0,23.1,23.84
31/03/2008,25.71,26.77,25.35,25.61,28.87,30.26,28.43,29.04,23.84,24.84,23.53,23.78
01/04/2008,25.61,25.61,22.52,22.68,29.04,29.04,25.98,26.56,23.78,23.78,19.98,21.1
02/04/2008,22.64,23.65,22.39,23.43,26.39,27.87,26.36,27.27,21.1,21.86,20.68,21.53
03/04/2008,23.84,24.15,23.0,23.21,27.77,28.32,26.87,26.93,21.53,22.59,21.49,21.63
04/04/2008,23.0,23.31,21.75,22.45,26.93,26.93,24.99,25.6,21.63,21.93,20.25,20.79
07/04/2008,22.45,22.73,21.21,22.42,25.6,26.25,24.73,26.19,20.79,21.14,19.74,20.77
08/04/2008,22.42,23.16,22.36,22.36,26.19,27.0,25.82,26.03,20.77,21.59,20.56,20.56
09/04/2008,22.36,23.57,22.36,22.81,26.03,27.59,26.03,26.61,20.56,22.0,20.56,21.11
10/04/2008,22.8,23.22,21.63,21.98,26.61,26.82,25.25,25.77,21.11,21.8,20.08,20.29
11/04/2008,23.03,23.59,22.65,23.46,25.76,27.75,25.76,27.54,20.29,21.95,20.29,21.67
14/04/2008,23.46,24.35,23.46,23.82,28.5,28.7,27.52,28.28,21.67,22.78,21.67,22.21
15/04/2008,23.84,23.99,22.72,22.78,28.28,28.36,26.94,27.46,22.21,22.51,21.13,21.19
16/04/2008,22.03,22.09,20.5,20.53,26.48,26.48,24.59,25.55,21.19,21.19,18.94,18.94
17/04/2008,21.13,21.54,20.35,20.37,26.01,26.55,24.12,24.2,18.94,19.81,18.94,19.04
18/04/2008,20.37,20.37,19.21,20.13,24.2,24.2,22.64,23.58,19.04,19.04,16.43,18.33
21/04/2008,20.15,21.12,20.15,20.5,23.63,24.33,23.63,24.09,18.33,19.21,18.05,18.54
22/04/2008,20.47,21.6,20.47,20.87,24.08,25.89,24.08,24.54,18.54,19.92,18.54,19.03
23/04/2008,20.63,20.95,19.88,20.26,24.38,25.07,23.99,25.06,19.03,19.22,18.24,18.55
24/04/2008,20.26,20.77,19.21,20.06,24.76,24.86,23.42,23.72,18.55,19.02,17.56,18.11
25/04/2008,19.6,20.36,19.28,19.59,23.47,24.24,23.19,23.34,18.11,18.58,17.7,17.7
28/04/2008,20.14,20.25,19.37,19.64,23.89,23.92,23.17,23.65,17.7,18.45,17.7,17.96
29/04/2008,19.86,20.54,19.63,20.24,23.9,23.93,23.13,23.87,17.96,18.81,17.96,18.68
30/04/2008,20.24,20.81,19.69,20.79,23.88,24.46,23.53,24.41,18.68,19.14,18.24,19.0
01/05/2008,20.78,20.83,18.87,18.88,24.35,24.35,21.96,22.72,19.0,19.13,17.19,17.41
02/05/2008,18.87,19.11,17.97,18.18,22.71,22.71,21.39,21.39,17.41,17.41,16.54,16.55
05/05/2008,18.68,19.29,18.68,18.9,22.05,22.69,22.05,22.43,17.27,17.62,17.25,17.25
06/05/2008,18.9,19.57,18.11,18.21,22.63,23.13,21.88,21.88,17.25,18.07,16.77,16.87
07/05/2008,18.48,19.98,18.42,19.73,22.44,23.77,22.05,23.51,16.87,18.38,16.87,18.09
08/05/2008,19.73,19.92,18.62,19.4,23.51,23.75,23.01,23.18,18.09,18.36,17.58,17.7
09/05/2008,19.98,20.01,19.3,19.41,23.68,23.8,23.24,23.48,17.7,18.44,17.7,17.92
12/05/2008,19.17,19.48,16.92,17.79,23.85,23.91,21.81,22.46,17.92,17.92,16.25,16.37
13/05/2008,17.79,18.63,17.76,17.98,22.08,22.95,21.47,21.5,16.37,17.15,16.25,16.46
14/05/2008,17.98,17.98,16.74,17.66,21.5,21.51,20.35,21.47,16.46,16.47,15.23,16.24
15/05/2008,17.65,17.84,16.25,16.3,21.71,21.81,19.75,20.13,16.24,16.41,14.96,15.0
16/05/2008,16.3,17.92,16.3,16.47,20.08,22.25,19.76,20.0,15.0,16.46,14.9,15.0
19/05/2008,16.47,17.89,15.82,17.01,19.98,21.62,19.79,21.09,15.0,15.97,14.73,15.63
20/05/2008,17.02,18.42,17.02,17.58,21.1,22.91,21.1,21.37,15.63,17.05,15.63,16.37
20/05/2008,17.02,18.42,17.02,17.58,21.1,22.91,21.1,21.37,15.63,17.05,15.63,16.37
21/05/2008,17.64,18.89,17.01,18.59,21.5,23.2,20.59,22.96,16.37,17.74,16.02,17.45
22/05/2008,18.92,19.11,17.82,18.05,22.96,23.2,21.97,22.49,17.45,17.68,16.62,16.95
23/05/2008,18.58,19.8,18.38,19.55,22.75,24.49,22.63,23.36,16.95,18.51,16.95,18.37
27/05/2008,20.78,20.95,19.42,19.64,24.75,24.75,22.8,22.99,18.37,19.45,18.27,18.29
28/05/2008,19.64,20.03,19.01,19.07,22.99,23.34,22.22,22.24,18.29,18.76,17.79,17.82
29/05/2008,19.08,19.17,17.54,18.14,22.46,22.46,20.79,21.28,17.82,18.11,16.48,16.96
30/05/2008,18.14,18.21,17.56,17.83,21.28,21.28,20.51,20.85,16.96,16.96,16.44,16.61
02/06/2008,17.83,20.45,17.83,19.83,20.87,24.34,20.87,22.88,16.61,19.1,16.61,18.4
03/06/2008,19.8,21.0,18.89,20.24,22.89,25.22,22.26,23.89,18.4,19.66,17.89,18.98
04/06/2008,20.64,21.31,19.76,20.8,24.35,24.54,23.0,24.01,18.98,19.9,18.71,19.49
05/06/2008,20.54,20.59,18.62,18.63,23.84,24.01,22.67,22.85,19.49,19.49,17.67,17.67
06/06/2008,18.63,23.79,18.63,23.56,22.85,26.06,22.85,26.04,17.67,22.17,17.67,21.73
09/06/2008,23.56,24.47,20.78,23.12,26.04,28.56,26.04,26.7,21.73,22.76,21.11,21.57
10/06/2008,24.37,24.42,22.31,23.18,28.06,28.23,26.17,26.58,21.57,22.53,21.02,21.5
11/06/2008,23.44,24.3,22.86,24.12,26.58,28.03,26.48,27.32,21.5,22.61,21.35,22.19
12/06/2008,23.61,23.98,19.46,23.33,26.76,27.91,26.0,27.4,22.19,22.22,20.93,21.54
13/06/2008,23.02,23.14,21.04,21.22,26.87,26.98,25.25,25.3,21.54,21.54,19.63,19.71
16/06/2008,21.22,22.84,20.73,20.95,25.3,26.74,24.73,25.02,19.71,20.9,19.35,19.44
17/06/2008,20.96,21.42,20.02,21.13,25.05,25.56,24.2,24.7,19.44,19.91,18.78,19.6
18/06/2008,21.67,22.86,21.26,22.24,24.7,26.38,24.7,25.8,19.6,21.45,19.6,21.06
19/06/2008,22.24,22.61,20.91,21.58,25.8,26.71,24.57,24.8,21.06,21.36,19.79,20.13
20/06/2008,21.58,23.7,21.58,22.87,24.8,27.7,24.8,26.75,20.13,22.22,20.13,21.58
23/06/2008,22.89,23.14,22.52,22.64,26.75,27.58,26.75,27.53,21.58,21.84,21.16,21.2
24/06/2008,22.69,23.48,21.68,22.42,27.82,28.89,27.34,28.14,21.2,22.1,20.39,21.02
25/06/2008,22.42,22.42,20.34,21.14,28.14,28.14,25.35,26.39,21.02,21.02,19.28,19.91
26/06/2008,22.23,23.99,22.15,23.93,27.78,29.21,27.75,29.06,19.91,23.13,19.91,22.92
27/06/2008,23.75,24.56,23.3,23.44,29.06,30.11,28.58,28.67,22.92,23.49,22.39,22.41
30/06/2008,24.25,24.26,23.27,23.95,29.78,30.18,28.9,29.76,22.41,23.39,22.18,22.69
01/07/2008,25.14,25.57,23.64,23.65,30.55,30.91,28.69,28.73,22.69,26.89,22.48,22.48
02/07/2008,23.4,25.96,22.7,25.92,28.66,31.04,28.2,30.92,22.48,24.66,21.98,24.51
03/07/2008,25.92,26.08,24.44,24.8,30.93,31.22,29.51,29.85,24.51,24.71,23.22,23.25
07/07/2008,25.48,26.91,24.73,25.78,30.39,31.5,29.64,30.38,23.23,25.33,23.23,24.24
08/07/2008,25.72,26.05,23.02,23.15,30.5,30.88,28.24,28.43,24.24,24.62,21.66,21.76
09/07/2008,23.16,25.39,22.59,25.23,28.43,30.77,28.06,30.27,21.76,24.12,21.54,24.05
10/07/2008,25.22,26.62,25.07,25.59,30.3,31.98,30.24,30.45,24.05,25.06,23.72,24.16
11/07/2008,25.56,29.44,25.56,27.49,30.45,34.52,30.45,31.67,24.16,29.16,24.16,25.92
14/07/2008,27.49,29.3,26.9,28.48,31.69,33.76,31.49,33.2,25.92,27.95,25.43,26.94
15/07/2008,28.47,30.81,27.01,28.54,33.18,35.28,31.15,33.01,26.94,29.36,25.41,26.96
16/07/2008,28.19,28.32,24.87,25.1,32.66,33.07,29.98,30.13,26.96,26.96,23.37,23.45
17/07/2008,24.58,25.5,23.99,25.01,29.77,30.66,28.7,29.87,23.45,23.67,22.38,23.14
18/07/2008,25.01,25.19,23.78,24.05,29.87,30.79,25.83,30.49,23.14,23.29,22.26,22.26
21/07/2008,24.05,24.58,23.04,23.05,30.49,30.88,26.18,29.69,22.26,22.3,21.5,21.5
22/07/2008,24.02,24.08,21.05,21.18,31.08,31.08,27.06,27.09,21.5,22.37,19.53,19.62
23/07/2008,21.23,22.08,20.73,21.31,27.29,28.99,25.31,27.44,19.62,20.61,19.12,19.92
24/07/2008,21.31,23.61,21.31,23.44,27.44,28.24,26.74,27.83,19.92,22.07,19.92,21.89
25/07/2008,23.45,23.45,22.31,22.91,27.79,27.79,26.36,26.63,21.89,21.89,20.92,21.34
28/07/2008,22.91,24.62,22.91,24.23,26.62,28.15,26.52,27.74,21.34,22.94,21.34,22.72
29/07/2008,24.2,24.22,21.96,22.03,27.68,27.72,26.04,26.15,22.72,22.72,20.52,20.6
30/07/2008,22.03,22.31,20.99,21.21,26.15,26.57,25.2,25.54,20.6,20.89,19.62,19.91
31/07/2008,22.33,22.96,21.45,22.94,26.33,26.33,25.14,26.24,19.91,21.8,19.91,21.71
01/08/2008,22.66,23.37,22.35,22.57,26.35,27.95,25.95,25.97,21.71,22.14,21.13,21.22
04/08/2008,23.53,23.86,22.94,23.49,27.19,27.88,27.16,27.56,21.22,22.51,21.22,22.05
05/08/2008,22.99,22.99,20.06,21.14,26.9,27.03,25.52,25.65,22.05,22.05,20.01,20.01
06/08/2008,21.66,21.66,19.75,20.23,25.79,25.89,24.08,24.35,20.01,20.46,18.94,19.07
07/08/2008,20.23,21.46,20.23,21.15,24.35,25.05,23.94,24.75,19.07,20.37,19.07,20.02
08/08/2008,21.15,21.69,20.11,20.66,24.76,25.09,23.53,24.24,20.02,20.48,19.04,19.49
11/08/2008,20.66,20.96,19.66,20.12,24.24,24.49,23.37,24.19,19.49,19.58,18.53,19.2
12/08/2008,20.64,21.51,20.38,21.17,24.46,25.04,23.92,24.51,19.2,20.49,19.2,20.04
13/08/2008,21.57,22.11,20.8,21.55,25.09,25.71,23.84,24.57,20.04,21.22,20.04,20.79
14/08/2008,22.3,22.3,20.07,20.34,25.13,25.14,22.17,22.6,20.79,21.44,19.22,19.54
15/08/2008,20.24,20.65,19.57,19.58,22.48,23.2,22.17,22.52,19.54,19.82,18.83,18.83
18/08/2008,19.58,21.44,19.58,20.98,22.52,24.22,22.52,23.59,18.83,20.97,18.83,20.36
19/08/2008,21.76,22.14,21.28,21.28,24.32,24.97,24.14,24.21,20.36,21.53,20.36,20.77
20/08/2008,21.3,21.67,20.39,20.42,24.24,24.6,23.36,23.53,20.77,21.07,19.86,19.89
21/08/2008,20.43,21.08,18.94,19.82,23.52,24.5,22.86,23.15,19.89,20.63,18.9,19.23
22/08/2008,19.83,19.83,18.64,18.81,23.14,23.14,22.14,22.38,19.23,19.23,18.06,18.41
25/08/2008,18.78,21.22,18.78,20.97,22.37,24.59,22.37,24.28,18.41,20.75,18.41,20.5
26/08/2008,20.98,21.27,20.48,20.49,24.28,24.52,24.03,24.03,20.5,20.96,20.05,20.08
27/08/2008,20.48,20.67,19.53,19.76,24.03,24.36,23.07,23.34,20.08,20.42,19.32,19.44
28/08/2008,19.36,19.66,19.22,19.43,23.17,23.27,22.89,23.15,19.44,19.44,18.89,19.02
29/08/2008,19.43,20.71,19.43,20.65,23.15,24.33,23.15,24.02,19.02,20.27,19.02,20.12
02/09/2008,20.65,22.3,20.47,21.99,23.99,26.41,23.92,26.15,20.12,22.03,19.93,21.63
03/09/2008,21.99,22.3,21.39,21.43,26.17,26.83,25.73,25.74,21.63,22.01,21.03,21.08
04/09/2008,22.02,24.15,21.91,24.03,25.72,27.61,25.72,27.56,21.08,23.68,21.08,23.49
05/09/2008,24.54,24.71,22.97,23.06,28.04,28.4,26.65,26.66,23.49,24.35,22.71,22.72
08/09/2008,22.22,24.06,22.12,22.64,26.73,28.71,26.55,27.42,22.72,23.83,21.39,22.33
09/09/2008,22.69,25.68,22.58,25.47,27.51,29.19,26.58,28.63,22.33,25.14,22.1,24.97
10/09/2008,25.47,25.48,23.8,24.52,28.63,28.72,27.33,27.76,24.97,24.97,23.51,23.87
11/09/2008,25.38,26.25,24.39,24.39,28.58,28.79,27.27,27.31,23.87,25.87,23.77,23.88
12/09/2008,24.8,26.67,24.8,25.66,27.99,29.36,27.78,28.21,23.88,26.11,23.88,24.89
15/09/2008,25.66,31.87,25.66,31.7,28.21,32.72,28.21,32.13,24.89,30.95,24.89,30.39
16/09/2008,31.7,33.7,30.24,31.54,32.16,36.22,30.71,31.0,30.39,37.75,18.4,29.29
17/09/2008,30.25,36.4,30.25,36.22,30.77,36.39,30.77,35.88,29.29,34.66,29.29,34.3
18/09/2008,36.1,42.16,33.1,33.1,35.78,40.44,32.21,32.82,34.3,40.43,29.74,29.74
19/09/2008,33.07,33.08,27.95,32.07,24.6,34.64,24.6,34.26,29.74,31.4,25.96,30.36
22/09/2008,32.4,34.22,30.81,33.85,33.59,35.49,32.06,35.46,30.36,32.22,29.58,32.16
23/09/2008,33.85,36.08,32.63,35.72,35.46,36.71,33.81,36.52,32.16,34.33,31.28,33.77
24/09/2008,35.7,36.71,34.16,35.19,36.51,37.16,35.71,36.4,33.77,34.24,32.83,33.34
25/09/2008,35.19,35.19,32.45,32.82,36.39,36.39,33.94,34.86,33.34,33.34,30.9,31.18
26/09/2008,34.76,36.4,34.44,34.74,34.88,37.81,34.88,36.85,31.18,34.58,31.18,32.9
29/09/2008,36.92,48.4,36.92,46.72,38.56,50.46,38.47,49.56,32.9,43.73,32.9,42.86
30/09/2008,43.77,43.8,38.86,39.39,46.97,47.16,42.24,42.58,42.86,42.86,36.38,36.61
01/10/2008,39.39,42.38,39.39,39.81,42.58,44.56,42.58,42.92,36.61,39.31,36.61,37.25
02/10/2008,39.82,46.48,39.82,45.26,42.94,49.99,42.94,49.53,37.25,43.18,37.25,42.48
03/10/2008,45.22,45.52,41.51,45.14,49.51,50.22,45.58,49.76,42.48,42.48,38.98,41.74
06/10/2008,45.12,58.24,45.12,52.05,49.75,61.26,49.75,55.36,41.74,50.47,41.74,46.32
07/10/2008,52.05,54.19,47.03,53.68,55.36,58.51,51.15,58.51,46.32,49.85,43.54,49.85
08/10/2008,53.68,59.06,51.9,57.53,58.51,64.39,58.51,63.27,49.85,52.4,47.9,51.27
09/10/2008,57.57,64.92,52.54,63.92,63.33,70.49,57.83,69.66,51.27,54.76,47.68,53.42
10/10/2008,65.85,76.94,65.63,69.95,71.96,82.42,68.88,71.58,53.42,65.84,53.42,59.27
13/10/2008,69.95,71.42,54.69,54.99,71.58,74.0,60.27,60.27,59.27,67.22,41.37,42.45
14/10/2008,55.1,59.81,46.35,55.13,60.35,66.81,57.73,62.77,42.45,57.63,42.45,53.07
15/10/2008,55.69,69.47,55.69,69.25,62.76,73.32,62.76,72.93,53.07,64.52,53.07,64.52
16/10/2008,69.21,81.17,66.51,67.61,73.05,84.62,71.48,72.39,64.52,74.2,57.67,58.37
17/10/2008,67.65,74.48,59.82,70.33,72.4,79.05,67.05,71.26,58.37,68.48,56.0,65.18
20/10/2008,70.4,70.4,52.7,52.97,71.3,71.3,59.21,59.65,65.18,65.18,50.24,50.63
21/10/2008,52.95,56.37,50.91,53.11,59.58,62.78,58.13,60.07,50.63,53.64,49.08,51.09
22/10/2008,63.12,72.56,60.05,69.65,59.98,75.59,59.98,70.92,51.09,67.91,51.09,65.25
23/10/2008,68.03,79.43,51.83,67.8,70.67,81.33,67.36,69.84,65.25,72.83,57.29,63.25
24/10/2008,67.8,89.53,67.8,79.13,69.84,86.52,69.84,78.82,63.25,80.24,63.25,72.52
27/10/2008,79.13,81.65,71.29,80.06,80.57,80.85,72.57,79.16,72.52,75.56,56.56,71.16
28/10/2008,73.3,78.98,65.66,66.96,73.43,78.7,66.2,66.2,71.16,71.77,56.69,60.58
29/10/2008,66.96,71.14,62.72,69.96,66.07,70.55,63.53,69.13,60.58,65.08,58.61,62.95
30/10/2008,69.83,69.83,62.67,62.9,70.06,70.06,63.12,63.19,62.95,63.52,58.27,58.64
31/10/2008,62.93,65.85,56.73,59.89,63.25,65.4,58.99,60.3,58.64,60.68,53.76,55.83
03/11/2008,60.17,60.77,53.63,53.68,61.88,61.95,56.22,56.22,55.83,57.15,51.06,51.07
04/11/2008,53.68,53.68,44.25,47.73,56.22,56.22,49.39,51.25,51.07,51.07,43.52,46.42
05/11/2008,47.73,55.62,46.87,54.56,51.27,56.07,50.29,55.43,46.42,51.4,45.58,49.68
06/11/2008,56.71,64.78,55.6,63.68,57.73,64.23,56.69,62.7,49.68,59.59,49.44,58.78
07/11/2008,63.68,63.68,56.03,56.1,62.7,62.7,55.14,55.14,58.78,58.78,51.74,51.85
10/11/2008,56.09,62.09,54.63,59.98,55.05,60.48,53.39,58.44,51.85,56.85,49.74,54.59
11/11/2008,59.98,64.73,58.58,61.44,58.21,64.11,58.21,60.83,54.59,59.17,54.43,56.99
12/11/2008,61.52,67.19,61.52,66.46,60.86,65.35,60.86,64.64,56.99,61.5,56.99,60.74
13/11/2008,66.45,69.99,58.66,59.83,64.73,68.32,57.72,58.03,60.74,64.26,53.66,53.92
14/11/2008,62.6,66.31,59.75,66.31,60.3,66.1,59.21,66.05,53.92,61.54,53.92,61.32
17/11/2008,69.57,69.59,65.1,69.15,68.29,69.46,66.02,68.6,61.32,65.47,61.32,65.47
18/11/2008,70.09,73.13,67.18,67.64,69.2,72.42,67.25,68.31,65.47,67.59,62.55,62.86
19/11/2008,68.46,75.0,67.34,74.26,68.76,75.34,68.39,74.66,64.37,69.24,62.94,68.71
20/11/2008,74.26,81.48,72.76,80.86,74.66,81.24,73.86,80.64,68.71,75.33,58.19,74.6
21/11/2008,80.74,80.74,71.63,72.67,80.5,80.5,70.56,71.2,74.6,74.6,54.03,65.35
24/11/2008,71.19,71.35,61.81,64.7,70.07,70.07,61.46,62.92,65.35,65.35,55.54,58.94
25/11/2008,64.76,65.49,60.25,60.9,63.02,63.91,59.51,59.71,58.94,60.24,55.82,56.0
26/11/2008,60.9,62.5,54.62,54.92,59.66,60.92,54.76,55.26,56.0,57.99,50.8,50.92
28/11/2008,56.02,56.82,50.5,55.84,56.2,56.21,55.4,56.05,50.92,53.01,50.92,51.84
01/12/2008,60.47,68.6,60.36,68.51,59.56,66.37,59.53,66.35,51.84,63.03,51.84,62.4
02/12/2008,66.68,67.01,62.31,62.98,64.84,65.91,62.38,62.48,62.4,62.4,57.71,58.59
03/12/2008,62.98,65.37,60.18,60.72,62.48,65.61,60.74,61.74,58.59,60.53,55.79,56.05
04/12/2008,62.19,65.08,60.21,63.64,62.53,64.13,60.24,62.59,56.05,60.22,56.02,58.91
05/12/2008,63.64,66.54,59.26,59.93,62.59,65.91,58.85,58.96,58.91,61.35,50.39,54.41
08/12/2008,58.86,59.87,57.35,58.49,58.94,59.16,56.08,57.17,54.41,54.41,52.23,52.95
09/12/2008,59.48,59.57,56.37,58.91,57.59,57.63,55.0,56.59,52.95,53.76,51.5,52.85
10/12/2008,58.91,58.91,53.79,55.73,56.59,56.63,53.45,53.82,52.85,52.85,50.18,50.78
11/12/2008,55.08,56.44,52.94,55.78,54.48,54.62,51.28,52.06,50.78,51.4,47.72,49.61
12/12/2008,55.78,58.84,54.26,54.28,52.06,56.29,51.85,51.91,49.61,53.72,49.0,49.03
15/12/2008,55.68,58.49,55.68,56.76,51.92,56.13,51.92,54.71,49.03,53.1,49.03,51.89
16/12/2008,56.76,56.76,50.91,51.29,54.71,54.71,49.95,50.22,51.89,51.89,47.13,47.29
17/12/2008,52.0,52.19,49.36,49.84,50.8,51.28,47.47,48.04,47.29,48.64,45.25,45.61
18/12/2008,49.84,49.84,44.5,47.34,48.04,48.14,44.61,46.03,45.61,45.61,41.36,42.22
19/12/2008,46.01,46.01,41.29,44.93,45.83,45.83,41.86,43.5,42.22,42.95,37.67,40.53
22/12/2008,44.93,46.69,42.75,44.56,43.5,44.08,41.9,41.91,40.53,41.55,37.86,39.28
23/12/2008,43.19,45.39,41.68,45.02,41.47,43.53,40.44,43.29,39.28,41.3,38.07,41.03
24/12/2008,45.02,45.02,44.15,44.21,43.29,43.7,43.04,43.4,41.03,41.26,40.5,40.54
26/12/2008,44.27,44.36,42.92,43.38,43.4,43.79,43.13,43.15,40.52,40.6,39.67,40.0
29/12/2008,43.35,46.24,42.16,43.9,43.16,45.94,43.16,43.69,40.0,42.4,40.0,40.06
30/12/2008,43.99,44.29,41.63,41.63,43.92,44.07,41.66,41.67,40.06,40.43,37.75,37.85
31/12/2008,41.63,41.63,37.96,40.0,41.67,42.27,40.27,40.79,37.85,37.85,35.49,36.31
02/01/2009,39.58,39.82,36.88,39.19,41.23,41.29,38.68,39.11,36.31,36.31,33.94,34.53
05/01/2009,39.24,40.22,38.3,39.08,40.6,41.31,38.81,39.07,34.53,36.82,34.53,35.83
06/01/2009,38.06,39.33,37.34,38.56,38.79,40.0,37.73,39.71,35.83,35.95,34.14,35.4
07/01/2009,40.29,43.82,40.12,43.39,39.71,44.23,39.71,43.52,35.4,40.1,35.4,39.34
08/01/2009,43.38,44.6,42.56,42.56,43.49,45.14,43.1,43.23,39.34,40.34,38.52,38.71
09/01/2009,41.18,43.13,41.05,42.82,42.66,44.45,42.51,43.84,38.71,39.24,37.71,39.06
12/01/2009,42.06,46.62,41.94,45.84,43.97,47.69,43.78,44.46,39.06,42.35,38.65,41.64
13/01/2009,45.84,47.08,43.23,43.27,44.46,47.75,43.08,43.11,41.64,42.59,39.46,39.84
14/01/2009,46.24,51.55,46.14,49.14,46.85,50.66,46.85,47.8,39.84,47.01,39.84,44.28
15/01/2009,49.14,55.16,49.14,51.0,47.8,51.98,46.48,48.33,44.28,49.13,43.57,44.95
16/01/2009,51.0,51.0,45.96,46.11,48.33,48.33,43.24,44.19,44.95,45.13,40.96,41.57
20/01/2009,50.12,57.36,49.27,56.65,48.39,55.59,48.39,54.45,41.57,50.52,39.96,50.19
21/01/2009,51.52,54.12,46.15,46.42,50.95,53.44,46.8,47.35,50.19,50.19,41.1,41.1
22/01/2009,50.65,51.76,46.51,47.29,49.72,50.19,45.73,45.83,41.1,45.55,41.1,41.55
23/01/2009,50.39,51.11,46.43,47.27,49.09,49.61,45.19,46.6,41.55,45.12,40.68,41.65
26/01/2009,47.89,47.93,44.29,45.69,46.82,47.05,44.58,45.0,41.65,41.94,39.26,40.17
27/01/2009,45.11,45.93,42.2,42.25,44.75,45.03,42.58,43.1,40.17,40.17,37.37,37.98
28/01/2009,42.25,42.25,38.09,39.66,43.1,43.1,38.99,39.17,37.98,37.98,32.29,34.79
29/01/2009,41.34,43.03,41.12,42.63,40.64,43.16,40.61,42.58,34.79,37.98,34.79,37.79
30/01/2009,42.63,45.53,42.09,44.84,42.06,45.37,41.69,44.93,37.79,40.16,36.8,39.58
02/02/2009,49.42,49.54,45.26,45.52,48.48,48.48,44.54,46.47,39.58,43.35,39.58,40.14
03/02/2009,45.52,45.52,42.43,43.06,46.47,46.47,42.46,42.88,40.14,40.14,37.14,37.64
04/02/2009,43.06,44.52,41.39,43.85,42.9,43.66,40.75,42.82,37.64,38.78,35.88,37.99
05/02/2009,43.83,46.23,42.32,43.73,42.81,44.91,41.62,43.3,37.99,39.93,36.84,38.14
06/02/2009,43.71,43.71,41.2,43.37,43.3,43.3,40.3,41.95,38.14,38.61,34.59,37.56
09/02/2009,45.4,45.45,43.04,43.64,43.42,44.11,42.72,43.51,37.56,39.71,37.56,38.03
10/02/2009,45.14,48.12,44.18,46.67,43.82,46.69,43.32,45.86,38.03,42.08,38.03,41.27
11/02/2009,46.67,46.67,44.5,44.53,45.85,45.85,44.0,44.58,41.27,41.27,39.08,39.26
12/02/2009,44.52,48.63,41.21,41.25,44.58,46.55,41.82,41.99,39.26,41.72,37.13,37.13
13/02/2009,41.6,43.02,40.73,42.93,42.41,43.15,41.48,43.11,37.13,38.53,36.76,38.15
17/02/2009,48.14,51.18,46.96,48.66,47.21,50.07,46.63,47.5,38.15,44.61,38.15,43.35
18/02/2009,48.66,50.29,46.0,48.46,47.5,49.39,45.96,46.68,43.35,44.44,41.99,42.72
19/02/2009,48.54,48.54,44.81,47.08,46.85,46.85,44.86,45.2,42.72,42.72,33.81,41.72
20/02/2009,47.08,52.04,47.08,49.3,45.2,49.12,45.2,47.18,41.72,45.03,32.48,43.62
23/02/2009,49.3,53.16,48.97,52.62,47.18,51.11,46.85,50.06,43.62,47.54,43.41,47.02
24/02/2009,52.5,52.56,44.28,45.49,50.35,50.35,43.45,44.05,47.02,47.02,39.84,40.61
25/02/2009,45.73,47.23,42.84,44.67,44.58,46.2,42.16,43.95,40.61,42.76,38.95,40.2
26/02/2009,43.75,45.33,41.91,44.66,42.87,44.55,41.43,43.87,40.2,40.8,38.1,40.42
27/02/2009,44.66,47.34,44.46,46.35,43.87,46.15,43.6,45.28,40.42,42.67,40.01,41.45
02/03/2009,49.96,53.25,48.35,52.65,48.34,51.46,47.15,50.92,41.45,47.23,41.45,46.82
03/03/2009,52.65,52.76,48.5,50.93,50.92,51.14,48.08,49.36,46.82,47.29,43.94,45.76
04/03/2009,48.02,48.83,45.02,47.56,47.22,47.28,44.61,45.66,45.76,45.76,40.54,42.16
05/03/2009,47.56,51.95,46.98,50.17,45.66,49.22,45.66,48.08,42.16,46.2,42.16,45.4
06/03/2009,50.17,51.95,47.65,49.33,48.14,50.29,46.98,47.99,45.4,46.61,43.04,43.85
09/03/2009,49.35,51.34,48.4,49.68,48.03,50.57,48.03,48.76,43.85,46.98,43.85,45.0
10/03/2009,49.68,49.68,43.88,44.37,48.79,48.79,43.69,43.83,45.0,45.0,39.37,39.4
11/03/2009,43.35,44.26,42.36,43.61,42.98,43.81,42.26,42.81,39.4,39.89,38.4,39.19
12/03/2009,43.53,43.98,40.75,41.18,43.18,43.67,40.66,40.77,39.19,39.53,36.56,36.67
13/03/2009,40.99,43.52,40.03,42.36,40.47,42.79,40.35,41.25,36.67,38.91,36.33,37.8
16/03/2009,42.36,44.23,42.36,43.74,41.25,44.0,41.25,43.54,37.8,39.63,37.8,39.09
17/03/2009,44.23,44.59,40.74,40.8,43.49,44.1,40.2,40.36,39.09,40.0,36.16,36.37
18/03/2009,41.14,42.39,38.98,40.06,41.21,41.88,39.12,39.8,36.37,39.05,35.05,36.5
19/03/2009,40.06,44.17,38.79,43.68,39.8,42.78,38.99,42.46,36.5,40.12,35.8,39.05
20/03/2009,43.6,47.63,43.07,45.89,41.38,45.31,41.29,44.66,39.05,42.91,39.05,41.43
23/03/2009,45.89,45.89,41.27,43.23,44.66,44.66,41.5,42.01,41.43,41.43,37.89,38.09
24/03/2009,43.24,44.0,41.63,42.93,42.01,42.68,41.37,42.17,38.09,39.9,37.88,38.95
25/03/2009,42.35,44.2,40.81,42.25,41.69,43.61,40.54,41.35,38.95,40.5,36.67,37.45
26/03/2009,42.25,42.25,40.17,40.36,41.35,41.35,39.83,40.58,37.45,38.17,36.04,36.06
27/03/2009,40.36,42.13,40.36,41.04,40.58,42.29,40.58,41.45,36.06,38.31,36.06,36.8
30/03/2009,44.86,46.28,44.86,45.54,44.68,45.83,44.68,44.87,36.8,42.17,36.8,40.65
31/03/2009,45.54,45.54,42.27,44.14,44.87,44.87,42.49,44.2,40.65,40.85,38.97,39.9
01/04/2009,45.42,45.6,42.26,42.28,45.18,45.26,42.19,42.48,39.9,41.41,37.62,37.62
02/04/2009,42.28,42.68,40.3,42.04,42.48,43.31,40.98,42.29,37.62,38.92,36.62,37.83
03/04/2009,42.03,42.03,39.64,39.7,42.28,42.28,40.57,40.6,37.83,37.89,36.07,36.18
06/04/2009,41.96,43.02,40.83,40.93,42.94,43.55,41.52,41.56,36.18,38.82,36.18,36.77
07/04/2009,41.48,42.5,40.36,40.39,42.9,43.28,41.07,41.07,36.77,38.44,36.62,36.62
08/04/2009,40.39,40.86,38.7,38.85,41.07,41.32,40.04,40.5,36.62,37.27,35.3,35.3
09/04/2009,37.22,37.74,36.53,36.53,39.29,39.32,38.17,38.23,35.3,35.3,33.32,33.32
13/04/2009,38.32,38.91,37.51,37.81,40.46,40.58,39.13,39.34,33.32,35.74,33.32,34.28
14/04/2009,37.95,38.5,36.88,37.67,39.88,40.13,38.88,39.43,34.28,35.62,33.88,34.32
15/04/2009,37.85,38.06,36.1,36.17,40.26,40.33,38.12,38.31,34.32,35.15,33.15,33.19
16/04/2009,36.04,36.8,34.88,35.79,37.59,38.13,36.21,36.8,33.19,34.37,32.17,32.17
17/04/2009,35.36,35.52,33.68,33.94,36.83,36.89,34.97,35.29,32.17,32.94,31.07,31.09
20/04/2009,33.94,39.58,33.94,39.18,35.29,39.89,35.29,39.71,31.09,36.7,31.09,35.55
21/04/2009,40.27,40.29,36.95,37.14,40.37,40.49,38.16,38.44,35.55,37.37,33.72,33.72
22/04/2009,37.14,38.19,36.01,38.1,38.44,39.37,37.43,39.24,33.72,35.38,33.37,34.85
23/04/2009,38.1,38.52,37.01,37.15,39.17,39.17,37.84,37.95,34.85,35.52,33.58,33.59
24/04/2009,36.86,37.53,36.37,36.82,37.58,37.85,36.79,36.8,33.59,34.33,32.87,33.13
27/04/2009,39.46,39.52,37.97,38.32,39.63,39.69,38.69,38.79,33.13,35.93,33.13,34.32
28/04/2009,39.43,39.64,37.42,37.95,39.75,39.91,38.12,38.53,34.32,36.11,34.27,34.28
29/04/2009,37.95,37.95,35.37,36.08,38.53,38.53,35.93,36.96,34.28,34.28,31.47,32.58
30/04/2009,36.09,36.71,34.5,36.5,36.98,37.08,35.51,36.64,32.58,33.45,31.51,32.72
01/05/2009,36.5,36.88,34.88,35.3,36.62,37.04,34.86,35.05,32.72,33.79,31.57,31.58
04/05/2009,35.3,36.24,34.31,34.53,35.05,36.19,34.8,35.05,31.58,32.78,30.95,30.97
05/05/2009,34.54,35.14,33.36,33.36,35.1,35.51,33.42,33.42,30.97,31.98,30.29,30.3
06/05/2009,33.36,33.7,32.43,32.45,33.42,34.77,33.26,33.28,30.3,30.58,29.25,29.26
07/05/2009,32.1,34.56,31.91,33.44,33.25,35.76,33.25,34.47,29.26,31.46,28.88,30.19
08/05/2009,32.36,32.72,31.19,32.05,34.83,34.96,33.19,33.67,30.19,30.19,28.18,28.65
11/05/2009,32.05,34.08,32.05,32.87,33.67,35.79,33.67,34.29,28.65,30.49,28.65,28.98
12/05/2009,32.68,33.29,31.57,31.8,34.05,35.28,33.09,33.09,28.98,29.71,27.83,27.84
13/05/2009,32.97,33.99,32.56,33.65,34.38,35.59,34.36,34.98,27.84,30.22,27.84,29.44
14/05/2009,33.65,33.96,31.32,31.37,34.98,35.08,32.48,32.64,29.44,29.92,28.01,28.01
15/05/2009,31.36,33.61,30.59,33.12,32.64,33.23,31.5,33.14,28.01,30.07,27.64,28.8
18/05/2009,32.91,32.91,30.0,30.24,33.06,33.06,30.04,30.22,28.8,29.43,26.28,26.29
19/05/2009,30.23,30.32,28.35,28.8,30.71,30.85,29.04,29.56,26.29,27.14,25.14,25.28
20/05/2009,27.47,29.16,26.57,29.03,29.09,29.94,27.87,29.9,25.28,26.34,23.81,25.71
21/05/2009,29.03,32.77,29.03,31.35,29.9,32.56,29.9,31.2,25.71,29.64,25.71,27.68
22/05/2009,31.36,32.71,30.57,32.63,31.2,32.06,30.97,31.87,27.68,29.49,27.55,29.09
26/05/2009,34.57,34.57,30.38,30.62,34.14,34.14,31.06,31.23,29.09,31.52,27.15,27.29
27/05/2009,30.8,32.53,29.62,32.36,31.46,32.27,30.44,32.16,27.29,29.13,26.59,28.71
28/05/2009,31.54,33.32,31.1,31.67,31.47,33.06,31.15,31.52,28.71,30.22,27.93,28.15
29/05/2009,31.67,31.67,28.85,28.92,31.52,31.83,29.35,29.44,28.15,28.65,23.65,25.33
01/06/2009,28.7,30.05,28.45,30.04,29.43,30.94,29.23,30.72,25.33,26.94,25.33,26.93
02/06/2009,30.04,30.13,28.3,29.63,30.72,31.07,29.31,30.61,26.93,27.07,25.54,26.63
03/06/2009,29.62,31.79,29.62,31.02,30.58,32.23,30.58,31.45,26.63,28.62,26.63,27.34
04/06/2009,31.02,31.02,29.92,30.18,31.46,32.03,30.96,31.06,27.34,27.84,26.92,26.92
05/06/2009,29.39,30.81,28.85,29.62,30.44,32.56,30.28,30.71,26.92,27.68,26.07,26.57
08/06/2009,30.88,31.82,29.33,29.77,32.61,32.97,30.79,31.18,26.57,28.73,26.11,26.54
09/06/2009,29.77,29.77,27.79,28.27,31.18,31.18,29.44,29.69,26.54,26.54,25.09,25.29
10/06/2009,26.9,29.74,26.9,28.46,29.35,31.08,29.33,29.77,25.29,27.0,24.67,25.29
11/06/2009,27.36,28.11,26.81,28.11,29.93,30.18,29.24,29.73,25.29,25.52,24.43,25.39
12/06/2009,28.08,28.5,27.73,28.15,30.09,30.49,29.17,29.21,25.39,25.87,25.1,25.13
15/06/2009,29.7,31.09,29.64,30.81,30.92,33.25,30.82,32.54,25.13,28.59,25.13,27.95
16/06/2009,30.81,32.75,30.07,32.68,32.54,32.54,31.71,32.32,27.95,29.13,27.41,28.91
17/06/2009,31.19,32.77,30.64,31.54,32.27,33.65,31.03,31.47,28.91,30.02,27.68,28.06
18/06/2009,31.54,31.54,29.6,30.03,31.47,32.01,29.66,30.03,28.06,28.36,26.45,26.83
19/06/2009,29.16,29.32,27.56,27.99,29.25,29.26,28.14,28.3,26.83,26.83,24.79,24.99
22/06/2009,30.4,32.05,30.3,31.17,30.63,32.63,30.52,31.41,24.99,29.15,24.99,28.25
23/06/2009,31.3,31.54,30.19,30.58,31.58,31.85,30.22,30.69,28.25,28.53,27.3,27.59
24/06/2009,30.58,30.58,28.79,29.05,30.69,30.69,28.84,29.03,27.59,27.59,26.1,26.24
25/06/2009,29.45,29.56,26.3,26.36,29.5,29.71,27.16,27.25,26.24,26.83,23.92,23.92
26/06/2009,27.09,27.22,25.76,25.93,27.69,27.74,26.35,26.53,23.92,24.53,23.37,23.6
29/06/2009,25.93,27.18,25.29,25.35,26.53,27.91,26.4,26.47,23.6,24.66,22.69,22.69
30/06/2009,25.36,27.38,25.02,26.35,26.47,27.35,25.94,26.69,22.69,24.61,22.5,23.47
01/07/2009,25.73,26.31,24.8,26.22,26.4,26.89,25.81,26.86,23.47,23.62,22.23,23.55
02/07/2009,26.22,28.62,26.22,27.95,26.86,28.79,26.86,28.07,23.55,25.6,23.55,25.09
06/07/2009,30.32,30.6,28.99,29.0,30.18,30.61,29.24,29.25,25.09,27.51,25.09,25.75
07/07/2009,29.0,30.94,28.9,30.85,29.25,31.39,29.09,31.2,25.75,27.71,25.75,27.48
08/07/2009,30.85,33.05,30.43,31.3,31.2,32.52,30.68,31.07,27.48,29.69,27.46,27.94
09/07/2009,30.23,30.49,29.28,29.78,30.59,30.87,29.3,30.0,27.94,27.94,26.34,26.69
10/07/2009,29.78,30.34,28.82,29.02,30.0,30.25,29.29,29.33,26.69,27.23,26.01,26.01
13/07/2009,28.36,29.24,25.42,26.31,29.14,29.53,26.4,26.61,26.01,26.01,23.18,23.59
14/07/2009,26.31,26.84,24.99,25.02,26.61,26.81,25.67,26.03,23.59,24.02,22.77,23.07
15/07/2009,25.05,26.06,23.83,25.89,26.04,26.04,24.4,25.28,23.07,23.14,21.12,23.14
16/07/2009,25.96,26.18,24.51,25.42,25.56,25.58,24.42,24.8,23.14,23.18,21.66,22.0
17/07/2009,25.42,25.55,23.88,24.34,24.8,24.8,23.85,24.28,22.0,22.62,21.2,21.33
20/07/2009,25.06,25.42,24.26,24.4,25.48,25.6,24.69,24.79,21.33,22.44,21.08,21.19
21/07/2009,24.28,25.14,23.81,23.87,24.69,25.84,24.63,24.68,21.19,22.19,20.54,20.64
22/07/2009,24.05,24.14,23.24,23.47,24.96,25.12,24.41,24.99,20.64,21.42,20.61,20.72
23/07/2009,23.71,24.05,23.21,23.43,25.04,25.95,24.21,25.87,20.72,21.28,19.28,21.02
24/07/2009,23.87,23.87,23.0,23.09,26.19,26.19,24.67,24.67,21.02,21.25,20.46,20.46
27/07/2009,24.06,24.86,24.02,24.28,25.99,26.43,24.67,25.65,20.46,22.3,20.46,21.77
28/07/2009,24.28,25.61,24.28,25.01,25.65,26.73,25.27,25.35,21.77,22.8,21.77,22.26
29/07/2009,25.47,26.18,25.41,25.61,25.86,26.66,25.64,26.22,22.26,23.36,22.26,22.71
30/07/2009,25.4,25.76,24.85,25.4,25.68,26.67,25.32,26.63,22.71,22.87,22.17,22.61
31/07/2009,25.4,26.22,24.93,25.92,26.63,26.63,25.55,26.16,22.61,23.27,22.23,22.99
03/08/2009,25.92,26.49,25.56,25.56,26.16,27.32,26.16,26.28,22.99,23.62,22.87,22.87
04/08/2009,25.55,26.16,24.89,24.89,26.27,26.85,25.15,25.17,22.87,23.34,22.18,22.2
05/08/2009,24.91,25.85,24.86,24.9,25.09,26.22,25.05,25.5,22.2,22.93,21.97,22.06
06/08/2009,24.9,26.15,24.47,25.67,25.5,26.66,25.37,26.36,22.06,23.3,21.89,23.05
07/08/2009,24.71,24.95,23.98,24.76,25.24,25.54,24.91,25.02,23.05,23.05,21.51,22.26
10/08/2009,24.76,25.82,24.76,24.99,25.03,26.6,25.03,25.66,22.26,23.47,22.26,22.41
11/08/2009,24.98,26.98,24.98,25.99,25.66,27.17,25.66,26.11,22.41,24.05,22.41,23.32
12/08/2009,25.99,26.5,25.11,25.45,26.09,26.38,25.06,25.68,23.32,23.44,22.35,22.9
13/08/2009,25.34,26.15,24.71,24.71,25.4,26.36,25.09,25.09,22.9,23.31,22.1,22.16
14/08/2009,24.77,25.94,24.26,24.27,25.64,26.91,25.2,25.24,22.16,23.46,21.78,21.87
17/08/2009,24.27,28.39,24.27,27.89,25.24,28.48,25.24,27.59,21.87,25.67,21.87,25.2
18/08/2009,27.89,27.89,26.08,26.18,27.59,27.59,26.18,26.18,25.2,25.2,23.51,23.59
19/08/2009,28.08,28.14,26.14,26.26,27.5,27.5,26.06,26.21,25.08,25.1,23.15,23.39
20/08/2009,26.45,26.45,24.75,25.09,26.53,26.53,24.83,24.97,23.39,23.73,22.32,22.63
21/08/2009,24.49,25.06,23.91,25.01,24.52,24.91,23.68,24.69,22.63,22.63,21.46,22.46
24/08/2009,25.01,25.7,25.01,25.14,24.69,25.88,24.69,25.27,22.46,23.23,22.34,22.34
25/08/2009,25.13,25.13,23.68,24.92,25.25,25.38,24.55,25.13,22.34,22.53,21.88,22.24
26/08/2009,24.91,25.56,24.69,24.95,25.13,25.98,25.12,25.6,22.24,22.95,21.65,22.31
27/08/2009,25.13,25.89,24.43,24.68,25.73,26.65,24.87,25.01,22.31,23.4,21.93,21.93
28/08/2009,24.44,25.5,24.28,24.76,24.17,25.76,23.96,24.93,21.93,22.83,21.78,21.79
31/08/2009,24.76,27.01,24.76,26.01,24.93,27.65,24.93,27.17,21.79,24.02,21.79,23.14
01/09/2009,26.01,29.23,26.0,29.15,27.17,29.5,26.37,29.31,23.14,26.38,23.01,26.01
02/09/2009,29.14,29.57,28.41,28.9,29.31,29.82,29.08,29.38,26.01,26.57,25.57,25.78
03/09/2009,28.9,28.9,26.98,27.1,29.38,29.79,28.08,28.1,25.78,25.92,24.01,24.04
04/09/2009,26.98,26.98,24.86,25.26,27.89,27.91,25.66,25.85,24.04,24.04,22.4,22.5
08/09/2009,25.26,26.15,25.26,25.62,25.85,26.93,25.85,26.43,22.5,23.51,22.5,23.01
09/09/2009,25.66,25.93,24.23,24.32,26.54,26.8,25.44,25.77,23.01,23.13,21.63,21.7
10/09/2009,24.4,24.76,22.82,23.55,25.92,25.93,24.61,24.83,21.7,22.06,20.51,21.15
11/09/2009,23.49,24.33,22.48,24.15,25.01,25.7,24.73,25.29,21.15,21.67,20.7,21.4
14/09/2009,25.39,25.39,23.32,23.86,26.41,26.48,24.81,24.93,21.4,22.55,21.08,21.08
15/09/2009,23.9,24.27,23.07,23.42,25.05,25.18,24.21,24.61,21.08,21.79,20.51,20.83
16/09/2009,23.29,23.92,22.78,23.69,24.26,24.48,23.75,24.02,20.83,21.36,20.46,21.26
17/09/2009,23.99,24.07,22.79,23.65,24.14,24.49,23.67,24.26,21.26,21.35,20.45,21.15
18/09/2009,23.65,24.43,23.14,23.92,24.26,24.88,24.02,24.69,21.15,21.62,20.84,21.22
21/09/2009,25.34,25.51,23.71,24.06,26.02,26.03,24.87,24.92,21.22,22.62,21.19,21.33
22/09/2009,23.81,23.98,23.06,23.08,24.75,24.92,24.02,24.08,21.33,21.33,20.64,20.75
23/09/2009,22.9,23.69,22.19,23.49,23.95,24.56,23.14,24.47,20.75,21.28,19.81,21.0
24/09/2009,23.67,25.37,23.44,24.95,24.38,26.06,24.35,25.9,21.0,22.66,21.0,22.13
25/09/2009,25.18,26.34,24.81,25.61,26.2,26.28,25.52,25.77,22.13,23.4,22.13,22.5
28/09/2009,26.26,26.4,24.85,24.88,26.46,26.51,25.7,26.21,22.5,23.21,21.88,22.07
29/09/2009,24.88,25.28,24.54,25.19,26.21,26.98,25.8,26.11,22.07,22.49,21.37,22.49
30/09/2009,25.19,26.45,24.76,25.61,26.11,27.36,25.47,26.5,22.49,23.57,21.84,22.79
01/10/2009,25.98,28.42,25.98,28.27,26.99,29.16,26.99,28.95,22.79,25.57,22.79,25.09
02/10/2009,29.34,29.56,27.98,28.68,29.88,29.92,28.48,29.02,25.09,26.39,24.77,25.14
05/10/2009,29.34,29.34,26.57,26.84,29.63,29.74,28.02,28.23,25.14,26.12,23.61,23.79
06/10/2009,26.39,26.41,25.19,25.7,27.91,27.91,26.59,26.87,23.79,23.79,22.46,22.65
07/10/2009,25.78,25.82,24.57,24.68,26.97,27.06,25.87,25.88,22.65,23.1,21.8,21.8
08/10/2009,24.68,24.69,23.9,24.18,25.88,25.93,25.09,25.68,21.8,21.86,21.3,21.42
09/10/2009,24.39,24.54,22.99,23.12,25.81,25.93,24.18,24.18,21.42,21.61,20.22,20.22
12/10/2009,23.12,23.53,22.67,23.01,24.18,24.29,23.44,23.78,20.22,20.63,19.89,19.92
13/10/2009,23.0,24.07,22.74,22.99,23.78,24.69,23.74,23.84,19.92,21.18,19.92,20.28
14/10/2009,22.08,22.89,21.55,22.86,23.01,23.52,22.62,23.51,20.28,20.28,18.77,20.04
15/10/2009,23.51,23.53,21.49,21.72,23.86,23.88,22.41,22.51,20.04,20.4,18.88,19.11
16/10/2009,21.72,22.6,20.98,21.43,22.51,23.41,21.81,22.22,19.11,19.99,18.24,18.57
19/10/2009,21.41,22.46,20.91,21.49,22.25,23.37,21.8,22.11,18.57,19.68,18.26,18.74
20/10/2009,21.55,21.76,20.9,20.9,21.67,22.81,21.59,21.62,18.74,19.14,17.96,17.96
21/10/2009,20.9,22.48,20.1,22.22,21.62,23.23,20.75,23.14,17.96,23.55,17.61,19.27
22/10/2009,22.22,22.77,20.33,20.69,23.12,23.43,21.42,21.58,19.27,19.88,17.89,18.01
23/10/2009,20.7,22.59,20.34,22.27,21.57,23.09,21.04,22.62,18.01,19.79,17.2,19.31
26/10/2009,23.06,24.86,21.89,24.31,23.55,24.86,22.61,24.52,19.31,21.94,19.2,21.45
27/10/2009,24.38,25.22,24.03,24.83,24.59,26.1,24.49,25.4,21.45,22.41,20.85,22.05
28/10/2009,24.83,27.94,24.83,27.91,25.4,28.27,25.4,28.27,22.05,24.79,22.05,24.79
29/10/2009,27.16,27.19,24.68,24.76,27.39,27.39,25.22,25.4,24.79,24.79,21.74,21.74
30/10/2009,24.76,31.59,24.76,30.69,25.4,30.47,25.29,29.81,21.74,27.87,21.62,26.82
02/11/2009,30.7,31.84,28.07,29.78,29.81,31.42,28.1,29.88,26.82,28.03,24.83,26.19
03/11/2009,30.62,30.8,28.77,28.81,30.44,30.64,28.86,28.88,26.19,27.02,25.08,25.21
04/11/2009,28.81,28.81,26.61,27.72,28.88,28.88,26.93,27.89,25.21,25.21,22.9,24.44
05/11/2009,27.28,27.39,25.41,25.43,27.02,27.24,25.83,25.84,24.44,24.44,22.28,22.28
06/11/2009,26.17,26.17,24.06,24.19,26.34,26.37,24.6,24.6,22.28,22.87,21.14,21.19
09/11/2009,24.19,24.24,22.78,23.15,24.6,24.7,23.5,23.55,21.19,21.24,20.19,20.22
10/11/2009,23.15,23.53,22.78,22.84,23.54,24.28,23.39,23.39,20.22,20.72,20.03,20.03
11/11/2009,22.84,23.68,21.61,23.04,23.39,23.93,22.73,23.06,20.03,20.71,19.64,20.02
12/11/2009,23.04,24.61,22.91,24.24,23.06,24.35,22.67,24.05,20.02,21.77,20.02,21.32
13/11/2009,24.25,24.43,23.22,23.36,23.83,24.15,22.91,22.92,21.32,21.43,20.39,20.44
16/11/2009,23.36,23.42,22.02,22.89,22.92,23.32,22.57,23.13,20.44,20.54,19.8,19.93
17/11/2009,22.81,23.33,22.27,22.41,23.28,23.3,22.09,22.14,19.93,20.46,19.37,19.51
18/11/2009,22.35,22.65,21.63,21.63,22.44,22.98,22.01,22.03,19.51,20.04,19.28,19.28
19/11/2009,21.63,24.2,21.63,22.63,22.03,24.08,22.03,23.3,19.28,21.35,19.28,19.89
20/11/2009,23.45,23.45,22.14,22.19,23.71,23.71,22.46,22.49,19.89,20.53,19.39,19.46
23/11/2009,21.98,21.98,20.9,21.16,22.47,22.47,21.43,22.03,19.46,19.46,17.97,18.51
24/11/2009,21.28,21.87,20.35,20.47,22.08,22.84,21.49,21.5,18.51,19.34,18.02,18.11
25/11/2009,20.23,20.57,20.05,20.48,21.21,21.39,21.1,21.32,18.11,21.93,16.67,17.98
27/11/2009,25.75,25.93,23.12,24.85,26.16,26.16,23.81,25.41,17.98,22.5,17.98,21.81
30/11/2009,24.95,25.57,24.19,24.51,26.0,26.24,24.69,24.73,21.54,22.64,21.43,21.62
01/12/2009,24.51,24.51,21.88,21.92,24.73,24.73,23.04,23.28,21.62,21.62,19.41,19.55
02/12/2009,21.89,22.19,21.01,21.12,23.27,23.27,22.56,22.58,19.55,19.7,18.33,18.78
03/12/2009,21.15,22.5,20.61,22.46,22.48,24.04,22.23,24.0,18.78,20.13,18.07,19.99
04/12/2009,21.18,22.76,20.62,21.25,22.53,24.23,22.14,23.1,19.99,20.29,18.42,19.23
07/12/2009,22.32,22.46,21.6,22.1,24.02,24.02,23.25,23.69,19.23,20.1,19.23,19.67
08/12/2009,23.28,23.97,22.84,23.69,24.88,25.24,23.84,24.8,19.67,21.48,19.67,20.94
09/12/2009,23.21,24.2,22.54,22.66,24.79,25.42,23.28,23.28,20.94,21.59,20.18,20.18
10/12/2009,22.66,22.66,21.77,22.32,23.28,23.28,22.76,23.13,20.18,20.18,19.35,19.47
11/12/2009,21.45,22.31,21.39,21.59,22.78,23.34,22.38,22.38,19.47,19.55,18.35,18.7
14/12/2009,21.59,21.59,20.57,21.15,22.38,22.85,21.97,22.03,18.7,19.19,18.22,18.23
15/12/2009,21.09,21.87,20.91,21.49,22.49,22.62,21.97,22.46,18.23,19.08,18.23,18.8
16/12/2009,20.89,21.2,20.46,20.54,22.46,22.46,21.68,21.95,18.8,18.8,17.95,18.35
17/12/2009,21.89,22.86,21.4,22.51,22.67,23.17,22.28,22.84,18.35,20.01,18.35,19.77
18/12/2009,21.84,23.02,21.68,21.68,22.18,22.58,21.74,21.78,19.77,20.57,19.33,19.44
21/12/2009,21.46,21.51,20.28,20.49,21.87,21.91,20.76,20.82,19.44,19.57,18.28,18.73
22/12/2009,20.39,20.4,19.54,19.54,20.69,20.81,19.7,19.7,18.73,18.73,17.14,17.32
23/12/2009,19.54,19.97,19.35,19.71,19.7,19.98,19.59,19.67,17.32,17.75,16.72,17.48
24/12/2009,19.67,19.67,19.25,19.47,19.69,19.82,19.28,19.47,17.48,17.48,16.96,16.97
28/12/2009,20.29,20.53,19.9,19.93,20.53,20.79,20.31,20.45,16.97,18.04,16.97,17.41
29/12/2009,19.87,20.12,19.62,20.01,20.35,20.6,20.35,20.43,17.41,17.8,16.8,17.59
30/12/2009,20.36,20.44,19.93,19.96,20.86,20.9,20.47,20.52,17.59,18.08,17.41,17.69
31/12/2009,19.96,21.83,19.89,21.68,20.52,21.89,20.52,21.65,17.69,19.16,17.62,18.97
04/01/2010,21.68,21.68,20.03,20.04,21.65,21.99,21.17,21.2,18.97,19.26,17.68,18.2
05/01/2010,20.05,20.13,19.34,19.35,21.24,21.36,20.5,20.5,18.2,18.42,17.34,17.6
06/01/2010,19.59,19.68,18.77,19.16,20.67,20.68,20.06,20.21,17.6,17.7,16.76,17.33
07/01/2010,19.68,19.71,18.7,19.06,20.32,20.66,19.98,19.99,17.33,18.08,17.04,17.2
08/01/2010,19.27,19.27,18.11,18.13,20.28,20.34,18.89,18.92,17.2,17.35,16.48,16.59
11/01/2010,16.93,17.74,16.86,17.55,17.95,18.71,17.95,18.47,16.59,16.59,15.19,16.01
12/01/2010,17.95,19.46,17.95,18.25,19.05,19.75,18.98,19.29,16.01,17.06,16.01,16.2
13/01/2010,17.94,18.72,17.56,17.85,19.36,19.76,18.15,18.4,16.2,16.56,15.22,16.14
14/01/2010,18.16,18.27,17.38,17.63,18.79,18.81,17.73,18.2,16.14,16.44,14.59,15.59
15/01/2010,17.63,19.02,17.63,17.91,18.2,19.22,18.2,18.73,15.59,16.89,15.41,15.74
19/01/2010,18.63,18.85,17.33,17.58,19.78,19.78,18.25,18.74,15.74,17.32,15.34,15.81
20/01/2010,18.51,19.69,18.44,18.68,19.64,21.28,19.52,20.01,16.33,17.64,16.28,16.39
21/01/2010,18.59,22.3,18.27,22.27,19.87,23.26,19.48,23.19,16.39,19.78,15.44,19.73
22/01/2010,22.27,28.01,22.27,27.31,23.19,29.12,23.16,28.37,19.73,24.88,19.73,24.2
25/01/2010,27.32,27.32,24.61,25.41,28.35,28.35,26.76,27.04,24.2,24.2,21.62,23.01
26/01/2010,26.03,26.22,22.77,24.55,27.25,27.88,23.69,25.47,23.01,23.58,20.5,21.87
27/01/2010,24.81,25.69,23.14,23.14,25.63,26.19,23.84,24.21,21.87,22.95,20.57,20.57
28/01/2010,22.79,25.3,22.69,23.73,24.5,26.68,24.47,24.91,20.57,22.87,20.35,21.24
29/01/2010,23.73,25.03,22.11,24.62,24.91,26.65,23.48,25.8,21.24,22.06,19.25,21.63
01/02/2010,24.33,24.33,22.58,22.59,26.06,26.06,24.32,24.33,21.63,21.63,19.94,19.98
02/02/2010,22.59,22.99,21.08,21.48,24.33,24.51,22.6,23.01,19.98,20.05,18.51,18.91
03/02/2010,22.11,22.11,21.33,21.6,23.23,23.23,22.21,22.34,18.91,19.23,18.03,18.78
04/02/2010,22.63,26.32,22.63,26.08,23.37,26.07,23.23,25.99,18.78,22.92,18.78,22.77
05/02/2010,25.69,29.22,25.37,26.11,25.28,28.64,25.17,25.96,22.77,25.93,22.17,22.95
08/02/2010,26.11,27.11,25.48,26.51,25.96,27.4,25.79,26.92,22.95,23.95,22.52,23.39
09/02/2010,26.51,26.56,24.78,26.0,26.91,26.91,24.92,25.58,23.39,23.39,21.61,22.63
10/02/2010,26.36,26.77,24.8,25.4,25.81,26.26,24.78,25.23,22.63,23.7,21.86,22.25
11/02/2010,25.82,26.11,23.87,23.96,25.36,25.73,23.43,23.43,22.25,22.88,20.79,20.84
12/02/2010,23.96,25.54,22.73,22.73,23.42,24.75,22.97,22.97,20.84,22.51,20.23,20.23
16/02/2010,23.51,23.57,22.13,22.25,23.34,23.46,21.91,21.92,20.23,20.69,19.29,19.35
17/02/2010,22.47,22.6,21.7,21.72,21.92,22.3,21.39,21.4,19.35,19.6,18.96,18.96
18/02/2010,21.72,22.21,20.6,20.63,21.39,21.71,20.43,20.65,18.96,19.35,18.1,18.15
19/02/2010,21.07,21.14,19.71,20.02,20.65,20.94,19.88,20.81,18.15,18.65,17.71,17.91
22/02/2010,20.16,21.0,19.59,19.94,20.96,21.81,20.42,20.43,17.91,18.67,17.52,17.79
23/02/2010,20.39,21.94,20.06,21.37,20.86,22.19,20.76,21.55,17.79,19.56,16.95,19.09
24/02/2010,21.23,21.58,20.22,20.27,21.55,21.62,20.61,20.63,19.09,19.09,17.84,17.84
25/02/2010,22.03,22.68,20.06,20.1,22.33,22.74,20.45,20.52,17.84,20.2,17.8,17.81
26/02/2010,19.88,20.53,19.32,19.5,20.59,20.79,19.77,19.78,17.81,18.21,17.23,17.42
01/03/2010,19.93,19.94,19.18,19.26,20.21,20.21,19.47,19.59,17.42,17.63,17.07,17.07
02/03/2010,18.83,19.36,18.6,19.06,19.59,19.64,19.04,19.51,17.07,17.07,16.55,16.85
03/03/2010,18.95,19.3,18.42,18.83,19.5,19.66,19.13,19.35,16.85,17.02,16.35,16.86
04/03/2010,18.86,19.27,18.58,18.72,19.45,19.74,19.03,19.1,16.86,17.02,16.34,16.5
05/03/2010,18.06,18.15,17.23,17.42,18.69,18.7,17.82,17.92,16.5,16.5,15.43,15.52
08/03/2010,17.95,17.96,17.56,17.79,17.92,18.79,17.92,18.67,15.52,16.06,15.52,15.87
09/03/2010,18.18,18.19,17.51,17.92,18.67,19.07,18.21,18.76,15.87,16.22,15.69,15.96
10/03/2010,18.0,18.6,17.43,18.57,18.8,19.17,18.38,19.08,15.96,16.77,15.73,16.73
11/03/2010,18.9,19.34,18.06,18.06,19.48,19.95,19.04,19.09,16.73,17.43,16.14,16.22
12/03/2010,17.97,18.53,17.58,17.58,19.09,19.88,19.0,19.14,16.22,16.63,15.75,15.8
15/03/2010,18.28,18.78,17.96,18.0,19.77,20.06,19.05,19.05,15.8,16.86,15.8,16.09
16/03/2010,17.78,18.01,17.42,17.69,19.16,19.33,18.24,18.31,16.09,16.22,15.59,15.83
17/03/2010,16.97,17.17,16.52,16.91,18.3,18.3,17.46,17.56,15.48,15.52,15.02,15.5
18/03/2010,16.96,16.99,16.31,16.62,17.56,17.85,17.16,17.24,15.5,15.5,15.02,15.02
19/03/2010,16.17,17.57,16.17,16.97,17.21,18.26,17.18,17.87,15.02,15.7,14.63,15.29
22/03/2010,18.3,18.34,16.77,16.87,17.87,19.15,17.87,18.03,15.29,16.43,15.18,15.19
23/03/2010,16.84,17.09,16.21,16.35,18.09,18.33,17.41,17.43,15.19,15.29,14.52,14.68
24/03/2010,16.85,17.92,16.83,17.55,17.41,18.3,17.41,18.01,14.68,15.97,14.68,15.34
25/03/2010,17.07,18.54,16.62,18.4,17.55,18.9,17.44,18.82,15.34,16.45,14.9,16.42
26/03/2010,18.27,18.69,17.35,17.77,18.82,19.2,18.24,18.67,16.42,16.52,15.63,15.87
29/03/2010,18.17,18.28,17.57,17.59,19.14,19.14,18.59,18.6,15.87,16.41,15.87,15.98
30/03/2010,17.64,18.08,17.13,17.13,18.61,18.95,18.23,18.23,15.98,16.19,15.23,15.46
31/03/2010,17.66,17.92,17.29,17.59,18.65,18.72,18.2,18.32,15.46,16.1,15.46,15.64
01/04/2010,17.01,18.09,16.79,17.47,18.22,19.3,17.96,18.76,15.64,16.02,14.37,15.69
05/04/2010,17.96,18.16,17.02,17.02,19.45,19.65,18.49,18.52,15.69,16.36,15.43,15.48
06/04/2010,17.39,17.54,16.08,16.23,18.93,18.95,17.53,17.83,15.48,15.89,14.75,14.92
07/04/2010,16.72,17.21,16.16,16.62,17.83,18.09,17.57,17.7,14.92,15.94,14.92,15.4
08/04/2010,17.21,17.8,16.3,16.48,18.08,18.44,17.28,17.29,15.4,16.3,15.11,15.12
09/04/2010,16.32,16.65,16.06,16.14,17.24,17.48,16.53,16.54,15.12,15.29,14.74,14.74
12/04/2010,15.67,16.0,15.23,15.58,16.03,16.43,15.84,16.37,14.74,14.74,14.12,14.37
13/04/2010,15.98,16.77,15.81,16.2,16.44,17.03,15.84,15.97,14.37,15.14,14.27,14.6
14/04/2010,15.8,16.38,15.55,15.59,15.97,16.02,15.53,16.02,14.6,14.6,13.64,14.25
15/04/2010,15.87,16.5,15.68,15.89,16.02,16.61,16.02,16.54,14.25,14.71,14.05,14.05
16/04/2010,16.19,19.7,16.11,18.36,16.52,19.23,16.37,17.78,14.05,17.51,14.05,16.12
19/04/2010,19.14,19.55,17.34,17.34,18.92,19.92,17.74,17.89,16.12,17.04,15.34,15.37
20/04/2010,16.84,16.89,15.73,15.73,17.89,17.89,16.34,16.43,15.37,15.37,13.97,13.99
21/04/2010,15.94,16.85,15.5,16.32,16.35,16.63,15.88,16.3,14.13,14.69,13.86,14.3
22/04/2010,17.48,18.19,16.2,16.47,17.3,18.33,16.43,16.83,14.3,15.99,14.3,14.55
23/04/2010,16.62,16.71,16.12,16.62,16.83,17.12,16.29,16.6,14.55,14.83,13.67,14.63
26/04/2010,17.52,17.53,17.07,17.47,16.59,18.07,16.59,17.81,14.63,15.43,14.63,15.43
27/04/2010,18.13,23.2,17.94,22.81,17.81,17.81,17.81,17.81,15.43,15.43,15.43,15.43
28/04/2010,22.08,23.03,20.86,21.08,21.27,22.12,20.45,20.51,19.91,20.26,18.47,18.48
29/04/2010,20.37,20.37,18.44,18.44,20.5,20.5,18.37,18.96,18.48,18.48,16.19,16.54
30/04/2010,18.75,22.39,18.41,22.05,19.02,22.19,18.78,22.06,16.54,19.73,15.3,19.65
03/05/2010,22.41,22.41,19.61,20.19,22.06,22.26,20.64,21.16,19.65,19.66,17.26,17.79
04/05/2010,22.46,25.7,22.46,23.84,21.18,26.92,21.18,26.09,17.79,22.39,17.79,21.17
05/05/2010,25.96,27.23,23.75,24.91,27.99,29.17,25.59,26.32,21.17,24.0,21.17,22.32
06/05/2010,25.88,40.71,24.43,32.8,27.31,38.63,26.06,31.25,22.32,37.36,21.43,27.35
07/05/2010,32.76,42.15,31.71,40.95,32.73,42.03,31.04,41.52,27.35,36.71,25.94,35.91
10/05/2010,28.65,30.89,25.68,28.84,41.52,41.52,30.18,30.36,35.91,35.91,23.88,25.93
11/05/2010,31.04,31.04,25.86,28.32,30.39,32.41,28.01,29.59,25.93,27.71,23.4,25.04
12/05/2010,26.56,26.67,24.98,25.52,29.59,29.59,26.36,27.0,25.04,25.04,22.04,22.42
13/05/2010,26.17,26.85,24.3,26.68,27.01,28.44,26.23,28.05,22.42,23.65,21.71,23.45
14/05/2010,28.4,33.24,28.4,31.24,28.05,34.69,28.05,31.55,23.45,29.26,23.45,27.67
17/05/2010,31.33,35.25,30.76,30.84,31.57,35.58,31.57,31.78,27.67,31.04,27.05,27.15
18/05/2010,28.67,34.17,28.09,33.55,31.78,35.95,30.16,35.48,27.15,30.5,25.14,29.67
19/05/2010,34.65,38.42,33.07,35.32,36.46,41.38,35.62,37.79,29.67,34.31,29.67,31.68
20/05/2010,41.79,46.37,40.3,45.79,37.82,47.25,37.82,46.63,31.68,40.86,31.68,40.72
21/05/2010,47.66,48.2,38.95,40.1,46.61,48.89,40.12,42.81,40.72,42.17,34.66,35.48
24/05/2010,41.74,41.74,35.57,38.32,42.84,43.05,37.67,39.84,35.48,36.5,32.44,33.91
25/05/2010,43.15,43.74,34.59,34.61,44.29,46.66,35.88,36.28,33.91,39.34,31.43,31.59
26/05/2010,32.54,35.02,24.1,35.02,34.95,36.32,30.17,36.32,31.59,31.59,26.22,31.2
27/05/2010,30.24,31.03,29.54,29.68,36.32,36.32,30.23,30.3,31.2,31.2,26.37,26.48
28/05/2010,30.23,33.3,29.53,32.07,30.22,33.82,29.9,31.61,26.48,29.77,26.39,28.67
01/06/2010,34.87,35.68,31.82,35.54,33.66,36.23,31.47,36.23,28.67,32.08,28.67,31.97
02/06/2010,34.39,34.57,29.94,30.17,36.23,36.23,30.98,31.0,31.97,31.97,26.84,26.96
03/06/2010,29.65,31.2,29.12,29.46,31.0,31.2,29.36,29.38,26.96,27.51,25.15,26.51
04/06/2010,32.93,36.12,31.81,35.48,29.37,35.65,29.37,34.16,26.51,32.02,26.51,31.43
07/06/2010,35.66,36.8,34.43,36.57,34.16,37.29,34.16,37.29,31.43,33.18,31.09,33.17
08/06/2010,36.53,37.38,33.36,33.7,37.32,38.25,35.08,35.22,33.17,33.57,30.28,30.28
09/06/2010,32.33,34.12,30.23,33.73,34.12,35.38,32.01,34.82,30.28,30.28,27.35,29.94
10/06/2010,31.0,31.77,29.69,30.57,33.22,33.25,30.75,31.3,29.94,29.94,26.16,27.15
11/06/2010,31.79,31.79,28.6,28.79,32.27,32.28,28.59,28.8,27.15,28.04,25.17,25.43
14/06/2010,27.94,28.72,26.98,28.58,28.8,29.17,26.94,28.94,25.43,25.57,24.15,25.53
15/06/2010,27.68,27.84,25.68,25.87,28.38,28.38,26.17,26.37,25.53,25.53,22.59,22.94
16/06/2010,26.72,26.72,25.34,25.92,26.9,27.01,25.33,25.92,23.52,23.57,22.56,22.73
17/06/2010,25.59,26.64,25.05,25.05,25.51,26.51,25.12,25.15,22.73,23.62,22.21,22.21
18/06/2010,24.87,24.88,23.3,23.95,25.52,25.52,23.12,24.15,22.21,22.21,20.82,21.23
21/06/2010,22.9,25.64,22.87,24.88,23.56,26.77,23.24,25.57,21.23,22.6,19.86,21.93
22/06/2010,25.14,27.05,24.41,27.05,25.72,27.15,24.59,26.83,21.93,24.07,21.7,24.07
23/06/2010,26.93,28.55,26.54,26.91,27.06,28.59,26.25,26.57,24.07,25.24,23.53,23.87
24/06/2010,27.61,30.27,27.53,29.74,27.4,30.05,27.08,29.09,23.87,26.62,23.87,26.23
25/06/2010,29.64,30.41,28.07,28.53,29.25,30.39,28.11,28.58,26.23,27.14,25.27,25.37
28/06/2010,29.2,29.9,28.47,29.0,29.5,30.55,28.9,29.37,25.37,26.47,25.37,25.67
29/06/2010,31.22,35.39,31.22,34.13,29.37,36.06,29.37,35.02,25.67,31.03,25.67,30.56
30/06/2010,33.95,34.63,31.74,34.54,35.18,35.62,32.84,35.14,30.56,30.61,28.77,30.54
01/07/2010,34.41,37.58,32.72,32.86,35.22,38.29,34.28,34.56,30.54,32.84,29.35,29.37
02/07/2010,31.71,31.88,29.35,30.12,33.39,33.96,31.62,32.19,29.37,29.37,27.03,27.56
06/07/2010,28.82,31.15,27.96,29.65,32.19,32.79,30.24,31.65,27.56,27.7,25.42,26.69
07/07/2010,29.56,29.56,26.84,26.84,31.65,31.65,27.98,28.06,26.69,26.74,23.83,23.83
08/07/2010,26.5,27.42,24.22,25.71,28.06,28.7,27.05,27.05,23.83,24.06,22.65,22.66
09/07/2010,25.35,25.67,24.37,24.98,26.92,27.14,25.85,25.99,22.66,22.89,21.84,21.87
12/07/2010,24.66,25.14,23.53,24.43,25.99,26.4,24.24,25.5,21.87,21.88,20.91,21.09
13/07/2010,23.29,24.57,23.12,24.56,24.47,25.79,24.37,25.37,21.09,21.3,20.09,21.3
14/07/2010,24.61,25.8,24.18,24.89,25.37,26.51,25.17,25.96,21.3,22.3,21.26,21.54
15/07/2010,25.08,27.24,24.74,25.14,25.91,28.48,25.91,26.57,21.54,23.64,21.51,21.85
16/07/2010,25.77,28.16,25.71,26.25,26.56,29.13,26.56,26.87,21.85,24.21,21.85,23.09
19/07/2010,27.02,27.3,25.12,25.97,26.79,28.66,26.07,27.25,23.09,23.7,21.95,22.73
20/07/2010,27.35,27.4,23.79,23.93,27.28,28.86,24.91,25.21,22.73,24.0,21.03,21.41
21/07/2010,23.61,26.63,23.59,25.64,24.01,27.24,24.01,26.7,21.0,23.74,21.0,23.43
22/07/2010,24.37,24.85,23.72,24.63,25.21,25.84,24.28,25.22,23.43,23.43,20.67,22.02
23/07/2010,24.79,25.17,23.32,23.47,25.86,26.17,24.13,24.16,22.02,22.3,20.6,20.75
26/07/2010,24.37,24.61,22.7,22.73,25.27,25.64,24.11,24.11,20.75,21.58,20.13,20.15
27/07/2010,21.89,23.57,21.86,23.19,23.52,24.69,23.52,24.33,20.15,20.77,19.54,20.28
28/07/2010,23.93,24.54,22.24,24.25,24.45,25.29,24.21,25.03,20.28,21.41,20.28,21.06
29/07/2010,23.4,25.54,23.04,24.13,25.03,26.97,24.28,25.18,21.06,22.46,20.23,21.31
30/07/2010,25.47,27.32,23.35,23.5,26.55,26.9,24.36,24.52,21.31,22.66,20.72,20.73
02/08/2010,23.07,23.24,21.74,22.01,24.52,24.59,23.26,23.48,20.73,20.73,19.4,19.48
03/08/2010,22.44,23.06,21.98,22.63,23.48,24.65,23.48,23.61,19.48,20.24,19.48,19.98
04/08/2010,22.69,23.69,22.16,22.21,23.62,24.13,23.13,23.22,19.98,20.23,19.41,19.86
05/08/2010,23.04,23.13,22.07,22.1,23.7,24.07,23.21,23.27,19.86,20.37,19.7,19.7
06/08/2010,23.34,23.89,21.72,21.74,24.32,24.93,22.84,22.84,19.7,21.31,19.18,19.23
09/08/2010,21.85,22.87,21.36,22.14,23.22,23.88,22.9,22.97,19.23,19.88,19.2,19.28
10/08/2010,23.3,24.24,22.17,22.37,24.33,25.29,23.27,23.56,19.28,22.12,19.2,19.6
11/08/2010,24.96,26.1,24.96,25.39,23.56,27.55,23.56,26.9,19.6,23.0,19.6,22.81
12/08/2010,27.21,27.21,25.18,25.73,28.91,28.95,26.47,27.63,22.81,24.28,22.81,23.59
13/08/2010,26.08,26.26,25.45,26.24,27.63,28.27,27.42,28.07,23.59,24.13,23.47,23.9
16/08/2010,27.41,28.1,25.38,26.1,28.09,29.47,26.64,27.08,23.9,25.18,23.27,23.34
17/08/2010,24.72,24.89,23.71,24.33,27.06,27.06,24.98,25.92,23.34,23.34,21.14,21.92
18/08/2010,24.3,25.23,23.4,24.59,25.97,26.53,24.63,25.98,21.92,22.88,20.95,22.02
19/08/2010,24.48,26.78,24.26,26.44,25.81,27.53,25.68,26.9,22.02,24.0,22.02,23.43
20/08/2010,26.73,27.0,25.49,25.49,27.43,27.43,25.75,25.76,23.43,24.3,22.63,22.64
23/08/2010,25.97,25.97,24.62,25.66,25.76,26.99,25.76,26.49,22.64,23.18,21.93,22.86
24/08/2010,27.91,28.77,26.32,27.46,26.49,30.07,26.49,28.47,22.86,25.58,22.86,24.61
25/08/2010,28.3,28.92,26.46,26.7,29.49,29.98,27.18,27.77,24.61,25.81,23.92,24.24
26/08/2010,26.45,27.55,25.86,27.37,27.43,28.98,27.35,28.88,24.24,24.65,23.66,24.48
27/08/2010,26.5,28.11,24.41,24.45,28.88,30.31,26.21,26.31,24.48,25.08,21.75,21.76
30/08/2010,25.88,27.21,25.41,27.21,26.35,27.89,26.35,27.89,21.76,24.32,21.76,24.32
31/08/2010,27.58,27.83,25.93,26.05,27.96,28.67,27.42,27.45,24.32,24.72,23.37,23.73
01/09/2010,25.13,25.13,23.86,23.89,26.25,26.28,24.83,24.93,23.73,23.73,21.4,21.47
02/09/2010,24.23,24.31,23.15,23.19,25.19,25.35,23.81,23.93,21.47,21.81,20.72,20.79
03/09/2010,21.99,22.78,21.24,21.31,23.93,23.93,21.72,21.95,20.79,20.79,18.89,18.89
07/09/2010,22.77,23.94,22.77,23.8,23.42,24.26,23.22,23.99,18.89,21.16,18.89,21.1
08/09/2010,23.51,23.56,22.92,23.25,23.99,24.23,23.17,23.53,21.1,21.24,20.68,20.76
09/09/2010,22.22,23.24,22.14,22.81,22.49,23.43,22.48,23.29,20.76,20.82,19.92,20.54
10/09/2010,22.64,22.87,21.76,21.99,23.29,23.48,22.82,22.98,20.54,20.59,19.81,19.81
13/09/2010,21.06,22.05,20.93,21.21,22.57,22.57,21.9,22.32,19.81,19.82,19.06,19.08
14/09/2010,21.69,21.97,20.85,21.56,22.4,22.71,21.3,21.63,19.08,19.59,18.99,19.37
15/09/2010,22.55,22.8,22.1,22.1,22.22,22.47,21.91,22.15,20.06,20.21,19.75,19.76
16/09/2010,22.65,22.83,21.71,21.72,22.15,22.76,21.74,21.81,19.76,20.39,19.15,19.15
17/09/2010,21.65,22.56,21.63,22.01,21.61,22.52,21.6,22.26,19.15,19.76,18.54,19.02
20/09/2010,22.47,22.58,21.25,21.5,22.79,22.89,22.07,22.43,19.02,19.59,17.72,18.86
21/09/2010,21.54,22.59,21.42,22.35,22.43,23.47,22.2,23.26,18.86,19.7,18.54,19.52
22/09/2010,22.56,23.19,21.91,22.51,23.7,24.22,22.94,23.63,19.52,19.99,19.36,19.63
23/09/2010,23.91,24.06,22.56,23.87,23.63,24.67,23.22,24.26,19.63,20.84,19.63,20.62
24/09/2010,22.61,22.61,21.71,21.71,24.38,24.38,22.43,22.72,20.62,20.62,18.73,18.75
27/09/2010,22.58,22.75,21.97,22.54,23.49,23.68,22.91,23.64,18.75,19.92,18.75,19.83
28/09/2010,22.92,24.28,22.4,22.6,23.66,25.73,23.61,23.86,19.83,20.93,19.59,19.69
29/09/2010,23.14,23.45,22.72,23.25,24.18,24.69,23.95,24.48,19.69,20.48,19.69,20.15
30/09/2010,22.85,24.52,22.39,23.7,24.48,25.68,23.61,24.96,20.15,21.51,19.42,20.62
01/10/2010,22.9,23.67,22.46,22.5,24.98,25.11,23.84,23.98,20.62,20.63,19.55,19.72
04/10/2010,23.63,24.34,23.3,23.53,23.97,26.09,23.97,25.16,19.72,21.14,19.72,20.58
05/10/2010,22.52,23.08,21.71,21.76,24.34,24.34,23.12,23.43,20.58,20.58,19.18,19.18
06/10/2010,21.82,22.13,21.46,21.49,23.67,24.34,23.42,23.53,19.18,19.27,18.68,18.76
07/10/2010,21.31,22.16,21.28,21.56,23.53,23.99,23.06,23.06,18.76,19.26,18.54,18.8
08/10/2010,21.58,21.64,20.29,20.71,23.06,23.32,21.69,21.98,18.8,18.86,17.74,17.93
11/10/2010,19.33,19.51,18.8,18.96,20.92,20.92,20.16,20.4,17.93,17.93,16.3,16.53
12/10/2010,20.0,20.1,18.55,18.93,21.06,21.77,20.32,20.54,16.53,17.45,16.35,16.59
13/10/2010,17.92,19.16,17.9,19.07,20.54,20.58,19.95,20.47,16.59,16.59,15.77,16.3
14/10/2010,19.59,21.02,19.4,19.88,20.49,21.57,20.49,20.63,16.3,17.64,16.3,16.82
15/10/2010,20.2,21.59,19.02,19.03,20.64,21.6,19.99,20.44,16.82,18.32,16.69,16.89
18/10/2010,20.43,20.71,18.88,19.09,20.46,21.87,20.46,21.25,16.89,17.99,16.68,17.09
19/10/2010,20.7,21.35,19.33,20.63,21.24,22.54,20.81,21.91,17.09,19.02,17.09,18.18
20/10/2010,21.2,21.2,19.67,19.79,21.89,22.16,21.12,21.65,18.18,18.48,17.31,17.31
21/10/2010,19.7,20.53,18.93,19.27,21.29,22.29,20.72,21.18,17.31,17.99,16.5,16.5
22/10/2010,19.36,19.36,18.76,18.78,20.99,21.25,20.42,20.42,16.5,16.76,16.37,16.4
25/10/2010,19.22,19.88,18.86,19.85,20.42,21.51,20.42,21.48,16.4,17.33,15.96,17.3
26/10/2010,20.52,21.01,20.22,20.22,22.01,22.42,21.55,21.81,17.3,18.3,17.3,17.67
27/10/2010,21.11,22.37,20.69,20.71,21.81,23.27,21.57,21.57,17.67,19.71,17.67,18.21
28/10/2010,20.28,21.41,20.18,20.88,21.4,22.43,21.28,21.65,18.21,18.84,17.71,18.33
29/10/2010,21.2,21.4,20.86,21.2,21.83,22.54,21.53,22.24,18.33,18.74,18.16,18.51
01/11/2010,21.65,22.54,20.92,21.83,22.24,23.51,22.18,22.92,18.51,19.88,17.7,19.14
02/11/2010,21.34,21.82,21.22,21.57,22.43,23.06,22.27,22.88,19.14,19.28,18.6,19.11
03/11/2010,21.66,22.02,19.54,19.56,23.03,23.15,20.4,20.41,19.11,19.35,17.2,17.24
04/11/2010,18.03,18.8,17.97,18.52,20.41,20.41,19.54,19.54,17.24,17.24,15.83,16.16
05/11/2010,18.07,18.44,17.92,18.26,19.47,19.51,18.67,18.67,16.16,16.19,15.77,16.0
08/11/2010,19.33,19.35,18.21,18.29,18.67,19.7,18.63,18.7,16.0,16.97,16.0,16.09
09/11/2010,18.51,19.39,17.83,19.08,18.7,19.47,18.28,18.99,16.09,17.01,15.73,16.81
10/11/2010,18.94,19.96,18.41,18.47,19.03,19.78,19.03,19.46,16.81,17.67,16.3,16.35
11/11/2010,19.44,19.75,18.48,18.64,20.59,20.83,19.36,19.37,16.35,17.44,16.35,16.77
12/11/2010,19.59,21.23,19.29,20.61,19.99,22.67,19.91,22.55,16.77,19.0,16.77,18.24
15/11/2010,20.33,20.37,19.14,20.2,22.55,22.55,20.86,21.69,18.24,18.44,16.93,17.59
16/11/2010,21.26,23.07,20.95,22.58,22.45,23.94,22.1,23.73,17.59,20.47,17.59,20.05
17/11/2010,22.19,22.21,21.22,21.76,23.67,23.74,22.41,23.25,20.05,20.05,19.19,19.49
18/11/2010,20.31,20.31,18.75,18.75,23.25,23.25,20.11,20.26,19.49,19.49,16.67,16.67
19/11/2010,19.15,19.72,17.76,18.04,20.38,20.89,19.43,19.78,16.67,17.21,15.74,15.79
22/11/2010,19.45,20.14,18.35,18.37,21.02,21.28,19.71,19.73,15.79,17.84,15.79,16.23
23/11/2010,20.25,21.45,20.24,20.63,19.73,22.93,19.73,21.77,16.23,18.97,16.23,18.24
24/11/2010,19.42,19.61,18.73,19.56,21.82,21.82,19.89,20.85,18.24,18.24,16.51,17.17
26/11/2010,21.17,22.22,20.28,22.22,20.84,22.88,20.84,20.84,17.17,19.29,17.17,18.2
29/11/2010,23.15,23.84,21.38,21.53,20.84,25.51,20.84,23.28,18.2,21.07,18.2,19.46
30/11/2010,23.27,23.79,22.42,23.54,24.82,25.55,24.29,25.39,19.46,21.24,19.46,20.99
01/12/2010,21.19,21.43,20.4,21.36,23.28,23.28,22.24,23.09,20.99,20.99,17.99,18.78
02/12/2010,21.13,21.13,19.1,19.39,23.09,23.09,21.32,21.42,18.78,18.78,16.91,17.26
03/12/2010,19.26,19.28,17.71,18.01,21.28,21.31,19.71,19.77,17.26,17.26,15.66,15.72
06/12/2010,18.8,18.85,17.95,18.02,19.77,20.3,19.77,19.91,15.72,16.46,15.72,15.86
07/12/2010,17.13,18.15,17.13,17.99,19.92,20.26,19.08,20.16,15.86,16.09,15.16,16.02
08/12/2010,17.97,18.32,17.69,17.74,20.15,20.33,19.67,19.7,16.02,16.06,15.67,15.77
09/12/2010,17.32,17.84,17.24,17.25,19.7,19.83,19.06,19.06,15.77,15.79,15.24,15.38
10/12/2010,17.06,17.63,17.06,17.61,19.1,19.13,18.56,18.77,15.38,15.55,15.02,15.52
13/12/2010,16.82,17.67,16.68,17.55,18.77,18.77,17.73,18.26,15.52,15.52,14.38,15.16
14/12/2010,17.6,17.95,17.22,17.61,18.24,18.78,18.01,18.4,15.16,15.66,13.51,15.3
15/12/2010,17.99,18.14,17.37,17.94,18.86,19.03,18.21,18.86,15.3,15.52,14.89,15.44
16/12/2010,18.03,18.27,16.88,17.39,18.87,18.92,17.86,18.25,15.44,15.53,13.58,15.15
17/12/2010,17.62,17.64,15.46,16.11,17.94,17.97,16.4,17.31,15.15,15.29,13.82,14.07
20/12/2010,16.22,16.86,15.78,16.41,17.31,17.83,16.72,17.18,14.07,14.99,14.04,14.73
21/12/2010,16.2,16.62,16.08,16.49,17.17,17.17,16.73,16.83,14.73,14.76,14.16,14.76
22/12/2010,16.52,16.56,15.45,15.45,16.89,17.24,16.47,16.57,14.76,14.76,13.81,13.88
23/12/2010,15.44,16.86,15.4,16.47,16.93,17.64,16.89,17.43,13.88,14.59,13.36,14.06
27/12/2010,18.26,18.32,17.66,17.67,17.43,19.71,17.43,18.94,14.06,15.99,14.06,15.51
28/12/2010,17.3,17.99,17.3,17.52,18.94,19.35,18.72,18.89,15.51,15.9,15.45,15.47
29/12/2010,17.49,17.49,17.02,17.28,18.87,18.91,18.19,18.27,15.47,15.47,14.86,15.09
30/12/2010,17.65,17.89,17.46,17.52,18.27,18.83,18.27,18.66,15.09,15.66,14.25,15.29
31/12/2010,17.91,18.13,17.75,17.75,18.85,19.7,18.85,19.48,15.29,15.92,15.29,15.61
03/01/2011,17.94,17.95,16.91,17.61,19.39,19.39,18.66,19.07,15.61,15.77,15.1,15.63
04/01/2011,17.34,18.24,17.33,17.38,19.08,19.63,18.72,18.9,15.63,15.86,15.09,15.18
05/01/2011,17.81,17.95,16.86,17.02,18.92,19.19,18.34,18.35,15.18,15.34,14.54,14.58
06/01/2011,16.8,17.56,16.79,17.4,18.36,18.79,18.27,18.41,14.58,15.18,14.55,15.06
07/01/2011,17.31,18.07,16.57,17.14,18.14,19.91,18.03,18.72,15.06,15.69,14.37,14.96
10/01/2011,18.35,18.63,17.54,17.54,19.79,19.93,18.61,18.67,14.96,16.34,14.96,15.34
11/01/2011,16.61,17.35,16.6,16.89,18.27,18.65,18.0,18.07,15.34,15.34,14.52,14.52
12/01/2011,16.26,16.5,16.17,16.24,18.07,18.07,17.34,17.42,14.52,14.52,13.91,13.98
13/01/2011,16.51,16.78,16.14,16.39,17.57,17.84,17.43,17.45,13.98,14.34,13.93,13.95
14/01/2011,16.67,16.71,15.37,15.46,17.57,17.65,16.49,16.49,13.95,14.3,13.05,13.14
18/01/2011,16.19,16.2,15.71,15.87,16.49,17.87,16.32,16.42,13.14,13.47,13.02,13.09
19/01/2011,15.89,17.67,15.86,17.31,16.64,18.58,16.63,18.43,13.09,14.78,13.08,14.6
20/01/2011,17.81,18.85,17.65,17.99,18.87,20.36,18.76,19.63,14.6,15.7,14.6,15.16
21/01/2011,17.03,18.61,16.6,18.47,19.63,20.22,18.46,20.17,15.16,15.16,14.11,15.05
24/01/2011,18.78,18.93,17.56,17.65,20.19,20.79,18.74,18.83,15.05,15.88,14.53,14.62
25/01/2011,18.22,18.55,17.59,17.59,18.83,19.76,18.81,18.84,14.62,15.44,14.57,14.62
26/01/2011,17.0,17.42,16.59,16.64,18.84,18.84,17.93,17.93,14.62,14.62,13.92,14.17
27/01/2011,16.84,16.89,15.81,16.15,17.93,18.14,16.07,17.83,14.17,14.46,13.97,14.0
28/01/2011,15.94,20.08,15.92,20.04,17.83,22.08,17.4,21.66,14.0,17.05,13.69,17.05
31/01/2011,19.61,19.96,19.18,19.53,21.59,22.72,21.49,21.79,17.05,17.14,16.45,16.68
01/02/2011,18.59,18.63,17.4,17.63,21.79,21.79,19.68,19.96,16.68,16.68,15.24,15.37
02/02/2011,17.82,17.84,17.28,17.3,20.12,20.46,19.84,19.84,15.37,15.39,14.95,15.01
03/02/2011,17.53,17.8,16.61,16.69,19.84,20.48,19.03,19.09,15.01,15.37,14.36,14.44
04/02/2011,16.64,16.74,15.89,15.93,19.09,19.09,17.87,17.91,14.44,14.44,13.94,13.95
07/02/2011,16.14,16.54,15.84,16.28,17.89,18.68,17.84,18.22,13.95,14.23,13.78,14.11
08/02/2011,16.29,16.6,14.86,15.81,18.32,18.53,17.61,17.68,14.11,14.2,13.48,13.48
09/02/2011,16.27,16.52,15.86,15.87,17.68,18.3,17.66,17.72,13.48,14.26,13.48,13.8
10/02/2011,16.74,17.07,16.0,16.09,18.57,18.67,17.77,17.91,13.8,15.01,13.78,13.78
11/02/2011,16.53,16.53,15.55,15.69,17.91,18.45,17.17,17.18,13.78,14.27,13.44,13.56
14/02/2011,16.07,16.26,15.22,15.95,17.17,17.59,17.17,17.46,13.56,14.29,13.56,14.24
15/02/2011,16.3,16.75,16.27,16.37,17.5,18.19,17.5,17.98,14.24,14.97,14.24,14.56
16/02/2011,16.31,16.74,15.84,16.72,17.7,18.24,17.06,18.23,14.32,14.87,13.99,14.56
17/02/2011,17.01,17.3,15.88,16.59,18.55,18.77,18.11,18.22,14.56,15.18,14.56,14.58
18/02/2011,16.59,16.91,15.54,16.43,18.29,18.47,17.6,17.9,14.58,14.58,13.77,13.91
22/02/2011,19.46,21.45,18.38,20.8,17.9,23.78,17.9,23.39,13.91,18.11,13.91,17.83
23/02/2011,20.84,23.22,20.3,22.13,23.4,26.14,23.24,24.37,17.83,19.69,17.71,18.6
24/02/2011,22.28,22.71,20.81,21.32,24.25,25.1,23.28,23.67,18.6,19.52,18.11,18.37
25/02/2011,20.41,20.44,18.88,19.22,23.67,23.67,20.61,20.64,18.37,18.37,16.5,16.71
28/02/2011,19.12,19.27,18.14,18.35,20.86,21.35,20.19,20.55,16.71,16.71,15.62,15.79
01/03/2011,17.63,21.01,17.63,21.01,20.18,23.0,20.18,22.82,15.79,18.04,15.46,17.96
02/03/2011,20.73,21.14,19.62,20.7,22.82,22.98,21.73,22.74,17.96,18.25,17.17,17.88
03/03/2011,19.27,19.27,18.25,18.6,21.28,21.28,20.03,20.1,17.88,17.88,15.84,16.07
04/03/2011,18.56,20.33,18.31,19.06,20.15,21.36,19.87,20.47,16.07,17.67,15.79,16.43
07/03/2011,19.37,21.77,18.95,20.66,20.47,24.63,20.47,23.22,16.43,18.95,16.43,18.18
08/03/2011,20.58,21.06,19.15,19.82,23.4,23.95,22.28,22.74,18.18,18.45,16.93,17.42
09/03/2011,20.05,20.96,19.41,20.22,23.07,24.03,22.99,23.43,17.42,18.13,17.39,17.75
10/03/2011,21.37,22.25,20.34,21.88,24.64,25.62,23.65,24.27,17.75,19.87,17.75,19.41
11/03/2011,21.72,21.75,19.97,20.08,24.84,24.84,22.47,22.49,19.41,19.77,17.81,17.96
14/03/2011,21.79,22.74,20.92,21.13,22.49,24.51,22.49,23.1,17.96,20.05,17.96,18.6
15/03/2011,25.66,25.72,23.31,24.32,27.19,27.24,25.5,26.79,18.6,22.25,18.6,21.26
16/03/2011,24.65,31.28,24.04,29.4,26.79,32.46,26.79,30.7,21.26,26.76,21.26,25.2
17/03/2011,26.94,27.54,25.44,26.37,30.7,30.7,27.74,28.41,25.2,25.2,22.45,22.76
18/03/2011,23.9,24.85,23.09,24.44,27.33,27.46,26.11,26.6,22.76,22.76,20.37,20.76
21/03/2011,22.1,22.16,20.22,20.61,25.64,25.64,23.24,23.82,20.76,20.76,17.67,17.71
22/03/2011,20.53,20.59,19.97,20.21,23.82,23.82,22.25,22.35,17.71,17.71,17.2,17.2
23/03/2011,20.59,21.05,18.19,19.17,22.37,24.34,21.56,21.96,17.2,17.67,16.29,16.33
24/03/2011,18.45,18.99,17.87,18.0,21.96,21.96,20.53,20.59,16.33,16.33,15.41,15.54
25/03/2011,17.87,18.08,17.07,17.91,20.44,20.88,19.84,20.78,15.54,15.54,15.01,15.28
28/03/2011,18.31,19.44,17.96,19.44,20.78,22.3,20.78,22.23,15.28,16.36,15.28,16.36
29/03/2011,19.17,19.78,18.0,18.16,22.31,22.85,21.34,21.34,16.36,16.78,15.79,15.79
30/03/2011,17.82,17.89,17.25,17.71,21.34,21.47,20.38,20.38,15.79,15.79,15.26,15.32
31/03/2011,17.9,17.95,17.41,17.74,20.74,20.79,19.66,19.74,15.32,15.76,15.29,15.3
01/04/2011,16.68,17.62,16.44,17.4,19.74,19.74,18.42,19.41,15.3,15.3,14.46,15.03
04/04/2011,17.63,17.85,17.39,17.5,19.73,20.6,19.61,20.05,15.03,15.37,15.03,15.27
05/04/2011,17.87,17.87,16.5,17.25,20.38,20.5,19.05,19.46,15.27,15.56,14.55,15.02
06/04/2011,16.75,17.15,16.5,16.9,18.92,19.86,18.78,19.32,15.02,15.02,14.63,14.67
07/04/2011,16.92,17.77,16.49,17.11,19.45,20.11,18.99,19.34,14.67,15.71,14.67,15.03
08/04/2011,16.51,18.33,16.51,17.87,18.9,20.09,18.89,19.76,15.03,15.89,14.53,15.53
11/04/2011,16.74,17.05,16.22,16.59,19.74,19.74,18.66,19.09,15.53,15.53,14.32,14.71
12/04/2011,17.58,18.46,16.88,17.09,19.09,20.44,19.09,19.39,14.71,16.44,14.71,15.65
13/04/2011,16.33,17.38,16.2,16.92,18.68,19.3,18.4,18.5,15.65,15.65,14.78,15.19
14/04/2011,17.77,18.08,16.08,16.27,18.5,19.9,17.49,17.7,15.19,16.18,14.43,14.47
15/04/2011,15.97,15.98,14.92,15.32,17.72,18.76,16.93,17.48,14.47,14.47,13.62,13.75
18/04/2011,18.3,19.07,16.81,16.96,20.09,21.27,18.43,18.47,13.75,17.01,13.75,15.23
19/04/2011,16.62,16.72,15.69,15.83,18.47,18.66,16.16,16.23,15.23,15.23,13.62,13.67
20/04/2011,14.31,15.39,14.3,15.07,15.32,17.28,15.19,16.49,12.29,13.21,12.2,13.14
21/04/2011,14.71,15.23,14.4,14.69,15.99,16.61,15.68,15.85,13.14,13.41,12.76,12.77
25/04/2011,15.64,16.06,15.5,15.77,15.85,17.51,15.85,17.22,12.77,14.16,12.77,13.91
26/04/2011,15.36,15.66,15.07,15.62,17.08,17.78,16.59,17.78,13.91,14.09,13.56,14.09
27/04/2011,15.37,16.42,15.13,15.35,17.78,18.17,17.02,17.03,14.09,14.66,13.51,13.79
28/04/2011,15.54,15.54,14.27,14.62,17.22,17.29,15.94,16.2,13.79,13.92,12.82,12.84
29/04/2011,14.56,14.99,14.49,14.75,16.2,17.02,16.2,16.54,12.84,13.34,12.64,13.03
02/05/2011,15.07,16.13,15.07,15.99,16.54,18.5,16.54,18.13,13.03,14.68,13.03,14.53
03/05/2011,16.35,17.29,16.13,16.7,18.01,19.32,18.01,18.62,14.53,15.7,14.53,15.06
04/05/2011,16.84,17.72,16.83,17.08,18.74,19.58,18.36,18.59,15.06,16.26,15.06,15.72
05/05/2011,17.68,19.11,16.74,18.2,19.33,20.26,18.2,19.12,15.72,18.02,15.64,16.69
06/05/2011,17.17,19.29,16.12,18.4,18.22,19.92,17.36,19.26,16.69,17.18,15.03,17.08
09/05/2011,18.59,18.59,17.04,17.16,19.72,19.72,18.07,18.38,17.08,17.5,15.91,15.95
10/05/2011,16.84,16.9,15.79,15.91,18.15,18.33,17.08,17.1,15.95,15.95,14.65,14.65
11/05/2011,16.27,17.49,16.23,16.95,17.47,18.68,17.37,17.41,14.65,16.31,14.65,15.78
12/05/2011,17.27,17.89,16.03,16.03,18.37,18.96,16.97,16.99,15.78,16.77,14.97,14.97
13/05/2011,16.02,17.56,15.98,17.07,16.99,18.46,16.93,18.4,14.97,16.45,14.22,15.79
16/05/2011,17.86,18.25,16.61,18.24,18.47,19.76,18.17,19.5,15.79,16.89,15.62,16.34
17/05/2011,18.54,19.09,17.47,17.55,20.22,20.56,19.11,19.12,16.34,18.22,16.34,16.77
18/05/2011,17.56,17.68,16.03,16.23,19.12,19.3,17.55,17.65,16.77,16.89,15.19,15.33
19/05/2011,15.9,16.56,15.5,15.52,17.66,17.84,16.92,17.06,15.33,15.57,14.46,14.46
20/05/2011,15.88,17.43,15.7,17.43,17.08,18.37,16.99,18.16,14.46,16.27,14.46,16.26
23/05/2011,20.03,20.03,17.47,18.27,18.16,21.06,18.16,19.21,16.26,18.79,16.26,17.29
24/05/2011,18.07,18.19,17.0,17.82,19.22,19.56,18.88,19.4,17.29,17.29,16.56,17.01
25/05/2011,18.26,18.26,16.7,17.07,19.53,19.64,18.08,18.16,17.01,17.49,15.93,16.14
26/05/2011,17.17,17.46,15.9,16.09,18.44,18.45,17.19,17.26,16.14,16.55,15.18,15.22
27/05/2011,16.11,16.27,15.36,15.98,17.26,17.26,16.35,16.87,15.22,15.22,14.64,15.02
31/05/2011,15.85,16.5,15.15,15.45,16.87,17.18,16.3,16.44,15.02,15.23,14.28,14.29
01/06/2011,15.95,18.48,15.95,18.3,16.82,19.3,16.68,19.24,14.29,17.44,14.29,17.4
02/06/2011,17.92,18.72,17.39,18.09,19.22,19.22,18.43,18.71,17.4,17.67,16.87,17.23
03/06/2011,18.23,19.87,17.12,17.95,18.71,19.56,17.86,18.9,17.23,18.6,14.59,16.87
06/06/2011,18.42,18.65,17.65,18.49,18.9,19.73,18.7,19.58,16.87,17.46,16.77,17.18
07/06/2011,18.13,18.48,17.39,18.07,19.27,19.4,18.68,19.14,17.18,17.18,16.2,16.85
08/06/2011,18.15,18.83,17.72,18.79,19.48,19.97,19.0,19.97,16.85,17.14,16.35,17.13
09/06/2011,18.2,18.31,17.26,17.77,19.97,19.97,18.47,18.88,17.13,17.13,15.91,16.37
10/06/2011,17.93,19.16,17.93,18.86,19.17,20.23,19.13,19.85,16.37,17.77,16.37,17.45
13/06/2011,19.1,20.02,18.41,19.61,20.06,20.54,19.31,20.22,17.45,18.17,17.15,17.89
14/06/2011,18.56,18.56,17.8,18.26,20.22,20.22,18.5,18.74,17.89,17.89,16.49,16.58
15/06/2011,19.31,21.66,19.03,21.32,20.0,22.79,19.51,22.29,17.74,19.93,17.6,19.68
16/06/2011,21.37,24.65,20.81,22.73,22.08,26.23,22.02,24.47,19.68,22.55,19.2,20.28
17/06/2011,21.56,22.39,20.35,21.85,24.47,24.47,23.16,23.58,20.28,20.28,19.05,19.45
20/06/2011,22.99,23.08,19.99,19.99,24.67,24.67,22.06,22.07,19.45,20.67,18.34,18.34
21/06/2011,19.46,19.46,17.72,18.86,22.07,22.09,19.85,20.36,18.34,18.34,16.23,16.93
22/06/2011,18.86,18.9,17.72,18.52,20.54,20.56,19.29,20.2,16.93,17.44,16.6,17.3
23/06/2011,20.23,21.5,19.22,19.29,20.2,22.57,20.2,20.76,17.3,19.44,17.3,17.81
24/06/2011,19.2,21.28,19.1,21.1,20.75,22.63,20.75,22.58,17.81,19.44,17.81,19.35
27/06/2011,21.6,21.82,20.27,20.56,22.61,23.49,21.61,21.96,19.35,19.96,18.5,18.78
28/06/2011,20.3,20.45,19.17,19.17,22.02,22.02,20.65,20.71,18.78,18.78,17.49,17.49
29/06/2011,18.62,18.83,16.32,17.27,20.4,20.47,18.81,18.84,17.49,17.49,15.86,15.86
30/06/2011,16.67,16.77,15.88,16.52,17.27,18.46,16.92,17.86,15.86,15.86,14.68,15.0
01/07/2011,16.06,16.29,15.12,15.87,17.63,17.81,16.57,17.37,15.0,15.14,13.74,14.71
05/07/2011,16.32,16.5,15.89,16.06,18.13,18.17,17.7,17.76,14.71,15.34,14.71,14.97
06/07/2011,16.46,17.08,16.32,16.34,18.13,18.26,17.64,17.85,14.97,15.88,14.97,15.12
07/07/2011,15.3,16.13,15.3,15.95,17.32,17.9,17.31,17.71,15.12,15.12,14.45,14.77
08/07/2011,17.14,17.14,15.95,15.95,18.37,18.58,17.43,17.45,14.77,15.93,14.77,15.02
11/07/2011,17.44,19.06,17.16,18.39,19.29,21.11,18.28,20.22,15.02,17.36,15.02,16.83
12/07/2011,19.55,20.13,18.25,19.87,21.03,22.17,20.86,21.93,16.83,18.11,16.63,18.08
13/07/2011,19.08,20.16,18.09,19.91,21.93,21.93,20.15,21.82,18.08,18.08,16.39,17.98
14/07/2011,20.08,21.58,19.35,20.8,21.33,23.64,20.64,21.87,17.98,19.06,17.35,18.61
15/07/2011,20.25,21.68,19.52,19.53,21.76,22.69,20.88,20.95,18.61,19.02,17.48,17.49
18/07/2011,21.25,21.93,20.9,20.95,20.95,23.46,20.95,22.48,17.49,19.83,17.49,18.98
19/07/2011,20.14,20.43,19.12,19.21,22.43,22.43,20.13,20.46,18.98,18.98,17.22,17.48
20/07/2011,18.81,19.65,18.61,19.09,19.88,21.26,19.88,21.06,17.13,17.8,17.13,17.47
21/07/2011,18.61,18.63,17.15,17.56,20.6,20.96,19.08,19.71,17.47,17.47,15.75,16.01
22/07/2011,17.22,17.95,17.14,17.52,19.71,19.79,18.72,19.17,16.01,16.32,15.81,16.1
25/07/2011,19.26,19.5,18.73,19.35,19.17,21.18,19.17,20.95,16.1,17.99,16.1,17.75
26/07/2011,19.75,20.5,19.56,20.23,21.02,21.78,21.01,21.58,17.75,18.87,17.75,18.69
27/07/2011,20.87,23.2,20.87,22.98,21.58,24.96,21.58,24.7,18.69,21.01,18.69,20.97
28/07/2011,22.83,23.99,21.2,23.74,24.7,25.17,22.75,25.12,20.97,21.86,19.82,21.86
29/07/2011,25.28,25.94,23.65,25.25,25.16,27.11,24.22,26.08,21.86,23.93,21.86,23.58
01/08/2011,22.63,25.63,22.46,23.66,24.05,26.67,23.48,24.26,23.58,24.04,18.17,22.13
02/08/2011,24.22,24.79,22.65,24.79,24.86,25.92,23.5,25.69,22.13,22.93,21.51,22.83
03/08/2011,23.58,25.23,22.76,23.38,25.69,26.42,24.21,24.73,22.83,23.14,21.07,21.89
04/08/2011,24.57,32.07,24.31,31.66,25.93,32.61,25.76,31.68,21.89,29.41,21.89,29.41
05/08/2011,28.48,39.25,27.54,32.0,29.66,38.64,29.21,33.77,29.41,33.69,25.93,29.59
08/08/2011,36.9,48.0,35.29,48.0,38.37,45.72,36.29,44.74,29.59,40.49,29.59,40.49
09/08/2011,42.12,47.56,34.28,35.06,44.74,44.81,33.8,34.63,40.49,40.49,29.59,29.7
10/08/2011,39.33,44.41,37.34,42.99,34.6,42.5,34.6,41.76,29.7,38.86,29.7,38.61
11/08/2011,41.94,42.88,37.5,39.0,41.67,41.67,37.02,37.85,38.61,38.61,34.05,34.86
12/08/2011,37.08,37.85,34.01,36.36,37.79,37.79,34.05,35.22,34.86,34.86,31.74,32.22
15/08/2011,34.73,34.83,31.47,31.87,35.25,35.25,30.39,30.44,32.22,32.22,28.75,28.75
16/08/2011,33.36,34.49,31.68,32.85,30.44,32.95,30.28,31.55,28.75,30.56,28.58,29.33
17/08/2011,32.09,33.32,30.81,31.58,31.55,32.61,29.46,31.17,29.33,29.45,27.24,28.27
18/08/2011,36.77,45.28,36.69,42.67,31.15,44.09,31.15,41.61,28.27,40.44,28.27,38.17
19/08/2011,45.34,45.4,39.99,43.05,43.57,44.08,40.25,43.47,38.17,40.38,36.07,37.74
22/08/2011,38.8,43.58,38.78,42.44,40.44,44.24,40.28,42.03,37.74,38.59,35.29,37.76
23/08/2011,41.89,42.33,35.83,36.27,41.26,41.86,35.15,35.45,37.76,37.76,32.06,32.09
24/08/2011,37.12,37.38,34.55,35.9,35.45,37.51,34.43,35.65,32.09,33.02,30.84,31.71
25/08/2011,34.43,40.14,34.05,39.76,35.74,39.91,35.05,39.43,31.71,35.72,28.69,35.66
26/08/2011,41.18,43.84,34.33,35.59,40.32,41.76,34.15,34.49,35.66,37.92,31.5,32.03
29/08/2011,33.81,33.81,32.21,32.28,33.64,33.67,31.87,32.11,32.03,32.03,29.21,29.25
30/08/2011,32.97,33.55,31.55,32.89,32.41,32.81,30.99,32.02,29.25,30.0,28.56,29.54
31/08/2011,31.2,32.53,30.16,31.62,32.03,32.03,29.5,31.37,29.54,29.54,27.17,28.82
01/09/2011,31.91,32.38,30.76,31.82,31.66,31.97,29.92,31.36,28.82,28.86,27.72,28.6
02/09/2011,34.29,34.74,32.7,33.92,31.36,33.8,31.36,33.0,28.6,31.04,28.6,30.38
06/09/2011,39.84,39.86,37.0,37.0,33.04,38.5,33.04,35.86,30.38,36.08,30.38,33.41
07/09/2011,34.24,34.7,33.38,33.38,35.82,35.82,33.12,33.12,33.41,33.41,30.17,30.19
08/09/2011,34.41,34.71,32.79,34.32,33.68,34.26,32.28,33.65,30.19,31.68,29.71,31.38
09/09/2011,35.53,40.74,35.53,38.52,34.78,39.77,34.78,37.99,31.38,37.45,31.38,36.46
12/09/2011,42.56,43.18,38.58,38.59,41.34,41.91,37.94,37.97,36.46,40.07,36.46,36.69
13/09/2011,38.68,39.43,36.69,36.91,37.97,39.09,35.74,36.0,36.69,36.69,34.45,34.7
14/09/2011,36.59,37.76,33.4,34.6,35.98,36.79,32.21,33.36,34.7,35.15,31.08,32.2
15/09/2011,33.43,33.98,31.75,31.97,32.29,32.99,30.42,30.67,32.2,32.2,29.8,29.8
16/09/2011,31.81,32.48,30.43,30.98,30.8,31.01,29.36,29.36,29.8,29.8,27.6,28.41
19/09/2011,34.8,35.33,32.35,32.73,32.78,33.59,30.65,31.42,28.41,32.26,28.41,30.04
20/09/2011,32.42,33.14,31.45,32.86,30.67,31.55,29.83,31.3,30.04,30.04,28.75,29.85
21/09/2011,33.0,37.32,32.45,37.32,30.92,34.68,30.57,34.68,29.85,33.36,20.4,33.36
22/09/2011,41.0,43.87,39.33,41.35,34.68,42.27,34.68,40.25,33.36,39.74,33.36,37.75
23/09/2011,42.17,42.82,40.42,41.25,40.24,41.6,39.71,39.88,37.75,39.56,37.57,38.48
26/09/2011,40.99,43.34,39.02,39.02,39.73,42.67,39.2,39.24,38.48,39.69,36.1,36.17
27/09/2011,36.59,38.57,35.32,37.71,37.06,38.66,35.92,37.65,36.17,36.17,31.78,34.47
28/09/2011,37.7,41.24,36.65,41.08,37.65,41.2,36.77,40.76,34.47,37.26,33.24,37.2
29/09/2011,38.62,42.0,38.03,38.84,40.76,43.37,38.54,41.16,37.2,37.84,34.28,35.14
30/09/2011,40.93,42.99,39.88,42.96,41.2,44.98,41.2,44.98,35.14,39.27,35.14,39.27
03/10/2011,44.25,45.55,41.51,45.45,46.48,46.61,43.43,46.61,39.27,41.57,37.71,41.45
04/10/2011,46.18,46.88,40.02,40.82,46.61,47.23,42.11,42.47,41.45,42.64,36.61,37.32
05/10/2011,40.73,41.2,37.51,37.81,42.46,42.78,38.81,39.12,37.32,37.45,34.49,34.81
06/10/2011,38.24,38.74,36.15,36.27,39.17,39.7,37.27,37.32,34.81,35.48,33.21,33.31
07/10/2011,35.67,37.82,35.19,36.2,37.13,38.55,36.37,37.08,33.31,33.31,31.34,32.26
10/10/2011,35.45,35.45,32.96,33.02,37.08,37.08,34.48,34.48,32.26,32.26,29.6,29.6
11/10/2011,33.95,34.24,32.62,32.86,34.48,34.84,33.39,34.1,29.6,30.66,29.56,29.66
12/10/2011,31.57,31.93,29.79,31.26,34.11,34.11,31.16,32.34,29.66,29.66,26.6,27.51
13/10/2011,31.99,32.76,30.48,30.7,32.59,32.88,29.78,30.3,27.51,28.7,27.39,27.68
14/10/2011,29.07,29.96,28.08,28.24,30.31,30.31,28.06,28.69,27.68,27.68,25.03,25.42
17/10/2011,30.35,33.39,30.12,33.39,30.65,33.3,30.53,32.92,25.42,29.85,25.42,29.84
18/10/2011,33.37,34.71,29.69,31.56,32.92,34.25,30.17,30.48,29.84,32.03,28.03,29.1
19/10/2011,32.92,35.47,31.91,34.44,31.63,36.05,31.37,33.84,29.1,32.25,29.1,31.82
20/10/2011,34.44,36.87,34.16,34.78,33.84,37.19,33.77,34.78,31.82,33.64,31.01,31.81
21/10/2011,32.76,32.98,31.32,31.32,34.84,34.84,31.41,31.42,31.81,31.81,27.81,27.81
24/10/2011,31.67,31.7,28.84,29.26,31.49,31.91,28.33,28.45,27.81,28.52,26.35,26.5
25/10/2011,30.68,32.46,30.32,32.22,28.49,31.64,28.49,31.54,26.5,29.04,26.5,29.04
26/10/2011,30.44,33.3,29.63,29.86,30.5,33.65,30.21,30.47,29.04,29.59,26.73,26.76
27/10/2011,24.72,26.46,24.7,25.46,26.5,27.89,25.53,26.28,26.76,26.76,22.34,22.84
28/10/2011,26.02,26.02,24.44,24.53,26.28,26.87,24.92,25.0,22.84,23.33,22.14,22.31
31/10/2011,27.09,29.97,27.01,29.96,24.92,28.84,24.92,28.82,22.31,27.29,22.31,27.29
01/11/2011,36.03,37.53,33.87,34.77,28.9,35.63,28.9,33.49,27.29,33.87,27.29,31.8
02/11/2011,33.53,34.27,32.55,32.74,33.47,33.47,31.88,32.03,31.8,31.8,29.2,30.13
03/11/2011,31.38,34.65,30.21,30.5,32.03,33.08,29.26,29.3,30.13,31.06,20.77,27.54
04/11/2011,31.46,32.56,30.14,30.16,29.3,31.26,29.05,29.35,27.54,29.55,27.22,27.24
07/11/2011,31.4,32.15,29.85,29.85,29.36,31.21,28.8,28.83,27.24,29.03,26.94,26.96
08/11/2011,29.34,30.49,27.47,27.48,28.21,29.17,26.52,27.31,26.96,27.35,24.69,24.7
09/11/2011,31.32,36.43,30.98,36.16,29.96,35.12,29.83,34.61,24.7,33.19,24.7,32.89
10/11/2011,33.09,35.5,32.12,32.81,32.64,35.34,32.25,32.67,32.89,32.89,29.4,29.91
11/11/2011,29.91,30.42,29.45,30.04,32.67,32.67,29.24,29.35,29.91,29.91,26.48,26.79
14/11/2011,31.42,32.85,31.13,31.13,30.54,31.7,30.15,30.73,26.79,29.46,26.79,28.1
15/11/2011,31.74,32.55,30.4,31.22,30.73,31.54,29.41,30.04,28.1,29.29,27.71,28.45
16/11/2011,32.66,33.51,30.54,33.51,31.03,32.13,29.47,31.94,29.68,30.27,27.93,30.27
17/11/2011,33.15,36.46,32.89,34.51,31.94,36.16,31.77,34.34,30.27,31.93,30.18,31.4
18/11/2011,33.16,33.99,31.92,32.0,33.45,33.89,31.54,31.83,31.4,31.4,28.64,28.66
21/11/2011,34.59,35.29,32.53,32.91,34.55,35.16,32.61,32.93,28.66,32.2,28.66,30.12
22/11/2011,33.12,33.39,31.28,31.97,33.11,33.16,30.83,31.07,30.12,30.62,28.81,29.17
23/11/2011,32.91,34.57,32.68,33.98,31.07,33.09,31.07,33.07,29.17,31.33,29.17,31.0
25/11/2011,34.61,34.77,33.12,34.47,33.04,34.31,32.76,33.04,31.0,31.92,21.29,21.29
28/11/2011,31.93,33.11,31.57,32.13,32.65,32.65,31.48,31.56,21.29,29.61,21.29,29.16
29/11/2011,31.76,32.02,30.56,30.64,31.56,31.91,30.85,31.06,29.16,29.29,27.94,28.02
30/11/2011,27.72,28.5,27.03,27.8,28.83,28.86,27.72,27.77,28.02,28.02,24.89,25.16
01/12/2011,27.63,27.89,26.64,27.41,27.77,27.86,26.9,27.2,25.16,25.49,24.62,25.06
02/12/2011,26.26,27.62,25.29,27.52,26.45,27.79,26.18,27.69,25.06,25.22,23.75,25.17
05/12/2011,26.74,28.31,26.0,27.84,27.69,28.34,26.79,27.89,25.17,25.92,23.57,25.52
06/12/2011,27.91,28.13,27.41,28.13,27.91,28.24,27.72,27.94,25.52,25.74,25.07,25.74
07/12/2011,28.61,29.58,28.44,28.67,27.94,29.34,27.94,28.45,25.74,26.73,25.74,26.19
08/12/2011,29.63,30.91,29.02,30.59,28.45,30.15,28.45,30.0,26.19,28.04,26.19,27.57
09/12/2011,29.61,29.61,26.29,26.38,29.12,29.12,25.99,25.99,27.57,27.57,24.17,24.17
12/12/2011,26.78,27.73,25.64,25.67,25.99,26.6,24.53,24.56,24.17,25.01,23.45,23.46
13/12/2011,24.72,26.28,23.27,25.41,24.07,26.04,23.34,25.29,23.46,24.02,21.29,23.23
14/12/2011,26.16,27.55,25.76,26.04,25.83,27.82,25.58,26.08,23.23,25.15,23.23,24.12
15/12/2011,24.38,25.28,24.14,25.11,26.08,26.08,24.39,24.79,24.12,24.12,21.14,22.35
16/12/2011,24.16,25.02,23.51,24.29,23.9,24.31,22.62,23.48,22.35,22.93,21.26,22.23
19/12/2011,25.14,25.38,24.38,24.92,24.54,24.59,23.76,24.15,22.23,22.84,21.99,22.65
20/12/2011,23.56,23.58,22.54,23.22,22.85,22.87,22.15,22.5,22.65,22.65,20.33,20.55
21/12/2011,22.52,23.94,21.12,21.43,22.49,23.58,22.14,22.29,20.55,20.71,19.4,19.59
22/12/2011,21.08,21.33,20.34,21.16,22.3,22.3,21.47,21.89,19.59,19.59,18.23,19.45
23/12/2011,21.1,21.21,20.72,20.73,21.87,22.08,21.31,21.37,19.45,19.48,18.84,18.85
27/12/2011,22.58,22.66,21.68,21.91,23.25,23.26,22.14,22.49,18.85,20.52,18.85,20.05
28/12/2011,22.12,23.56,22.11,23.52,22.49,23.71,22.49,23.54,20.05,21.64,20.05,21.57
29/12/2011,23.52,23.52,22.65,22.65,23.54,23.83,23.03,23.07,21.57,21.57,20.72,20.73
30/12/2011,22.86,23.46,22.65,23.4,23.05,23.36,22.83,23.13,20.73,21.51,20.73,21.42
03/01/2012,22.95,23.1,22.54,22.97,23.16,23.3,22.6,23.02,21.42,21.42,20.57,20.89
04/01/2012,23.44,23.73,22.22,22.22,23.34,23.67,21.97,21.98,20.89,21.44,20.1,20.1
05/01/2012,22.75,23.09,21.34,21.48,22.32,22.74,21.21,21.4,20.1,21.0,19.57,19.75
06/01/2012,21.24,21.72,20.58,20.63,21.4,21.48,20.41,20.52,19.75,20.03,19.14,19.18
09/01/2012,21.67,21.78,21.0,21.07,20.51,21.64,20.51,21.22,19.18,20.11,19.18,19.45
10/01/2012,20.14,20.69,20.05,20.69,21.22,21.22,20.26,20.93,19.45,19.45,18.66,19.32
11/01/2012,21.18,21.22,20.98,21.05,21.12,21.4,20.97,21.18,19.32,19.84,19.32,19.5
12/01/2012,21.01,22.03,20.46,20.47,21.07,21.86,20.76,20.79,19.5,20.38,19.04,19.04
13/01/2012,21.41,22.43,20.91,20.91,20.79,22.26,20.79,21.38,19.04,20.7,19.04,19.32
17/01/2012,20.9,22.25,20.69,22.2,21.39,22.48,21.29,22.21,19.32,20.17,19.22,20.16
18/01/2012,23.2,23.44,20.78,20.89,22.49,22.7,21.19,21.29,20.16,20.79,19.16,19.18
19/01/2012,20.49,20.87,19.45,19.87,20.96,20.96,19.55,20.27,19.18,19.18,17.62,18.16
20/01/2012,19.91,19.94,18.16,18.28,20.56,20.56,18.89,18.97,18.16,18.34,16.01,16.05
23/01/2012,19.22,19.31,18.55,18.67,18.97,20.17,18.97,19.42,16.05,17.17,16.05,16.71
24/01/2012,19.76,20.0,18.63,18.91,20.19,20.35,19.74,19.74,16.71,17.73,16.71,16.96
25/01/2012,19.35,19.55,17.15,18.31,19.37,19.78,19.01,19.36,16.96,17.73,16.36,16.41
26/01/2012,17.96,19.17,16.8,18.57,19.0,20.12,18.94,19.56,16.41,16.68,15.44,16.58
27/01/2012,19.16,19.16,18.26,18.53,19.56,20.05,19.26,19.31,16.58,17.18,16.58,16.65
30/01/2012,20.33,20.33,19.38,19.4,21.08,21.26,19.75,19.75,16.65,18.67,16.65,17.68
31/01/2012,19.07,19.84,18.13,19.44,19.75,20.28,19.11,19.89,17.68,17.72,16.72,17.63
01/02/2012,18.68,18.82,17.99,18.55,19.19,19.34,18.86,19.04,17.63,17.63,16.3,16.85
02/02/2012,18.38,18.5,17.98,17.98,18.95,19.19,18.66,18.89,16.85,16.85,16.61,16.61
03/02/2012,16.84,17.32,16.1,17.1,18.06,18.32,17.71,18.21,16.61,16.61,14.85,15.62
06/02/2012,17.98,18.02,16.11,17.76,18.21,19.19,18.21,18.65,15.62,16.63,15.62,16.2
07/02/2012,17.93,18.1,17.5,17.65,18.66,19.13,18.49,18.75,16.2,16.46,16.09,16.12
08/02/2012,17.79,18.46,17.53,18.16,18.75,19.45,18.63,18.99,16.12,16.63,15.93,16.44
09/02/2012,18.12,18.72,18.07,18.63,18.99,19.14,18.7,18.9,16.44,17.12,16.44,17.12
10/02/2012,20.1,21.98,19.02,20.79,20.12,22.19,20.1,20.94,17.12,19.84,17.12,18.64
13/02/2012,19.64,19.68,17.92,19.04,19.93,20.06,19.46,19.6,18.64,18.64,17.24,17.25
14/02/2012,19.45,20.76,18.95,19.54,19.77,21.17,19.58,20.18,17.25,18.71,17.25,17.79
15/02/2012,19.74,21.77,19.44,21.14,19.72,22.51,19.72,22.35,17.79,19.46,17.46,19.15
16/02/2012,21.59,21.76,19.22,19.22,22.35,22.89,20.2,20.89,19.15,19.4,17.57,17.59
17/02/2012,18.73,18.79,17.54,17.78,20.89,21.08,19.68,19.76,17.59,17.59,16.22,16.22
21/02/2012,18.41,18.94,17.65,18.19,20.62,20.63,19.61,19.92,16.22,17.21,16.22,16.76
22/02/2012,18.85,18.94,17.74,18.19,19.92,20.44,19.5,19.72,16.76,17.12,16.47,16.62
23/02/2012,18.73,18.97,16.64,16.8,19.71,20.09,18.41,18.41,16.62,17.14,15.49,15.49
24/02/2012,16.68,17.62,16.42,17.31,18.19,18.54,17.76,18.27,15.49,15.92,14.46,15.74
27/02/2012,19.1,19.25,17.58,18.19,19.79,20.08,18.83,19.42,15.74,17.39,15.74,16.49
28/02/2012,18.67,18.67,17.88,17.96,19.42,19.89,19.3,19.55,16.49,16.94,15.58,16.67
29/02/2012,17.8,18.75,17.53,18.43,19.44,20.17,19.41,19.83,16.67,17.01,16.32,16.99
01/03/2012,18.02,18.03,17.26,17.26,19.85,19.85,18.67,18.68,16.99,16.99,15.33,16.09
02/03/2012,17.65,17.65,17.14,17.29,18.67,19.0,18.22,18.23,16.09,16.19,15.93,15.94
05/03/2012,18.27,18.9,18.02,18.05,18.23,20.16,18.23,19.57,15.94,17.21,15.48,16.48
06/03/2012,20.57,21.24,20.3,20.87,19.57,21.92,19.57,21.42,16.48,19.39,16.48,19.31
07/03/2012,20.43,20.44,19.07,19.07,21.41,21.41,20.42,20.42,19.31,19.31,17.73,17.73
08/03/2012,18.08,18.46,17.76,17.95,20.46,20.46,19.02,19.05,17.73,17.73,16.4,16.4
09/03/2012,17.16,17.54,16.63,17.11,19.05,19.05,18.05,18.11,16.4,16.4,15.58,15.95
12/03/2012,15.79,16.67,15.23,15.64,18.12,18.12,16.57,16.71,15.95,15.95,13.83,13.83
13/03/2012,14.0,16.08,13.99,14.8,16.05,16.7,15.76,16.44,13.83,14.01,12.53,13.63
14/03/2012,14.42,16.19,14.39,15.31,16.44,18.03,16.29,17.59,13.63,14.31,13.45,14.23
15/03/2012,15.32,16.06,14.58,15.42,17.59,18.14,17.21,17.25,14.23,14.94,13.51,13.54
16/03/2012,14.43,15.24,13.66,14.47,17.28,17.5,16.46,16.47,13.54,13.54,12.11,12.76
19/03/2012,15.42,15.43,14.54,15.04,17.26,17.36,16.25,16.55,12.76,13.83,12.76,13.79
20/03/2012,15.82,15.95,15.11,15.58,17.32,17.42,16.32,16.35,13.79,14.68,13.79,14.47
21/03/2012,14.72,15.31,14.19,15.13,16.35,16.54,15.96,16.23,14.47,14.47,14.03,14.37
22/03/2012,16.04,16.58,15.56,15.57,17.14,17.92,16.83,16.83,14.37,15.45,14.37,14.58
23/03/2012,15.65,16.39,14.69,14.82,16.83,17.57,16.42,16.57,14.58,15.16,13.69,13.69
26/03/2012,14.51,15.03,14.26,14.26,16.7,16.76,15.91,15.92,13.69,13.76,13.18,13.18
27/03/2012,14.52,15.59,14.14,15.59,16.19,17.02,16.16,17.02,13.18,14.12,13.18,14.12
28/03/2012,15.58,17.27,15.4,15.47,17.06,18.54,16.82,17.28,14.12,15.51,14.12,14.45
29/03/2012,16.84,17.2,15.39,15.48,18.32,18.8,17.24,17.27,14.45,15.56,14.2,14.2
30/03/2012,14.88,15.98,14.67,15.5,17.27,17.58,16.54,17.19,14.2,14.21,12.8,13.94
02/04/2012,16.35,16.58,15.02,15.64,17.18,18.21,16.36,16.7,13.94,14.84,13.46,14.08
03/04/2012,15.61,16.65,15.56,15.66,16.59,17.64,16.4,16.82,14.08,15.04,14.07,14.46
04/04/2012,17.07,17.74,16.31,16.44,18.13,19.33,17.75,17.95,14.46,16.15,14.46,15.08
05/04/2012,17.02,17.13,16.29,16.7,17.97,18.34,17.68,17.96,15.08,15.63,15.08,15.27
09/04/2012,18.94,18.94,17.93,18.81,20.32,20.4,19.38,20.18,15.27,17.36,15.27,17.14
10/04/2012,19.1,21.06,18.62,20.39,20.18,22.32,19.8,21.59,17.14,19.05,17.14,18.56
11/04/2012,19.22,20.12,18.73,20.02,20.74,21.61,20.36,21.3,18.56,18.56,17.24,18.23
12/04/2012,19.63,19.74,17.2,17.2,21.01,21.17,19.01,19.34,18.23,18.23,15.62,15.62
13/04/2012,17.95,19.62,17.85,19.55,20.18,21.44,19.97,21.44,15.62,17.72,15.62,17.67
16/04/2012,18.87,20.42,18.6,19.55,21.33,23.1,21.2,22.57,17.67,17.92,16.71,17.75
17/04/2012,18.66,18.66,17.58,18.46,22.57,22.57,20.18,20.63,17.75,17.75,15.88,16.53
18/04/2012,19.02,19.17,17.7,18.64,21.12,21.46,20.34,21.26,16.91,17.05,16.39,16.69
19/04/2012,18.51,19.69,17.69,18.36,21.16,22.21,19.99,20.99,16.69,17.88,16.07,16.68
20/04/2012,17.92,18.05,16.97,17.44,20.99,20.99,19.39,20.17,16.68,16.68,15.28,15.59
23/04/2012,20.22,20.27,18.95,18.97,22.48,22.61,21.18,21.31,15.59,18.06,15.59,16.98
24/04/2012,19.22,19.22,18.09,18.1,21.31,21.65,20.91,21.03,16.98,16.98,15.94,16.09
25/04/2012,17.05,17.38,16.82,16.82,19.03,19.13,18.28,18.47,16.09,16.09,15.23,15.32
26/04/2012,16.97,17.04,15.75,16.24,18.47,18.76,17.76,17.83,15.32,15.39,14.48,14.58
27/04/2012,15.83,16.47,15.83,16.32,17.82,17.92,17.23,17.52,14.58,14.82,14.26,14.74
30/04/2012,17.04,17.41,16.92,17.15,17.52,18.93,17.52,18.77,14.74,15.67,14.74,15.34
01/05/2012,17.27,17.49,16.01,16.6,18.91,18.99,17.7,18.66,15.34,15.83,14.54,14.86
02/05/2012,17.25,17.63,16.78,16.88,19.38,19.44,18.4,18.41,14.86,15.82,14.86,15.11
03/05/2012,16.9,17.92,16.73,17.56,18.41,19.54,18.34,19.19,15.11,16.11,14.22,15.74
04/05/2012,18.03,19.28,17.81,19.16,19.66,21.1,19.62,21.1,15.74,17.14,15.74,17.06
07/05/2012,19.8,19.87,18.41,18.94,22.13,22.13,20.67,21.06,17.06,18.13,17.06,17.4
08/05/2012,19.44,20.91,17.95,19.05,21.06,23.04,20.96,21.28,17.4,19.31,17.4,17.66
09/05/2012,20.65,21.59,19.38,20.08,22.7,23.24,21.79,21.98,17.66,19.86,17.66,18.51
10/05/2012,19.25,19.88,18.77,18.83,21.55,21.89,21.13,21.33,18.51,18.51,17.51,17.57
11/05/2012,19.93,19.94,18.62,19.89,22.08,22.11,20.73,21.79,17.57,18.46,17.39,18.34
14/05/2012,21.47,21.87,20.94,21.87,21.8,23.53,21.8,23.48,18.34,19.99,18.34,19.98
15/05/2012,21.43,22.7,20.76,21.97,23.52,23.78,22.12,23.59,19.98,20.66,19.05,20.2
16/05/2012,21.54,22.69,20.83,22.27,23.47,24.42,22.87,24.17,20.2,20.54,19.26,20.17
17/05/2012,21.99,24.51,21.87,24.49,24.17,26.57,23.85,26.5,20.17,23.92,19.89,21.97
18/05/2012,23.27,25.14,23.07,25.1,26.07,27.58,25.38,27.55,21.97,22.35,21.01,22.3
21/05/2012,24.88,24.88,22.01,22.01,27.55,27.81,24.21,24.3,22.3,22.3,19.99,19.99
22/05/2012,21.76,23.19,19.98,22.48,24.29,24.94,22.88,24.52,19.99,20.87,18.71,20.41
23/05/2012,23.32,24.62,21.99,22.33,25.59,26.06,23.75,24.09,20.41,22.34,20.17,20.44
24/05/2012,22.0,23.22,21.48,21.54,24.09,25.35,23.85,24.2,20.44,21.34,19.6,19.61
25/05/2012,22.05,22.29,21.3,21.76,24.14,24.48,23.77,23.99,19.61,20.52,19.6,20.2
29/05/2012,21.7,22.47,20.99,21.03,23.99,24.73,23.24,23.33,20.2,20.5,18.89,19.45
30/05/2012,22.68,24.14,22.66,24.14,23.33,25.69,23.33,25.35,19.45,21.92,19.45,21.86
31/05/2012,23.83,25.46,22.78,24.06,25.46,27.0,25.28,25.89,21.86,23.0,20.97,21.81
01/06/2012,25.87,26.71,23.94,26.66,25.89,28.71,25.89,28.63,21.81,24.51,21.81,24.32
04/06/2012,26.35,27.73,25.72,26.12,28.69,29.76,27.79,28.17,24.32,25.27,23.74,23.98
05/06/2012,25.9,25.9,24.5,24.68,28.21,28.21,26.26,26.39,23.98,23.98,22.46,22.68
06/06/2012,23.76,23.89,21.8,22.16,26.39,26.39,23.75,23.75,22.68,22.68,19.99,20.01
07/06/2012,21.0,22.48,20.74,21.72,22.99,23.99,22.75,23.81,20.01,20.01,18.96,19.73
08/06/2012,22.54,23.1,20.29,21.23,23.81,24.44,22.55,22.55,19.73,20.37,18.87,18.87
11/06/2012,19.87,23.56,19.63,23.56,22.54,24.64,21.86,24.6,18.87,21.09,17.73,21.09
12/06/2012,23.15,23.9,22.09,22.09,24.58,25.11,23.15,23.15,21.09,21.47,19.9,19.91
13/06/2012,22.93,24.93,22.66,24.27,24.08,25.07,23.32,24.52,19.91,22.07,19.91,21.34
14/06/2012,24.19,24.81,21.55,21.68,24.52,25.27,23.78,24.02,21.34,21.65,19.72,19.76
15/06/2012,22.47,23.09,20.61,21.11,23.88,23.99,21.86,21.86,19.76,20.41,18.36,18.39
18/06/2012,21.76,21.98,18.24,18.32,21.86,23.02,19.46,19.64,18.39,19.32,16.56,16.88
19/06/2012,17.66,18.62,17.36,18.38,19.64,19.64,18.41,19.2,16.88,16.88,16.06,16.45
20/06/2012,17.96,20.05,17.09,17.24,18.82,19.92,17.81,17.81,16.45,17.27,15.25,15.31
21/06/2012,16.89,20.48,16.77,20.08,17.91,20.87,17.76,20.78,15.31,18.06,14.08,17.74
22/06/2012,18.65,19.37,17.9,18.11,19.86,20.24,19.07,19.12,17.74,17.74,16.01,16.12
25/06/2012,20.47,21.36,19.89,20.38,21.23,22.0,21.23,21.28,16.12,18.9,16.12,17.99
26/06/2012,20.01,20.57,19.42,19.72,21.16,21.75,20.81,20.87,17.99,18.49,17.29,17.65
27/06/2012,19.55,20.12,19.38,19.45,20.87,21.15,20.31,20.68,17.65,17.75,17.27,17.46
28/06/2012,20.33,21.19,19.6,19.71,21.64,22.59,21.42,21.51,17.46,18.8,17.46,17.53
29/06/2012,17.52,19.71,16.87,17.08,19.27,19.85,18.63,18.65,17.53,17.53,15.19,15.32
02/07/2012,17.62,18.19,16.66,16.74,18.65,19.58,18.55,18.55,15.32,16.4,15.32,15.46
03/07/2012,16.67,16.92,16.27,16.66,18.56,18.56,17.14,18.56,15.46,15.46,14.79,15.46
05/07/2012,17.61,18.22,17.18,17.5,18.56,19.22,18.12,18.43,15.46,16.51,15.46,15.85
06/07/2012,18.2,18.25,16.95,17.1,18.43,19.67,18.43,18.65,15.85,16.86,15.83,15.83
09/07/2012,18.17,18.32,17.73,17.98,19.67,20.06,19.38,19.6,15.83,17.04,15.83,16.52
10/07/2012,17.51,19.19,17.29,18.72,19.25,21.14,19.1,20.67,16.52,17.59,15.94,16.93
11/07/2012,17.98,19.17,17.84,17.95,20.95,21.41,20.34,20.34,16.93,17.91,16.6,16.63
12/07/2012,18.82,19.51,17.75,18.33,20.34,22.06,20.34,20.97,16.63,17.96,16.5,16.89
13/07/2012,17.78,17.82,16.36,16.74,20.29,20.3,19.09,19.09,16.89,16.89,15.17,15.22
16/07/2012,17.31,17.32,16.46,17.11,19.79,20.21,19.23,19.54,15.22,16.06,15.22,15.62
17/07/2012,16.72,17.46,16.09,16.48,19.54,20.4,18.55,18.91,15.62,16.15,14.86,15.16
18/07/2012,16.81,16.81,15.69,16.16,19.25,19.29,17.91,18.3,15.16,15.52,14.48,14.53
19/07/2012,16.06,16.7,15.45,15.45,17.96,18.77,17.41,17.49,14.53,15.54,13.9,14.26
20/07/2012,16.65,17.05,15.97,16.27,17.49,18.64,17.49,18.2,14.26,15.65,14.26,14.93
23/07/2012,20.41,20.49,18.34,18.62,21.99,22.86,20.51,20.61,14.93,19.21,14.93,16.89
24/07/2012,18.38,21.0,18.37,20.47,20.61,23.23,20.49,22.83,16.89,19.16,16.89,18.38
25/07/2012,19.79,20.67,18.99,19.34,22.8,23.02,21.1,21.44,18.38,18.68,17.22,17.33
26/07/2012,17.68,18.47,17.07,17.53,21.53,21.53,19.83,20.11,17.33,17.33,14.95,15.92
27/07/2012,17.11,17.3,16.52,16.7,19.64,19.79,18.5,18.58,15.92,15.92,15.25,15.33
30/07/2012,17.55,18.08,17.23,18.03,19.39,20.01,19.14,19.74,15.33,16.71,15.33,16.54
31/07/2012,18.4,19.09,18.26,18.93,19.74,20.55,19.74,20.3,16.54,17.39,16.18,17.39
01/08/2012,18.8,19.18,18.2,18.96,20.3,20.62,19.61,20.19,17.39,17.62,16.39,17.41
02/08/2012,19.05,19.25,17.56,17.57,20.34,20.45,18.97,19.08,17.41,17.71,15.74,16.24
03/08/2012,16.05,16.45,15.64,15.64,17.87,17.95,17.46,17.46,16.24,16.24,14.44,14.44
06/08/2012,15.85,16.27,15.82,15.95,18.04,18.07,17.47,17.57,14.44,15.14,14.44,14.68
07/08/2012,15.55,16.03,15.48,15.99,17.57,17.63,17.13,17.41,14.68,15.0,14.54,14.86
08/08/2012,16.46,16.47,15.27,15.32,17.42,17.85,16.97,16.97,14.86,15.34,14.12,14.15
09/08/2012,15.39,15.67,15.28,15.28,16.97,17.02,16.39,16.41,14.15,14.41,13.85,13.85
10/08/2012,15.34,15.5,14.73,14.74,16.33,16.74,15.89,15.89,13.85,14.36,13.57,13.57
13/08/2012,14.09,14.67,13.67,13.7,15.83,15.83,14.34,14.48,13.57,13.57,11.98,12.43
14/08/2012,13.91,15.06,13.91,14.85,14.49,15.54,14.48,15.4,12.43,13.41,12.43,13.14
15/08/2012,14.82,14.98,14.36,14.63,15.64,15.64,14.77,14.77,13.14,13.43,12.69,13.0
16/08/2012,14.88,15.15,14.28,14.29,14.77,15.42,14.72,14.81,13.0,13.86,12.59,12.62
17/08/2012,14.23,14.3,13.3,13.45,14.83,14.85,13.79,13.79,12.62,12.93,11.93,12.01
20/08/2012,14.11,14.78,13.99,14.02,15.02,15.21,14.62,14.62,12.01,13.12,12.01,12.61
21/08/2012,14.1,15.44,14.04,15.02,14.75,15.58,14.56,15.36,12.61,13.77,12.61,13.49
22/08/2012,15.32,15.52,14.75,15.11,15.82,15.92,15.22,15.58,13.49,14.03,13.49,13.69
23/08/2012,15.0,16.45,15.0,15.96,16.03,16.92,16.03,16.68,13.69,14.97,13.69,14.44
24/08/2012,15.99,16.0,15.18,15.18,16.92,17.08,16.17,16.6,14.44,14.84,13.78,13.85
27/08/2012,16.15,16.38,15.75,16.35,16.6,17.45,16.6,17.19,13.85,14.95,13.85,14.9
28/08/2012,16.32,16.92,16.01,16.49,17.18,17.87,17.18,17.64,14.9,15.6,14.9,15.46
29/08/2012,16.61,17.06,16.51,17.06,17.75,18.18,17.63,18.11,15.46,15.8,15.23,15.8
30/08/2012,17.48,18.05,17.44,17.83,18.52,19.29,18.51,19.03,15.8,16.77,15.8,16.5
31/08/2012,17.25,18.04,16.92,17.47,18.59,19.49,17.97,18.35,16.5,16.5,15.25,15.69
04/09/2012,18.65,18.96,17.85,17.98,19.42,20.25,18.93,19.09,15.69,17.4,15.69,16.38
05/09/2012,17.38,17.84,16.99,17.74,19.09,19.58,18.79,19.02,16.38,16.7,16.09,16.27
06/09/2012,17.3,17.3,15.6,15.6,18.96,18.96,17.01,17.01,16.27,16.27,14.3,14.3
07/09/2012,15.6,15.6,14.33,14.38,17.06,17.18,15.44,15.44,14.3,14.3,13.16,13.19
10/09/2012,14.27,16.28,13.97,16.28,15.45,17.81,15.45,17.8,13.19,14.92,13.19,14.92
11/09/2012,16.11,16.41,15.78,16.41,17.8,18.03,17.47,18.01,14.92,14.98,14.41,14.79
12/09/2012,15.59,16.31,15.43,15.8,18.01,18.01,17.18,17.18,14.79,14.79,14.16,14.24
13/09/2012,15.6,16.54,13.91,14.05,17.33,17.69,15.87,16.15,14.24,15.25,13.16,13.47
14/09/2012,13.82,14.71,13.51,14.51,16.15,16.15,15.6,15.89,13.47,13.76,12.71,13.53
17/09/2012,14.67,14.92,14.54,14.59,15.67,16.2,15.67,15.79,13.53,13.73,13.36,13.4
18/09/2012,14.51,14.88,14.17,14.18,15.98,16.07,15.05,15.05,13.4,13.63,12.79,12.81
19/09/2012,13.95,14.08,13.61,13.88,15.05,15.31,14.65,14.84,12.81,12.93,12.47,12.79
20/09/2012,14.63,14.67,14.07,14.07,15.27,15.29,14.55,14.58,12.79,13.26,12.58,12.78
21/09/2012,13.94,14.18,13.69,13.98,14.58,14.58,14.07,14.44,12.78,12.8,12.25,12.65
24/09/2012,15.06,15.06,13.87,14.15,15.86,15.89,15.29,15.34,12.65,13.67,12.61,12.96
25/09/2012,14.19,15.72,14.03,15.43,15.45,16.82,15.17,16.7,12.96,13.89,11.91,13.84
26/09/2012,15.83,17.08,15.83,16.81,17.11,18.36,17.08,17.94,13.84,15.23,13.84,15.1
27/09/2012,16.38,16.5,14.83,14.84,17.88,18.0,16.45,16.45,15.1,15.1,13.77,13.77
28/09/2012,15.23,15.77,14.95,15.73,16.45,17.23,16.44,17.01,13.77,14.77,13.77,14.34
01/10/2012,16.03,16.53,15.13,16.32,17.39,18.13,16.9,17.75,14.34,14.8,14.02,14.61
02/10/2012,15.85,16.5,15.7,15.71,17.58,18.14,17.27,17.3,14.61,15.15,14.44,14.56
03/10/2012,15.63,16.02,15.13,15.43,17.29,17.47,16.66,16.76,14.56,14.77,14.01,14.29
04/10/2012,15.23,15.33,14.53,14.55,16.8,16.98,16.52,16.65,14.29,14.29,13.41,13.75
05/10/2012,13.68,14.78,13.67,14.33,16.06,16.63,15.87,16.48,13.75,13.75,12.9,13.09
08/10/2012,15.19,15.46,15.04,15.11,17.57,17.84,17.32,17.52,13.09,13.8,13.09,13.69
09/10/2012,15.28,16.4,15.18,16.37,17.52,19.25,17.52,18.87,13.69,14.69,13.69,14.66
10/10/2012,16.52,16.79,16.13,16.29,19.02,19.09,18.48,18.48,14.66,15.06,14.55,14.84
11/10/2012,15.33,15.8,15.31,15.59,18.0,18.33,17.65,18.33,14.84,14.84,14.04,14.35
12/10/2012,15.41,16.18,14.96,16.14,18.1,18.23,17.53,17.84,14.35,14.71,13.69,14.71
15/10/2012,16.05,16.21,15.23,15.27,18.31,18.7,17.38,17.55,14.71,15.02,13.96,13.98
16/10/2012,14.84,15.23,14.5,15.22,17.55,17.55,16.08,17.17,13.98,13.98,13.31,13.84
17/10/2012,15.43,15.63,14.9,15.07,17.16,18.25,16.54,16.89,13.84,14.35,13.75,13.86
18/10/2012,15.25,15.5,14.68,15.03,16.91,17.95,16.72,17.61,13.86,14.17,13.25,13.74
19/10/2012,14.91,17.6,14.9,17.06,17.58,20.1,17.57,20.05,13.74,16.09,13.74,15.48
22/10/2012,17.44,17.98,16.62,16.62,20.36,20.38,19.11,19.2,15.48,16.37,15.19,15.2
23/10/2012,18.23,19.65,18.17,18.83,19.2,21.52,19.2,20.66,15.2,18.13,15.2,17.46
24/10/2012,18.22,18.67,17.93,18.33,20.75,21.67,20.15,21.67,17.46,17.46,16.78,16.95
25/10/2012,17.56,18.64,17.3,18.12,21.33,21.33,20.11,20.28,16.95,17.36,16.27,16.69
26/10/2012,18.03,18.64,17.52,17.81,20.19,20.56,19.19,19.58,16.69,17.19,16.2,16.55
31/10/2012,17.68,18.84,17.56,18.6,19.85,20.74,19.53,20.33,16.55,17.39,16.02,17.26
01/11/2012,17.77,17.79,16.45,16.69,19.69,19.75,18.33,18.44,17.26,17.26,15.29,15.36
02/11/2012,16.06,17.6,16.05,17.59,18.03,19.95,17.9,19.95,15.36,16.42,14.95,16.34
05/11/2012,18.33,18.7,18.13,18.42,19.63,19.84,19.22,19.54,16.34,17.44,16.34,17.14
06/11/2012,18.16,18.17,17.19,17.58,19.32,19.39,18.55,19.1,17.14,17.14,15.98,16.37
07/11/2012,17.72,19.4,17.62,19.08,19.1,20.85,19.1,20.42,16.37,18.18,16.37,18.04
08/11/2012,18.69,18.69,17.96,18.49,20.21,20.64,20.0,20.14,18.04,18.04,16.96,17.25
09/11/2012,18.8,18.81,17.67,18.61,20.59,20.6,19.35,19.41,17.25,17.65,16.74,17.24
12/11/2012,18.15,18.15,16.45,16.68,19.41,19.45,18.45,18.62,17.24,17.25,15.56,15.62
13/11/2012,17.36,17.38,16.12,16.65,19.25,19.39,18.06,19.05,15.62,16.17,14.73,15.47
14/11/2012,16.32,18.05,15.93,17.92,19.05,19.7,17.81,19.5,15.47,16.99,15.12,16.58
15/11/2012,17.74,18.64,17.62,17.99,19.5,19.5,18.82,19.23,16.58,17.57,16.28,16.96
16/11/2012,17.65,18.5,16.41,16.41,19.23,19.64,16.65,18.13,16.96,17.28,15.48,15.53
19/11/2012,15.88,15.98,15.1,15.24,18.03,18.03,15.57,15.92,15.53,15.53,14.11,14.33
20/11/2012,15.11,15.65,15.06,15.08,15.87,16.88,15.85,16.18,14.33,14.61,13.98,14.02
21/11/2012,14.96,15.43,14.77,15.31,16.18,16.75,15.91,16.21,14.02,14.15,13.69,14.1
23/11/2012,15.0,15.26,15.0,15.14,16.21,16.69,15.53,16.21,14.1,18.64,13.19,18.64
26/11/2012,15.63,15.84,15.47,15.5,16.21,17.24,16.21,16.81,14.1,14.52,14.1,14.19
27/11/2012,15.3,15.93,15.01,15.92,16.76,17.03,16.16,16.9,14.19,14.69,13.79,14.66
28/11/2012,16.43,16.98,15.47,15.51,16.9,18.02,16.75,16.75,14.66,15.58,14.28,14.31
29/11/2012,15.21,15.51,15.02,15.06,16.75,16.81,16.24,16.4,14.31,14.42,13.83,13.84
30/11/2012,15.26,16.17,14.89,15.87,16.33,17.24,16.33,16.96,13.84,14.86,13.84,14.54
03/12/2012,15.81,16.69,15.76,16.64,16.76,17.91,16.76,17.69,14.19,15.38,14.19,15.36
04/12/2012,16.66,17.37,16.38,17.12,17.68,18.6,17.55,18.37,15.36,15.84,14.98,15.69
05/12/2012,16.95,17.53,16.27,16.46,18.36,19.58,18.36,18.63,15.69,16.11,14.86,15.05
06/12/2012,16.59,16.85,16.31,16.58,18.64,19.17,18.35,18.49,15.05,15.41,14.95,15.05
07/12/2012,16.12,16.65,15.73,15.9,18.16,18.93,18.05,18.35,15.05,15.15,14.41,14.48
10/12/2012,16.47,16.47,15.96,16.05,19.24,19.24,18.74,18.74,14.48,15.06,14.48,14.64
11/12/2012,15.94,16.01,15.42,15.57,18.75,18.75,17.96,17.96,14.64,14.67,14.28,14.28
12/12/2012,15.6,16.09,15.41,15.95,17.96,18.72,17.96,18.58,14.28,14.86,14.28,14.65
13/12/2012,15.87,16.67,15.71,16.56,18.7,19.67,18.49,19.47,14.65,15.3,14.53,15.21
14/12/2012,16.68,17.15,16.61,17.0,19.47,20.54,19.47,20.19,15.21,15.65,15.2,15.55
17/12/2012,17.2,17.2,16.21,16.34,20.75,20.83,19.47,19.47,15.55,15.89,15.17,15.17
18/12/2012,16.39,16.43,15.46,15.57,19.47,19.65,18.59,18.63,15.17,15.38,14.42,14.54
19/12/2012,16.05,17.46,16.04,17.36,18.81,19.66,18.81,19.27,14.54,16.03,14.54,16.03
20/12/2012,17.26,17.96,17.11,17.67,19.27,19.59,19.1,19.32,16.03,16.63,15.88,16.37
21/12/2012,19.85,19.93,17.76,17.84,19.32,21.77,19.32,20.16,16.37,18.54,16.37,16.47
24/12/2012,18.46,18.66,18.45,18.59,20.15,20.96,19.92,20.15,16.47,21.3,16.47,16.47
26/12/2012,18.71,19.63,18.61,19.48,20.88,21.47,20.7,21.18,16.47,18.06,16.47,17.95
27/12/2012,19.39,20.9,19.11,19.47,21.18,22.6,21.0,21.57,17.95,19.22,17.71,18.01
28/12/2012,20.32,23.23,19.94,22.72,22.33,23.49,21.99,23.32,18.01,32.98,16.59,16.6
31/12/2012,22.14,22.72,17.88,18.02,23.32,23.81,20.56,20.56,16.6,20.75,16.4,17.22
02/01/2013,15.24,15.93,14.6,14.68,18.1,18.36,16.95,16.95,17.22,17.22,13.82,13.92
03/01/2013,14.77,14.92,14.24,14.56,16.95,17.41,16.77,17.11,13.92,14.18,13.56,13.74
04/01/2013,14.23,14.31,13.64,13.83,17.11,17.21,15.51,15.51,13.74,13.74,12.96,13.06
07/01/2013,14.53,14.53,13.71,13.79,17.32,17.45,16.55,16.55,13.06,13.8,13.06,13.09
08/01/2013,13.88,14.29,13.62,13.62,16.55,17.19,16.43,16.43,13.09,13.58,12.83,12.83
09/01/2013,13.32,13.93,13.22,13.81,16.32,16.35,16.08,16.08,12.83,13.03,12.51,12.83
10/01/2013,13.33,13.88,13.33,13.49,16.08,16.56,15.79,16.08,12.83,13.05,12.45,12.67
11/01/2013,13.55,13.79,13.22,13.36,15.99,16.19,15.77,15.87,12.67,12.84,12.36,12.36
14/01/2013,13.66,13.85,13.41,13.52,15.77,16.71,15.77,16.13,12.36,12.84,12.36,12.55
15/01/2013,13.97,13.99,13.33,13.55,16.43,16.72,15.98,16.12,12.56,13.02,12.22,12.35
16/01/2013,13.7,13.76,13.2,13.42,15.89,15.97,15.12,15.32,12.35,12.72,12.28,12.52
17/01/2013,13.45,13.7,13.16,13.57,15.32,15.62,14.73,15.07,12.52,12.82,12.25,12.64
18/01/2013,13.52,13.53,12.29,12.46,15.18,15.18,14.07,14.17,12.64,12.69,11.39,11.47
22/01/2013,13.28,13.32,12.43,12.43,14.17,15.56,14.03,14.08,11.47,12.32,11.29,11.32
23/01/2013,12.67,12.67,12.3,12.46,14.01,14.38,13.99,14.28,11.32,11.64,11.23,11.31
24/01/2013,12.73,13.5,12.4,12.69,14.28,14.99,13.88,14.17,11.31,12.24,11.24,11.46
25/01/2013,12.63,12.99,12.5,12.89,14.26,14.34,13.78,14.06,11.45,11.94,11.44,11.75
28/01/2013,13.29,13.91,13.29,13.57,14.67,14.9,14.35,14.39,11.75,12.84,11.75,12.46
29/01/2013,13.87,13.88,13.04,13.31,14.39,14.66,14.01,14.02,12.46,12.7,12.05,12.23
30/01/2013,13.64,14.33,13.6,14.32,13.98,14.68,13.43,14.38,12.24,13.23,12.24,13.15
31/01/2013,14.43,14.43,14.04,14.28,14.38,15.06,14.18,14.83,13.16,13.48,12.87,13.31
01/02/2013,13.37,13.38,12.72,12.9,14.25,14.42,13.57,13.89,13.28,13.28,11.86,12.07
04/02/2013,14.0,14.75,13.8,14.67,13.89,15.73,13.89,15.73,12.07,13.87,12.07,13.65
05/02/2013,14.21,14.21,13.39,13.72,15.33,15.38,13.98,14.83,13.67,13.67,12.42,13.16
06/02/2013,14.06,14.08,13.34,13.41,14.83,15.02,14.02,14.02,13.16,13.56,12.48,12.78
07/02/2013,13.47,14.41,13.43,13.5,14.36,15.57,14.36,14.77,12.79,13.8,12.79,12.91
08/02/2013,13.2,13.2,12.89,13.02,14.15,14.48,13.78,14.14,12.91,12.97,12.08,12.66
11/02/2013,13.37,13.42,12.91,12.94,14.14,14.41,14.04,14.11,12.66,13.38,12.33,12.35
12/02/2013,12.82,13.13,12.63,12.64,14.26,14.36,13.06,13.06,12.35,12.52,11.95,12.02
13/02/2013,12.88,13.19,12.67,12.98,14.12,14.41,13.78,14.41,12.02,12.57,11.92,12.19
14/02/2013,13.3,13.32,12.64,12.66,14.5,14.5,13.54,13.66,12.19,12.57,11.69,11.72
15/02/2013,12.47,12.89,12.24,12.46,13.56,13.79,13.04,13.47,11.72,12.0,11.31,11.56
19/02/2013,12.81,12.85,12.08,12.31,13.47,14.16,13.35,13.42,11.56,11.89,11.39,11.47
20/02/2013,12.32,14.68,12.32,14.68,13.42,15.34,13.41,15.28,11.47,13.32,11.47,13.31
21/02/2013,14.68,16.21,14.67,15.22,14.83,17.13,14.83,16.49,13.32,14.58,13.32,13.68
22/02/2013,14.6,15.02,14.16,14.17,16.49,16.49,15.6,15.68,13.67,13.67,12.63,12.71
25/02/2013,13.69,19.28,13.57,18.99,15.06,19.85,14.96,19.35,12.69,16.92,11.98,16.72
26/02/2013,17.5,18.23,16.75,16.87,18.84,19.25,17.91,17.91,16.72,16.72,14.69,14.81
27/02/2013,16.57,16.6,14.42,14.73,17.91,18.08,15.75,16.34,14.81,14.81,12.83,13.15
28/02/2013,15.0,15.6,14.16,15.51,16.37,16.39,15.43,16.3,13.14,13.72,12.67,13.7
01/03/2013,16.1,16.82,15.14,15.36,16.8,17.28,15.63,15.64,13.69,14.86,13.55,13.61
04/03/2013,16.16,16.16,14.01,14.01,15.64,16.69,15.39,15.39,13.61,14.47,12.77,12.77
05/03/2013,13.44,13.66,13.24,13.48,15.29,15.29,14.4,14.6,12.77,12.77,11.98,12.38
06/03/2013,13.18,13.77,13.17,13.53,14.62,14.7,14.28,14.6,12.38,12.6,11.95,12.44
07/03/2013,13.45,13.56,13.03,13.06,14.54,14.64,14.11,14.23,12.44,12.44,11.88,12.04
08/03/2013,12.67,13.3,12.49,12.59,13.84,14.44,13.52,13.72,12.06,12.13,11.4,11.64
11/03/2013,12.31,12.34,11.5,11.56,13.72,13.72,12.39,12.41,11.64,11.64,10.49,10.68
12/03/2013,11.79,12.93,11.74,12.27,12.4,13.28,12.4,12.84,10.67,11.4,10.49,10.84
13/03/2013,12.18,12.55,11.79,11.83,12.97,13.31,12.51,12.65,10.82,11.26,10.48,10.54
14/03/2013,11.7,11.75,11.05,11.3,12.65,12.65,12.19,12.33,10.54,10.63,10.0,10.22
15/03/2013,11.52,11.99,11.21,11.3,12.23,12.66,11.34,12.03,10.21,10.73,9.82,10.08
18/03/2013,13.47,13.64,12.57,13.36,12.03,14.3,12.03,13.69,10.08,12.1,10.08,11.78
19/03/2013,13.03,15.4,12.92,14.39,13.47,15.36,13.2,14.45,11.78,13.39,11.32,12.59
20/03/2013,13.18,13.18,12.3,12.67,13.53,13.68,12.93,13.42,12.59,12.59,11.15,11.59
21/03/2013,13.07,14.21,12.62,13.99,13.42,14.48,13.42,14.24,11.59,12.83,11.56,12.55
22/03/2013,13.34,13.85,13.19,13.57,14.18,14.19,13.7,13.88,12.58,12.62,11.92,12.28
25/03/2013,12.85,14.61,12.39,13.74,13.85,14.87,13.27,14.35,12.28,13.37,11.53,12.53
26/03/2013,12.95,13.21,12.69,12.77,13.76,13.83,13.39,13.42,12.49,12.49,11.55,11.7
27/03/2013,13.72,13.97,12.97,13.15,14.3,14.38,13.44,13.57,11.7,12.81,11.7,12.13
28/03/2013,12.91,13.07,12.54,12.7,13.45,13.57,12.75,13.28,12.13,12.13,11.63,11.69
01/04/2013,13.46,14.05,13.26,13.58,13.28,14.64,13.28,14.48,11.69,12.83,11.69,12.26
02/04/2013,13.11,13.18,12.76,12.78,14.46,14.46,13.5,14.02,12.3,12.3,11.52,11.56
03/04/2013,12.65,14.66,12.62,14.21,14.0,15.06,13.9,14.94,11.57,13.02,11.5,12.67
04/04/2013,14.1,14.79,13.89,13.89,14.94,15.77,14.94,15.26,12.67,13.41,12.45,12.6
05/04/2013,15.64,15.65,13.86,13.92,15.25,16.77,15.25,15.52,12.58,14.03,12.52,12.54
08/04/2013,14.04,14.5,13.19,13.19,15.44,15.96,14.86,14.89,12.54,13.34,12.09,12.12
09/04/2013,13.11,13.68,12.75,12.84,14.73,15.07,14.07,14.46,12.13,12.61,11.61,11.86
10/04/2013,12.66,12.88,12.32,12.36,14.38,14.38,13.5,13.71,11.86,11.92,11.34,11.7
11/04/2013,12.55,12.62,12.15,12.24,13.68,14.28,13.68,14.09,11.7,11.8,11.28,11.47
12/04/2013,12.61,13.12,11.99,12.06,14.11,14.6,13.81,13.88,11.47,11.92,11.06,11.11
15/04/2013,13.12,17.27,12.66,17.27,13.88,17.36,13.88,17.16,11.11,15.16,11.11,15.16
16/04/2013,14.72,14.87,13.91,13.96,17.2,17.2,15.45,15.72,15.18,15.18,12.41,12.51
17/04/2013,15.35,17.9,14.98,16.51,15.59,18.77,15.59,18.2,12.5,15.69,12.5,14.65
18/04/2013,16.34,18.2,16.32,17.56,17.86,19.95,17.66,18.75,14.63,16.81,14.6,15.48
19/04/2013,16.67,16.98,14.87,14.97,18.07,18.98,16.77,17.17,15.49,15.49,13.53,13.59
22/04/2013,15.08,16.0,14.04,14.39,17.17,17.4,15.88,16.13,13.58,14.66,13.11,13.16
23/04/2013,13.81,14.87,13.46,13.48,16.13,16.13,14.55,15.72,13.16,13.16,11.94,12.23
24/04/2013,13.57,13.75,13.36,13.61,15.73,15.77,14.99,15.4,12.14,12.59,12.07,12.49
25/04/2013,13.61,13.87,13.13,13.62,15.31,15.97,13.02,15.32,12.48,12.74,11.29,12.48
26/04/2013,13.94,14.18,13.49,13.61,15.32,15.8,14.51,15.48,12.48,12.76,12.12,12.2
29/04/2013,13.72,13.94,13.36,13.71,15.45,15.52,14.77,15.32,12.2,12.6,12.0,12.36
30/04/2013,13.71,14.28,13.51,13.52,15.32,15.92,14.98,15.34,12.34,13.65,12.04,12.21
01/05/2013,13.88,14.67,13.87,14.49,15.5,16.08,14.64,16.0,12.21,13.16,12.0,13.02
02/05/2013,14.48,14.48,13.58,13.59,16.0,16.0,14.97,15.19,13.02,13.02,12.18,12.25
03/05/2013,12.92,13.15,12.77,12.85,14.49,14.94,14.49,14.66,12.25,12.25,11.49,11.67
06/05/2013,13.06,13.19,12.66,12.66,14.66,14.97,14.56,14.6,11.67,12.11,11.46,11.7
07/05/2013,12.63,12.96,12.49,12.83,14.52,15.26,14.26,14.27,11.69,11.81,11.51,11.7
08/05/2013,12.87,13.04,12.62,12.66,14.27,14.74,14.25,14.49,11.7,11.85,11.6,11.66
09/05/2013,12.91,13.53,12.78,13.13,14.69,14.73,14.15,14.49,11.66,12.19,11.6,11.9
10/05/2013,13.08,13.45,12.54,12.59,14.46,15.01,14.33,14.34,11.9,12.25,11.61,11.64
13/05/2013,12.57,12.87,12.49,12.55,14.45,14.73,14.23,14.59,11.64,12.75,11.45,11.45
14/05/2013,12.61,13.21,12.54,12.77,14.72,14.98,14.25,14.78,11.45,12.41,11.45,11.78
15/05/2013,12.98,13.43,12.78,12.81,14.78,14.78,13.85,13.88,11.78,12.42,11.57,11.76
16/05/2013,13.07,13.46,12.79,13.07,13.79,14.09,12.82,13.72,11.74,12.98,10.16,11.89
17/05/2013,12.73,12.94,12.26,12.45,13.39,13.58,13.05,13.3,11.89,11.89,8.31,11.45
20/05/2013,13.28,13.28,12.84,13.02,14.08,14.1,13.49,13.53,11.45,12.24,11.45,11.83
21/05/2013,13.08,13.44,12.89,13.37,13.74,14.47,13.7,14.41,11.83,12.34,11.83,12.2
22/05/2013,13.45,14.45,13.05,13.82,14.36,15.04,13.26,14.73,12.2,12.99,11.71,12.34
23/05/2013,14.94,15.11,13.87,14.07,15.52,15.64,14.4,14.89,12.34,13.29,12.01,12.57
24/05/2013,14.59,14.79,13.99,13.99,14.89,15.39,14.47,14.48,12.57,13.18,12.57,12.61
28/05/2013,13.67,14.56,13.56,14.48,14.48,15.18,13.49,14.99,12.61,13.09,10.68,13.09
29/05/2013,15.3,15.65,14.59,14.83,14.97,15.74,14.97,15.18,13.09,14.04,13.09,13.37
30/05/2013,14.9,14.98,14.27,14.53,15.26,15.26,14.68,14.99,13.37,13.68,13.04,13.21
31/05/2013,15.02,16.35,14.36,16.3,14.99,15.99,14.16,15.99,13.21,14.45,12.13,14.23
03/06/2013,16.4,17.58,16.15,16.28,15.98,17.71,15.66,16.79,14.24,15.45,14.06,14.2
04/06/2013,16.16,17.25,15.82,16.27,16.72,17.39,16.21,16.84,14.2,15.35,14.05,14.46
05/06/2013,16.86,17.84,16.57,17.5,16.84,17.88,16.84,17.49,14.46,16.02,14.46,15.62
06/06/2013,17.7,18.51,16.6,16.63,17.55,18.55,17.36,17.4,15.63,16.76,14.95,14.97
07/06/2013,15.9,16.21,14.96,15.14,17.4,17.4,15.65,15.88,14.97,14.97,13.41,13.59
10/06/2013,15.16,15.6,15.1,15.44,16.0,16.11,15.66,15.86,13.59,14.16,13.59,13.91
11/06/2013,16.91,17.14,16.0,17.07,17.0,17.12,16.08,16.88,13.91,15.29,13.91,15.17
12/06/2013,16.51,18.6,16.43,18.59,16.54,18.7,16.53,18.7,15.17,16.9,14.62,16.69
13/06/2013,18.38,18.58,16.37,16.41,18.7,18.83,16.92,17.13,16.69,16.93,14.85,14.85
14/06/2013,16.63,17.26,16.03,17.15,17.12,17.37,16.64,17.28,14.83,15.75,14.4,15.48
17/06/2013,16.53,17.62,16.33,16.8,16.19,17.38,16.19,16.95,15.51,15.96,14.29,15.16
18/06/2013,16.81,16.95,16.46,16.61,16.95,16.95,16.41,16.47,15.16,15.34,14.66,14.77
19/06/2013,16.89,17.18,15.36,16.64,16.43,16.77,14.44,15.12,14.77,15.33,12.18,14.87
20/06/2013,18.4,21.32,18.01,20.49,15.53,20.15,15.53,20.06,14.88,18.84,14.88,18.22
21/06/2013,18.97,20.93,18.25,18.9,19.92,20.92,19.11,19.44,18.23,18.51,16.32,16.77
24/06/2013,20.87,21.91,18.58,20.11,19.41,21.44,19.02,19.83,16.77,19.51,16.5,17.74
25/06/2013,18.65,19.22,17.82,18.47,19.83,19.83,18.32,18.8,17.74,17.74,16.04,16.61
26/06/2013,17.23,18.06,17.08,17.21,17.71,17.95,17.17,17.38,16.61,16.61,15.23,15.33
27/06/2013,16.6,16.97,16.34,16.86,17.38,17.38,16.36,16.72,15.33,15.33,14.3,14.89
28/06/2013,17.25,17.69,16.19,16.86,17.14,17.48,16.17,16.47,14.89,15.81,14.54,15.21
01/07/2013,16.9,16.9,16.0,16.37,16.47,16.54,15.29,16.16,15.21,15.33,14.55,14.92
02/07/2013,16.49,16.93,15.88,16.44,16.15,16.33,15.48,15.94,14.91,15.45,14.49,14.91
03/07/2013,17.22,17.32,16.2,16.2,15.92,16.49,15.66,15.8,14.91,15.71,14.66,14.7
05/07/2013,15.59,16.28,14.89,14.89,15.52,16.03,14.88,14.91,14.7,14.93,13.46,13.47
08/07/2013,14.66,15.27,14.66,14.78,14.97,15.19,14.7,14.77,13.47,13.9,13.31,13.33
09/07/2013,14.33,14.65,14.26,14.35,14.77,14.77,14.08,14.26,13.33,13.39,12.9,13.26
10/07/2013,14.46,14.62,14.06,14.21,14.27,14.32,13.91,13.95,13.25,13.43,12.86,12.93
11/07/2013,13.57,14.2,13.57,14.01,13.95,13.95,13.33,13.87,12.93,13.01,12.42,12.79
12/07/2013,13.9,14.04,13.74,13.84,13.8,14.44,13.71,13.96,12.8,13.04,12.57,12.93
15/07/2013,13.98,14.11,13.5,13.79,13.94,14.28,13.94,14.03,12.9,13.28,12.7,12.92
16/07/2013,13.78,14.56,13.78,14.42,14.02,14.51,13.97,14.25,12.92,13.47,12.86,13.35
17/07/2013,14.2,14.44,13.76,13.78,14.36,14.51,13.47,13.92,13.35,13.46,11.84,12.7
18/07/2013,13.63,13.8,13.2,13.77,14.19,14.22,13.03,13.47,12.7,12.71,12.19,12.53
19/07/2013,13.89,13.97,12.54,12.54,14.51,14.58,13.62,13.75,12.53,12.86,11.61,11.66
22/07/2013,13.23,13.37,12.29,12.29,14.05,14.18,13.04,13.39,11.66,12.53,11.66,11.68
23/07/2013,12.15,13.06,12.07,12.66,13.36,13.7,12.66,13.37,11.68,12.09,11.31,11.71
24/07/2013,12.69,13.49,12.69,13.18,13.13,13.64,13.13,13.27,11.71,12.3,11.55,12.0
25/07/2013,13.47,13.54,12.91,12.97,13.39,13.71,13.11,13.32,12.0,12.51,11.85,11.91
26/07/2013,13.41,13.73,12.71,12.72,13.6,13.66,12.93,12.93,11.91,12.72,11.74,11.79
29/07/2013,13.54,13.86,13.38,13.39,12.93,13.93,12.93,13.65,11.79,12.7,11.79,12.3
30/07/2013,13.45,14.14,13.35,13.39,13.6,14.19,13.5,13.87,12.29,13.0,12.25,12.33
31/07/2013,13.55,13.83,12.94,13.45,13.87,14.47,13.24,14.25,12.33,12.83,12.02,12.57
01/08/2013,12.89,13.25,12.82,12.94,14.18,14.18,13.7,13.88,12.57,12.57,11.72,12.26
02/08/2013,12.66,12.74,11.98,11.98,13.73,13.79,12.71,12.77,12.26,12.26,11.17,11.25
05/08/2013,12.29,12.42,11.83,11.84,12.77,13.27,12.77,12.83,11.25,11.86,11.12,11.13
06/08/2013,12.19,12.93,12.06,12.72,12.88,13.63,12.88,13.35,11.13,12.3,11.13,11.97
07/08/2013,13.17,13.91,12.96,12.98,13.55,14.02,13.44,13.44,11.97,12.87,11.97,12.02
08/08/2013,12.5,13.13,12.37,12.73,13.2,13.67,13.0,13.26,12.02,12.49,11.66,12.02
09/08/2013,12.88,13.66,12.71,13.41,13.31,13.78,13.18,13.63,12.02,13.01,11.38,12.59
12/08/2013,13.52,13.57,12.8,12.81,13.63,13.63,12.86,12.86,12.59,12.96,12.19,12.21
13/08/2013,12.86,13.37,12.29,12.31,13.38,13.72,12.36,12.5,12.21,12.56,11.43,11.67
14/08/2013,12.48,13.09,12.35,13.04,12.79,13.41,12.57,13.3,11.67,12.56,11.67,12.49
15/08/2013,14.14,14.85,13.91,14.73,14.46,15.13,13.69,14.9,12.49,14.03,12.49,13.84
16/08/2013,14.56,14.88,13.62,14.37,15.1,15.69,14.18,14.73,13.84,13.84,12.83,13.37
19/08/2013,14.94,15.2,14.35,15.1,14.73,15.67,14.51,15.53,13.37,13.96,13.37,13.81
20/08/2013,15.22,15.25,14.29,14.91,15.6,15.6,14.85,15.15,13.81,14.06,13.25,13.81
21/08/2013,16.0,16.56,14.67,15.94,15.15,16.44,15.06,15.99,13.81,15.22,13.68,14.9
22/08/2013,15.26,15.26,14.66,14.76,15.58,16.58,14.41,15.44,14.9,14.9,13.79,13.89
23/08/2013,14.29,14.82,13.98,13.98,15.44,15.44,14.47,14.62,13.89,13.89,13.05,13.05
26/08/2013,14.37,15.01,13.9,14.99,15.14,15.33,14.45,15.32,13.06,13.92,13.02,13.89
27/08/2013,16.56,17.13,15.82,16.77,15.32,17.72,15.32,17.63,13.89,15.34,13.89,15.12
28/08/2013,16.96,17.11,16.1,16.49,17.61,17.61,16.95,17.42,15.12,15.34,14.59,14.84
29/08/2013,16.79,16.98,15.99,16.81,17.4,17.53,16.65,17.4,14.84,15.28,14.54,15.15
30/08/2013,16.75,17.81,16.7,17.01,17.38,18.65,17.38,17.53,15.16,15.91,14.88,15.38
03/09/2013,16.47,17.37,16.11,16.61,17.52,18.53,17.42,17.89,15.38,15.73,14.68,15.14
04/09/2013,16.88,17.01,15.77,15.88,17.76,17.83,16.71,16.77,15.12,15.41,14.4,14.5
05/09/2013,16.12,16.12,15.63,15.77,16.77,16.85,16.43,16.51,14.5,14.68,13.35,14.31
06/09/2013,15.35,16.81,15.17,15.85,16.47,17.2,15.79,16.32,14.3,15.02,13.81,14.35
09/09/2013,15.86,16.02,15.22,15.63,16.52,16.52,15.32,16.16,14.36,14.44,13.78,14.23
10/09/2013,14.89,15.09,14.5,14.53,15.74,15.87,15.23,15.24,14.23,14.23,10.88,13.34
11/09/2013,14.74,14.74,13.82,13.82,15.61,15.61,14.55,14.73,13.34,13.38,12.56,12.56
12/09/2013,13.93,14.39,13.73,14.29,14.73,15.05,14.61,14.75,12.56,13.0,12.46,12.95
13/09/2013,14.27,14.55,14.11,14.16,14.58,15.02,14.58,14.7,12.95,13.11,12.29,12.98
16/09/2013,14.1,14.49,13.87,14.38,14.7,15.2,14.57,15.16,12.98,14.57,12.42,13.12
17/09/2013,14.44,14.61,14.28,14.53,15.09,15.15,14.57,14.72,13.13,13.52,13.13,13.44
18/09/2013,14.68,14.68,13.23,13.59,14.72,14.91,13.12,14.15,13.44,13.8,12.21,13.13
19/09/2013,13.02,13.39,13.02,13.16,14.17,14.17,13.37,13.77,13.13,13.13,12.41,12.47
20/09/2013,13.3,13.47,12.52,13.12,13.79,13.88,12.97,12.97,12.47,12.87,12.03,12.84
23/09/2013,14.04,14.71,14.02,14.31,14.09,14.91,14.08,14.64,12.84,13.89,12.84,13.64
24/09/2013,14.17,14.37,13.75,14.08,14.64,14.76,14.16,14.37,13.64,13.79,11.85,13.48
25/09/2013,14.24,14.62,13.89,14.01,14.37,14.93,14.37,14.66,13.49,13.85,13.24,13.55
26/09/2013,13.8,14.4,13.58,14.06,14.28,14.54,14.1,14.36,13.56,13.65,13.03,13.4
27/09/2013,14.62,15.79,14.62,15.46,14.79,15.69,14.39,15.65,13.41,14.97,13.41,14.69
30/09/2013,17.49,17.49,16.16,16.6,16.97,17.28,16.55,16.73,14.69,16.67,14.69,15.91
01/10/2013,16.31,16.46,15.47,15.54,16.73,16.74,15.77,15.97,15.91,16.13,13.21,15.04
02/10/2013,16.4,16.81,16.13,16.6,16.78,16.82,16.37,16.72,15.05,16.37,15.05,16.34
03/10/2013,16.63,18.71,16.63,17.67,16.72,19.17,16.69,18.3,16.34,17.9,16.26,17.12
04/10/2013,17.72,17.87,16.66,16.74,18.34,18.42,17.19,17.32,17.16,17.28,16.13,16.15
07/10/2013,18.76,19.41,18.08,19.41,18.97,19.86,18.63,19.84,16.14,18.52,16.14,18.5
08/10/2013,19.01,21.01,18.98,20.34,20.13,22.2,19.94,22.07,18.5,19.8,18.11,19.33
09/10/2013,20.19,21.34,19.04,19.6,22.07,23.28,20.97,21.68,19.33,20.09,14.84,18.39
10/10/2013,17.66,17.92,16.29,16.48,20.3,20.3,17.99,18.45,18.39,18.48,13.92,15.76
11/10/2013,16.31,16.38,15.46,15.72,18.44,18.44,16.85,17.19,15.76,15.76,14.64,14.76
14/10/2013,17.08,17.74,15.8,16.07,17.19,18.58,17.15,17.47,14.76,16.69,14.76,15.17
15/10/2013,16.41,18.67,16.16,18.66,17.47,19.04,17.44,18.77,15.16,17.86,15.16,17.78
16/10/2013,17.14,17.15,14.67,14.71,18.77,18.9,16.09,16.4,17.78,17.78,14.43,14.73
17/10/2013,14.52,14.59,12.89,13.48,16.37,16.37,13.31,14.49,14.73,18.16,13.11,13.29
18/10/2013,12.86,13.53,12.34,13.04,14.05,14.17,12.74,13.69,13.29,13.37,12.48,12.83
21/10/2013,13.34,13.63,13.07,13.16,14.32,14.55,13.61,14.4,12.83,13.54,9.25,12.98
22/10/2013,12.99,13.92,12.93,13.33,14.4,15.26,14.12,14.96,12.98,13.32,12.65,12.97
23/10/2013,13.71,14.21,13.42,13.42,14.96,15.84,14.96,15.33,12.96,13.63,12.8,12.85
24/10/2013,13.5,13.62,13.15,13.2,15.33,15.45,14.22,14.5,12.85,12.88,12.34,12.4
25/10/2013,13.16,13.44,13.08,13.09,14.51,15.1,13.53,14.91,12.4,15.85,12.34,12.38
28/10/2013,13.62,13.72,13.22,13.31,14.87,15.45,14.62,14.97,12.38,13.9,12.38,12.74
29/10/2013,13.25,13.63,13.06,13.41,14.04,15.08,14.04,14.83,12.73,12.83,11.75,12.78
30/10/2013,13.72,14.45,13.64,13.65,14.83,15.28,13.85,14.72,12.78,14.02,12.77,13.08
31/10/2013,13.83,14.02,13.28,13.75,14.72,15.2,14.18,14.88,13.08,13.57,12.59,13.05
01/11/2013,13.46,13.92,13.22,13.28,14.88,15.21,14.27,14.76,13.05,13.16,9.44,12.66
04/11/2013,13.35,13.67,12.91,12.93,15.06,15.22,14.16,14.37,12.65,13.15,12.43,12.66
05/11/2013,13.22,13.64,12.86,13.27,14.68,14.92,14.18,14.4,12.66,13.42,12.42,12.66
06/11/2013,13.01,13.33,12.67,12.67,14.4,14.83,13.25,14.76,12.66,12.66,12.01,12.12
07/11/2013,12.99,14.14,12.93,13.91,14.76,15.89,13.86,15.67,12.12,13.05,12.12,12.89
08/11/2013,13.76,13.8,12.84,12.9,15.67,15.67,14.29,14.67,12.9,12.9,12.17,12.33
11/11/2013,12.85,12.93,12.4,12.53,14.62,14.72,14.16,14.37,12.33,12.33,11.97,12.04
12/11/2013,12.8,13.06,12.63,12.82,14.53,14.67,13.9,14.14,12.04,12.41,11.06,12.18
13/11/2013,13.35,13.35,12.46,12.52,14.83,14.88,12.94,13.66,12.18,12.8,11.73,12.1
14/11/2013,12.8,12.94,12.28,12.37,13.66,13.9,12.99,13.26,12.1,12.48,11.76,11.96
15/11/2013,12.12,12.45,11.99,12.19,13.26,13.6,12.17,13.13,11.96,11.96,10.81,11.24
18/11/2013,12.41,13.22,12.41,13.1,13.13,14.49,13.13,14.37,11.24,12.03,11.24,11.86
19/11/2013,13.03,13.68,12.88,13.39,14.16,14.72,13.9,14.52,11.86,12.26,11.81,12.17
20/11/2013,13.56,13.94,12.97,13.4,14.52,14.63,12.87,14.44,12.17,12.5,9.53,12.35
21/11/2013,13.09,13.09,12.44,12.66,14.22,14.23,12.52,14.01,12.35,12.35,8.12,11.91
22/11/2013,12.69,12.91,12.24,12.26,14.02,14.02,12.94,13.65,11.91,11.99,11.11,11.4
25/11/2013,12.55,12.92,12.49,12.79,13.84,13.95,13.44,13.74,11.4,11.82,11.4,11.78
26/11/2013,12.84,12.99,12.49,12.81,13.74,13.78,13.1,13.6,11.78,11.88,11.59,11.83
27/11/2013,12.81,12.98,12.44,12.98,13.34,13.54,13.01,13.36,11.83,12.03,11.54,12.03
29/11/2013,13.06,13.78,12.93,13.7,13.36,13.94,13.3,13.93,12.03,12.82,11.97,12.76
02/12/2013,13.91,14.31,13.78,14.23,13.93,15.03,13.93,14.81,12.76,13.53,12.58,13.52
03/12/2013,14.74,15.04,14.43,14.55,14.81,15.22,14.58,14.93,13.52,14.26,13.52,13.81
04/12/2013,15.03,15.71,14.22,14.7,15.24,15.63,14.85,15.08,13.81,14.78,13.65,13.88
05/12/2013,14.82,15.38,14.7,15.08,15.42,16.33,15.35,16.11,13.88,14.5,13.88,14.23
06/12/2013,13.97,14.09,13.62,13.79,16.11,16.11,14.69,14.85,14.23,14.23,10.43,12.85
09/12/2013,13.97,14.07,13.49,13.49,15.26,15.26,14.49,14.8,12.83,13.15,12.82,12.96
10/12/2013,14.14,14.22,13.69,13.91,14.8,15.14,14.53,14.8,12.96,13.35,12.96,13.24
11/12/2013,13.98,15.43,13.98,15.42,14.81,15.93,14.81,15.88,13.24,14.39,13.24,14.33
12/12/2013,15.44,16.09,15.21,15.54,15.88,16.31,15.68,16.0,14.33,15.32,14.33,14.76
13/12/2013,15.17,15.8,15.06,15.76,15.83,16.32,15.65,15.98,14.76,14.97,14.41,14.92
16/12/2013,15.64,16.08,15.3,16.03,15.98,17.18,15.98,16.54,14.92,15.16,14.17,15.12
17/12/2013,16.04,16.67,15.81,16.21,16.65,17.29,16.18,16.47,15.12,15.4,14.77,14.98
18/12/2013,15.95,16.75,13.74,13.8,16.48,16.83,14.6,15.01,14.98,15.24,9.25,12.81
19/12/2013,13.59,14.21,12.89,14.15,15.01,15.24,14.32,14.92,12.81,13.09,11.64,13.02
20/12/2013,13.61,13.87,13.12,13.79,14.81,14.86,13.81,14.48,13.02,13.03,12.12,12.89
23/12/2013,13.37,13.53,13.02,13.04,14.48,14.55,13.83,14.11,12.89,12.89,12.17,12.47
24/12/2013,12.85,12.89,12.48,12.48,13.77,14.24,13.47,13.91,12.45,12.45,11.51,11.9
26/12/2013,12.48,12.5,11.69,12.33,13.91,14.07,13.29,13.93,11.9,11.94,11.19,11.57
27/12/2013,12.21,12.59,12.2,12.46,13.94,14.57,13.44,14.51,11.56,11.81,11.52,11.7
30/12/2013,12.87,13.58,12.83,13.56,14.51,15.17,13.95,15.16,11.7,12.64,11.7,12.64
31/12/2013,13.43,14.35,13.38,13.72,15.16,15.53,14.52,15.44,12.64,13.24,11.23,12.9
02/01/2014,14.32,14.59,14.0,14.23,16.01,16.31,15.63,15.88,12.88,13.67,11.78,13.31
03/01/2014,14.06,14.22,13.57,13.76,15.97,16.16,15.63,15.85,13.31,13.33,12.77,12.89
06/01/2014,13.41,14.0,13.22,13.55,15.85,16.49,15.45,15.82,12.89,13.09,12.52,12.68
07/01/2014,12.38,13.28,12.16,12.92,14.91,15.5,14.56,15.1,12.68,12.68,11.95,12.17
08/01/2014,13.04,13.24,12.86,12.87,15.26,15.32,14.4,14.88,12.17,12.62,11.24,12.29
09/01/2014,12.83,13.26,12.83,12.89,14.81,15.27,14.67,15.1,12.29,12.69,12.22,12.39
10/01/2014,12.6,12.9,12.14,12.14,15.1,15.1,14.09,14.09,12.39,12.39,11.65,11.84
13/01/2014,12.18,13.65,11.82,13.28,13.35,15.22,13.35,15.05,11.84,12.87,11.49,12.65
14/01/2014,12.89,12.9,11.96,12.28,14.78,14.78,13.31,13.52,12.65,12.65,11.88,11.93
15/01/2014,12.15,12.4,11.81,12.28,13.52,13.73,13.24,13.63,11.93,11.93,11.38,11.58
16/01/2014,12.32,12.66,12.28,12.53,13.84,14.25,13.47,14.11,11.58,12.11,11.45,11.94
17/01/2014,12.34,12.93,12.04,12.44,14.11,14.58,12.74,14.2,11.94,11.95,9.69,11.64
21/01/2014,12.63,13.42,12.61,12.87,14.18,15.06,14.18,14.34,11.63,13.12,11.19,12.38
22/01/2014,12.57,13.12,12.55,12.84,14.34,14.52,14.22,14.43,12.42,12.91,12.28,12.66
23/01/2014,13.67,14.66,13.67,13.77,14.44,15.94,14.17,15.33,12.66,14.26,12.66,13.63
24/01/2014,14.95,18.14,14.92,18.14,15.33,18.84,15.33,18.84,13.61,17.43,13.61,17.43
27/01/2014,17.29,18.99,16.85,17.42,18.49,20.45,17.7,18.87,17.48,18.15,14.55,16.69
28/01/2014,17.27,17.28,15.8,15.8,18.48,19.17,17.29,17.65,16.69,16.69,13.94,15.32
29/01/2014,17.95,18.04,16.71,17.35,18.69,19.31,17.09,18.69,15.32,17.52,11.55,16.8
30/01/2014,16.37,17.39,15.96,17.29,17.8,18.67,16.76,18.65,16.8,16.83,15.67,16.82
31/01/2014,18.71,18.99,17.27,18.41,18.13,19.24,17.75,18.97,16.83,18.6,16.83,17.91
03/02/2014,18.57,21.48,18.34,21.44,19.09,21.89,18.29,21.44,17.93,20.67,13.26,20.67
04/02/2014,19.99,20.07,18.44,19.11,21.46,21.46,19.71,20.1,20.67,20.67,18.08,18.55
05/02/2014,19.59,20.72,19.13,19.95,20.53,22.18,19.47,21.15,18.56,19.82,14.45,19.03
06/02/2014,19.09,19.09,17.09,17.23,21.15,21.15,18.63,19.48,19.03,19.03,16.54,16.78
07/02/2014,16.15,16.31,15.09,15.29,18.19,18.4,16.56,16.71,16.78,16.78,14.77,14.91
10/02/2014,15.63,15.76,15.1,15.26,16.71,17.36,16.29,16.53,14.91,15.49,14.91,15.04
11/02/2014,15.29,15.29,14.08,14.51,16.54,16.63,15.36,15.84,15.03,15.13,13.87,14.09
12/02/2014,14.31,14.64,14.02,14.3,15.84,16.07,15.55,15.93,14.09,14.25,13.78,13.97
13/02/2014,15.24,15.24,13.98,14.14,16.48,16.49,15.36,15.49,13.97,14.78,13.57,13.83
14/02/2014,14.21,14.22,13.44,13.57,15.49,15.82,14.37,14.8,13.83,13.98,12.86,13.15
18/02/2014,13.95,14.51,13.77,13.87,14.29,15.62,14.29,15.23,13.14,14.12,13.14,13.7
19/02/2014,14.85,15.73,14.12,15.5,15.64,16.56,14.82,16.32,13.7,15.0,13.05,14.96
20/02/2014,15.28,15.8,14.59,14.79,16.38,16.76,15.26,15.91,14.96,15.16,14.17,14.4
21/02/2014,14.74,14.79,14.19,14.68,15.6,16.07,14.3,15.81,14.4,14.4,11.89,14.2
24/02/2014,14.83,14.83,13.97,14.23,16.09,16.1,15.01,15.24,14.2,14.23,13.43,13.81
25/02/2014,14.17,14.83,13.66,13.67,15.24,15.69,14.24,15.15,13.81,14.29,9.8,13.41
26/02/2014,13.83,14.54,13.73,14.35,15.15,15.54,14.14,15.29,13.41,13.84,11.78,13.7
27/02/2014,14.56,14.69,13.92,14.04,15.31,15.58,14.64,14.79,13.7,13.87,13.19,13.27
28/02/2014,14.22,14.79,13.49,14.0,14.79,15.58,13.6,15.01,13.27,13.98,10.66,13.22
03/03/2014,16.47,16.78,15.38,16.0,16.25,17.5,15.6,16.85,13.22,15.85,10.98,15.19
04/03/2014,14.53,14.54,14.0,14.1,16.0,16.0,15.16,15.41,15.19,15.19,13.39,13.55
05/03/2014,14.13,14.32,13.81,13.89,15.41,15.45,14.87,15.22,13.55,13.79,12.47,13.44
06/03/2014,13.82,14.42,13.73,14.21,15.22,15.22,14.47,14.94,13.44,13.66,13.12,13.46
07/03/2014,13.51,14.43,13.51,14.11,14.53,15.66,14.51,15.23,13.45,13.68,13.01,13.37
10/03/2014,14.76,15.28,14.2,14.2,15.78,16.11,15.37,15.52,13.37,14.51,13.37,13.65
11/03/2014,14.22,14.93,13.84,14.8,15.52,15.97,14.76,15.78,13.65,14.08,11.82,14.03
12/03/2014,15.37,15.64,14.43,14.47,15.76,16.64,15.37,15.54,14.04,14.74,13.7,13.83
13/03/2014,14.28,16.66,14.24,16.22,15.54,17.75,14.73,17.47,13.83,15.91,13.54,15.54
14/03/2014,16.74,18.22,16.09,17.82,18.01,19.43,16.51,18.89,15.57,16.97,13.33,16.76
17/03/2014,16.39,16.4,15.37,15.64,18.89,18.89,16.56,17.47,16.76,16.76,14.64,14.81
18/03/2014,15.42,15.47,14.16,14.52,19.6,19.6,15.73,15.93,14.8,14.8,13.62,14.06
19/03/2014,14.56,15.95,13.89,15.12,15.93,16.44,14.5,16.23,14.05,15.3,10.16,14.5
20/03/2014,15.58,15.62,14.5,14.52,16.79,17.06,16.15,16.18,14.5,15.56,12.78,13.96
21/03/2014,13.96,15.17,13.77,15.0,16.18,17.37,15.7,17.35,13.96,14.33,13.07,14.29
24/03/2014,14.7,16.07,14.56,15.09,17.36,19.07,17.27,18.12,14.28,14.94,13.84,14.13
25/03/2014,14.16,15.05,13.96,14.02,18.12,18.12,15.97,17.12,14.13,14.16,11.13,13.57
26/03/2014,13.64,15.28,13.46,14.93,16.81,18.17,16.44,18.14,13.57,14.37,12.94,14.27
27/03/2014,15.0,15.63,14.49,14.62,18.11,18.85,17.61,18.49,14.27,14.64,13.1,13.72
28/03/2014,14.15,14.86,13.73,14.41,18.49,18.49,16.99,18.09,13.72,14.02,12.3,13.55
31/03/2014,13.88,14.16,13.57,13.88,18.01,18.2,17.65,18.12,13.55,13.55,12.93,13.16
01/04/2014,13.43,13.56,13.06,13.1,18.12,18.12,16.23,16.74,13.16,13.16,10.43,12.44
02/04/2014,13.17,13.35,12.92,13.09,16.51,16.79,16.27,16.37,12.44,12.96,12.34,12.51
03/04/2014,13.02,13.7,13.02,13.37,16.37,17.14,16.18,16.96,12.51,12.93,11.88,12.73
04/04/2014,12.88,14.55,12.6,13.96,16.33,19.39,16.33,18.79,12.73,13.69,12.28,13.12
07/04/2014,14.96,16.01,14.57,15.57,18.79,20.64,18.79,20.05,13.12,14.84,13.12,14.51
08/04/2014,15.59,16.2,14.81,14.89,20.05,20.59,18.96,19.11,14.52,15.02,13.88,14.07
09/04/2014,14.58,14.94,13.7,13.82,18.7,18.81,17.27,17.72,14.06,14.07,12.83,12.87
10/04/2014,13.98,16.38,13.81,15.89,17.72,20.8,17.44,20.59,12.87,15.06,12.87,14.64
11/04/2014,16.66,17.85,15.89,17.03,21.62,23.18,19.81,22.65,14.64,16.16,11.81,15.51
14/04/2014,16.14,17.4,16.1,16.11,22.65,22.77,21.67,21.7,15.51,15.69,14.55,14.67
15/04/2014,16.14,17.5,15.47,15.61,21.7,23.54,20.56,21.91,14.66,15.7,14.0,14.13
16/04/2014,14.89,15.27,14.05,14.18,23.18,23.21,19.68,20.41,14.11,14.11,11.41,12.83
17/04/2014,14.09,14.17,13.07,13.36,20.25,20.53,19.12,19.39,12.77,12.92,10.94,12.42
21/04/2014,14.1,14.11,13.17,13.25,19.79,19.99,18.49,18.53,12.42,13.26,12.42,12.59
22/04/2014,13.13,13.26,12.9,13.19,18.53,18.53,17.13,17.18,12.59,12.59,12.14,12.39
23/04/2014,13.35,13.75,13.27,13.27,17.14,17.79,16.84,16.9,12.39,12.71,12.11,12.36
24/04/2014,13.36,14.08,13.09,13.32,16.52,17.97,14.82,17.17,12.36,12.93,12.35,12.4
25/04/2014,13.93,14.67,13.91,14.06,17.17,18.95,17.17,18.59,12.4,13.59,12.14,13.07
28/04/2014,14.27,15.28,13.82,13.97,18.85,20.27,18.13,18.74,13.06,14.11,12.05,12.9
29/04/2014,13.88,14.24,13.61,13.71,18.61,18.92,17.46,18.33,12.9,13.16,12.46,12.76
30/04/2014,14.05,14.18,13.34,13.41,18.33,18.96,17.29,17.68,12.76,13.04,10.06,12.52
01/05/2014,13.64,13.75,13.1,13.25,17.68,17.77,16.61,17.15,12.52,12.77,12.0,12.47
02/05/2014,13.15,13.5,12.83,12.91,16.78,17.62,16.77,17.03,12.47,12.67,11.33,12.29
05/05/2014,13.95,14.2,13.08,13.29,17.96,18.16,16.34,16.78,12.29,13.44,12.07,12.55
06/05/2014,13.65,13.9,13.28,13.8,16.78,17.31,16.64,17.09,12.55,13.14,12.55,13.01
07/05/2014,13.64,14.49,13.39,13.4,17.08,18.35,17.05,17.4,13.01,13.29,12.26,12.63
08/05/2014,13.69,13.88,12.92,13.43,17.4,18.08,16.24,17.42,12.63,12.84,12.11,12.56
09/05/2014,13.55,14.03,12.87,12.92,17.47,17.93,16.35,16.52,12.56,12.89,11.98,12.12
12/05/2014,12.46,12.58,11.88,12.23,16.16,16.37,14.97,15.49,12.12,12.12,11.24,11.43
13/05/2014,12.36,12.74,12.05,12.13,15.49,15.76,14.81,15.37,11.43,11.59,11.08,11.4
14/05/2014,12.42,12.51,12.03,12.17,15.57,15.65,14.9,15.16,11.43,11.67,11.18,11.54
15/05/2014,12.73,13.77,12.72,13.17,15.16,16.73,15.02,16.06,11.54,12.53,11.54,12.08
16/05/2014,13.31,13.66,12.26,12.44,16.06,16.35,14.75,15.25,12.07,12.42,11.12,11.39
19/05/2014,13.17,13.21,12.28,12.42,15.25,16.08,14.83,15.1,11.39,12.32,11.39,11.53
20/05/2014,12.69,13.3,12.32,12.96,15.11,15.77,14.94,15.34,11.53,12.4,11.53,12.17
21/05/2014,12.38,12.46,11.8,11.91,15.43,15.43,13.94,14.5,12.17,12.17,11.0,11.15
22/05/2014,11.93,12.09,11.68,12.03,14.5,14.6,13.86,14.2,11.15,11.25,10.64,11.19
23/05/2014,11.96,11.97,11.36,11.36,14.21,14.31,13.35,13.45,11.19,11.31,10.45,10.47
27/05/2014,11.69,11.84,11.5,11.51,14.04,14.15,13.7,13.72,10.47,11.18,10.47,10.87
28/05/2014,11.6,11.86,11.5,11.68,13.79,14.18,13.77,14.04,10.87,11.21,10.87,11.12
29/05/2014,11.58,11.82,11.41,11.57,14.02,14.17,13.74,13.84,11.12,11.34,10.84,10.94
30/05/2014,11.66,11.7,11.32,11.4,13.92,14.14,13.63,13.77,10.94,11.17,7.95,10.69
02/06/2014,11.69,12.17,11.29,11.58,14.24,14.72,14.21,14.33,10.69,11.39,8.71,11.08
03/06/2014,12.03,12.13,11.72,11.87,14.68,14.72,13.88,14.35,11.08,11.46,11.05,11.21
04/06/2014,12.15,12.33,11.91,12.08,14.65,14.69,13.93,14.21,11.21,11.64,11.07,11.44
05/06/2014,12.09,12.34,11.44,11.68,14.28,14.4,9.66,13.66,11.44,11.62,11.05,11.27
06/06/2014,11.32,11.39,10.73,10.73,13.66,13.66,13.21,13.21,11.27,11.27,10.46,10.48
09/06/2014,11.23,11.51,10.99,11.15,13.77,14.01,13.44,13.79,10.48,10.94,10.48,10.72
10/06/2014,11.3,11.66,10.93,10.99,13.93,14.69,13.56,13.57,10.72,11.03,10.6,10.68
11/06/2014,11.42,11.87,11.19,11.6,13.86,13.88,12.69,13.37,10.68,11.38,10.68,11.25
12/06/2014,11.81,12.81,11.71,12.56,13.37,14.22,13.37,13.85,11.25,12.15,11.25,11.97
13/06/2014,12.45,12.69,11.89,12.18,13.86,14.17,13.39,13.61,11.96,12.14,10.98,11.79
16/06/2014,12.65,12.87,12.28,12.65,13.99,14.13,13.69,13.7,11.79,12.38,11.25,12.27
17/06/2014,12.81,12.89,12.06,12.06,13.89,13.98,13.36,13.51,12.27,12.48,10.93,11.96
18/06/2014,11.8,11.91,10.57,10.61,13.4,14.26,12.56,12.65,11.96,11.96,8.67,10.58
19/06/2014,10.53,10.82,10.42,10.62,12.65,12.87,11.74,12.51,10.58,10.65,8.43,10.44
20/06/2014,10.4,11.02,10.34,10.85,12.51,12.68,11.42,12.27,10.44,10.77,10.13,10.6
23/06/2014,11.26,11.35,10.92,10.98,12.93,13.05,11.88,12.3,10.6,11.23,9.12,10.19
24/06/2014,11.02,12.27,10.87,12.13,12.36,12.71,11.95,12.61,10.19,12.77,10.17,11.17
25/06/2014,12.31,12.33,11.37,11.59,12.61,12.9,12.36,12.54,11.17,11.62,10.7,11.02
26/06/2014,11.51,12.51,11.5,11.63,12.54,13.25,12.19,12.2,11.02,12.08,10.91,11.15
27/06/2014,11.72,12.04,11.19,11.26,12.2,12.42,11.95,12.03,11.15,11.42,10.91,11.02
30/06/2014,11.75,11.81,11.3,11.57,12.03,12.6,12.03,12.21,11.02,11.41,10.91,11.06
01/07/2014,11.28,11.42,10.92,11.15,12.21,12.21,11.83,11.98,11.06,11.06,10.31,10.47
02/07/2014,11.18,11.18,10.56,10.82,12.07,12.07,11.55,11.59,10.47,10.52,10.07,10.18
03/07/2014,10.47,10.76,10.28,10.32,11.6,11.6,11.35,11.36,10.17,10.17,9.35,9.71
07/07/2014,11.15,11.54,11.01,11.33,12.08,12.89,12.04,12.44,9.71,10.78,9.71,10.75
08/07/2014,11.72,12.51,11.72,11.98,12.44,14.47,12.44,13.74,10.74,11.72,10.74,11.21
09/07/2014,11.74,12.05,11.5,11.65,13.74,13.96,13.17,13.22,11.14,11.24,10.68,10.79
10/07/2014,13.22,13.23,12.05,12.59,13.22,14.86,13.22,14.13,10.79,12.43,10.79,11.75
11/07/2014,12.5,12.68,12.07,12.08,13.87,14.25,13.62,13.66,11.76,11.92,11.2,11.21
14/07/2014,11.6,11.83,11.4,11.82,13.88,13.92,13.21,13.59,11.21,11.21,10.68,10.82
15/07/2014,11.53,12.47,11.46,11.96,13.59,14.96,13.28,14.33,10.82,11.49,10.37,11.16
16/07/2014,10.81,11.45,10.59,11.0,13.43,13.7,13.1,13.38,11.16,11.16,10.01,10.3
17/07/2014,11.35,15.38,10.85,14.54,13.95,16.25,13.41,15.85,10.3,14.15,10.23,13.35
18/07/2014,13.34,13.55,12.04,12.06,15.85,15.85,13.38,13.4,13.35,13.35,11.08,11.59
21/07/2014,12.85,13.62,12.46,12.81,13.4,14.73,13.4,14.17,11.58,12.83,11.57,12.01
22/07/2014,11.97,12.24,11.69,12.24,13.63,13.74,12.88,13.26,12.03,12.03,10.77,11.43
23/07/2014,11.54,12.16,11.41,11.52,13.3,13.3,12.66,12.91,11.44,11.57,11.11,11.3
24/07/2014,11.43,12.06,11.43,11.84,12.94,13.34,12.25,13.08,11.3,11.6,11.13,11.39
25/07/2014,12.03,12.75,12.03,12.69,13.08,13.78,12.96,13.36,11.39,12.13,11.39,12.04
28/07/2014,12.93,13.64,12.54,12.56,13.4,14.55,13.4,13.84,12.04,12.98,11.93,12.01
29/07/2014,12.35,13.35,12.12,13.28,13.91,14.33,12.88,14.2,12.01,12.56,10.81,12.56
30/07/2014,12.63,14.07,12.53,13.33,14.2,14.54,13.46,13.93,12.56,13.25,11.63,12.7
31/07/2014,14.35,17.11,14.26,16.95,14.8,17.23,14.7,16.82,12.7,15.99,11.75,15.74
01/08/2014,16.67,17.57,15.52,17.03,16.82,18.02,16.03,17.26,15.74,16.45,13.15,16.11
04/08/2014,16.64,16.8,14.69,15.12,17.62,17.65,15.76,16.08,16.11,16.11,14.23,14.48
05/08/2014,15.54,17.14,15.1,16.87,16.41,17.6,16.18,17.02,14.48,16.03,13.87,15.73
06/08/2014,17.22,17.3,15.7,16.37,17.04,18.07,16.65,17.07,15.73,16.28,14.91,15.2
07/08/2014,15.5,17.25,15.44,16.66,17.07,17.94,16.47,17.37,15.2,16.0,14.48,15.63
08/08/2014,16.43,17.09,15.53,15.77,17.42,17.93,16.69,17.02,15.63,15.84,14.59,14.8
11/08/2014,15.16,15.16,13.72,14.23,16.38,16.38,15.23,15.27,14.8,14.8,13.06,13.71
12/08/2014,14.42,14.74,13.76,14.13,15.59,15.77,15.03,15.13,13.71,13.93,13.32,13.51
13/08/2014,13.57,13.93,12.84,12.9,15.13,15.13,13.78,13.81,13.51,13.51,11.93,12.37
14/08/2014,13.05,13.13,12.42,12.42,13.59,13.78,12.79,12.95,12.37,12.37,11.35,11.77
15/08/2014,11.91,14.94,11.89,13.15,12.93,14.21,12.01,13.37,11.77,13.83,11.03,12.83
18/08/2014,12.85,12.85,12.26,12.32,13.37,13.37,12.71,12.85,12.83,12.83,11.16,11.47
19/08/2014,12.14,12.46,11.91,12.21,12.84,12.86,12.47,12.66,11.48,11.48,10.71,11.2
20/08/2014,12.23,12.24,11.6,11.78,12.86,12.94,11.93,12.66,11.2,11.39,7.64,10.98
21/08/2014,11.93,13.51,11.52,11.76,12.78,12.85,12.46,12.5,10.98,10.98,9.85,10.73
22/08/2014,11.88,12.48,11.47,11.47,12.56,13.32,12.21,12.23,10.73,11.3,10.35,10.75
25/08/2014,11.58,11.77,11.24,11.7,12.49,12.64,12.35,12.45,10.75,10.83,9.06,10.83
26/08/2014,11.33,11.93,11.33,11.63,12.34,12.64,12.29,12.34,10.83,10.85,10.43,10.69
27/08/2014,11.69,11.93,11.54,11.78,12.45,12.61,12.24,12.34,10.69,10.86,10.62,10.7
28/08/2014,12.38,12.73,12.05,12.05,12.34,12.96,12.34,12.65,10.7,11.73,10.29,11.05
29/08/2014,11.86,12.44,11.78,11.98,12.63,12.96,12.39,12.71,11.05,11.55,10.89,11.37
02/09/2014,12.32,13.41,12.23,12.25,12.71,13.63,12.71,12.98,11.37,12.25,11.37,11.74
03/09/2014,12.03,12.55,11.91,12.36,13.01,13.78,12.82,13.56,11.74,11.79,11.08,11.79
04/09/2014,12.4,12.99,11.7,12.64,13.55,14.16,13.15,13.78,11.79,12.28,11.19,12.04
05/09/2014,12.37,13.18,11.96,12.09,13.74,14.31,13.14,13.24,12.04,12.27,11.24,11.5
08/09/2014,12.64,13.09,12.4,12.66,13.24,14.16,13.24,13.66,11.5,12.16,11.5,11.89
09/09/2014,12.7,13.91,12.7,13.5,13.68,14.71,13.38,14.53,11.89,12.87,11.89,12.61
10/09/2014,13.36,14.06,12.86,12.88,14.76,15.3,13.99,14.12,12.61,13.14,12.22,12.32
11/09/2014,13.53,13.67,12.66,12.8,14.58,14.83,14.01,14.03,12.32,13.0,12.06,12.27
12/09/2014,12.85,14.27,12.85,13.31,14.16,15.08,14.16,14.67,12.27,13.36,11.91,12.64
15/09/2014,13.54,14.19,13.54,14.12,14.92,16.62,14.92,16.19,12.64,13.59,12.64,13.12
16/09/2014,14.48,14.53,12.72,12.73,16.99,17.05,14.82,14.92,13.12,13.5,12.08,12.31
17/09/2014,13.06,14.53,11.73,12.65,15.0,15.56,13.58,13.85,12.31,12.37,9.21,11.77
18/09/2014,12.55,12.58,11.98,12.03,13.85,13.89,12.79,13.51,11.77,11.77,10.78,10.99
19/09/2014,11.73,12.61,11.52,12.11,13.51,14.07,13.07,13.8,10.98,11.49,10.65,11.03
22/09/2014,13.14,13.98,13.13,13.69,14.59,15.92,14.59,15.51,11.04,12.34,11.04,12.17
23/09/2014,14.82,14.94,13.83,14.93,15.51,16.52,15.51,16.46,12.17,13.39,12.17,13.39
24/09/2014,14.62,14.93,13.24,13.27,16.47,16.66,15.02,15.25,13.39,13.39,11.93,12.01
25/09/2014,14.11,16.69,14.03,15.64,15.62,18.72,15.58,18.12,11.73,14.58,11.73,14.02
26/09/2014,15.77,15.98,14.31,14.85,18.12,18.22,16.67,16.85,14.02,14.04,12.46,13.25
29/09/2014,16.96,17.08,15.45,15.98,16.86,19.1,16.86,18.03,13.25,16.34,13.25,13.93
30/09/2014,15.49,16.43,15.18,16.31,17.74,18.66,17.51,18.26,13.93,14.48,13.44,14.33
01/10/2014,16.44,17.56,16.08,16.71,18.26,20.11,18.26,19.21,14.33,16.06,14.24,14.76
02/10/2014,16.7,17.98,15.9,16.16,19.39,20.59,18.45,18.63,14.77,15.51,13.97,14.19
03/10/2014,15.16,15.43,14.44,14.55,17.97,18.2,17.14,17.54,14.19,14.19,12.56,12.98
06/10/2014,14.46,15.77,14.05,15.46,17.76,18.49,17.46,17.98,12.98,13.69,12.62,13.36
07/10/2014,16.18,17.46,15.97,17.2,17.98,19.4,17.98,19.17,13.36,14.99,13.36,14.86
08/10/2014,17.35,18.03,14.97,15.11,19.61,19.82,17.1,17.26,14.86,15.26,13.3,13.36
09/10/2014,15.64,19.38,15.34,18.76,17.26,20.19,17.26,19.77,13.36,16.08,13.36,15.7
10/10/2014,19.11,22.06,18.14,21.24,19.81,22.71,19.81,22.62,15.75,17.23,15.27,17.11
13/10/2014,21.16,24.64,20.52,24.64,23.52,25.76,22.95,25.72,17.11,17.11,15.13,16.66
14/10/2014,23.77,24.55,21.48,22.79,25.72,25.72,23.54,25.0,16.66,16.91,15.44,15.92
15/10/2014,26.36,31.06,24.64,26.25,27.71,31.17,25.68,27.05,15.92,17.86,15.92,17.4
16/10/2014,29.26,29.41,24.61,25.2,27.05,30.58,25.7,26.73,17.4,22.6,17.4,19.63
17/10/2014,21.68,23.08,20.23,21.99,24.1,24.19,22.04,23.13,19.61,19.61,16.66,17.06
20/10/2014,22.11,22.16,18.51,18.57,23.69,23.77,20.32,20.32,17.06,18.25,16.77,16.78
21/10/2014,17.72,17.75,16.03,16.08,19.17,19.88,18.22,18.22,16.78,16.78,14.6,14.69
22/10/2014,16.06,18.43,15.56,17.87,18.19,20.32,18.03,19.96,14.69,16.65,14.5,16.23
23/10/2014,16.07,17.06,15.68,16.53,18.77,19.24,17.96,18.78,16.24,16.24,14.47,15.27
24/10/2014,16.43,18.06,16.09,16.11,18.78,19.42,17.9,17.93,15.27,16.61,11.36,14.91
27/10/2014,17.24,17.87,16.0,16.04,18.93,19.59,17.9,17.94,14.9,16.43,14.87,14.97
28/10/2014,15.69,15.78,14.39,14.39,17.94,17.94,16.49,16.6,14.97,14.97,11.9,13.71
29/10/2014,14.61,16.28,14.19,15.15,16.58,17.66,16.48,16.78,13.67,14.69,11.58,13.73
30/10/2014,15.31,15.75,14.07,14.52,17.04,17.34,15.69,16.61,13.77,14.28,11.34,13.53
31/10/2014,13.84,14.83,13.72,14.03,16.61,16.61,15.31,15.81,13.53,13.58,12.63,13.21
03/11/2014,14.41,14.99,14.23,14.73,15.74,16.53,15.65,16.42,13.21,14.03,12.91,13.99
04/11/2014,15.05,15.93,14.83,14.89,16.71,17.18,15.99,16.58,13.99,14.61,13.14,14.02
05/11/2014,14.15,14.99,14.15,14.17,16.58,16.75,16.04,16.34,14.02,14.02,12.88,13.46
06/11/2014,14.46,15.08,13.67,13.67,16.38,16.64,15.68,15.68,13.46,13.88,12.72,13.14
07/11/2014,13.71,14.16,13.01,13.12,15.06,16.03,14.69,14.71,13.11,13.35,12.1,12.61
10/11/2014,13.16,13.25,12.38,12.67,14.71,15.12,14.25,14.3,12.61,12.86,12.01,12.44
11/11/2014,12.71,13.18,12.6,12.92,14.31,14.73,14.17,14.32,12.43,12.65,12.17,12.61
12/11/2014,13.76,13.76,12.99,13.02,14.32,14.99,14.32,14.33,12.61,13.43,12.41,12.85
13/11/2014,13.33,14.31,12.87,13.79,14.33,14.76,14.06,14.55,12.85,13.27,12.26,12.85
14/11/2014,13.79,14.15,13.31,13.31,14.55,15.44,13.97,15.16,12.85,13.06,12.35,12.82
17/11/2014,14.7,14.73,13.84,13.99,15.16,15.87,15.16,15.53,12.82,13.35,12.59,13.2
18/11/2014,13.86,13.99,13.13,13.86,15.53,15.98,14.3,15.38,13.2,13.3,12.41,13.22
19/11/2014,14.01,14.78,13.83,13.96,15.83,16.25,14.97,15.71,13.22,13.93,12.79,13.49
20/11/2014,14.66,15.74,13.58,13.58,15.71,16.27,14.72,14.87,13.49,13.93,9.58,13.12
21/11/2014,13.16,13.8,12.9,12.9,14.87,15.08,13.48,14.71,12.51,12.98,11.69,12.57
24/11/2014,12.92,13.02,12.43,12.62,14.72,15.08,14.13,14.25,12.56,12.79,12.08,12.37
25/11/2014,12.55,13.02,12.23,12.25,14.3,14.41,14.03,14.12,12.37,12.53,11.82,12.15
26/11/2014,12.27,12.4,11.91,12.07,14.15,14.2,13.62,13.64,12.15,13.14,11.54,12.19
28/11/2014,12.64,13.49,12.36,13.33,13.64,15.01,13.64,14.74,12.19,13.31,12.19,13.27
01/12/2014,14.16,14.75,13.94,14.29,14.74,17.09,14.74,16.57,13.27,14.43,13.27,14.13
02/12/2014,14.1,14.17,12.85,12.85,16.59,16.8,15.65,15.66,14.16,14.19,12.89,13.28
03/12/2014,12.75,12.88,12.21,12.47,15.63,16.1,15.08,15.08,13.28,13.38,12.4,13.07
04/12/2014,12.7,13.23,12.09,12.38,15.31,15.53,14.93,14.98,13.07,13.55,12.47,13.0
05/12/2014,12.08,12.28,11.53,11.82,14.98,15.15,14.3,14.37,13.0,13.0,11.98,11.98
08/12/2014,13.05,14.67,12.55,14.21,14.42,16.4,14.42,16.03,11.98,14.5,11.98,14.25
09/12/2014,16.23,16.68,14.84,14.89,17.81,18.46,15.86,16.43,14.25,16.03,14.25,14.92
10/12/2014,15.56,18.92,15.4,18.53,16.43,20.09,16.43,19.47,14.92,17.8,14.92,17.51
11/12/2014,17.68,20.13,15.94,20.08,18.89,20.57,17.48,20.4,17.51,18.75,15.34,18.75
12/12/2014,20.51,23.06,18.34,21.08,21.27,22.91,19.75,22.51,18.75,22.33,17.8,20.45
15/12/2014,19.59,24.83,17.77,20.42,21.5,23.5,20.8,22.08,20.45,20.73,18.47,19.39
16/12/2014,23.55,25.2,19.6,23.57,23.7,24.08,20.61,24.06,19.39,21.72,17.68,21.48
17/12/2014,23.9,24.61,19.26,19.44,23.75,23.94,20.34,20.86,21.48,23.19,18.57,19.19
18/12/2014,17.14,18.51,16.07,16.81,20.83,20.83,17.16,17.23,19.19,20.2,15.2,16.39
19/12/2014,16.57,17.2,16.11,16.49,18.4,18.59,16.05,16.89,16.39,16.39,15.02,16.05
22/12/2014,16.32,16.88,15.03,15.25,17.3,17.67,16.41,16.56,16.05,16.46,14.29,14.3
23/12/2014,14.47,15.21,14.32,14.8,16.56,17.27,16.46,16.81,14.3,14.53,11.14,14.12
24/12/2014,14.52,14.54,14.01,14.37,16.76,16.76,15.72,16.47,14.12,14.23,13.54,14.22
26/12/2014,14.6,14.84,14.13,14.5,16.47,16.92,16.12,16.27,14.22,14.22,13.72,14.01
29/12/2014,16.04,16.14,15.06,15.06,16.34,17.29,16.34,16.8,14.02,15.25,14.02,14.49
30/12/2014,15.9,16.2,15.48,15.92,17.51,17.51,16.97,16.97,14.5,18.02,14.5,14.81
31/12/2014,15.91,19.91,15.86,19.2,16.97,20.1,16.78,19.64,14.81,17.44,10.45,16.63
02/01/2015,17.76,20.14,17.05,17.79,19.73,20.7,18.4,19.2,16.66,17.64,15.65,16.07
05/01/2015,19.19,21.29,19.19,19.92,19.22,21.63,19.22,20.72,16.11,18.77,16.11,17.88
06/01/2015,20.33,22.9,19.52,21.12,20.79,23.09,20.6,21.85,17.92,19.74,12.56,18.46
07/01/2015,20.15,20.72,19.04,19.31,21.4,21.43,19.85,20.16,18.47,18.47,13.27,17.32
08/01/2015,17.93,18.09,16.99,17.01,20.16,20.16,17.82,18.15,17.32,17.32,15.74,15.77
09/01/2015,16.44,18.42,16.44,17.55,18.15,19.48,17.59,18.4,15.76,16.69,15.25,16.27
12/01/2015,18.02,20.44,18.02,19.6,18.29,20.78,18.29,19.87,16.25,17.75,16.08,17.01
13/01/2015,18.21,21.58,17.65,20.56,19.19,21.67,18.29,20.71,17.05,18.58,15.57,17.61
14/01/2015,22.87,23.34,21.32,21.48,22.78,23.02,21.34,21.41,17.61,19.9,17.61,18.53
15/01/2015,21.23,23.31,20.86,22.39,21.72,23.7,21.43,22.72,18.53,23.04,12.53,19.0
16/01/2015,22.8,23.43,20.95,20.95,22.72,23.17,21.22,21.22,19.0,20.18,14.11,18.27
20/01/2015,20.07,21.37,19.58,19.89,21.43,22.12,20.54,20.69,18.26,19.59,18.26,18.44
21/01/2015,20.92,21.28,18.64,18.85,20.69,21.4,19.94,20.02,18.44,19.52,17.58,17.64
22/01/2015,17.98,19.23,16.07,16.4,19.41,20.33,16.8,17.08,17.64,17.87,15.04,15.43
23/01/2015,16.79,17.09,15.81,16.66,17.37,17.91,16.39,17.06,15.43,16.05,10.57,15.84
26/01/2015,16.96,17.43,15.52,15.52,17.06,18.21,16.9,16.97,15.84,16.71,14.67,15.08
27/01/2015,17.6,18.41,16.67,17.22,18.5,20.11,18.5,19.22,15.08,17.91,12.55,16.85
28/01/2015,16.97,20.44,16.92,20.44,19.21,21.39,17.93,21.39,16.84,19.34,12.95,19.34
29/01/2015,20.46,21.56,18.66,18.76,21.14,22.26,19.2,19.48,19.31,19.88,14.91,16.8
30/01/2015,20.23,22.18,19.24,20.97,19.48,22.0,19.17,21.59,16.8,20.51,13.02,19.95
02/02/2015,20.89,22.81,19.35,19.43,21.41,23.4,20.79,20.79,19.94,21.44,18.72,18.86
03/02/2015,18.41,18.89,17.2,17.33,20.79,20.79,18.71,18.81,18.86,18.86,16.47,16.94
04/02/2015,17.82,18.38,16.82,18.33,18.81,19.51,18.16,19.16,16.94,17.52,16.32,17.51
05/02/2015,17.29,17.43,16.67,16.85,19.24,19.24,18.01,18.18,17.57,17.57,15.88,16.48
06/02/2015,16.29,18.74,16.06,17.29,17.95,19.35,17.37,18.41,16.48,17.97,15.68,16.97
09/02/2015,19.16,19.28,18.21,18.55,18.41,19.73,18.41,19.12,16.97,18.8,16.97,17.94
10/02/2015,17.72,18.36,16.97,17.23,18.62,18.62,17.14,17.46,17.94,17.94,16.6,17.03
11/02/2015,17.43,17.81,16.82,16.96,17.46,17.95,16.95,17.39,17.03,17.56,16.81,16.94
12/02/2015,16.39,16.47,15.28,15.34,17.4,17.4,16.08,16.1,16.93,16.93,15.32,15.8
13/02/2015,15.11,15.64,14.69,14.69,16.09,16.09,14.89,15.15,15.81,15.81,14.23,14.85
17/02/2015,15.86,16.33,15.53,15.8,16.22,16.24,15.85,15.96,14.85,15.9,14.83,15.48
18/02/2015,16.74,16.74,15.44,15.45,16.3,16.43,15.8,15.9,15.48,16.05,11.62,15.16
19/02/2015,16.11,16.22,15.1,15.29,15.9,16.02,15.42,15.44,15.16,15.75,14.15,14.97
20/02/2015,15.73,16.29,14.27,14.3,15.43,15.94,14.43,14.67,14.97,15.67,13.73,13.88
23/02/2015,15.05,15.48,14.49,14.56,14.67,15.5,14.67,14.87,13.88,15.66,9.95,14.03
24/02/2015,14.5,14.63,13.53,13.69,14.87,15.31,14.22,14.26,14.03,14.03,12.69,13.05
25/02/2015,13.64,14.06,12.86,13.84,14.26,14.48,13.75,14.38,13.05,14.88,12.75,13.18
26/02/2015,13.55,14.57,13.55,13.91,14.21,14.63,14.11,14.33,13.18,13.66,13.03,13.31
27/02/2015,14.07,14.17,13.29,13.34,14.27,14.86,14.27,14.62,13.31,13.54,13.01,13.23
02/03/2015,13.9,13.9,12.87,13.04,14.61,15.05,14.04,14.27,13.2,13.67,12.55,12.96
03/03/2015,13.35,14.69,13.25,13.86,14.57,15.54,14.55,14.98,12.96,14.11,12.96,13.47
04/03/2015,14.31,15.33,14.13,14.23,15.34,16.2,15.27,15.59,13.47,16.13,13.47,13.89
05/03/2015,14.01,14.58,13.88,14.04,15.38,15.65,15.04,15.22,13.89,14.15,13.41,13.6
06/03/2015,14.61,15.83,14.18,15.2,15.43,17.07,15.15,16.75,13.6,15.22,13.6,14.7
09/03/2015,15.72,15.76,14.71,15.06,16.75,17.31,16.38,16.44,14.7,15.17,14.13,14.35
10/03/2015,16.47,16.91,16.03,16.69,17.36,18.14,17.36,18.02,14.36,15.83,14.36,15.67
11/03/2015,16.44,17.19,16.29,16.87,18.02,18.54,17.99,18.42,15.67,18.07,15.65,16.14
12/03/2015,16.45,16.45,15.3,15.42,18.57,18.57,17.05,17.15,16.15,16.15,14.59,14.84
13/03/2015,15.47,16.74,15.32,16.0,17.15,18.02,16.43,17.55,14.84,16.29,13.07,15.44
16/03/2015,15.78,15.89,15.36,15.61,17.29,17.41,16.34,16.91,15.44,15.44,14.69,15.3
17/03/2015,16.31,16.37,15.66,15.66,16.91,17.18,16.47,16.6,15.3,16.03,15.18,15.42
18/03/2015,14.6,16.29,13.38,13.97,16.6,17.37,14.45,14.99,15.42,16.06,7.04,13.79
19/03/2015,14.68,14.97,13.84,14.07,14.99,15.45,14.68,14.71,13.79,14.74,13.73,13.94
20/03/2015,13.52,13.53,12.54,13.02,14.72,14.72,11.15,13.82,13.94,13.94,12.39,13.03
23/03/2015,13.52,13.53,12.89,13.41,14.56,14.69,14.17,14.44,13.01,15.51,12.94,13.42
24/03/2015,13.36,13.68,12.59,13.62,14.44,14.65,13.73,14.62,13.42,13.71,12.86,13.64
25/03/2015,13.26,15.55,13.2,15.44,14.62,17.39,14.62,17.33,13.64,15.49,13.6,15.38
26/03/2015,16.64,17.19,15.23,15.8,18.44,19.07,16.88,17.5,15.38,16.96,15.24,15.52
27/03/2015,15.73,15.83,14.19,15.07,17.5,17.65,16.72,16.89,15.52,16.29,14.97,15.06
30/03/2015,14.76,14.76,14.08,14.51,16.89,16.89,15.64,16.06,15.05,15.05,14.1,14.48
31/03/2015,14.97,15.74,14.33,15.29,16.06,17.29,16.06,17.29,14.48,16.51,14.48,15.41
01/04/2015,15.32,16.66,15.08,15.11,17.36,18.64,17.22,17.35,15.41,16.71,15.19,15.25
02/04/2015,15.3,15.51,14.27,14.67,17.35,17.76,16.49,16.72,15.25,15.55,14.58,15.04
06/04/2015,15.75,15.76,14.04,14.74,16.72,18.19,16.38,16.58,15.04,16.22,14.51,14.86
07/04/2015,14.57,14.81,14.01,14.78,16.47,16.57,15.97,16.39,14.86,14.86,14.32,14.79
08/04/2015,14.59,14.77,13.75,13.98,16.39,16.39,15.45,15.45,14.79,16.92,14.16,14.34
09/04/2015,14.14,14.59,13.09,13.09,15.54,15.94,14.7,14.7,14.34,14.79,13.42,13.75
10/04/2015,13.2,13.26,12.51,12.58,14.7,14.84,14.08,14.1,13.75,13.85,13.12,13.34
13/04/2015,13.17,14.31,12.71,13.94,14.09,15.51,13.9,15.45,13.32,14.68,13.15,14.49
14/04/2015,14.34,14.74,13.64,13.67,15.53,16.48,15.33,15.46,14.49,15.0,13.58,13.93
15/04/2015,13.58,13.58,12.83,12.84,15.27,15.39,14.57,14.63,13.93,13.93,13.07,13.23
16/04/2015,13.27,13.35,12.5,12.6,14.86,15.06,14.45,14.5,13.23,13.62,12.61,12.81
17/04/2015,13.97,15.02,13.73,13.89,15.41,16.79,15.36,16.03,12.81,16.51,11.58,14.27
20/04/2015,13.67,13.67,12.83,13.3,16.03,16.12,14.64,14.86,14.27,14.27,12.9,13.45
21/04/2015,12.75,13.51,12.66,13.25,14.38,14.98,14.27,14.93,13.45,13.93,13.09,13.77
22/04/2015,12.97,13.8,12.57,12.71,14.93,15.44,14.43,14.68,13.77,14.44,13.25,13.52
23/04/2015,12.96,12.96,12.12,12.48,14.61,14.94,13.95,14.22,13.52,14.02,12.99,13.39
24/04/2015,12.21,13.02,12.16,12.29,14.22,14.23,13.51,14.2,13.39,13.74,13.18,13.3
27/04/2015,12.34,13.4,12.33,13.12,14.53,15.28,14.48,15.18,13.3,14.18,13.3,13.96
28/04/2015,13.26,14.23,12.41,12.41,15.18,16.28,14.88,14.88,13.96,14.97,13.3,13.38
29/04/2015,13.44,14.34,12.61,13.39,15.64,16.24,14.99,15.47,13.38,15.01,10.49,14.1
30/04/2015,13.89,15.29,12.49,14.55,16.13,17.3,15.46,16.51,14.1,15.86,14.1,15.09
01/05/2015,13.98,13.98,12.68,12.7,16.32,16.32,14.82,15.07,15.09,15.09,12.0,13.79
04/05/2015,13.12,13.18,12.1,12.85,15.25,15.3,14.8,15.15,13.79,14.04,13.6,13.88
05/05/2015,13.21,14.41,12.97,14.31,15.61,16.88,15.5,16.66,13.88,14.99,13.88,14.82
06/05/2015,13.93,16.36,13.89,15.15,16.66,18.51,16.31,17.79,14.82,16.42,14.33,15.45
07/05/2015,15.48,15.97,14.81,15.13,18.15,18.15,17.25,17.37,15.46,16.76,15.2,15.37
08/05/2015,13.36,13.42,12.7,12.86,16.06,16.06,15.22,15.38,15.37,15.37,13.44,13.54
11/05/2015,13.35,13.85,13.0,13.85,15.38,15.56,15.07,15.56,13.54,13.84,13.3,13.84
12/05/2015,14.73,15.13,13.73,13.86,15.56,17.17,15.56,15.96,13.85,15.22,13.64,13.8
13/05/2015,13.63,14.04,13.06,13.76,15.66,15.75,15.12,15.62,13.79,13.94,11.02,13.7
14/05/2015,13.14,13.29,12.72,12.74,15.62,15.62,13.86,14.31,13.7,13.7,12.62,12.9
15/05/2015,12.46,13.09,12.35,12.38,14.31,14.67,13.78,13.89,12.9,13.4,11.95,12.44
18/05/2015,13.08,13.22,12.55,12.73,13.89,14.65,13.79,13.95,12.44,13.36,12.44,12.85
19/05/2015,12.95,13.13,12.55,12.85,13.95,14.17,13.84,14.15,12.85,13.56,12.53,12.82
20/05/2015,12.9,13.27,12.62,12.88,14.22,14.56,13.48,14.0,12.73,15.85,12.51,12.87
21/05/2015,13.03,13.09,12.09,12.11,14.0,14.37,13.17,13.38,12.87,13.9,12.26,12.46
22/05/2015,12.37,12.37,11.82,12.13,13.39,13.5,13.08,13.23,12.32,12.68,12.27,12.59
26/05/2015,13.45,14.63,13.34,14.06,13.22,15.56,13.22,15.15,12.59,17.85,12.59,14.14
27/05/2015,14.16,14.41,13.05,13.27,15.13,15.19,13.83,13.96,14.04,14.3,13.06,13.51
28/05/2015,13.49,13.99,13.31,13.31,14.08,14.62,14.07,14.22,13.51,14.09,13.43,13.58
29/05/2015,13.59,14.43,13.4,13.84,14.49,15.2,14.28,14.75,13.58,15.39,13.35,13.92
01/06/2015,13.92,14.86,13.47,13.97,14.92,15.85,14.79,14.98,13.92,14.89,13.81,14.14
02/06/2015,14.72,15.05,13.59,14.24,14.98,15.95,14.51,15.46,14.14,15.14,13.9,14.37
03/06/2015,13.73,14.2,13.4,13.66,14.97,15.31,14.81,15.03,14.37,14.7,13.49,13.83
04/06/2015,14.57,15.49,13.99,14.71,15.03,16.31,15.03,15.79,13.83,15.5,13.83,15.06
05/06/2015,15.01,15.65,14.21,14.21,15.79,16.99,15.67,15.77,15.05,17.59,14.57,14.66
08/06/2015,14.84,15.5,14.67,15.29,16.25,17.08,16.24,16.94,14.67,15.47,14.67,15.34
09/06/2015,15.18,15.74,14.47,14.47,16.94,17.48,16.4,16.49,15.34,15.62,14.88,14.96
10/06/2015,14.24,14.37,12.96,13.22,16.35,16.4,14.92,15.07,14.94,14.94,13.42,13.56
11/06/2015,13.04,13.22,12.56,12.85,14.94,14.94,14.51,14.64,13.56,13.56,12.81,13.15
12/06/2015,13.31,14.02,13.3,13.78,15.12,15.49,14.93,15.16,13.15,14.17,13.15,13.85
15/06/2015,15.48,15.57,14.91,15.39,15.16,16.88,15.16,16.34,13.85,15.88,11.15,15.38
16/06/2015,15.62,15.62,14.81,14.81,16.34,16.64,15.93,16.0,15.38,15.71,14.83,14.92
17/06/2015,14.66,15.49,14.07,14.5,15.94,16.22,15.17,15.41,14.92,16.45,7.76,14.57
18/06/2015,14.03,14.03,12.54,13.19,14.84,15.03,13.63,13.88,14.45,19.44,12.73,13.45
19/06/2015,13.35,14.0,12.96,13.96,13.92,14.61,13.84,14.61,13.45,14.6,13.1,13.82
22/06/2015,13.42,13.46,12.43,12.74,14.61,14.61,13.62,13.83,13.82,13.82,12.67,12.97
23/06/2015,12.5,12.68,11.93,12.11,13.82,13.89,13.46,13.52,12.96,12.96,12.22,12.47
24/06/2015,12.57,13.33,12.01,13.26,13.78,14.24,13.42,14.24,12.45,13.65,12.41,13.63
25/06/2015,12.96,14.16,12.92,14.01,14.24,14.88,13.86,14.85,13.63,14.6,13.32,14.38
26/06/2015,14.13,14.91,13.64,14.02,14.84,15.83,14.82,15.33,14.38,14.72,9.67,14.15
29/06/2015,16.7,19.5,15.82,18.85,15.31,19.93,15.31,19.81,14.02,19.94,14.02,18.69
30/06/2015,17.6,19.8,17.49,18.23,19.81,19.91,18.8,19.34,18.68,19.3,17.5,18.3
01/07/2015,16.63,17.26,15.65,16.09,18.19,18.25,17.13,17.56,18.3,18.3,13.23,16.39
02/07/2015,15.43,17.48,15.39,16.79,17.56,17.94,16.99,17.66,16.39,17.45,15.65,17.0
06/07/2015,18.65,18.95,16.57,17.01,18.85,19.43,17.72,17.91,17.0,18.83,17.0,17.09
07/07/2015,17.22,19.2,15.93,16.09,18.15,19.86,17.29,17.34,17.09,18.69,15.99,16.27
08/07/2015,17.38,19.76,16.94,19.66,18.38,20.12,18.36,20.07,16.27,20.61,14.79,19.24
09/07/2015,17.46,20.05,17.2,19.97,18.49,20.39,18.41,20.32,19.24,19.29,17.12,19.17
10/07/2015,17.45,18.17,16.6,16.83,20.32,20.32,17.75,17.92,19.17,19.17,16.73,16.84
13/07/2015,15.29,15.36,13.82,13.9,17.92,17.92,14.91,15.02,16.81,16.81,13.24,13.66
14/07/2015,13.91,13.95,12.9,13.37,15.01,15.14,14.01,14.27,13.67,13.71,12.56,13.03
15/07/2015,13.35,13.97,12.81,13.23,14.35,14.71,13.88,14.17,13.03,13.53,12.61,13.05
16/07/2015,12.59,12.61,11.87,12.11,13.61,13.69,12.55,12.59,13.05,17.94,11.96,12.31
17/07/2015,11.77,12.22,11.77,11.95,12.07,13.07,12.06,12.93,12.31,12.45,8.09,12.11
20/07/2015,12.25,12.37,11.71,12.25,12.93,14.05,12.93,14.03,12.11,12.86,12.08,12.79
21/07/2015,12.42,12.79,12.21,12.22,14.02,14.74,14.02,14.49,12.75,13.64,12.54,12.8
22/07/2015,12.77,12.83,12.05,12.12,15.36,15.36,13.77,14.17,12.82,13.29,11.28,12.69
23/07/2015,12.06,13.08,11.73,12.63,14.25,14.92,13.84,14.14,12.69,13.82,12.69,13.36
24/07/2015,12.87,14.73,12.86,13.74,14.16,16.29,14.16,15.85,13.37,14.87,9.64,13.99
27/07/2015,15.6,16.27,15.03,15.6,16.75,17.84,16.75,17.49,13.98,16.39,13.98,15.79
28/07/2015,14.87,15.62,13.32,13.44,17.16,17.75,15.45,15.51,15.79,15.8,11.48,14.1
29/07/2015,13.57,13.59,11.85,12.5,15.51,15.9,14.8,14.96,14.1,14.17,11.9,13.28
30/07/2015,12.72,13.42,12.09,12.13,14.96,15.96,14.38,14.44,13.27,14.05,12.84,12.96
31/07/2015,12.03,12.63,11.82,12.12,14.44,14.81,14.21,14.59,12.94,13.58,11.28,12.96
03/08/2015,12.85,13.55,12.32,12.56,14.6,16.06,14.6,15.18,12.91,16.17,9.09,13.62
04/08/2015,12.66,13.22,12.29,13.0,15.18,15.82,15.14,15.67,13.63,14.16,13.52,13.95
05/08/2015,12.02,12.72,10.88,12.51,15.02,15.29,14.41,15.13,13.98,13.98,13.11,13.76
06/08/2015,12.2,14.25,12.16,13.77,15.13,17.22,14.99,16.9,13.76,15.06,13.5,14.76
07/08/2015,13.57,14.58,13.29,13.39,16.62,17.8,16.36,16.9,14.76,15.54,14.61,14.67
10/08/2015,12.73,12.78,12.18,12.23,16.9,16.9,15.66,15.87,14.67,14.67,13.58,13.7
11/08/2015,13.24,14.33,13.02,13.71,16.5,18.14,16.31,17.45,13.67,15.75,13.67,15.3
12/08/2015,15.19,16.28,13.45,13.61,17.92,19.83,17.24,17.24,15.3,17.93,15.3,15.63
13/08/2015,13.87,14.33,13.06,13.49,17.51,17.74,16.37,16.95,15.6,15.68,14.26,14.67
14/08/2015,13.69,13.87,12.8,12.83,16.95,17.66,16.35,16.41,14.67,14.75,14.09,14.13
17/08/2015,14.32,14.52,13.01,13.02,16.41,17.65,15.53,15.55,14.11,15.33,13.75,13.81
18/08/2015,13.41,13.94,13.17,13.79,15.56,16.34,15.56,16.0,13.87,14.46,13.87,14.3
19/08/2015,14.84,15.96,13.73,15.25,16.0,17.93,16.0,17.36,14.31,16.51,14.15,15.68
20/08/2015,16.55,19.24,16.13,19.14,18.58,21.65,17.93,21.61,15.7,19.77,15.7,19.73
21/08/2015,22.55,28.38,20.8,28.03,21.61,30.2,21.61,30.2,19.73,30.12,19.73,28.03
24/08/2015,28.03,53.29,28.03,40.74,30.25,46.72,25.92,42.95,28.18,56.32,23.93,33.11
25/08/2015,31.13,38.06,28.08,36.02,42.95,42.95,30.79,38.32,33.11,36.84,27.25,34.51
26/08/2015,31.13,35.62,28.67,30.32,38.32,38.32,30.7,31.37,34.51,34.51,28.82,29.61
27/08/2015,27.11,29.9,24.49,26.1,31.49,31.49,27.47,28.46,29.53,29.53,17.71,25.51
28/08/2015,26.69,29.2,25.77,26.05,28.99,30.5,28.13,28.75,25.49,27.67,25.25,25.31
31/08/2015,27.03,29.37,26.63,28.43,29.6,30.63,28.86,29.92,25.31,28.08,25.31,27.01
01/09/2015,31.91,33.82,29.91,31.4,29.92,34.2,29.92,32.95,27.01,31.34,27.01,29.8
02/09/2015,29.14,30.45,24.77,26.09,32.92,32.92,28.4,28.41,29.78,31.74,24.6,25.2
03/09/2015,25.21,26.31,23.45,25.61,28.28,28.58,26.54,28.1,25.18,25.48,23.43,24.83
04/09/2015,27.43,29.47,25.68,27.8,28.1,30.35,28.1,28.92,24.83,28.2,24.83,26.92
08/09/2015,25.05,26.25,24.13,24.9,27.79,28.07,26.38,26.56,26.93,27.72,24.32,24.86
09/09/2015,22.39,26.82,21.51,26.23,25.51,27.8,25.15,27.51,24.86,25.97,22.69,25.4
10/09/2015,26.87,27.22,23.53,24.37,28.31,28.31,26.43,26.44,25.4,26.4,15.45,24.77
11/09/2015,25.38,25.81,23.15,23.2,27.18,27.22,25.02,25.02,24.77,31.8,23.0,23.0
14/09/2015,24.03,25.32,23.64,24.25,25.02,26.26,25.02,25.44,23.0,24.52,23.0,23.5
15/09/2015,23.28,23.77,22.13,22.54,25.48,25.66,23.64,24.02,23.57,23.57,21.61,21.87
16/09/2015,22.57,22.94,21.09,21.35,24.03,24.34,22.57,22.58,21.88,22.23,20.51,20.51
17/09/2015,21.54,23.33,17.87,21.14,22.52,23.52,20.18,22.63,20.55,24.62,13.72,21.44
18/09/2015,23.07,23.99,20.98,22.28,24.33,24.47,22.16,23.6,21.41,24.79,20.82,21.36
21/09/2015,21.97,22.48,20.05,20.14,24.0,24.15,22.18,22.5,21.36,21.45,19.4,19.4
22/09/2015,22.97,26.29,22.25,22.44,22.5,25.86,22.5,24.58,19.4,22.49,19.4,21.14
23/09/2015,22.09,23.2,21.14,22.13,24.66,24.89,23.61,23.78,21.14,21.58,20.51,20.8
24/09/2015,23.53,25.3,21.81,23.47,25.19,26.21,24.39,24.72,20.8,32.44,20.8,22.12
25/09/2015,21.12,24.29,20.81,23.62,24.72,26.03,23.08,25.16,22.12,22.71,20.0,21.94
28/09/2015,25.02,28.33,24.94,27.63,26.77,29.7,26.59,28.99,21.94,25.66,21.94,25.06
29/09/2015,26.57,28.2,25.76,26.83,28.71,29.88,27.99,28.94,25.06,26.09,23.99,24.43
30/09/2015,24.64,25.88,23.25,24.5,27.3,27.66,26.55,26.82,24.43,24.43,17.4,22.53
01/10/2015,23.14,25.23,22.55,22.55,26.82,27.38,25.58,25.58,22.53,27.38,21.58,21.59
02/10/2015,23.99,24.47,20.35,20.94,26.9,27.5,23.7,23.71,21.59,23.23,19.83,19.95
05/10/2015,20.31,20.42,19.14,19.54,23.71,23.71,22.38,22.82,19.95,19.95,18.64,18.87
06/10/2015,19.54,20.32,18.82,19.4,22.92,23.4,22.41,22.65,18.86,19.04,18.27,18.52
07/10/2015,18.96,19.73,18.33,18.4,22.27,23.19,21.72,21.78,18.52,18.83,17.53,17.64
08/10/2015,18.62,19.02,16.34,17.42,22.22,22.77,20.53,20.91,17.64,18.07,16.51,16.96
09/10/2015,17.15,18.2,16.89,17.08,20.34,21.51,20.34,20.5,16.96,17.52,16.31,16.56
12/10/2015,17.68,17.81,16.15,16.17,20.5,20.93,18.94,19.01,16.55,16.55,14.57,14.59
13/10/2015,17.08,17.7,16.14,17.67,18.99,20.2,18.77,20.15,14.59,16.23,14.59,16.2
14/10/2015,17.67,18.78,17.3,18.03,20.14,21.14,19.61,20.71,16.19,17.03,15.81,16.42
15/10/2015,17.62,17.85,16.04,16.05,20.71,20.71,17.99,18.07,16.42,16.59,14.7,14.7
16/10/2015,15.64,16.86,15.05,15.05,18.08,18.66,17.15,17.2,14.69,15.27,14.08,14.37
19/10/2015,15.68,16.23,14.82,14.98,17.15,18.47,16.8,16.86,14.38,15.48,13.8,14.14
20/10/2015,15.17,16.34,14.72,15.75,16.86,18.45,16.86,17.95,14.14,15.08,14.1,14.72
21/10/2015,14.98,16.7,14.41,16.7,17.43,19.04,17.31,18.98,14.73,15.75,13.98,15.72
22/10/2015,15.02,15.92,14.45,14.45,17.91,18.29,15.56,15.63,15.72,15.72,14.02,14.25
23/10/2015,13.46,15.12,13.24,14.46,14.4,17.1,14.4,16.6,14.21,14.69,13.15,14.19
26/10/2015,14.76,15.43,14.68,15.29,16.6,17.88,16.6,17.75,14.19,15.2,14.19,15.0
27/10/2015,15.75,15.99,14.78,15.43,18.11,18.28,17.73,17.92,15.01,15.78,14.58,15.33
28/10/2015,15.14,15.73,12.8,14.33,17.92,17.92,16.64,16.94,15.33,15.56,12.41,14.42
29/10/2015,14.8,15.46,14.33,14.61,17.4,17.82,17.1,17.17,14.4,15.44,14.4,14.62
30/10/2015,14.6,15.39,14.0,15.07,17.1,17.53,16.85,17.3,14.62,15.19,14.17,15.08
02/11/2015,15.41,15.51,13.67,14.15,17.3,17.89,16.55,16.56,15.08,15.31,14.14,14.29
03/11/2015,14.33,14.73,13.81,14.54,16.91,17.04,16.19,16.77,14.28,14.74,13.79,14.54
04/11/2015,14.04,15.88,13.96,15.51,16.77,17.66,16.28,17.22,14.54,15.46,13.97,15.27
05/11/2015,15.39,16.39,15.0,15.05,17.21,18.4,17.01,17.2,15.27,16.01,14.92,14.92
06/11/2015,14.91,16.0,14.32,14.33,17.29,17.85,16.36,16.36,14.92,15.54,14.19,14.2
09/11/2015,15.34,17.09,15.14,16.52,17.55,18.73,17.32,18.03,14.2,16.52,14.2,15.99
10/11/2015,16.69,16.96,15.24,15.29,18.61,18.71,17.3,17.32,15.99,16.43,15.09,15.26
11/11/2015,15.07,16.15,15.02,16.06,17.32,17.82,16.73,17.72,15.26,15.79,14.87,15.69
12/11/2015,17.06,18.5,16.65,18.37,18.18,19.1,17.78,18.92,15.68,17.55,15.68,17.55
13/11/2015,18.68,20.67,18.2,20.08,19.34,21.47,19.23,21.24,17.55,19.69,17.55,19.17
16/11/2015,20.51,20.55,17.25,18.16,21.62,21.7,18.63,18.79,19.17,19.44,17.13,17.42
17/11/2015,17.82,19.59,16.86,18.84,18.58,19.89,18.01,19.34,17.42,18.59,16.74,17.8
18/11/2015,19.01,19.45,16.8,16.85,18.83,19.31,17.57,17.76,17.8,17.97,16.19,16.36
19/11/2015,16.25,18.26,16.0,16.99,17.76,18.1,17.4,17.94,16.36,16.36,15.69,16.18
20/11/2015,16.13,16.38,15.47,15.47,17.94,17.94,16.95,17.03,16.18,16.18,14.7,14.92
23/11/2015,16.15,16.74,15.38,15.62,17.77,17.83,17.11,17.31,14.91,18.97,14.91,15.15
24/11/2015,16.53,17.21,15.48,15.93,18.24,18.87,17.34,17.48,15.15,16.35,14.78,15.3
25/11/2015,15.55,15.89,15.05,15.19,17.48,17.58,16.91,16.98,15.3,17.39,14.61,14.79
27/11/2015,15.31,16.09,15.12,15.12,17.26,17.87,17.06,17.13,14.79,15.69,14.79,15.13
30/11/2015,15.55,16.57,15.52,16.13,17.66,18.63,17.66,18.1,15.13,16.35,15.13,15.83
01/12/2015,15.61,16.34,14.63,14.67,18.1,18.12,17.11,17.15,15.83,20.1,14.7,15.0
02/12/2015,15.04,16.49,14.71,15.91,17.13,18.37,16.87,17.83,15.0,17.17,14.81,15.84
03/12/2015,15.87,19.35,15.86,18.11,17.83,20.76,17.63,19.72,15.84,18.44,15.8,17.6
04/12/2015,17.43,17.65,14.69,14.81,19.72,19.72,16.62,16.66,17.6,17.6,14.66,14.96
07/12/2015,15.65,17.18,15.58,15.84,16.65,18.65,16.65,17.6,14.96,16.7,14.96,15.71
08/12/2015,17.69,18.33,16.52,17.6,19.19,19.34,18.04,18.84,15.69,17.83,15.69,17.31
09/12/2015,18.05,20.13,15.72,19.61,18.84,21.35,18.17,20.45,17.31,19.13,16.24,18.5
10/12/2015,19.25,19.72,18.13,19.34,20.17,20.56,19.32,20.11,18.58,18.69,17.37,18.21
11/12/2015,21.36,25.27,20.88,24.39,20.11,24.97,20.11,24.38,18.21,23.37,18.21,22.57
14/12/2015,24.7,26.81,21.47,22.73,25.1,26.96,22.65,23.11,22.61,24.23,19.82,20.89
15/12/2015,20.76,21.62,20.02,20.95,22.23,22.23,20.9,21.51,20.89,20.89,18.6,19.26
16/12/2015,19.25,20.24,17.12,17.86,20.8,21.47,18.18,18.79,19.26,19.89,10.3,16.69
17/12/2015,16.18,19.05,16.13,18.94,17.74,20.33,17.59,20.28,16.69,24.44,15.34,17.53
18/12/2015,19.34,23.3,18.75,20.7,20.59,21.73,20.14,21.5,17.53,19.51,17.53,19.3
21/12/2015,19.64,20.21,18.7,18.7,20.85,21.52,20.22,20.22,19.3,19.3,17.93,18.13
22/12/2015,17.61,18.22,16.6,16.6,20.22,20.22,18.38,18.38,18.13,23.7,16.42,16.44
23/12/2015,15.86,16.25,15.33,15.57,17.76,18.15,17.46,17.68,16.42,22.55,15.48,15.71
24/12/2015,15.44,15.88,14.45,15.74,17.68,17.92,17.38,17.81,15.71,15.97,15.3,15.65
28/12/2015,17.65,18.13,16.88,16.91,17.81,20.02,17.81,18.87,15.65,17.6,15.65,16.73
29/12/2015,15.91,16.48,15.63,16.08,18.05,18.16,17.7,17.84,16.7,17.53,15.47,15.92
30/12/2015,16.5,17.42,16.5,17.29,17.84,18.97,17.84,18.88,15.92,16.72,15.92,16.56
31/12/2015,17.97,20.39,17.51,18.21,19.17,19.94,18.85,19.63,16.6,17.73,16.6,17.01
04/01/2016,22.48,23.36,20.67,20.7,19.63,24.64,19.63,22.42,17.01,23.66,17.01,19.12
05/01/2016,20.75,21.06,19.25,19.34,22.44,23.22,21.5,21.56,19.12,19.96,18.61,18.89
06/01/2016,21.67,21.86,19.8,20.59,21.56,23.92,21.56,22.48,18.89,25.78,18.89,19.62
07/01/2016,23.22,25.86,22.4,24.99,22.5,27.35,22.5,26.77,19.63,24.18,19.63,22.87
08/01/2016,22.96,27.08,22.48,27.01,26.88,28.35,24.33,28.33,22.9,25.16,21.66,25.05
11/01/2016,25.58,27.39,23.83,24.3,28.34,29.46,24.98,26.41,25.04,25.62,22.36,22.72
12/01/2016,22.97,23.93,21.91,22.47,26.49,26.49,22.93,24.16,22.72,22.72,20.37,21.52
13/01/2016,21.72,26.11,21.44,25.22,23.51,27.88,23.14,27.11,21.54,24.54,20.73,23.47
14/01/2016,24.75,26.28,23.07,23.95,26.59,28.56,25.04,25.96,23.47,24.43,21.75,22.5
15/01/2016,28.96,30.95,26.67,27.02,31.22,32.75,28.52,29.13,22.5,28.47,22.5,25.57
19/01/2016,25.4,27.59,25.21,26.05,29.14,31.12,27.93,29.32,25.57,26.27,24.52,25.18
20/01/2016,27.78,32.09,26.59,27.59,31.8,35.4,29.62,30.84,25.18,30.36,25.18,26.98
21/01/2016,27.79,28.43,25.01,26.69,30.11,32.06,28.36,30.23,26.98,27.28,24.4,25.46
22/01/2016,24.21,24.55,22.22,22.34,30.23,30.23,25.67,25.74,25.46,25.46,21.65,21.93
25/01/2016,23.3,24.31,22.38,24.15,26.69,27.65,25.45,27.54,21.9,23.51,21.9,23.46
26/01/2016,23.75,24.02,22.33,22.5,27.2,27.76,26.1,26.42,23.46,23.52,21.67,21.85
27/01/2016,22.88,27.22,20.42,23.11,26.42,27.95,25.38,27.27,21.85,22.97,21.14,22.19
28/01/2016,22.15,23.81,21.9,22.42,26.39,27.99,25.83,26.32,22.16,22.97,16.58,21.63
29/01/2016,21.59,21.74,19.5,20.2,25.7,25.73,23.47,23.64,21.63,21.63,19.47,19.57
01/02/2016,21.32,23.66,19.61,19.98,23.64,25.12,22.53,23.06,19.57,21.14,19.57,19.86
02/02/2016,21.34,22.42,21.06,21.98,23.08,25.45,23.08,25.08,19.86,21.66,19.86,21.33
03/02/2016,21.49,27.7,21.42,21.65,24.79,27.62,24.75,25.05,21.32,23.54,20.63,20.99
04/02/2016,22.29,23.14,21.24,21.84,25.05,26.45,24.75,25.35,20.99,22.05,20.36,20.94
05/02/2016,22.09,24.11,21.91,23.38,25.3,28.79,25.3,27.65,20.95,22.55,20.95,22.13
08/02/2016,25.89,27.72,25.56,26.0,27.65,32.93,27.65,31.46,22.13,26.04,22.13,24.66
09/02/2016,28.3,28.31,25.99,26.54,33.43,33.43,30.95,31.91,24.69,26.7,24.69,25.21
10/02/2016,25.75,26.6,24.47,26.29,31.01,31.45,29.75,31.26,25.21,25.24,23.43,25.07
11/02/2016,29.01,30.9,26.67,28.14,31.26,34.08,31.26,31.87,25.07,28.83,25.07,27.39
12/02/2016,27.16,27.57,24.92,25.4,31.07,31.63,29.2,29.74,27.39,27.39,24.29,24.58
16/02/2016,24.96,25.52,23.32,24.11,29.74,29.74,28.28,28.67,24.58,24.59,23.09,23.29
17/02/2016,23.4,24.16,21.83,22.31,28.64,28.64,26.72,27.19,23.32,23.32,20.87,21.35
18/02/2016,22.16,22.53,21.29,21.64,27.13,27.38,26.08,26.6,21.34,21.34,19.26,20.51
19/02/2016,22.39,23.44,20.52,20.53,26.61,27.48,24.9,24.91,20.51,21.36,19.45,19.46
22/02/2016,20.14,20.35,19.02,19.38,24.91,24.92,23.1,23.81,19.46,19.46,17.97,18.44
23/02/2016,19.75,21.16,19.54,20.98,24.31,25.45,23.93,25.3,18.45,20.02,18.13,19.87
24/02/2016,22.28,22.87,20.26,20.72,26.75,27.0,23.95,24.0,19.87,21.66,19.78,19.94
25/02/2016,20.54,21.26,19.1,19.11,24.0,25.59,22.62,22.62,19.94,20.23,18.2,18.2
26/02/2016,18.89,20.13,18.46,19.81,22.6,23.12,21.88,23.08,18.21,19.27,17.9,19.09
29/02/2016,20.49,20.81,18.38,20.55,23.72,23.79,22.34,23.55,19.09,19.99,18.57,19.77
01/03/2016,19.84,20.17,17.66,17.7,23.55,23.55,20.71,20.77,19.77,19.77,17.4,17.51
02/03/2016,17.98,18.41,16.78,17.09,20.93,21.91,20.53,20.6,17.51,18.3,16.53,16.82
03/03/2016,17.25,17.56,16.32,16.7,20.71,21.4,20.35,20.75,16.82,17.63,16.15,16.71
04/03/2016,16.48,17.35,16.05,16.86,20.75,21.72,20.31,20.81,16.71,17.14,16.13,16.77
07/03/2016,17.98,18.04,16.87,17.35,20.81,22.44,20.81,21.61,16.79,17.64,16.5,16.99
08/03/2016,18.38,18.89,17.82,18.67,21.62,23.06,21.62,22.72,17.0,17.98,17.0,17.67
09/03/2016,18.56,19.11,18.31,18.34,22.57,23.18,21.86,21.89,17.71,18.06,17.18,17.54
10/03/2016,18.17,19.59,17.06,18.05,21.45,23.27,20.55,21.49,17.54,18.49,16.28,17.27
11/03/2016,17.09,17.27,16.28,16.5,19.88,20.51,19.5,19.65,17.27,17.27,16.35,16.37
14/03/2016,17.01,17.67,16.69,16.92,20.46,20.55,19.21,19.57,16.37,16.74,15.41,16.12
15/03/2016,17.6,17.85,16.84,16.84,20.32,20.38,19.37,19.46,16.12,16.79,15.6,15.84
16/03/2016,15.96,16.33,14.89,14.99,19.46,19.46,17.37,17.8,15.84,15.91,13.95,14.34
17/03/2016,15.34,15.38,13.82,14.44,18.12,18.18,16.96,17.65,14.36,14.69,13.34,13.59
18/03/2016,14.05,14.36,13.75,14.02,17.71,17.86,16.78,17.2,13.62,13.63,12.93,13.25
21/03/2016,14.57,14.73,13.79,13.79,17.17,18.16,17.17,17.17,13.24,14.18,13.06,13.41
22/03/2016,14.57,14.76,13.75,14.17,17.15,18.1,16.76,16.98,13.4,15.22,13.4,13.79
23/03/2016,14.57,15.03,14.33,14.94,16.98,17.99,16.98,17.75,13.78,15.18,13.29,14.33
24/03/2016,16.3,16.44,14.71,14.74,18.88,18.93,17.27,17.31,14.34,15.71,14.16,14.19
28/03/2016,15.65,16.04,14.89,15.24,17.31,19.03,17.31,18.39,14.19,15.28,14.19,14.65
29/03/2016,15.74,15.89,13.79,13.82,18.41,18.95,16.78,16.9,14.66,15.55,12.46,13.69
30/03/2016,13.69,13.89,13.06,13.56,16.9,16.9,15.95,16.53,13.68,13.68,11.09,13.26
31/03/2016,13.73,14.28,13.49,13.95,16.76,17.11,16.46,16.85,13.26,13.97,13.17,13.74
01/04/2016,15.23,15.28,13.0,13.1,17.97,17.97,15.82,15.84,13.74,16.33,13.37,13.59
04/04/2016,13.88,14.24,13.66,14.12,15.84,17.3,15.84,16.85,13.59,14.56,13.59,14.28
05/04/2016,15.39,15.72,14.93,15.42,18.19,18.46,17.56,18.02,14.28,15.57,14.28,15.4
06/04/2016,15.61,15.98,14.0,14.09,18.02,18.34,16.5,16.64,15.4,15.94,10.76,14.74
07/04/2016,15.14,16.77,14.68,16.16,16.62,19.16,16.62,18.62,14.74,16.26,14.74,15.7
08/04/2016,15.34,15.93,14.84,15.36,18.63,18.97,17.59,18.48,15.7,15.77,15.11,15.33
11/04/2016,15.34,16.26,14.83,16.26,18.46,18.66,16.92,18.59,15.33,15.33,13.53,14.91
12/04/2016,15.98,16.57,14.84,14.85,18.47,19.3,17.07,17.48,14.91,15.29,13.49,13.97
13/04/2016,14.49,14.53,13.6,13.84,16.94,17.0,16.05,16.26,13.95,13.95,12.49,12.85
14/04/2016,13.9,14.12,13.38,13.72,16.26,17.07,16.24,16.6,12.85,13.12,12.55,12.72
15/04/2016,13.99,14.19,13.58,13.62,16.64,17.03,16.01,16.05,12.72,13.18,12.68,12.79
18/04/2016,14.87,14.94,13.23,13.35,16.05,17.4,15.69,16.04,12.79,13.87,12.79,13.11
19/04/2016,13.18,13.88,12.98,13.24,15.51,17.26,15.51,16.43,13.1,13.36,12.58,12.78
20/04/2016,13.39,13.5,12.5,13.28,16.43,16.74,15.33,16.31,12.78,13.24,12.23,12.99
21/04/2016,13.2,14.14,13.16,13.95,16.61,17.09,15.78,16.57,12.99,13.77,12.99,13.49
22/04/2016,13.7,14.19,13.15,13.22,16.68,18.1,16.57,16.61,13.49,13.98,13.08,13.15
25/04/2016,14.07,14.76,13.86,14.08,17.76,18.03,17.18,17.21,13.15,14.48,13.15,13.84
26/04/2016,14.01,14.43,13.66,13.96,17.21,17.82,16.86,17.26,13.84,14.22,13.58,13.93
27/04/2016,14.15,14.95,13.5,13.77,17.25,18.52,17.03,17.06,13.89,14.8,13.5,13.65
28/04/2016,14.53,15.61,13.3,15.22,17.04,18.89,16.68,18.07,13.65,15.16,13.38,14.88
29/04/2016,15.21,17.09,14.91,15.7,18.11,20.36,18.11,19.3,14.85,18.35,14.85,15.01
02/05/2016,16.33,16.5,14.48,14.68,19.32,19.91,17.99,18.28,15.0,15.37,14.33,14.52
03/05/2016,14.92,16.42,14.91,15.6,19.39,19.78,18.37,19.02,14.52,16.06,14.52,15.28
04/05/2016,15.47,16.85,15.39,16.05,19.02,20.05,19.02,19.32,15.28,16.27,15.28,15.67
05/05/2016,15.54,16.45,15.22,15.91,19.1,19.53,18.68,19.14,15.67,15.95,15.24,15.58
06/05/2016,16.2,16.58,14.71,14.72,19.14,19.42,17.44,17.54,15.58,15.72,14.41,14.43
09/05/2016,15.2,15.39,14.17,14.57,18.27,18.27,16.99,17.38,14.42,14.93,14.16,14.49
10/05/2016,13.98,14.35,13.55,13.63,17.38,17.38,16.06,16.27,14.52,14.52,13.81,13.82
11/05/2016,13.92,14.69,13.29,14.69,16.27,17.16,15.91,17.16,13.82,14.78,13.81,14.78
12/05/2016,14.55,15.42,13.95,14.41,16.65,18.23,16.54,17.26,14.79,15.25,14.21,14.34
13/05/2016,15.15,15.47,13.97,15.04,17.45,17.62,16.33,17.1,14.34,15.32,14.34,15.22
16/05/2016,15.72,15.98,14.28,14.68,17.1,17.67,15.91,16.37,15.22,15.57,14.07,14.46
17/05/2016,14.57,16.12,14.48,15.57,16.64,18.08,16.41,17.6,14.47,15.71,13.34,15.06
18/05/2016,15.72,16.47,14.86,15.95,17.75,18.07,16.61,17.41,15.06,15.86,14.33,15.31
19/05/2016,16.37,17.65,16.28,16.33,17.41,19.18,17.41,17.88,15.31,16.91,15.31,15.74
20/05/2016,16.13,16.3,15.11,15.2,17.54,17.54,16.35,16.4,15.74,15.74,14.46,14.48
23/05/2016,16.33,16.47,15.4,15.82,16.4,17.31,16.4,16.85,14.48,15.27,14.36,14.67
24/05/2016,16.03,16.06,14.36,14.42,16.27,16.32,15.28,15.32,14.67,16.16,13.49,13.57
25/05/2016,14.19,14.33,13.64,13.9,15.32,15.32,14.51,15.01,13.57,13.57,12.69,13.14
26/05/2016,13.8,14.11,13.43,13.43,15.07,15.32,14.64,14.71,13.14,13.29,12.81,12.81
27/05/2016,13.49,13.76,13.04,13.12,14.89,15.06,14.44,14.55,12.81,12.96,12.32,12.44
31/05/2016,13.94,15.0,13.45,14.19,14.55,15.87,14.55,15.25,12.44,14.23,12.44,13.7
01/06/2016,14.45,15.25,14.18,14.2,15.77,15.86,15.11,15.39,13.7,14.61,13.42,13.57
02/06/2016,14.42,14.92,13.62,13.63,15.39,16.18,15.01,15.15,13.57,14.22,12.99,13.09
03/06/2016,13.78,14.66,12.9,13.47,15.56,16.23,14.79,15.03,13.09,13.83,12.46,12.66
06/06/2016,13.84,14.27,13.42,13.65,15.03,15.73,15.01,15.25,12.66,13.31,12.66,13.24
07/06/2016,12.77,14.05,12.72,14.05,15.24,15.34,14.77,15.26,13.24,13.24,12.65,12.79
08/06/2016,13.84,14.27,13.7,14.08,15.26,15.61,15.07,15.27,12.79,13.24,12.79,13.11
09/06/2016,14.01,14.85,13.99,14.64,15.29,15.97,15.29,15.68,13.11,13.87,13.11,13.72
10/06/2016,14.89,17.33,14.85,17.03,16.76,18.0,16.76,17.64,13.72,14.99,13.72,14.86
13/06/2016,18.24,21.01,17.89,20.97,17.64,20.81,17.64,20.61,14.86,18.45,14.86,18.44
14/06/2016,21.28,22.16,20.27,20.5,20.61,22.04,20.26,20.43,18.44,19.71,18.17,18.2
15/06/2016,20.25,20.45,18.63,20.14,20.47,20.47,19.09,20.19,18.23,18.23,15.64,18.17
16/06/2016,20.8,22.89,19.24,19.37,20.2,22.48,19.66,19.83,18.17,20.63,17.39,17.7
17/06/2016,19.42,20.03,18.71,19.41,19.83,20.89,19.83,20.25,17.7,18.2,16.92,17.68
20/06/2016,17.42,18.55,16.59,18.37,20.22,20.22,17.69,19.31,17.67,17.67,14.94,16.79
21/06/2016,17.67,18.96,16.91,18.48,19.31,20.13,18.8,19.59,16.77,17.35,16.38,17.16
22/06/2016,18.26,21.22,17.83,21.17,19.59,21.69,19.06,21.64,17.16,19.34,16.37,19.3
23/06/2016,19.54,19.79,17.25,17.25,18.94,19.57,18.2,18.21,19.3,19.3,15.7,16.3
24/06/2016,26.06,26.24,19.48,25.76,18.21,25.2,18.21,24.88,16.3,22.71,16.3,22.71
27/06/2016,24.38,26.72,22.93,23.85,24.86,27.1,23.95,24.39,22.73,23.69,21.36,21.95
28/06/2016,21.76,22.07,18.75,18.75,22.2,22.34,20.09,20.11,21.95,21.95,17.03,17.97
29/06/2016,18.12,18.27,16.48,16.64,20.11,20.11,18.29,18.47,17.97,17.97,15.87,15.87
30/06/2016,16.91,16.99,15.29,15.63,18.45,18.66,17.41,17.58,15.86,15.86,14.8,15.15
01/07/2016,15.59,15.86,14.61,14.77,17.54,17.54,16.65,16.83,15.15,15.15,13.83,14.26
05/07/2016,16.05,16.62,15.49,15.58,16.7,18.71,16.7,17.92,14.26,15.74,14.26,15.08
06/07/2016,15.87,17.04,14.96,14.96,18.51,19.34,17.47,17.49,15.07,16.13,15.07,15.58
07/07/2016,14.8,15.98,14.33,14.76,17.35,17.99,16.99,17.28,15.58,15.58,14.34,14.72
08/07/2016,14.64,14.75,13.19,13.2,17.28,17.28,15.5,15.74,14.72,14.72,13.43,13.43
11/07/2016,13.25,13.67,13.0,13.54,14.72,15.35,14.47,15.11,13.43,13.43,11.55,12.61
12/07/2016,12.93,13.93,12.75,13.55,15.11,15.44,13.9,15.09,12.61,12.98,11.79,12.76
13/07/2016,13.32,13.79,12.92,13.04,14.99,15.82,14.99,15.24,12.76,12.76,12.09,12.27
14/07/2016,12.5,13.37,12.14,12.82,15.45,15.61,14.31,14.66,12.27,12.36,11.87,12.08
15/07/2016,13.12,13.22,12.27,12.67,14.46,14.82,14.1,14.29,12.08,12.18,11.43,11.75
18/07/2016,12.75,13.12,12.33,12.44,14.74,14.88,14.3,14.71,11.75,12.7,11.75,12.09
19/07/2016,12.53,12.83,11.94,11.97,14.71,15.25,14.03,14.57,12.09,12.4,11.69,11.7
20/07/2016,11.94,11.97,11.4,11.77,14.27,14.44,13.83,14.27,11.72,11.75,11.25,11.65
21/07/2016,11.8,13.06,11.69,12.74,14.07,15.28,14.07,14.98,11.64,13.03,11.64,12.59
22/07/2016,12.8,12.88,11.97,12.02,14.98,15.09,14.36,14.59,12.59,12.71,11.95,12.0
25/07/2016,12.64,13.72,12.39,12.87,15.05,16.16,15.05,15.6,12.0,13.48,12.0,13.0
26/07/2016,12.88,13.5,12.8,13.05,15.65,16.35,15.31,15.93,13.0,13.41,12.77,13.02
27/07/2016,12.61,13.74,12.5,12.83,15.93,15.96,14.71,15.14,13.02,13.58,12.19,12.43
28/07/2016,12.51,13.52,12.36,12.72,15.14,15.79,13.95,14.84,12.43,12.93,12.17,12.24
29/07/2016,12.85,12.9,11.77,11.87,14.68,14.89,13.9,13.97,12.25,12.59,11.97,11.98
01/08/2016,11.89,12.98,11.86,12.44,13.97,15.03,13.97,14.52,11.98,13.05,11.98,12.56
02/08/2016,12.39,14.24,12.35,13.37,14.51,16.18,14.51,15.41,12.56,13.78,12.56,13.17
03/08/2016,13.53,13.91,12.73,12.86,15.41,15.95,15.0,15.18,13.17,13.52,12.62,12.79
04/08/2016,12.73,12.98,11.79,12.42,15.16,15.25,14.38,14.47,12.8,12.91,12.46,12.53
05/08/2016,12.08,12.26,11.18,11.39,13.86,13.87,13.48,13.77,12.53,12.53,11.83,11.85
08/08/2016,11.66,11.78,11.41,11.5,14.32,14.43,13.99,14.06,11.85,11.95,11.75,11.76
09/08/2016,11.4,11.92,11.02,11.66,14.06,14.38,13.65,14.19,11.76,11.76,11.41,11.41
10/08/2016,11.55,12.5,11.37,12.05,14.18,14.95,13.71,14.55,11.41,11.7,11.41,11.69
11/08/2016,11.93,12.11,11.38,11.68,14.23,14.56,14.04,14.31,11.69,11.8,11.49,11.62
12/08/2016,11.61,12.0,11.28,11.55,14.31,14.63,13.91,13.99,11.62,11.86,11.41,11.61
15/08/2016,11.81,12.17,11.58,11.81,13.97,14.08,13.6,14.01,11.61,11.61,11.25,11.44
16/08/2016,12.04,12.78,11.87,12.64,14.0,14.98,14.0,14.92,11.44,12.22,11.44,12.1
17/08/2016,12.57,13.71,12.14,12.19,14.89,16.02,14.62,14.76,12.08,12.93,11.54,11.6
18/08/2016,12.2,12.53,11.42,11.43,14.76,15.04,14.11,14.15,11.61,11.76,11.1,11.16
19/08/2016,11.67,12.28,11.33,11.34,14.15,14.89,13.37,13.42,11.16,11.84,11.08,11.09
22/08/2016,12.53,13.02,11.94,12.27,13.38,14.93,13.38,14.0,11.09,12.67,11.09,11.92
23/08/2016,12.15,12.44,11.72,12.38,13.99,14.27,13.2,14.21,11.92,12.2,11.54,12.11
24/08/2016,12.7,14.01,12.3,13.45,14.21,15.77,14.21,15.26,12.11,13.29,12.11,12.72
25/08/2016,13.62,14.09,13.29,13.63,15.26,15.92,15.15,15.36,12.72,13.28,12.63,12.94
26/08/2016,13.54,14.93,12.13,13.65,15.41,16.28,14.13,15.16,12.93,13.95,11.87,12.97
29/08/2016,14.09,14.43,12.9,12.94,15.16,15.86,14.82,15.0,12.97,13.41,12.71,12.72
30/08/2016,12.94,13.6,12.7,13.12,15.0,15.73,14.88,15.11,12.72,13.04,12.47,12.64
31/08/2016,13.14,14.34,12.97,13.42,15.11,16.13,15.11,15.34,12.63,13.66,12.63,12.78
01/09/2016,13.07,14.61,12.99,13.48,15.34,16.3,15.15,15.39,12.78,13.81,12.78,12.85
02/09/2016,13.47,13.9,11.9,11.98,14.37,14.99,14.08,14.32,12.84,12.84,11.63,11.65
06/09/2016,12.42,12.93,11.85,12.02,14.32,15.29,14.03,14.32,11.65,11.98,11.65,11.98
07/09/2016,11.89,12.45,11.77,11.94,14.37,14.67,13.77,13.89,11.98,12.06,11.98,12.05
08/09/2016,11.74,12.6,11.65,12.51,14.27,14.8,14.02,14.48,12.05,12.11,12.05,12.06
09/09/2016,12.52,17.54,12.52,17.5,15.51,18.14,15.11,17.96,12.06,16.53,12.06,16.48
12/09/2016,20.13,20.51,14.76,15.16,18.12,18.4,15.0,15.31,16.48,16.72,13.11,13.34
13/09/2016,15.98,18.97,15.83,17.85,15.97,19.2,15.57,17.95,13.33,17.46,13.33,16.55
14/09/2016,17.63,18.14,16.34,18.14,17.95,18.41,16.55,18.3,16.55,19.47,12.3,16.75
15/09/2016,17.97,18.07,15.74,16.3,18.14,18.14,16.01,16.39,16.79,16.79,14.57,14.9
16/09/2016,16.41,17.1,15.28,15.37,16.59,17.43,14.91,15.14,14.9,15.76,14.51,14.61
19/09/2016,15.14,15.96,14.6,15.53,15.14,16.52,15.14,16.11,14.61,15.25,14.01,14.86
20/09/2016,14.98,16.09,14.69,15.92,16.09,16.74,15.44,16.55,14.85,15.45,14.36,15.39
21/09/2016,15.07,15.65,12.98,13.3,16.53,17.09,14.68,14.98,15.37,15.37,13.01,13.13
22/09/2016,13.39,13.39,11.76,12.02,14.21,14.34,13.39,13.66,13.13,13.13,11.83,12.08
23/09/2016,12.0,12.58,11.93,12.29,13.66,14.34,13.62,13.98,12.08,12.8,12.08,12.45
26/09/2016,13.26,14.63,13.26,14.5,15.83,16.65,15.8,16.44,12.47,14.94,11.18,14.82
27/09/2016,13.36,14.76,12.97,13.1,16.44,16.76,14.95,15.09,14.82,15.4,13.49,13.52
28/09/2016,12.9,13.57,12.24,12.39,15.09,15.78,14.89,15.03,13.52,14.03,11.75,13.01
29/09/2016,12.53,15.69,12.14,14.02,15.03,17.23,15.03,16.23,13.01,16.2,12.78,14.7
30/09/2016,14.91,15.2,12.53,13.29,16.21,16.3,14.89,15.45,14.7,14.7,13.18,13.76
03/10/2016,13.75,14.42,13.42,13.57,16.4,16.74,15.8,15.86,13.81,14.99,13.81,14.15
04/10/2016,13.4,14.57,12.92,13.63,15.78,17.02,15.4,16.25,14.15,15.24,13.46,14.47
05/10/2016,13.56,13.68,12.7,12.99,16.04,16.08,15.56,15.86,14.47,14.47,13.47,13.94
06/10/2016,13.11,13.84,12.8,12.84,15.86,16.48,15.64,15.7,13.94,14.76,13.91,13.93
07/10/2016,13.52,14.15,12.21,13.48,15.68,16.66,15.43,15.66,13.94,14.83,13.88,14.17
10/10/2016,14.19,14.36,13.29,13.38,15.66,15.8,15.33,15.5,14.17,14.17,13.61,13.63
11/10/2016,13.71,16.47,13.69,15.36,15.38,17.96,15.38,17.02,13.63,23.23,13.63,15.04
12/10/2016,15.53,16.34,15.26,15.91,17.18,17.77,16.67,17.23,15.06,15.7,14.94,15.25
13/10/2016,16.88,17.95,16.14,16.69,18.6,19.1,17.57,17.65,15.24,17.03,15.24,15.82
14/10/2016,16.49,16.5,15.25,16.12,17.65,17.73,16.71,17.4,15.82,15.82,14.81,15.48
17/10/2016,17.01,17.11,16.13,16.21,17.97,18.38,17.46,17.58,15.48,16.19,15.43,15.62
18/10/2016,15.82,15.85,15.03,15.28,16.81,17.38,16.57,16.97,15.62,15.62,14.79,15.06
19/10/2016,15.45,15.68,13.87,14.41,16.97,16.98,16.17,16.41,15.06,15.06,13.95,14.32
20/10/2016,14.43,14.72,13.74,13.75,16.4,16.92,15.61,15.63,14.31,14.66,13.77,13.81
21/10/2016,14.04,14.53,13.27,13.34,16.26,16.54,15.23,15.37,13.81,14.63,13.63,13.78
24/10/2016,13.19,13.26,12.83,13.02,15.37,15.37,14.78,14.93,13.78,13.97,12.99,13.68
25/10/2016,12.91,13.86,12.73,13.46,15.13,16.14,15.13,15.88,13.7,14.41,13.7,14.0
26/10/2016,13.66,14.8,13.66,14.24,15.88,16.92,15.69,16.51,14.0,15.04,14.0,14.59
27/10/2016,14.37,15.43,13.6,15.36,16.5,17.89,15.96,17.33,14.58,15.44,14.21,15.42
28/10/2016,15.67,17.35,14.65,16.19,17.89,19.29,16.88,18.23,15.43,17.4,14.15,16.35
31/10/2016,16.31,17.63,16.25,17.06,18.24,19.54,18.24,19.32,16.36,17.75,14.06,17.29
01/11/2016,16.54,20.43,16.51,18.56,19.31,22.35,19.2,20.66,17.29,20.07,12.65,18.31
02/11/2016,19.09,19.82,18.56,19.32,20.66,21.86,20.58,21.24,18.31,19.29,17.89,18.58
03/11/2016,19.85,22.57,18.84,22.08,21.25,22.74,20.74,22.36,18.6,20.94,15.87,20.63
04/11/2016,21.86,23.01,19.2,22.51,22.49,23.35,21.42,23.03,20.66,21.91,20.14,21.46
07/11/2016,19.78,19.86,18.39,18.71,23.03,23.03,19.29,19.66,21.46,21.46,17.83,18.0
08/11/2016,18.92,19.91,17.7,18.74,20.39,21.13,19.05,20.2,18.01,19.21,16.02,17.93
09/11/2016,20.7,21.48,14.33,14.38,20.2,20.2,16.85,17.15,17.93,18.58,13.85,14.62
10/11/2016,14.01,16.3,13.26,14.74,16.51,20.78,16.03,19.07,14.63,15.65,11.66,14.55
11/11/2016,14.83,16.0,14.15,14.17,19.07,20.45,18.26,18.95,14.55,15.18,14.54,15.02
14/11/2016,14.69,15.56,14.39,14.48,18.94,21.04,18.86,19.7,15.02,15.08,13.86,13.96
15/11/2016,14.16,14.65,13.3,13.37,18.74,19.02,17.32,17.6,13.93,14.47,13.17,13.3
16/11/2016,13.51,14.49,13.51,13.72,17.6,18.43,17.09,17.3,13.3,14.16,13.23,13.61
17/11/2016,13.37,13.88,12.97,13.35,17.28,17.28,16.0,16.02,13.61,13.81,13.16,13.56
18/11/2016,13.56,13.74,12.85,12.85,15.96,16.22,15.51,15.51,13.55,13.71,12.68,13.14
21/11/2016,13.27,13.44,12.16,12.42,16.01,16.01,14.59,14.74,13.14,13.36,12.48,12.66
22/11/2016,12.26,12.83,12.2,12.41,14.58,14.91,14.26,14.28,12.66,13.01,12.31,12.55
23/11/2016,12.34,13.01,12.19,12.43,14.62,15.35,14.22,14.26,12.55,13.22,12.55,12.77
25/11/2016,12.52,12.74,12.31,12.34,14.26,14.89,14.21,14.39,12.77,13.06,10.48,12.81
28/11/2016,13.4,13.5,12.74,13.15,14.39,15.48,14.39,15.12,12.81,13.94,12.81,13.66
29/11/2016,13.07,13.55,12.62,12.9,15.08,15.58,14.6,14.94,13.66,14.03,13.17,13.17
30/11/2016,12.6,13.42,12.23,13.33,14.94,15.33,14.72,15.13,13.17,13.54,12.23,13.5
01/12/2016,13.4,14.72,13.05,14.07,15.56,17.51,15.36,17.18,13.51,14.14,13.33,13.62
02/12/2016,14.16,14.48,12.39,14.12,17.18,17.43,16.66,16.99,13.62,14.16,12.46,13.58
05/12/2016,13.75,13.77,12.14,12.14,16.99,17.01,15.86,15.87,13.58,13.92,9.21,12.32
06/12/2016,12.19,12.3,11.54,11.79,15.87,16.02,15.13,15.26,12.31,12.58,11.97,12.22
07/12/2016,11.59,12.24,11.33,12.22,15.24,15.71,14.61,15.2,12.22,12.34,9.98,12.07
08/12/2016,12.1,13.4,11.3,12.64,14.83,15.61,14.72,14.82,12.07,13.71,12.07,13.21
09/12/2016,12.59,12.72,11.67,11.75,14.91,14.98,14.27,14.27,13.21,13.37,12.41,12.41
12/12/2016,12.23,12.78,12.07,12.64,14.27,14.27,13.38,13.87,12.41,12.64,11.57,12.09
13/12/2016,12.46,13.42,12.34,12.72,13.99,15.43,13.52,14.33,12.1,12.85,5.77,12.29
14/12/2016,12.88,13.39,12.48,13.19,14.33,14.79,13.4,14.53,12.29,16.45,10.91,12.54
15/12/2016,13.07,13.24,12.46,12.79,15.38,15.38,13.72,14.21,12.54,12.79,3.59,12.3
16/12/2016,12.88,12.95,12.15,12.2,14.24,14.35,13.03,13.23,12.3,12.44,11.48,11.77
19/12/2016,12.5,12.52,11.67,11.71,13.71,13.98,12.89,13.11,11.77,12.26,11.47,11.48
20/12/2016,11.65,11.75,11.38,11.45,13.22,13.31,13.06,13.08,11.48,11.7,11.3,11.45
21/12/2016,11.44,11.49,10.93,11.27,12.92,13.43,12.92,13.26,11.45,13.65,10.78,11.36
22/12/2016,11.32,11.67,11.14,11.43,13.26,13.66,13.26,13.42,11.36,12.88,10.16,11.49
23/12/2016,11.38,11.81,11.35,11.44,13.75,13.75,13.24,13.24,11.49,11.92,11.49,11.54
27/12/2016,12.26,12.33,11.84,11.99,13.24,14.33,13.24,14.24,11.54,12.49,11.54,12.31
28/12/2016,11.89,13.04,11.85,12.95,14.24,15.42,14.15,15.4,12.31,12.92,12.13,12.91
29/12/2016,13.15,13.71,12.95,13.37,15.61,15.91,15.44,15.56,12.94,13.66,12.92,13.32
30/12/2016,13.2,14.68,13.05,14.04,15.67,16.9,15.62,16.68,13.32,14.46,10.76,13.88
03/01/2017,14.07,14.07,12.85,12.85,17.12,17.26,16.01,16.06,13.88,13.88,12.49,13.08
04/01/2017,12.78,12.8,11.63,11.85,16.06,16.06,15.13,15.18,13.08,13.08,12.04,12.27
05/01/2017,11.96,12.09,11.4,11.67,15.17,15.39,14.53,14.63,12.27,12.44,8.89,12.04
06/01/2017,11.7,11.74,10.98,11.32,14.72,14.87,13.85,13.85,12.04,12.3,11.56,11.79
09/01/2017,11.71,12.08,11.46,11.56,14.51,14.69,14.14,14.22,11.79,12.62,11.79,12.05
10/01/2017,11.59,11.79,11.31,11.49,14.22,14.42,14.05,14.13,12.05,12.29,11.95,12.05
11/01/2017,11.56,12.23,11.21,11.26,14.13,14.86,13.93,13.94,12.05,15.14,11.66,11.7
12/01/2017,11.48,12.6,11.32,11.54,14.48,14.96,13.74,13.86,11.69,14.49,11.69,11.83
13/01/2017,11.45,11.62,10.94,11.23,13.74,13.81,13.28,13.34,11.83,11.83,11.68,11.73
17/01/2017,12.2,12.75,11.79,11.87,14.3,14.4,13.77,13.88,11.73,12.78,11.73,12.22
18/01/2017,11.79,12.81,11.69,12.48,13.88,14.1,13.49,13.51,12.22,13.11,12.22,12.79
19/01/2017,12.58,13.28,12.17,12.78,13.63,14.28,13.49,14.06,12.77,13.31,10.33,12.74
20/01/2017,12.58,12.59,11.53,11.54,14.06,14.06,13.03,13.04,12.74,12.79,11.42,11.47
23/01/2017,12.3,12.62,11.59,11.77,13.04,14.17,13.04,13.49,11.44,12.61,11.44,11.88
24/01/2017,11.82,11.89,11.04,11.07,13.49,13.53,12.63,12.64,11.88,11.88,11.11,11.16
25/01/2017,10.79,11.05,10.51,10.81,12.64,12.88,12.55,12.65,11.16,11.16,10.48,10.85
26/01/2017,10.61,11.01,10.6,10.63,12.66,13.24,12.25,12.64,10.85,11.98,9.57,10.67
27/01/2017,10.57,10.82,10.3,10.58,12.7,12.79,12.18,12.3,10.67,11.25,10.45,10.56
30/01/2017,11.1,12.9,11.1,11.88,12.3,14.43,12.3,13.71,10.56,12.53,10.56,12.13
31/01/2017,12.29,12.99,11.79,11.99,13.73,14.97,13.73,14.29,12.13,13.3,12.13,12.25
01/02/2017,11.79,12.05,9.97,11.81,13.47,14.08,13.09,13.09,12.26,13.64,11.26,11.93
02/02/2017,12.37,12.47,11.62,11.93,13.09,13.92,13.09,13.63,11.93,13.8,11.68,12.1
03/02/2017,11.84,11.84,10.72,10.97,13.65,13.65,12.49,12.78,12.09,12.09,11.23,11.36
06/02/2017,11.37,11.84,11.09,11.37,12.73,13.49,12.73,13.01,11.36,12.01,11.34,11.39
07/02/2017,11.39,11.67,11.06,11.29,13.01,13.3,12.61,13.03,11.39,11.42,11.34,11.4
08/02/2017,11.19,11.82,11.15,11.45,13.0,13.31,12.67,12.92,11.4,11.87,11.4,11.81
09/02/2017,11.44,11.53,10.74,10.88,12.99,13.03,12.31,12.65,11.81,11.81,11.12,11.22
10/02/2017,10.85,10.95,10.55,10.85,12.65,12.65,11.85,12.31,11.22,11.22,10.98,10.98
22/02/2017,11.48,12.07,11.44,11.74,12.95,12.95,12.08,12.56,11.74,12.09,11.54,11.71
23/02/2017,11.66,12.46,11.54,11.71,12.56,13.71,12.42,13.29,11.71,12.35,11.69,11.71
24/02/2017,11.81,12.59,11.34,11.47,13.3,13.94,12.7,12.75,11.7,11.81,8.81,11.34
27/02/2017,11.78,12.14,11.53,12.09,12.75,13.65,12.75,13.19,11.34,12.51,11.0,12.32
28/02/2017,12.19,12.96,12.13,12.92,13.39,13.76,13.07,13.6,12.33,13.16,12.12,12.94
01/03/2017,12.31,12.58,11.78,12.54,12.97,13.36,12.55,12.9,12.94,12.94,10.26,12.41
02/03/2017,12.43,12.71,11.32,11.81,13.08,13.09,12.36,12.71,12.41,12.41,11.42,11.86
03/03/2017,11.96,11.97,10.94,10.96,12.71,12.84,11.71,11.77,11.86,11.86,9.37,11.26
06/03/2017,11.59,11.72,11.06,11.24,11.77,12.54,11.77,12.19,11.26,11.77,11.26,11.34
07/03/2017,11.27,11.58,11.04,11.45,12.32,12.41,11.89,12.13,11.34,11.75,11.15,11.15
08/03/2017,11.49,11.86,11.09,11.86,11.79,12.83,11.73,12.25,11.15,11.73,11.15,11.68
09/03/2017,11.75,12.43,11.62,12.3,12.18,12.69,12.1,12.47,11.68,12.25,11.44,12.07
10/03/2017,11.97,12.09,11.46,11.66,12.3,12.35,11.73,11.9,12.07,12.07,11.45,11.52
13/03/2017,12.16,12.23,11.29,11.35,11.9,11.9,10.7,11.19,11.52,11.52,10.27,10.37
14/03/2017,11.39,12.54,11.28,12.3,11.13,12.24,11.13,11.7,10.36,11.6,10.36,11.4
15/03/2017,12.12,12.25,10.6,11.63,11.73,11.93,9.75,11.28,11.43,12.37,7.58,7.58
16/03/2017,11.29,11.55,11.16,11.21,11.15,11.61,10.82,10.96,9.83,10.9,9.83,10.56
17/03/2017,11.38,11.38,10.78,11.28,10.96,10.97,10.02,10.57,10.56,10.56,9.98,10.33
20/03/2017,11.71,11.72,11.03,11.34,10.58,11.41,10.31,10.31,10.34,10.95,10.34,10.46
21/03/2017,11.15,12.85,10.92,12.47,10.31,12.91,10.21,12.5,10.44,12.33,10.44,11.98
22/03/2017,12.95,13.16,11.99,12.81,12.51,13.19,12.0,12.78,11.98,12.55,11.56,12.38
23/03/2017,12.65,13.17,12.18,13.12,12.7,13.87,12.55,13.7,12.39,14.13,10.44,12.21
24/03/2017,12.86,14.16,12.27,12.96,12.94,14.26,12.4,12.66,12.19,13.54,9.99,12.31
27/03/2017,14.78,15.11,12.48,12.5,12.66,14.55,12.66,12.78,12.31,13.42,12.1,12.12
28/03/2017,12.44,12.67,11.34,11.53,12.71,12.94,11.72,12.12,12.12,12.12,10.74,10.98
29/03/2017,11.54,11.7,11.03,11.42,12.12,12.19,11.45,11.53,10.98,11.23,10.28,10.99
30/03/2017,11.37,11.64,11.12,11.54,11.53,12.11,11.4,11.54,11.01,11.14,10.78,10.97
31/03/2017,11.61,12.54,11.5,12.37,11.54,11.94,11.52,11.75,10.97,11.61,9.32,11.44
03/04/2017,12.59,13.59,12.27,12.38,11.75,13.06,11.75,12.37,11.42,12.62,11.22,11.59
04/04/2017,12.71,13.07,11.7,11.79,12.39,12.78,12.15,12.15,11.6,12.04,11.19,11.23
05/04/2017,11.89,12.89,10.9,12.89,12.15,13.17,11.75,13.14,11.23,12.33,10.75,12.33
06/04/2017,13.11,13.22,11.7,12.39,13.03,13.15,12.5,12.73,12.33,12.77,11.42,11.86
07/04/2017,13.17,13.43,12.23,12.87,13.29,14.1,13.02,13.49,11.86,12.65,11.73,12.14
10/04/2017,13.24,14.11,12.94,14.05,13.78,14.41,13.66,14.22,12.14,13.27,12.14,12.64
11/04/2017,14.32,15.88,14.17,15.07,14.22,15.68,14.16,15.13,12.64,15.55,12.64,13.98
12/04/2017,15.16,16.16,14.84,15.77,15.13,15.72,15.12,15.56,13.98,14.66,13.96,14.13
13/04/2017,15.89,16.22,14.97,15.96,15.79,16.08,14.8,15.9,14.18,14.79,14.18,14.58
17/04/2017,16.19,16.28,14.6,14.66,16.62,16.62,15.21,15.24,14.58,14.9,12.07,13.71
18/04/2017,14.5,15.5,14.29,14.42,15.24,16.25,15.17,15.47,13.71,19.27,13.02,13.77
19/04/2017,14.0,15.15,13.46,14.93,14.95,15.59,14.42,15.47,13.84,14.54,10.07,14.36
20/04/2017,14.59,14.81,13.83,14.15,15.47,15.48,14.27,14.46,14.36,15.73,11.19,13.04
21/04/2017,13.85,15.33,13.85,14.63,14.46,15.51,14.08,14.87,13.06,14.48,10.83,13.84
24/04/2017,11.56,12.01,10.82,10.84,12.43,13.47,11.72,12.06,13.84,13.84,10.17,10.3
25/04/2017,10.81,11.15,10.22,10.76,11.49,12.33,11.49,12.01,10.3,10.44,8.43,10.36
26/04/2017,10.61,10.89,10.39,10.85,11.87,12.81,11.55,11.95,10.37,10.58,10.02,10.4
27/04/2017,10.72,11.08,10.33,10.36,11.76,12.32,11.11,11.11,10.4,11.1,10.16,10.22
28/04/2017,10.39,11.16,10.29,10.82,11.61,12.13,11.03,11.53,10.22,10.67,7.53,10.49
01/05/2017,10.92,11.04,9.9,10.11,11.53,12.56,11.17,12.2,10.49,12.49,8.86,10.31
02/05/2017,10.15,10.59,10.04,10.59,12.2,12.95,11.86,12.95,10.31,10.68,10.29,10.66
03/05/2017,10.56,11.15,10.4,10.68,12.95,13.12,11.92,11.98,10.66,11.26,10.31,10.73
04/05/2017,10.71,11.24,10.27,10.46,12.24,12.49,11.89,12.18,10.73,12.1,8.21,10.95
05/05/2017,10.51,10.98,9.99,10.57,12.18,12.49,11.92,12.31,10.95,11.3,10.41,10.78
08/05/2017,10.53,10.55,9.67,9.77,11.97,12.19,11.74,11.86,10.78,10.78,8.62,10.41
09/05/2017,9.87,10.14,9.56,9.96,11.91,13.0,11.74,12.67,10.42,10.75,9.14,10.59
10/05/2017,9.75,10.24,9.62,10.21,12.67,12.76,12.2,12.34,10.59,10.96,9.83,10.94
11/05/2017,10.34,11.23,10.32,10.6,12.49,13.72,12.31,12.76,10.94,11.59,9.36,10.84
12/05/2017,10.72,10.87,10.28,10.4,12.76,12.94,12.02,12.3,10.84,11.4,10.57,10.63
15/05/2017,10.54,10.88,10.25,10.42,12.69,12.72,11.89,12.03,10.62,10.75,9.71,10.38
16/05/2017,10.46,10.67,10.18,10.65,12.03,12.06,11.36,11.59,10.38,10.45,9.49,10.42
17/05/2017,11.89,15.59,11.53,15.59,12.18,16.51,12.04,16.46,10.43,14.08,10.43,13.7
18/05/2017,14.06,16.3,14.03,14.66,16.35,16.84,15.2,15.66,13.7,14.49,10.12,13.47
19/05/2017,14.23,14.23,11.72,12.04,14.58,15.08,13.33,13.86,13.47,13.47,10.7,11.09
22/05/2017,12.29,12.52,10.89,10.93,13.86,14.01,12.88,12.88,11.09,11.09,10.03,10.12
23/05/2017,11.0,11.0,10.56,10.72,12.88,13.31,12.38,12.75,10.13,10.39,9.97,10.19
24/05/2017,10.61,10.9,9.88,10.02,12.76,12.9,12.25,12.37,10.19,10.34,9.59,9.71
25/05/2017,9.82,10.29,9.72,9.99,12.37,12.84,11.99,12.58,9.71,10.03,9.18,9.92
26/05/2017,9.93,10.48,9.65,9.81,12.38,12.54,12.04,12.26,9.92,10.18,9.47,9.6
30/05/2017,10.61,10.84,10.14,10.38,12.96,13.16,12.76,12.9,9.6,11.26,9.6,10.28
31/05/2017,10.1,11.3,9.93,10.41,12.72,13.38,12.67,12.94,10.29,11.05,10.14,10.3
01/06/2017,10.42,10.54,9.69,9.89,12.95,13.01,12.53,12.69,10.3,11.28,9.41,9.9
02/06/2017,10.08,10.3,9.58,9.75,12.71,13.1,12.55,12.91,9.9,10.74,9.53,10.04
05/06/2017,10.08,10.28,9.6,10.07,13.27,13.36,13.06,13.2,10.04,10.67,9.93,10.64
06/06/2017,10.19,10.77,9.86,10.45,13.35,13.98,13.32,13.96,10.64,12.38,10.45,11.06
07/06/2017,10.48,10.93,10.12,10.39,13.96,14.62,13.86,14.05,11.06,12.91,9.16,10.83
08/06/2017,10.27,10.53,9.73,10.16,13.95,14.37,13.65,13.66,10.83,12.25,9.55,10.56
09/06/2017,9.93,12.11,9.37,10.7,13.66,18.68,13.23,18.13,10.56,13.23,9.57,10.59
12/06/2017,11.19,12.37,11.19,11.46,18.13,21.03,16.98,16.98,10.59,13.79,10.57,10.61
13/06/2017,11.12,11.14,10.26,10.42,16.05,16.11,14.64,15.1,10.62,10.62,9.82,10.03
14/06/2017,10.33,11.26,10.01,10.64,14.98,16.94,14.77,16.01,10.03,11.37,6.96,9.99
15/06/2017,11.06,12.01,10.74,10.9,16.01,17.97,15.89,16.2,9.99,11.18,9.99,10.46
16/06/2017,10.63,11.35,10.26,10.38,16.21,16.82,16.03,16.3,10.43,10.69,9.76,9.83
19/06/2017,10.57,10.6,10.01,10.37,15.91,15.91,14.49,14.6,9.84,10.06,9.59,9.94
20/06/2017,10.28,11.15,10.24,10.86,14.56,15.36,14.2,15.29,9.94,10.5,9.94,10.36
21/06/2017,11.03,11.4,10.4,10.75,15.29,15.54,14.76,14.76,10.36,11.44,9.99,10.4
22/06/2017,10.81,11.01,10.24,10.48,14.76,15.19,14.63,14.8,10.4,13.56,9.98,10.22
23/06/2017,10.25,10.69,9.85,10.02,14.78,15.12,14.32,14.47,10.22,10.41,9.59,9.71
26/06/2017,10.13,10.44,9.68,9.9,14.44,15.46,14.21,15.44,9.71,10.26,9.63,9.85
27/06/2017,10.04,11.31,9.8,11.06,15.93,17.33,15.57,17.26,9.85,11.02,9.65,10.86
28/06/2017,11.17,11.49,9.76,10.03,17.26,18.01,16.01,16.05,10.86,10.86,9.74,9.88
29/06/2017,9.79,15.16,9.73,11.44,16.05,20.67,16.05,18.43,9.88,13.39,9.88,10.59
30/06/2017,11.74,11.85,10.4,11.18,18.43,19.11,17.36,17.61,10.59,10.93,10.06,10.53
03/07/2017,11.07,11.45,10.28,11.22,17.45,18.92,17.32,18.74,10.53,10.97,9.26,10.88
05/07/2017,11.2,12.03,10.79,11.07,18.74,18.86,17.14,17.26,10.88,11.61,10.38,10.86
06/07/2017,11.2,13.05,11.18,12.54,17.26,18.91,17.26,18.0,10.86,13.96,9.29,11.86
07/07/2017,12.48,12.57,10.98,11.19,18.01,18.01,16.7,16.81,11.87,11.87,10.88,11.05
10/07/2017,11.26,11.73,10.61,11.11,16.8,17.38,16.37,16.7,11.05,11.48,10.71,10.87
11/07/2017,10.79,12.14,10.68,10.89,16.94,17.37,16.42,16.42,10.89,15.71,10.78,10.85
12/07/2017,10.85,10.85,10.08,10.3,16.42,16.42,15.05,15.1,10.85,10.85,9.98,10.2
13/07/2017,10.07,10.4,9.9,9.9,15.1,15.48,14.62,14.62,10.2,10.3,9.9,9.91
14/07/2017,10.09,10.14,9.5,9.51,14.62,14.62,13.51,13.8,9.88,10.13,9.6,9.76
17/07/2017,9.77,10.03,9.71,9.82,13.79,14.64,13.79,14.5,9.75,10.18,9.43,9.97
18/07/2017,9.86,10.35,9.66,9.89,14.51,14.9,13.9,13.9,9.97,10.78,9.78,9.88
19/07/2017,9.69,9.94,9.58,9.79,13.9,14.01,13.37,13.95,9.88,9.98,8.4,9.67
20/07/2017,9.66,10.28,9.5,9.58,13.95,14.87,13.75,14.36,9.67,12.54,9.03,9.63
21/07/2017,9.52,9.98,9.3,9.36,14.37,14.78,13.03,14.36,9.66,10.23,9.44,9.55
24/07/2017,9.94,9.97,9.26,9.43,14.4,15.02,14.4,14.59,9.55,10.06,8.36,9.63
25/07/2017,9.4,9.52,9.04,9.43,14.59,14.91,13.79,13.82,9.62,10.53,8.86,9.84
26/07/2017,9.25,9.66,8.84,9.6,13.82,14.05,13.56,13.89,9.84,9.84,9.22,9.7
27/07/2017,9.33,11.5,9.16,10.11,13.89,17.1,13.14,15.89,9.7,10.97,7.74,10.14
28/07/2017,10.62,11.3,10.26,10.29,15.83,16.97,15.66,15.91,10.11,11.13,10.11,10.46
31/07/2017,10.53,10.84,10.23,10.26,15.91,16.98,15.74,15.87,10.44,10.83,10.21,10.37
01/08/2017,10.19,10.56,9.95,10.09,15.86,16.13,14.79,14.83,10.37,10.4,9.76,10.05
02/08/2017,10.08,10.81,9.8,10.28,14.81,16.34,14.18,14.61,10.06,10.82,9.64,10.65
03/08/2017,10.47,10.6,9.9,10.44,14.61,15.32,14.29,14.69,10.65,10.7,9.51,10.26
04/08/2017,10.48,10.5,9.68,10.03,14.87,14.89,14.05,14.09,10.26,10.68,10.03,10.33
07/08/2017,10.19,10.32,9.76,9.93,14.09,14.55,13.96,14.21,10.33,10.85,10.29,10.61
08/08/2017,10.04,11.52,9.52,10.96,14.41,15.49,13.86,15.23,10.62,11.85,10.08,11.47
09/08/2017,11.49,12.63,11.11,11.11,15.23,16.27,15.23,15.43,11.47,12.66,11.4,11.57
10/08/2017,11.57,16.17,11.56,16.04,16.65,19.32,16.27,19.06,11.59,15.21,11.59,15.07
11/08/2017,16.17,17.28,14.5,15.51,19.06,19.06,17.53,17.77,15.07,15.07,13.78,13.89
14/08/2017,14.05,14.05,12.06,12.33,16.93,16.94,14.73,15.06,13.91,13.91,11.23,12.04
15/08/2017,11.78,12.37,11.45,12.04,15.18,15.3,14.2,14.36,12.04,12.04,11.15,11.34
16/08/2017,11.59,12.54,11.25,11.74,14.36,14.7,13.89,14.22,11.34,11.7,10.53,11.12
17/08/2017,11.81,15.77,11.54,15.55,15.12,18.63,14.71,18.6,11.1,14.15,10.38,13.93
18/08/2017,15.38,16.04,13.32,14.26,18.6,19.07,16.67,17.85,13.93,14.9,12.77,13.28
21/08/2017,14.59,14.74,13.07,13.19,18.09,18.65,17.08,17.37,13.3,14.66,12.41,12.53
22/08/2017,12.6,12.94,11.35,11.35,17.37,17.37,14.94,15.21,12.53,12.53,10.9,10.9
23/08/2017,11.51,12.59,11.39,12.25,15.97,16.31,15.4,15.8,10.9,12.1,10.15,11.72
24/08/2017,12.06,12.83,11.55,12.23,15.8,16.79,15.58,15.97,11.72,12.45,11.5,11.59
25/08/2017,12.2,12.45,11.1,11.28,15.96,15.99,15.17,15.52,11.59,11.88,10.26,11.19
28/08/2017,12.09,12.11,11.23,11.32,15.52,16.2,15.17,15.18,11.2,11.87,11.2,11.46
29/08/2017,13.33,14.34,11.48,11.7,15.18,16.75,15.18,15.98,11.47,13.44,11.02,11.66
30/08/2017,11.4,11.98,10.96,11.22,15.97,16.38,15.04,15.12,11.67,12.0,9.01,11.58
31/08/2017,11.07,11.22,10.34,10.59,15.11,15.11,14.23,14.33,11.62,12.19,10.28,11.12
01/09/2017,10.33,10.46,10.02,10.13,14.27,14.47,13.98,14.1,11.11,11.11,10.3,10.62
05/09/2017,11.75,14.06,11.41,12.23,14.1,17.41,14.1,16.13,10.62,13.83,10.62,12.45
06/09/2017,12.27,12.59,11.35,11.63,15.97,16.49,15.44,15.56,12.45,12.55,11.25,11.77
07/09/2017,11.93,12.07,11.32,11.55,15.56,15.77,15.14,15.4,11.77,12.21,10.72,11.47
08/09/2017,11.87,12.6,11.84,12.12,15.61,16.37,15.38,16.07,11.47,12.41,10.15,12.01
11/09/2017,11.38,11.39,10.51,10.73,15.16,15.22,13.66,14.07,12.01,12.01,3.93,9.63
12/09/2017,10.66,10.95,10.29,10.58,14.07,14.09,13.34,13.37,9.63,16.52,9.2,10.01
13/09/2017,10.72,10.86,10.33,10.5,14.16,14.3,12.77,12.8,10.19,10.19,9.59,9.96
14/09/2017,10.57,11.04,10.28,10.44,13.69,13.82,12.59,13.4,9.96,10.19,9.01,9.84
15/09/2017,10.51,10.74,10.0,10.17,13.4,13.76,12.21,12.51,9.84,10.11,7.57,9.84
18/09/2017,10.18,10.42,9.88,10.15,13.22,13.99,12.58,13.61,9.84,10.19,8.89,9.76
19/09/2017,10.16,10.3,9.85,10.18,13.63,14.0,13.26,13.3,9.76,10.01,9.59,9.95
20/09/2017,10.04,10.67,9.67,9.78,13.3,14.78,13.3,13.42,9.95,10.36,8.01,9.83
21/09/2017,9.74,10.21,9.54,9.67,13.42,14.39,13.42,13.71,9.83,10.22,9.18,9.88
22/09/2017,9.9,10.2,9.5,9.59,13.7,14.29,13.7,13.81,9.88,12.14,9.66,10.01
25/09/2017,10.08,11.21,9.79,10.21,13.81,16.4,13.81,15.65,10.01,11.09,10.01,10.35
26/09/2017,10.42,10.68,9.94,10.17,15.64,15.93,14.86,15.28,10.35,10.86,9.16,10.52
27/09/2017,9.9,10.42,9.63,9.87,14.93,15.51,14.71,15.32,10.51,10.87,9.75,10.32
28/09/2017,9.74,10.13,9.55,9.55,15.32,15.92,14.98,14.98,10.32,10.62,10.02,10.12
29/09/2017,9.59,9.83,9.36,9.51,14.98,14.98,13.8,13.85,10.12,10.49,8.99,10.37
02/10/2017,9.59,10.04,9.37,9.45,14.22,14.29,13.74,13.88,10.35,10.71,9.67,10.21
03/10/2017,9.3,9.75,9.3,9.51,13.88,14.24,13.61,13.62,10.21,10.33,9.78,10.11
04/10/2017,9.53,9.88,9.53,9.63,13.62,13.97,13.39,13.45,10.1,10.44,9.01,10.09
05/10/2017,9.48,9.62,9.13,9.19,13.28,13.52,12.86,12.88,10.08,10.25,9.83,10.03
06/10/2017,9.23,10.27,9.11,9.65,13.29,13.68,13.09,13.33,10.03,10.89,9.07,10.07
09/10/2017,9.92,10.53,9.88,10.33,13.33,14.18,13.33,14.04,10.07,10.69,10.07,10.57
10/10/2017,10.15,10.66,9.94,10.08,14.13,14.62,13.92,14.29,10.57,10.91,10.13,10.77
11/10/2017,9.95,10.38,9.72,9.85,14.29,14.6,14.09,14.09,10.77,10.77,10.41,10.63
12/10/2017,9.94,10.33,9.65,9.91,14.36,14.66,14.06,14.33,10.62,10.79,10.35,10.4
13/10/2017,9.95,9.98,9.44,9.61,14.33,14.33,13.82,13.97,10.4,10.4,9.91,10.19
16/10/2017,9.95,10.02,9.75,9.91,13.97,14.91,13.97,14.49,10.18,10.3,8.85,10.05
17/10/2017,9.85,10.46,9.78,10.31,14.84,14.94,14.4,14.4,10.07,10.53,9.7,10.42
18/10/2017,10.34,10.41,9.87,10.07,14.4,14.56,14.05,14.32,10.42,11.21,7.57,10.93
19/10/2017,10.22,11.77,9.99,10.05,15.28,15.97,14.62,14.64,10.93,17.28,10.06,11.39
20/10/2017,9.92,10.04,9.29,9.97,14.64,14.68,14.15,14.32,11.39,11.74,8.99,11.69
23/10/2017,10.25,11.08,9.94,11.07,15.04,15.79,14.74,15.74,11.69,12.53,11.17,12.52
24/10/2017,10.89,11.16,10.39,11.16,15.68,16.12,15.15,15.51,12.52,15.22,11.23,13.59
25/10/2017,11.34,13.2,10.99,11.23,15.51,17.03,15.42,16.31,13.59,17.84,11.76,12.66
26/10/2017,11.17,11.81,10.6,11.3,16.57,16.96,15.82,15.82,12.63,16.07,12.0,13.31
27/10/2017,11.12,11.12,9.74,9.8,15.39,15.42,14.16,14.3,13.31,15.4,10.78,11.89
30/10/2017,10.28,10.89,10.1,10.5,14.3,15.45,14.3,15.05,11.89,13.26,11.73,12.55
31/10/2017,10.34,10.37,9.9,10.18,15.05,15.29,14.83,15.06,12.56,16.93,10.76,11.0
01/11/2017,9.79,10.49,9.74,10.2,15.06,15.52,14.79,14.95,11.01,22.84,10.38,10.83
02/11/2017,10.44,10.89,9.67,9.93,15.16,15.27,14.65,14.7,10.83,27.74,10.58,10.9
03/11/2017,9.83,9.91,8.99,9.14,14.7,14.73,13.77,13.9,10.9,14.63,9.1,10.23
06/11/2017,9.63,9.74,9.38,9.4,14.51,14.51,13.85,13.9,10.24,11.08,10.15,10.4
07/11/2017,9.31,10.31,9.29,9.89,14.11,14.21,13.79,14.12,10.4,11.25,9.67,10.41
08/11/2017,9.79,10.27,9.5,9.78,14.12,14.45,13.96,14.06,10.41,10.94,9.94,10.26
09/11/2017,9.94,12.19,9.79,10.5,14.94,16.25,14.8,15.04,10.24,12.19,8.96,11.35
10/11/2017,10.78,11.58,10.5,11.29,15.04,15.66,14.93,15.03,11.35,17.8,11.06,11.57
13/11/2017,11.43,12.18,11.0,11.5,16.01,16.01,14.68,14.84,11.57,12.93,11.18,11.56
14/11/2017,11.53,12.61,11.45,11.59,14.84,16.25,14.84,15.0,11.56,12.99,10.45,11.95
15/11/2017,12.52,14.51,12.33,13.13,16.16,16.91,15.65,16.09,11.96,20.05,11.4,13.53
16/11/2017,12.47,12.52,11.38,11.76,16.08,16.08,14.07,14.31,13.51,13.51,11.56,12.32
17/11/2017,11.75,12.01,11.16,11.43,14.33,14.51,13.64,13.79,12.32,20.02,11.95,12.38
20/11/2017,11.96,12.08,10.44,10.65,13.79,14.43,13.72,13.82,12.39,12.55,11.44,11.48
21/11/2017,10.74,10.78,9.67,9.73,13.75,13.75,12.78,12.78,11.48,11.48,10.27,10.67
22/11/2017,9.6,9.88,9.32,9.88,12.84,12.91,12.67,12.74,10.67,11.13,9.82,10.92
24/11/2017,9.82,9.96,8.56,9.67,13.19,13.19,12.34,12.38,10.92,11.71,10.92,11.21
27/11/2017,10.07,10.26,9.79,9.87,13.24,13.27,12.92,13.04,11.21,11.81,10.47,10.99
28/11/2017,9.72,10.31,9.53,10.03,13.21,13.67,13.04,13.41,10.99,11.14,9.11,10.52
29/11/2017,9.91,10.93,9.81,10.7,13.5,16.73,13.5,16.38,10.52,13.02,10.13,12.78
30/11/2017,10.49,12.05,10.25,11.28,15.83,16.64,15.53,15.93,12.78,13.67,11.17,13.42
01/12/2017,11.19,14.58,10.54,11.43,15.93,20.68,15.83,16.57,13.42,19.94,11.29,14.11
04/12/2017,11.05,11.86,10.26,11.68,16.15,18.08,15.92,18.03,14.12,20.5,11.4,14.07
05/12/2017,11.38,11.67,10.65,11.33,18.02,18.47,16.41,17.12,14.08,18.16,13.35,13.83
06/12/2017,11.63,11.68,10.86,11.02,17.14,17.79,16.52,16.71,13.85,14.1,9.32,13.24
07/12/2017,10.9,11.32,10.12,10.16,16.71,16.9,15.86,15.86,13.25,20.61,11.84,12.65
08/12/2017,10.0,10.06,9.43,9.58,15.86,15.86,14.42,14.42,12.62,15.99,11.58,11.68
11/12/2017,9.74,10.08,9.28,9.34,13.91,13.91,11.82,12.59,11.69,11.78,9.66,11.04
12/12/2017,9.36,9.92,9.21,9.92,12.96,13.85,12.07,12.86,11.04,11.65,10.98,11.41
13/12/2017,9.78,10.21,9.65,10.18,12.88,12.9,12.0,12.74,11.41,11.57,9.4,11.34
14/12/2017,9.98,10.54,9.78,10.49,12.74,13.26,12.07,12.39,11.34,11.76,6.53,11.6
15/12/2017,10.12,10.2,9.22,9.42,12.38,12.99,11.67,11.88,11.59,12.96,9.23,10.57
18/12/2017,9.46,9.89,9.24,9.53,11.86,12.65,11.86,12.53,10.56,11.91,10.56,11.6
19/12/2017,9.4,10.15,9.18,10.03,12.53,13.06,12.41,12.82,11.59,11.73,8.77,11.45
20/12/2017,9.69,9.85,8.9,9.72,13.12,13.38,12.72,12.78,11.45,19.85,10.06,10.58
21/12/2017,9.59,9.86,9.2,9.62,13.14,13.14,12.25,12.65,10.58,11.69,10.37,11.4
22/12/2017,9.37,10.18,9.35,9.9,13.12,13.14,12.48,12.54,11.4,11.56,7.96,10.51
26/12/2017,10.19,10.46,10.13,10.25,14.33,14.35,13.56,13.64,10.51,11.39,10.07,10.91
27/12/2017,10.04,10.79,9.71,10.47,14.06,14.44,13.75,14.29,10.9,11.01,10.01,10.59
28/12/2017,10.29,10.44,10.07,10.18,14.29,14.66,14.12,14.62,10.59,11.36,9.63,11.02
29/12/2017,10.03,11.06,9.95,11.04,14.76,15.89,14.72,15.68,11.02,11.79,9.93,11.78
02/01/2018,10.95,11.07,9.52,9.77,16.15,16.27,14.87,14.93,11.78,12.0,9.76,11.05
03/01/2018,9.56,9.65,8.94,9.15,14.93,14.95,13.85,14.16,11.05,11.05,8.33,10.47
04/01/2018,9.01,9.31,8.92,9.22,14.06,14.56,13.72,13.97,10.49,10.56,9.47,10.09
05/01/2018,9.1,9.54,9.0,9.22,13.86,14.1,13.46,13.48,10.09,10.46,8.83,10.21
08/01/2018,9.61,9.89,9.32,9.52,13.93,14.34,13.75,13.84,10.21,10.71,9.75,10.52
09/01/2018,9.41,10.09,9.37,10.08,13.84,14.63,13.84,14.63,10.52,11.06,10.36,10.91
10/01/2018,10.11,10.85,9.82,9.82,14.63,15.66,14.63,15.28,10.91,12.38,9.73,10.66
11/01/2018,9.69,10.02,9.62,9.88,15.28,15.64,14.74,14.77,10.67,10.91,8.18,10.54
12/01/2018,9.74,10.31,9.54,10.16,15.4,15.53,14.53,14.57,10.54,11.22,10.47,10.9
16/01/2018,10.42,12.41,10.4,11.66,14.57,17.17,14.57,16.34,10.9,13.13,10.8,12.58
17/01/2018,11.35,12.8,11.18,11.91,16.5,16.71,15.93,16.2,12.58,13.31,10.84,12.99
18/01/2018,12.01,12.4,11.62,12.22,16.2,17.12,16.19,16.95,12.98,13.89,9.87,12.95
19/01/2018,12.3,12.33,11.17,11.27,16.95,17.08,15.97,16.17,12.95,13.26,10.74,12.07
22/01/2018,11.59,11.62,10.84,11.03,17.0,17.02,16.19,16.29,12.07,12.67,10.67,12.58
23/01/2018,10.77,11.57,10.76,11.1,16.29,17.32,16.29,16.75,12.58,13.03,9.64,12.76
24/01/2018,11.0,12.19,10.89,11.47,16.78,18.71,16.78,17.9,12.8,13.7,10.6,13.02
25/01/2018,11.27,12.01,11.2,11.58,17.9,18.56,17.81,18.25,12.99,13.23,9.11,13.22
26/01/2018,11.4,11.6,11.08,11.08,18.24,18.24,17.52,17.52,13.21,13.61,11.24,12.73
29/01/2018,11.71,13.84,11.68,13.84,18.26,19.57,18.18,19.22,12.72,14.91,10.91,14.89
30/01/2018,13.93,15.42,13.88,14.79,19.22,20.72,19.22,20.35,14.89,16.62,11.28,15.64
31/01/2018,14.23,14.44,13.41,13.54,20.34,20.34,19.07,19.65,15.64,15.83,11.05,14.67
01/02/2018,13.05,14.3,12.5,13.47,19.6,20.24,17.61,19.15,14.65,15.14,10.29,14.6
02/02/2018,13.64,17.86,13.64,17.31,19.11,20.83,18.34,20.66,14.59,17.65,11.72,17.32
05/02/2018,18.44,38.8,16.8,37.32,20.67,33.11,19.55,33.02,17.44,28.07,13.48,22.9
06/02/2018,37.32,50.3,22.42,29.98,33.02,38.18,22.87,26.7,22.69,35.51,19.89,25.35
07/02/2018,31.38,31.64,21.17,27.73,27.13,27.13,19.94,24.73,25.34,25.34,15.25,21.49
08/02/2018,27.29,36.17,24.41,33.46,24.93,35.49,23.04,33.89,21.53,32.39,20.36,28.43
09/02/2018,32.18,41.06,27.73,29.06,31.88,37.75,28.76,29.62,28.73,40.21,24.29,28.2
12/02/2018,27.25,29.7,24.42,25.61,28.6,31.19,24.13,24.94,28.2,29.99,23.55,26.39
13/02/2018,26.94,27.82,24.47,24.97,24.94,26.1,23.45,23.71,26.39,27.66,19.78,23.93
14/02/2018,23.48,25.72,18.99,19.26,23.67,24.07,19.84,20.87,25.59,25.59,15.02,21.29
15/02/2018,18.39,20.66,17.6,19.13,20.86,22.06,19.18,20.85,21.28,21.62,18.7,20.04
16/02/2018,18.74,20.99,17.44,19.46,20.5,21.32,18.87,20.46,20.2,20.2,14.6,18.83
20/02/2018,20.53,21.61,19.75,20.6,20.46,22.51,20.46,21.67,18.83,20.51,17.73,19.8
21/02/2018,20.76,21.04,16.97,20.02,21.63,22.74,18.93,22.49,19.81,19.83,12.18,19.56
22/02/2018,20.57,20.61,18.07,18.72,22.0,22.5,20.61,20.91,19.55,19.58,14.12,18.25
23/02/2018,17.96,18.8,16.47,16.49,20.91,21.14,17.59,18.16,18.25,18.68,12.51,16.19
26/02/2018,16.53,16.94,15.8,15.8,18.15,19.46,18.12,18.12,16.2,16.48,13.91,15.83
27/02/2018,15.83,18.98,15.29,18.59,18.11,21.12,18.11,20.49,15.76,18.45,14.66,17.98
28/02/2018,18.08,20.44,15.65,19.85,20.53,22.88,18.9,22.01,18.01,18.82,13.13,18.26
01/03/2018,19.96,25.3,19.57,22.47,22.01,27.28,21.88,24.74,18.27,23.15,12.71,20.86
02/03/2018,22.47,26.22,19.36,19.59,24.76,28.28,20.68,21.53,20.94,23.68,17.1,19.46
05/03/2018,21.55,21.57,17.94,18.73,22.73,23.41,20.27,20.6,19.41,20.5,13.69,18.63
06/03/2018,18.25,19.64,17.68,18.36,20.08,21.48,19.3,20.6,18.64,19.27,12.59,18.37
07/03/2018,20.11,20.49,17.52,17.76,20.6,22.12,20.12,20.43,18.37,19.62,12.9,18.36
08/03/2018,17.56,17.68,14.91,16.54,19.93,20.49,19.12,19.26,18.37,18.37,16.64,17.67
09/03/2018,16.41,16.75,13.31,14.64,19.26,19.26,17.14,17.3,17.67,17.67,11.68,15.66
12/03/2018,15.28,16.35,15.18,15.78,16.72,17.89,16.46,17.56,15.64,15.64,14.23,14.72
13/03/2018,15.7,16.98,15.03,16.35,17.56,19.55,17.08,19.24,14.72,16.03,11.83,15.45
14/03/2018,16.59,17.59,14.94,17.23,18.95,19.96,18.15,19.52,15.47,18.23,15.23,16.24
15/03/2018,16.99,17.41,15.96,16.59,19.52,19.81,18.41,18.45,16.24,16.59,14.31,16.08
16/03/2018,16.6,16.72,15.23,15.8,18.8,18.83,17.15,17.64,16.13,17.64,14.47,15.02
19/03/2018,16.63,21.87,16.56,19.02,20.02,24.31,19.67,22.06,15.02,19.14,15.02,17.85
20/03/2018,18.38,19.31,18.09,18.2,22.06,23.51,21.76,22.13,17.85,18.42,17.53,17.85
21/03/2018,17.76,18.37,16.26,17.86,22.11,23.16,19.76,22.06,17.84,18.42,12.23,17.65
22/03/2018,18.13,23.81,18.12,23.34,25.04,26.83,23.97,26.63,17.65,22.38,16.25,22.06
23/03/2018,24.02,26.01,21.63,24.87,26.63,29.84,24.71,28.35,22.06,23.98,17.08,22.89
26/03/2018,23.41,24.54,20.71,21.03,28.31,29.15,24.85,25.15,22.96,23.98,20.03,21.45
27/03/2018,20.33,24.06,19.84,22.5,24.21,30.75,24.05,29.01,21.4,24.6,18.52,23.84
28/03/2018,22.52,24.94,21.71,22.87,29.01,33.63,29.01,30.19,23.84,25.76,17.27,24.35
29/03/2018,22.87,23.05,19.6,19.97,30.19,30.33,25.79,26.68,24.35,24.35,18.56,21.53
02/04/2018,21.07,25.72,20.44,23.62,28.68,31.6,28.02,29.92,21.55,26.64,18.55,24.74
03/04/2018,23.03,23.38,20.92,21.1,29.92,30.72,27.28,28.05,24.74,24.74,20.81,22.33
04/04/2018,21.68,24.51,19.86,20.06,30.81,30.81,25.82,26.29,22.32,25.31,21.23,21.49
05/04/2018,19.76,20.21,18.57,18.94,26.24,26.24,24.84,25.03,21.47,24.24,10.94,20.2
06/04/2018,20.33,23.12,18.6,21.49,26.43,28.68,25.41,27.43,20.28,25.83,18.35,23.13
09/04/2018,21.27,22.02,20.34,21.77,27.43,27.66,25.41,26.95,23.13,24.02,16.72,23.18
10/04/2018,20.51,21.68,20.24,20.47,26.95,26.98,24.93,25.15,23.18,27.55,13.97,22.04
11/04/2018,20.95,21.66,19.64,20.24,25.14,25.66,24.2,24.69,22.02,23.8,14.78,22.08
12/04/2018,19.83,19.92,18.16,18.49,24.34,24.38,22.72,22.9,22.09,22.75,19.4,20.21
13/04/2018,18.27,18.45,17.26,17.41,22.9,22.97,21.71,22.06,20.21,20.21,18.56,19.24
16/04/2018,17.59,17.66,16.38,16.56,22.07,22.44,20.35,20.45,19.27,21.42,17.04,18.61
17/04/2018,16.16,16.27,14.57,15.25,20.34,20.34,19.25,19.43,18.61,18.61,13.91,17.66
18/04/2018,15.3,16.9,14.95,15.6,19.43,20.34,19.37,19.38,17.66,19.26,14.35,17.88
19/04/2018,15.55,16.92,15.16,15.96,20.31,21.08,19.4,20.16,17.86,20.42,9.76,17.77
20/04/2018,16.16,17.5,15.19,16.88,20.47,22.38,20.42,21.63,17.77,20.69,16.02,18.56
23/04/2018,17.29,17.56,15.79,16.34,22.11,23.16,21.28,22.12,18.56,18.81,15.31,17.63
24/04/2018,16.16,19.66,15.37,18.02,22.04,25.25,21.72,23.62,17.63,20.4,16.57,18.8
25/04/2018,18.14,19.84,17.75,17.84,23.62,25.6,22.48,23.07,18.8,20.16,13.62,18.63
26/04/2018,18.07,18.12,16.24,16.24,23.07,23.07,20.36,20.36,18.61,20.03,16.65,17.41
27/04/2018,16.22,16.77,15.25,15.41,20.35,22.43,20.35,20.52,17.4,18.1,15.78,16.89
30/04/2018,15.39,16.35,15.13,15.93,20.52,21.68,20.46,21.06,16.89,22.07,16.15,17.64
01/05/2018,15.78,16.82,15.42,15.49,21.06,21.76,19.68,19.71,17.64,19.0,16.44,17.33
02/05/2018,15.48,15.97,14.75,15.97,20.1,20.52,18.84,19.76,17.35,17.75,15.89,17.53
03/05/2018,15.78,18.66,15.43,15.9,20.44,21.87,19.65,19.65,17.53,19.81,17.05,17.44
04/05/2018,15.94,16.92,10.91,14.77,19.65,20.63,18.35,18.41,17.44,18.05,15.9,16.53
07/05/2018,15.32,15.52,14.51,14.75,18.97,19.23,18.33,18.71,16.52,17.08,13.66,16.5
08/05/2018,14.53,15.56,14.52,14.71,18.71,19.25,18.47,18.48,16.5,17.72,13.54,16.2
09/05/2018,14.54,14.63,13.38,13.42,18.42,19.12,17.6,17.62,16.2,16.27,12.93,15.4
10/05/2018,13.36,13.63,12.92,13.23,17.63,17.79,16.3,16.38,15.4,15.4,12.19,14.97
11/05/2018,13.22,13.44,12.65,12.65,16.38,17.01,15.98,16.19,14.97,15.12,14.08,14.62
14/05/2018,12.95,13.28,12.81,12.93,15.9,16.79,15.85,16.08,14.61,14.78,13.54,14.2
15/05/2018,13.13,15.01,12.5,14.63,16.08,18.24,16.08,17.51,14.2,20.32,13.23,15.62
16/05/2018,14.38,14.91,13.21,13.42,17.46,17.95,16.71,16.71,15.65,15.65,14.03,14.62
17/05/2018,13.54,13.86,12.65,13.43,17.59,17.68,16.26,17.19,14.62,15.08,10.26,14.2
18/05/2018,13.18,13.87,13.06,13.42,17.19,17.53,16.74,16.87,14.2,14.78,11.53,14.28
21/05/2018,13.44,13.59,12.78,13.08,17.0,17.53,16.56,16.92,14.28,15.84,10.9,14.07
22/05/2018,13.03,13.42,12.77,13.22,16.23,17.23,16.22,16.92,14.07,14.42,12.64,14.21
23/05/2018,13.5,14.6,12.49,12.58,17.88,18.07,16.27,16.27,14.21,15.22,12.8,13.54
24/05/2018,12.73,14.24,12.53,12.53,16.27,17.64,15.82,15.82,13.54,14.93,13.38,13.4
25/05/2018,12.44,13.52,12.29,13.22,15.83,16.61,15.79,16.06,13.41,14.14,13.14,13.91
29/05/2018,14.39,18.78,14.39,17.02,17.63,19.4,17.47,18.42,13.94,19.99,13.94,17.29
30/05/2018,16.6,16.64,14.65,14.94,18.42,18.42,16.96,17.07,17.29,17.29,15.05,15.55
31/05/2018,14.93,16.29,14.2,15.43,17.07,17.86,16.53,16.78,15.56,20.5,15.43,16.15
01/06/2018,14.92,14.93,13.37,13.46,16.48,16.49,15.0,15.11,16.14,17.16,14.25,14.37
04/06/2018,13.91,13.91,12.69,12.74,15.11,15.98,15.11,15.49,14.37,20.97,13.97,14.16
05/06/2018,12.91,13.34,12.3,12.4,15.5,16.05,15.15,15.33,14.18,14.58,13.93,14.02
06/06/2018,12.1,12.56,11.62,11.64,15.32,15.75,14.93,15.51,14.01,23.92,13.31,13.31
07/06/2018,11.66,13.28,11.22,12.13,15.53,16.88,15.53,16.45,13.31,17.43,12.94,13.46
08/06/2018,12.54,13.31,12.09,12.18,16.41,19.94,16.3,16.51,13.47,17.79,13.2,13.53
11/06/2018,12.52,12.69,12.14,12.35,16.51,17.25,15.98,16.45,13.54,25.94,11.63,12.9
12/06/2018,12.29,12.6,11.88,12.34,16.43,16.43,15.18,15.7,12.88,13.19,12.54,12.81
13/06/2018,12.13,12.95,11.98,12.94,15.7,17.15,15.45,16.32,12.81,31.1,12.56,12.96
14/06/2018,12.98,13.07,11.88,12.12,16.33,16.33,15.49,15.94,12.96,13.16,12.4,12.71
15/06/2018,12.19,13.16,11.93,11.98,16.11,17.36,15.07,15.42,12.71,29.66,12.69,12.73
18/06/2018,12.79,13.74,12.28,12.31,15.42,17.92,15.42,16.82,12.73,14.5,12.73,13.03
19/06/2018,14.61,14.68,13.21,13.35,18.71,19.24,17.29,17.29,13.02,15.77,13.02,14.84
20/06/2018,12.9,13.02,12.25,12.79,17.29,17.36,16.73,16.89,14.84,25.37,14.03,14.47
21/06/2018,12.54,15.18,12.18,14.64,16.89,19.07,16.89,18.89,14.47,22.62,14.47,15.8
22/06/2018,14.6,14.6,13.11,13.77,18.91,19.2,17.83,18.38,15.83,22.43,14.47,14.83
25/06/2018,15.07,19.61,14.56,17.33,20.41,24.17,20.09,21.94,14.82,25.76,14.82,17.71
26/06/2018,16.71,17.54,15.1,15.92,21.94,22.09,20.22,20.51,17.71,26.78,15.99,16.63
27/06/2018,16.52,18.19,14.76,17.91,20.09,23.17,19.66,22.75,16.65,32.38,15.58,17.93
28/06/2018,17.54,18.99,16.4,16.85,22.75,23.62,21.31,21.76,17.93,21.55,16.71,17.13
29/06/2018,15.73,16.51,14.66,16.09,20.91,21.66,20.09,20.88,17.13,28.17,15.28,16.34
02/07/2018,17.7,18.08,15.54,15.6,22.7,23.21,20.79,20.81,16.34,27.38,16.21,16.21
03/07/2018,15.37,16.45,14.68,16.14,20.81,21.82,20.53,21.79,16.21,22.5,15.53,16.79
05/07/2018,15.62,16.22,14.47,14.97,21.1,21.79,20.35,20.35,16.79,24.71,15.83,16.01
06/07/2018,14.99,15.45,13.34,13.37,20.35,20.6,18.43,18.72,16.01,18.97,14.67,14.7
09/07/2018,13.42,13.45,12.6,12.69,18.79,19.03,17.91,17.91,14.72,16.4,13.82,14.0
10/07/2018,12.52,13.21,11.93,12.64,18.12,18.51,17.87,17.9,14.0,14.2,13.55,13.61
11/07/2018,14.05,14.15,13.09,13.63,17.9,19.06,17.9,18.27,13.61,14.95,13.6,14.6
12/07/2018,13.07,13.33,12.42,12.58,18.3,18.3,17.0,17.12,14.65,14.65,13.56,13.73
13/07/2018,12.39,12.97,11.62,12.18,17.11,17.47,16.81,16.88,13.73,14.0,12.94,13.15
16/07/2018,12.46,12.97,12.13,12.83,17.36,17.72,17.09,17.72,13.14,13.68,12.99,13.1
17/07/2018,12.91,13.18,11.85,12.06,18.13,18.18,16.52,16.71,13.1,13.7,11.8,12.92
18/07/2018,11.87,12.47,11.44,12.1,16.66,17.26,16.48,16.53,12.92,13.41,12.15,13.12
19/07/2018,12.2,13.09,11.79,12.87,17.03,17.53,16.87,17.35,13.12,13.97,12.28,13.48
20/07/2018,13.0,13.58,12.49,12.86,17.2,17.42,16.9,17.11,13.48,14.18,13.22,13.53
23/07/2018,13.47,13.55,12.58,12.62,17.11,18.32,16.3,16.49,13.53,14.35,13.53,13.6
24/07/2018,12.61,13.21,11.66,12.41,16.48,17.54,15.79,17.13,13.62,14.11,11.54,13.4
25/07/2018,12.37,12.82,11.8,12.29,17.13,17.82,15.99,16.67,13.45,22.17,12.93,13.29
26/07/2018,12.45,12.53,11.78,12.14,16.64,17.78,16.34,16.87,13.29,19.69,12.93,13.22
27/07/2018,12.17,14.26,11.6,13.03,16.84,19.8,16.76,18.72,13.22,19.32,12.06,13.58
30/07/2018,13.63,14.46,12.98,14.26,19.31,21.17,19.23,20.44,13.58,14.97,13.58,14.89
31/07/2018,13.98,14.12,12.81,12.83,20.44,20.55,19.09,19.17,14.89,17.1,13.35,13.98
01/08/2018,13.09,13.63,12.45,13.15,19.19,19.39,18.19,18.49,13.98,20.56,12.83,14.48
02/08/2018,13.57,14.53,12.17,12.19,19.17,19.38,16.31,16.31,14.48,16.17,13.83,13.91
03/08/2018,12.43,12.46,11.07,11.64,16.1,16.56,15.81,15.81,13.91,14.1,12.61,13.44
06/08/2018,11.91,12.15,11.17,11.27,16.43,16.51,15.47,15.47,13.44,14.15,13.32,13.37
07/08/2018,11.12,11.24,10.52,10.93,15.31,15.38,14.72,14.76,13.37,13.37,12.39,12.76
08/08/2018,10.93,11.18,10.52,10.85,14.76,15.29,14.66,14.83,12.76,13.06,11.92,12.75
09/08/2018,10.94,11.31,10.17,11.27,15.03,15.12,14.58,14.91,12.77,13.22,11.85,13.12
10/08/2018,11.82,13.82,11.59,13.16,16.0,16.85,15.73,16.22,13.12,14.85,13.12,14.36
13/08/2018,14.5,15.02,12.95,14.78,16.22,16.97,15.26,16.52,14.36,16.01,13.51,15.62
14/08/2018,13.93,14.22,13.11,13.31,16.37,16.76,15.14,15.16,15.62,15.62,13.48,13.98
15/08/2018,13.52,16.86,13.44,14.64,16.72,19.1,16.45,17.19,13.98,19.34,13.1,14.96
16/08/2018,14.18,14.36,12.82,13.45,16.53,16.83,15.66,16.43,14.96,14.96,10.73,13.49
17/08/2018,13.18,13.96,12.4,12.64,16.99,17.36,15.69,15.86,13.49,13.94,12.57,12.96
20/08/2018,12.57,12.79,12.26,12.49,16.61,16.91,16.1,16.29,12.96,13.18,9.54,12.98
21/08/2018,12.47,12.89,12.09,12.86,16.29,16.29,15.55,16.22,12.98,24.35,10.35,13.52
22/08/2018,13.09,13.29,11.97,12.25,16.24,16.68,15.5,15.64,13.52,13.52,10.1,12.75
23/08/2018,12.03,12.68,11.65,12.41,15.98,16.27,15.37,15.79,12.79,21.9,10.34,12.87
24/08/2018,12.13,12.17,11.83,11.99,15.62,15.8,15.15,15.16,12.87,13.15,9.64,12.55
27/08/2018,12.37,12.48,12.02,12.16,15.43,15.94,15.42,15.6,12.55,13.14,9.27,12.78
28/08/2018,12.01,12.5,11.87,12.5,15.49,15.79,15.24,15.42,12.78,24.2,10.31,13.07
29/08/2018,12.34,12.55,12.09,12.25,15.36,15.6,15.13,15.27,13.07,13.34,9.27,12.97
30/08/2018,12.25,13.95,12.24,13.53,15.27,16.23,15.17,16.02,12.97,16.72,8.62,13.94
31/08/2018,13.54,14.03,12.82,12.86,16.21,16.69,15.99,16.04,13.48,14.27,10.91,13.37
04/09/2018,13.13,14.35,13.12,13.16,17.67,18.18,17.1,17.1,13.37,17.26,8.76,13.83
05/09/2018,13.69,14.3,13.23,13.91,17.49,19.07,17.49,18.65,13.83,23.56,11.44,14.49
06/09/2018,14.21,15.41,13.72,14.65,18.65,20.52,18.57,19.17,14.49,24.2,11.08,14.77
07/09/2018,14.72,15.63,14.31,14.88,19.19,20.51,18.95,19.76,14.77,20.75,10.49,15.04
10/09/2018,15.09,15.2,13.93,14.16,19.65,20.28,18.93,19.04,15.03,15.03,11.64,14.57
11/09/2018,13.96,14.92,13.21,13.22,19.04,20.02,17.72,17.83,14.57,15.32,10.35,13.91
12/09/2018,13.07,13.86,12.91,13.14,17.82,19.17,17.31,17.47,13.92,15.05,9.89,13.87
13/09/2018,12.91,12.91,12.3,12.37,16.75,17.2,16.41,16.45,13.87,13.87,9.98,13.36
14/09/2018,12.13,13.15,11.93,12.07,16.45,16.8,16.05,16.12,13.36,13.49,8.03,12.9
17/09/2018,12.72,13.75,12.32,13.68,16.52,18.54,16.5,18.5,12.88,14.31,11.56,14.16
18/09/2018,13.48,13.48,12.56,12.79,18.09,18.31,16.98,17.35,14.16,14.16,7.48,13.34
19/09/2018,12.61,12.77,11.66,11.75,17.3,18.23,16.87,16.9,13.34,13.34,9.15,12.34
20/09/2018,11.82,11.96,11.31,11.8,16.9,16.9,16.03,16.2,12.34,12.89,8.89,12.75
21/09/2018,11.76,12.03,11.1,11.68,16.2,16.84,15.61,16.84,12.75,12.84,8.31,12.41
24/09/2018,12.46,12.92,12.18,12.2,16.74,19.05,16.74,17.25,12.44,13.65,8.69,12.97
25/09/2018,12.28,12.6,11.8,12.42,17.39,17.88,17.07,17.07,12.98,13.53,8.68,13.37
26/09/2018,12.21,13.13,11.55,12.89,16.91,17.67,16.29,17.4,13.37,16.46,10.85,13.39
27/09/2018,12.77,13.0,11.94,12.41,16.88,17.13,16.58,16.75,13.39,13.49,11.04,13.33
28/09/2018,12.59,13.22,12.09,12.12,17.2,17.67,16.53,16.58,13.33,13.98,11.12,13.16
01/10/2018,11.99,12.4,11.57,12.0,16.86,17.51,16.49,17.09,13.16,13.76,11.41,13.43
02/10/2018,12.47,12.69,11.61,12.05,17.46,17.85,16.8,17.55,13.43,13.71,11.49,13.53
03/10/2018,11.66,12.14,11.34,11.61,17.33,17.81,16.98,17.5,13.53,13.85,11.72,13.08
04/10/2018,12.84,15.84,12.42,14.22,18.28,21.71,18.28,20.12,13.08,16.98,12.39,15.31
05/10/2018,14.29,17.36,11.72,14.82,20.31,23.86,19.35,21.5,15.31,19.5,14.7,15.63
08/10/2018,16.05,18.38,15.69,15.69,21.5,24.7,21.5,22.19,15.63,24.14,13.6,16.03
09/10/2018,16.12,17.49,15.27,15.95,22.19,22.71,20.88,21.62,16.04,18.26,14.61,16.26
10/10/2018,16.03,22.96,15.83,22.96,21.63,27.63,21.63,27.53,16.26,27.07,15.66,21.92
11/10/2018,23.07,28.84,20.65,24.98,28.02,29.96,25.68,27.76,21.75,25.65,20.0,24.17
12/10/2018,21.63,26.8,20.88,21.31,25.13,27.59,24.38,24.69,24.17,24.87,19.62,20.73
15/10/2018,21.97,22.89,19.47,21.3,26.24,27.68,24.86,26.81,20.73,23.75,19.62,21.5
16/10/2018,20.28,20.56,17.55,17.62,25.21,25.41,22.39,22.51,21.5,23.92,17.86,18.1
17/10/2018,17.06,19.55,17.06,17.4,22.51,25.12,22.51,22.93,18.1,23.79,17.47,18.06
18/10/2018,18.02,21.57,17.51,20.06,23.93,27.14,23.9,26.08,18.08,28.91,18.05,20.36
19/10/2018,19.24,21.08,18.39,19.89,26.08,26.27,23.88,25.77,20.36,27.59,17.66,20.09
22/10/2018,19.38,20.89,18.82,19.64,25.39,26.63,24.57,25.16,19.77,30.07,19.0,20.13
23/10/2018,22.18,24.66,20.18,20.71,28.54,29.27,24.91,25.26,20.13,26.65,19.74,20.91
24/10/2018,21.6,26.38,20.4,25.23,25.26,32.18,25.26,30.25,20.91,28.5,20.27,23.0
25/10/2018,24.78,24.78,22.06,24.22,29.24,29.98,27.23,29.54,23.99,27.97,21.68,23.22
26/10/2018,24.51,27.52,23.33,24.16,30.77,33.39,28.57,29.87,23.22,30.72,22.25,23.98
29/10/2018,24.48,27.86,22.01,24.7,29.87,35.3,27.83,31.75,23.98,32.01,21.1,24.72
30/10/2018,23.94,25.55,23.11,23.35,32.83,33.05,30.53,30.73,24.66,30.54,19.22,23.5
31/10/2018,22.72,22.8,20.39,21.23,28.78,29.12,27.2,29.12,23.5,23.5,16.11,21.65
01/11/2018,20.96,21.21,19.03,19.34,28.28,28.95,26.09,26.12,21.65,21.65,13.74,19.91
02/11/2018,18.52,21.61,18.05,19.51,26.12,28.65,24.69,26.65,19.91,30.34,13.81,20.0
05/11/2018,20.58,20.87,19.64,19.96,27.62,28.95,27.04,27.26,19.98,29.59,13.71,20.21
06/11/2018,19.84,20.6,19.69,19.91,27.57,27.58,26.11,26.17,20.21,20.38,14.11,19.67
07/11/2018,18.03,18.05,16.33,16.36,24.74,24.87,22.33,22.39,19.67,26.49,16.51,16.59
08/11/2018,16.18,17.2,16.09,16.72,22.81,23.24,22.29,22.86,16.59,26.89,16.34,16.79
09/11/2018,16.87,18.41,16.84,17.36,23.79,25.2,23.68,24.27,16.79,25.82,16.07,17.21
12/11/2018,17.26,20.71,17.25,20.45,25.77,28.63,25.58,28.11,17.21,33.17,13.76,20.32
13/11/2018,19.45,21.25,19.11,20.02,27.19,28.43,26.38,27.68,20.32,22.23,15.57,19.69
14/11/2018,20.52,22.36,19.3,21.25,26.71,29.35,26.7,28.37,19.69,32.73,12.25,20.9
15/11/2018,20.41,22.97,19.94,19.98,28.26,29.09,25.91,26.05,20.9,25.54,4.07,19.47
16/11/2018,20.04,21.36,18.1,18.14,27.43,27.66,24.38,24.38,19.47,30.85,8.51,17.95
19/11/2018,18.78,20.99,18.52,20.1,25.98,28.56,25.92,27.44,17.95,20.75,14.35,19.96
20/11/2018,20.76,23.81,20.37,22.48,29.49,30.89,27.9,28.77,19.96,24.36,14.7,22.11
21/11/2018,21.66,22.31,20.11,20.8,27.6,28.24,26.33,26.96,22.11,22.11,15.21,20.58
23/11/2018,21.23,22.65,20.65,21.52,27.94,27.98,27.26,27.93,20.58,21.95,18.24,21.17
26/11/2018,20.78,20.8,18.67,18.9,27.93,27.93,25.79,26.02,21.17,21.17,15.71,19.22
27/11/2018,19.57,19.78,18.7,19.02,26.04,26.65,24.59,24.73,19.25,20.21,17.81,19.41
28/11/2018,18.73,19.38,18.18,18.49,24.31,24.89,23.59,24.11,19.41,22.92,16.53,18.88
29/11/2018,19.22,20.48,18.62,18.79,24.25,25.29,24.11,24.33,18.88,24.12,18.27,18.69
30/11/2018,19.38,19.38,18.03,18.07,24.33,25.27,23.9,24.02,18.69,23.21,18.06,18.13
04/12/2018,16.65,21.94,16.26,20.74,22.17,25.69,21.63,25.38,17.3,25.63,16.78,20.97
06/12/2018,24.66,25.94,20.94,21.19,28.1,28.64,25.7,25.97,20.97,28.41,20.97,21.83
07/12/2018,21.15,24.71,19.9,23.23,25.97,28.82,24.89,28.03,21.83,32.64,19.68,23.37
10/12/2018,23.62,25.94,22.5,22.64,28.79,30.07,27.1,27.2,23.43,29.02,21.22,22.77
11/12/2018,21.61,23.6,21.39,21.76,26.1,27.66,25.78,26.77,22.77,25.13,20.68,22.46
12/12/2018,21.0,21.62,20.5,21.46,25.74,26.74,24.91,26.3,22.46,22.46,20.99,21.88
13/12/2018,20.84,21.38,20.34,20.65,25.98,26.54,25.42,25.8,21.88,22.64,19.77,21.05
14/12/2018,21.47,22.47,20.95,21.63,25.8,27.93,25.8,27.62,21.05,26.86,20.87,21.9
17/12/2018,23.22,25.88,22.43,24.52,28.59,31.05,27.83,30.07,21.9,25.17,21.9,24.02
18/12/2018,24.28,26.14,23.69,25.58,29.71,29.92,27.92,29.31,24.02,29.06,23.01,24.35
19/12/2018,25.97,26.64,22.5,25.58,29.62,30.98,27.76,29.43,24.35,26.57,22.13,23.98
20/12/2018,26.03,30.3,25.35,28.38,29.69,32.72,28.76,31.0,23.98,28.0,23.86,26.66
21/12/2018,28.66,31.35,25.71,30.11,31.73,34.57,30.22,33.87,26.66,28.78,16.03,28.19
24/12/2018,31.21,36.1,31.02,36.07,35.64,38.7,35.36,38.68,28.19,32.14,21.38,32.02
26/12/2018,34.45,36.2,29.59,30.41,37.6,38.58,33.11,33.7,32.02,32.91,26.13,28.14
27/12/2018,32.24,33.8,29.66,29.96,35.69,38.55,34.15,34.37,28.18,31.32,22.68,28.12
28/12/2018,29.64,31.05,27.43,28.34,34.37,35.07,32.69,34.2,28.12,28.98,19.42,26.78
31/12/2018,27.19,27.29,25.33,25.42,33.83,33.92,31.44,31.44,25.73,28.47,22.29,24.53
02/01/2019,27.67,27.72,23.05,23.22,34.01,34.01,30.09,30.09,24.53,26.58,17.61,23.06
03/01/2019,24.67,26.57,24.05,25.45,31.43,32.94,31.01,32.18,23.06,25.61,14.92,25.47
04/01/2019,23.72,24.08,21.19,21.38,30.62,30.99,28.23,28.57,25.47,25.47,17.39,22.16
07/01/2019,22.11,22.27,20.91,21.4,29.47,29.55,28.24,28.53,22.16,23.19,14.28,22.47
08/01/2019,20.66,22.03,20.09,20.47,27.84,29.42,27.58,27.66,22.47,22.63,13.41,21.17
09/01/2019,20.13,22.8,19.48,19.98,27.41,27.77,26.22,26.42,21.17,21.51,14.35,20.76
10/01/2019,20.8,21.32,19.29,19.5,26.42,27.65,25.7,25.91,20.76,21.78,11.79,19.64
11/01/2019,20.02,20.16,18.12,18.19,26.56,26.66,24.72,24.78,19.66,24.73,18.85,18.96
14/01/2019,19.96,19.99,18.7,19.07,26.69,27.17,25.08,25.74,18.96,20.75,9.17,19.3
15/01/2019,19.03,19.05,17.98,18.6,25.44,25.54,23.49,23.66,19.3,20.71,12.48,18.92
16/01/2019,18.84,19.04,18.19,19.04,23.66,24.14,23.09,24.07,18.92,18.96,16.9,18.94
17/01/2019,19.29,19.36,17.85,18.06,24.3,24.42,22.62,23.34,18.97,19.42,12.63,17.83
18/01/2019,17.4,18.18,17.17,17.8,22.54,23.06,21.48,21.89,17.83,17.86,13.51,17.59
22/01/2019,18.65,21.15,18.43,20.8,23.66,26.03,23.6,25.02,17.59,20.69,14.65,20.43
23/01/2019,19.94,22.02,19.47,19.52,25.02,26.6,24.08,24.5,20.43,21.55,14.5,19.48
24/01/2019,19.98,20.25,18.63,18.89,24.35,24.76,22.99,23.49,19.5,20.33,12.13,19.57
25/01/2019,18.0,18.16,17.31,17.42,23.49,23.49,21.7,21.78,19.57,19.76,13.04,18.75
28/01/2019,19.38,20.42,18.87,18.87,21.78,24.68,21.78,23.43,18.75,21.07,12.73,19.53
29/01/2019,18.81,19.93,18.71,19.13,23.43,24.38,23.34,23.86,19.51,20.04,12.27,19.31
30/01/2019,18.9,19.31,17.54,17.66,23.85,23.85,20.65,21.18,19.3,19.3,13.82,17.73
31/01/2019,17.54,17.72,16.54,16.57,21.08,21.21,19.62,20.24,17.72,18.17,13.82,17.11
01/02/2019,16.37,16.73,16.08,16.14,20.24,20.69,19.53,19.8,17.11,17.2,13.25,16.73
04/02/2019,16.64,16.69,15.6,15.73,19.8,20.6,19.34,19.68,16.73,17.28,16.01,16.26
05/02/2019,15.77,15.94,15.04,15.57,19.41,19.8,19.04,19.47,16.26,16.35,12.3,15.85
06/02/2019,15.44,15.87,15.09,15.38,19.47,20.23,19.26,19.74,15.85,15.85,12.91,15.54
07/02/2019,15.66,17.89,15.51,16.37,19.75,21.96,19.75,20.92,15.54,17.34,15.54,16.36
08/02/2019,16.81,17.63,15.62,15.72,20.92,22.19,19.79,20.04,16.36,17.19,14.84,15.84
11/02/2019,16.17,16.5,15.34,15.97,20.04,20.8,19.92,20.07,15.84,16.45,15.32,16.02
12/02/2019,15.23,15.65,14.95,15.43,20.06,20.06,18.56,18.69,16.03,16.03,9.34,15.29
13/02/2019,15.46,15.91,15.0,15.65,18.69,19.32,18.48,19.0,15.29,15.71,14.56,15.56
14/02/2019,15.61,17.27,15.3,16.22,19.0,20.66,18.68,19.02,15.58,16.61,14.33,15.82
15/02/2019,16.82,16.82,14.79,14.91,19.05,19.05,17.68,17.7,15.83,15.83,12.7,14.9
19/02/2019,15.65,16.16,14.64,14.88,17.69,19.07,17.69,18.1,14.9,16.04,14.61,15.12
21/02/2019,14.0,15.17,13.85,14.46,18.01,19.17,17.85,18.19,14.49,15.21,11.89,14.53
22/02/2019,14.46,14.47,13.51,13.51,17.89,18.01,16.87,16.95,14.54,14.54,13.88,14.11
25/02/2019,13.91,14.9,13.44,14.85,16.81,17.88,16.67,17.81,14.11,15.79,14.08,15.02
26/02/2019,15.16,15.28,14.52,15.17,17.81,18.39,17.62,18.11,15.02,20.42,14.54,15.19
27/02/2019,15.53,16.17,14.7,14.7,18.41,19.32,17.57,17.6,15.21,17.82,14.63,14.8
28/02/2019,15.17,15.24,14.39,14.7,18.15,19.32,17.15,17.17,14.8,16.54,14.15,14.77
01/03/2019,14.57,14.84,13.41,13.57,16.78,17.25,16.05,16.12,14.77,14.85,12.52,14.03
04/03/2019,14.57,16.98,13.38,14.63,16.12,19.3,16.12,17.36,14.03,18.47,14.03,15.51
05/03/2019,14.52,15.39,14.26,14.74,16.12,19.3,16.12,17.51,15.52,16.08,15.52,15.81
06/03/2019,14.91,16.11,14.74,15.74,17.06,18.54,17.06,18.23,15.23,16.32,15.23,15.96
07/03/2019,16.33,17.81,15.54,16.59,18.24,20.18,18.24,19.59,15.96,17.7,15.96,16.8
08/03/2019,17.38,18.33,16.02,16.05,19.62,21.2,19.12,19.12,16.8,21.08,15.08,16.18
11/03/2019,16.28,16.43,14.33,14.33,19.15,19.15,16.34,16.36,16.18,17.87,15.24,15.71
12/03/2019,13.97,14.7,13.61,13.77,16.36,16.62,15.62,15.76,15.71,15.96,14.55,15.14
13/03/2019,14.0,14.05,13.25,13.41,15.6,15.78,15.3,15.38,15.12,20.95,14.4,14.66
14/03/2019,13.35,13.84,13.16,13.5,15.38,15.8,15.27,15.65,14.66,17.84,14.13,14.41
15/03/2019,13.21,13.28,12.5,12.88,15.65,15.65,14.55,15.12,14.39,17.44,13.22,13.81
18/03/2019,13.13,13.8,13.0,13.1,15.15,16.82,15.15,16.18,13.84,14.68,13.84,14.03
19/03/2019,12.89,13.77,12.37,13.56,16.17,17.07,15.94,16.73,14.03,21.12,12.52,14.5
20/03/2019,13.54,14.3,13.05,13.91,16.73,17.3,16.14,16.64,14.49,21.22,14.25,14.88
21/03/2019,14.11,14.56,13.26,13.63,17.06,17.19,16.28,16.59,14.9,18.09,14.41,14.51
22/03/2019,13.77,17.52,13.62,16.48,16.59,20.42,16.59,19.83,14.51,18.85,14.36,17.43
25/03/2019,17.76,17.85,16.26,16.33,19.84,21.63,19.44,19.44,17.41,18.4,16.91,16.93
26/03/2019,16.22,16.3,14.67,14.68,19.43,19.43,18.23,18.63,16.92,16.92,14.85,15.66
27/03/2019,14.52,16.71,14.51,15.15,18.63,20.09,18.38,18.74,15.66,17.95,15.49,15.97
28/03/2019,15.38,15.62,14.41,14.43,18.76,19.1,17.96,17.99,15.99,21.44,15.29,15.31
29/03/2019,14.19,14.43,13.64,13.71,18.0,18.0,16.58,16.62,15.32,16.73,14.13,14.33
01/04/2019,13.9,14.01,13.32,13.4,16.5,17.14,16.24,16.31,14.3,15.91,12.31,13.9
02/04/2019,13.62,13.68,13.13,13.36,16.31,16.56,16.09,16.33,13.9,14.41,12.41,14.09
03/04/2019,13.06,14.27,12.85,13.74,16.31,17.07,16.17,16.62,14.09,15.57,13.43,14.27
04/04/2019,13.84,14.03,13.4,13.58,16.6,17.43,16.54,16.79,14.26,14.59,13.92,14.02
05/04/2019,13.46,13.47,12.17,12.82,16.59,16.68,16.17,16.17,14.01,14.01,13.38,13.61
08/04/2019,13.55,13.77,13.1,13.18,16.17,17.31,16.17,16.82,13.61,15.98,13.61,14.4
09/04/2019,13.46,14.39,13.31,14.28,17.19,17.82,17.18,17.65,14.41,16.73,14.41,15.0
10/04/2019,14.09,14.29,13.27,13.3,17.65,17.78,16.75,16.76,15.0,25.85,13.63,14.35
11/04/2019,13.37,13.58,12.91,13.02,16.75,17.03,16.57,16.66,14.35,14.47,14.07,14.28
12/04/2019,12.96,12.96,11.95,12.01,16.42,16.49,15.53,15.63,14.25,15.33,13.04,13.39
15/04/2019,12.46,13.14,12.24,12.32,16.1,17.08,15.85,15.93,13.39,13.8,13.04,13.25
16/04/2019,12.26,12.47,11.85,12.18,15.93,16.03,15.44,15.88,13.25,13.53,12.48,13.16
17/04/2019,12.12,13.02,11.03,12.6,15.83,16.5,15.41,15.86,13.13,16.73,12.8,13.16
18/04/2019,12.8,13.12,12.02,12.09,15.78,16.1,15.14,15.15,13.16,13.19,12.28,12.64
22/04/2019,13.21,13.36,12.38,12.42,16.75,16.75,15.66,15.74,12.64,13.78,12.64,13.07
23/04/2019,12.66,12.69,12.08,12.28,15.84,16.37,15.51,16.15,13.07,13.09,12.71,12.94
24/04/2019,12.53,13.23,12.26,13.14,16.4,17.19,16.34,16.67,12.94,13.94,12.93,13.48
25/04/2019,13.29,14.3,12.81,13.25,16.67,18.05,16.14,16.49,13.48,14.46,12.25,13.54
26/04/2019,13.44,13.62,12.49,12.73,16.62,16.92,15.58,15.79,13.55,14.82,13.0,13.2
29/04/2019,13.04,13.27,12.65,13.11,15.79,16.74,15.79,16.44,13.2,18.16,13.2,13.5
30/04/2019,13.11,14.05,12.88,13.12,16.41,17.69,16.41,16.6,13.5,14.19,12.62,13.56
01/05/2019,12.86,14.83,12.74,14.8,16.27,17.96,16.17,17.93,13.56,22.65,11.58,14.64
02/05/2019,14.35,15.92,13.8,14.42,17.84,19.03,17.31,17.62,14.64,16.71,14.39,14.71
03/05/2019,14.11,14.15,12.8,12.87,17.62,17.62,15.95,15.98,14.71,16.85,13.65,13.77
06/05/2019,12.89,18.8,12.89,15.44,15.98,19.83,15.98,18.7,13.77,17.11,13.77,15.63
07/05/2019,15.9,21.84,15.8,19.32,19.9,24.86,19.82,22.86,15.62,21.04,15.62,19.55
08/05/2019,18.95,21.74,18.29,19.4,22.86,23.97,21.53,22.52,19.55,22.78,17.28,18.89
09/05/2019,21.4,23.38,18.87,19.1,24.67,26.47,21.82,22.03,18.96,24.38,18.96,19.47
10/05/2019,18.79,20.19,15.57,16.04,22.14,23.34,18.54,19.1,19.47,22.84,16.58,16.76
13/05/2019,18.62,21.32,18.35,20.55,23.26,25.41,23.09,25.25,16.76,21.33,16.61,20.66
14/05/2019,19.4,19.65,17.45,18.06,23.7,23.74,21.17,22.23,20.66,22.36,16.27,18.29
15/05/2019,17.57,19.15,16.41,16.44,23.31,23.38,19.78,19.92,18.29,28.18,16.25,16.72
16/05/2019,16.69,17.13,15.16,15.29,19.92,19.99,17.86,18.4,16.72,16.98,15.29,15.43
17/05/2019,15.89,16.81,14.86,15.96,19.58,19.87,17.63,19.39,15.43,18.89,15.07,15.93
20/05/2019,15.88,17.63,15.46,16.31,21.48,22.35,20.88,21.64,15.93,17.51,15.93,16.57
21/05/2019,15.86,16.22,14.79,14.95,20.69,20.72,19.33,19.58,16.57,16.57,14.86,15.06
22/05/2019,15.06,15.44,14.42,14.75,19.94,20.13,19.25,19.84,15.06,15.47,14.44,14.85
23/05/2019,15.93,18.05,15.28,16.92,21.2,23.06,21.19,21.31,14.85,23.53,14.85,17.33
24/05/2019,16.34,16.52,15.52,15.85,20.45,21.32,20.07,20.63,17.33,17.33,16.02,16.05
28/05/2019,16.55,17.7,15.9,17.5,21.19,21.96,20.69,21.83,16.05,18.43,15.03,17.6
29/05/2019,18.55,19.04,17.62,17.9,22.76,23.23,21.98,22.23,17.6,19.3,17.6,18.3
30/05/2019,17.47,18.11,16.72,17.3,21.62,22.6,20.83,21.68,18.3,19.58,16.66,17.5
31/05/2019,19.05,19.72,18.01,18.71,23.07,23.43,22.13,23.23,17.5,24.05,17.5,19.24
03/06/2019,19.41,19.75,18.16,18.86,23.55,25.01,22.93,24.22,19.24,23.05,18.39,18.83
04/06/2019,18.74,18.74,16.97,16.97,23.29,23.56,21.49,21.49,18.83,22.45,17.15,17.18
05/06/2019,17.06,17.49,16.04,16.09,21.33,22.37,20.8,20.87,17.18,17.47,16.25,16.35
06/06/2019,16.25,16.54,15.36,15.93,20.87,21.1,19.89,20.32,16.35,16.51,15.54,15.68
07/06/2019,15.65,16.44,15.33,16.3,20.19,20.22,19.41,19.93,15.67,15.83,15.34,15.54
10/06/2019,16.3,16.47,15.84,15.94,19.93,20.58,19.53,19.98,15.54,15.78,15.34,15.63
11/06/2019,15.84,16.7,15.5,15.99,19.37,20.55,19.28,20.22,15.63,16.46,15.2,15.68
12/06/2019,16.26,16.43,15.78,15.91,20.55,21.08,20.43,20.58,15.68,16.08,15.6,15.74
13/06/2019,16.16,16.21,15.61,15.82,20.23,20.53,19.9,20.03,15.74,15.81,15.37,15.41
14/06/2019,16.0,16.4,15.21,15.28,20.67,20.84,19.81,19.85,15.41,15.82,14.34,15.14
17/06/2019,15.65,15.76,15.24,15.35,19.85,20.38,19.75,20.04,15.14,15.99,14.29,15.08
18/06/2019,14.89,15.54,14.62,15.15,19.66,19.95,19.35,19.51,15.1,15.72,13.19,14.77
19/06/2019,15.05,15.71,14.15,14.33,19.5,20.17,18.43,18.8,14.77,18.15,13.89,14.07
20/06/2019,14.04,16.03,13.19,14.75,18.33,20.42,18.21,18.71,14.07,14.74,13.45,14.15
21/06/2019,14.74,15.48,14.42,15.4,19.02,19.27,18.45,19.18,14.15,14.94,13.8,14.63
24/06/2019,15.46,15.56,15.23,15.26,19.76,19.78,19.38,19.46,14.67,18.29,14.67,15.04
25/06/2019,15.43,16.68,15.1,16.28,19.46,21.21,19.46,20.77,15.04,23.37,14.45,15.85
26/06/2019,16.1,16.6,15.47,16.21,20.36,21.04,20.08,20.46,15.86,16.49,15.5,15.87
27/06/2019,15.66,16.4,15.66,15.82,20.28,20.73,19.77,20.07,15.87,20.44,15.57,15.81
28/06/2019,15.7,16.13,15.08,15.08,20.07,20.71,19.7,19.76,15.81,21.89,15.32,15.32
01/07/2019,13.85,14.64,13.8,14.06,17.73,18.11,17.45,17.64,15.33,15.33,13.73,13.94
02/07/2019,14.16,14.3,12.9,12.93,17.68,17.81,16.26,16.29,13.94,14.17,12.88,12.89
03/07/2019,13.18,13.19,12.56,12.57,16.35,16.58,16.01,16.15,12.89,15.26,10.75,12.9
08/07/2019,13.73,14.44,13.64,13.96,17.81,18.13,17.6,17.77,13.04,22.65,13.04,13.66
09/07/2019,14.47,14.71,13.99,14.09,18.06,18.44,17.27,17.42,13.66,14.21,13.66,13.81
10/07/2019,14.38,14.69,12.98,13.03,17.05,17.05,16.36,16.43,13.81,18.03,11.13,13.08
11/07/2019,13.01,13.33,12.39,12.93,16.41,16.88,16.09,16.64,13.08,15.09,12.67,12.76
12/07/2019,12.76,12.82,12.28,12.39,16.64,16.68,16.04,16.25,12.76,12.76,12.29,12.44
15/07/2019,12.58,13.02,12.49,12.68,16.48,16.7,16.15,16.22,12.43,15.42,12.43,12.55
16/07/2019,12.61,13.14,12.28,12.86,16.47,16.85,15.86,16.66,12.55,17.16,12.25,13.13
17/07/2019,12.62,13.97,12.24,13.97,16.67,18.03,16.55,18.0,13.13,17.68,12.93,13.52
18/07/2019,14.45,14.5,13.19,13.53,18.21,18.29,16.84,17.01,13.52,21.04,13.43,13.67
19/07/2019,13.31,14.45,13.09,14.45,16.74,17.71,16.62,17.69,13.67,13.85,11.79,13.8
22/07/2019,14.55,14.7,13.42,13.53,17.9,18.01,17.0,17.07,13.8,14.71,12.08,13.71
23/07/2019,13.42,13.52,12.55,12.61,16.78,17.07,16.06,16.07,13.71,16.06,13.0,13.25
24/07/2019,12.8,13.1,11.98,12.07,16.07,16.63,15.12,15.41,13.25,13.85,12.44,13.08
25/07/2019,12.24,13.54,11.69,12.74,15.99,17.07,15.76,16.02,13.09,15.42,13.09,13.68
26/07/2019,12.58,12.72,12.01,12.16,16.02,16.12,15.18,15.42,13.68,14.07,13.26,13.38
29/07/2019,12.15,13.17,12.15,12.83,16.13,16.85,16.12,16.35,13.38,14.32,13.16,13.63
30/07/2019,12.87,14.18,12.87,13.94,17.29,17.69,16.96,17.53,13.63,14.86,13.63,14.22
31/07/2019,13.83,16.55,13.46,16.12,17.36,19.27,16.7,18.78,14.22,22.21,13.8,15.32
01/08/2019,15.41,19.46,13.73,17.87,18.49,22.25,17.39,21.06,15.32,22.4,14.27,17.84
02/08/2019,17.69,20.11,17.04,17.61,21.73,23.54,21.18,21.37,17.84,21.07,17.01,18.11
05/08/2019,19.96,24.81,19.91,24.59,25.04,28.3,24.65,27.56,18.11,24.03,18.11,23.23
06/08/2019,22.29,22.87,19.77,20.17,27.56,27.56,23.88,24.27,23.23,23.23,19.45,19.73
07/08/2019,20.7,23.67,18.94,19.49,24.29,27.01,23.22,23.47,19.75,23.12,19.13,19.5
08/08/2019,19.36,19.89,16.82,16.91,23.46,23.46,20.72,21.14,19.53,19.53,17.22,17.22
09/08/2019,18.14,19.44,17.31,17.97,21.95,23.75,21.36,21.77,17.22,20.06,17.22,17.95
12/08/2019,17.87,21.26,17.77,21.09,21.77,25.62,21.77,25.18,17.95,21.04,17.95,20.8
13/08/2019,21.28,21.64,17.52,17.52,25.21,25.38,21.61,21.82,20.83,25.75,15.55,17.65
14/08/2019,17.81,22.71,17.75,22.1,25.19,26.55,24.19,26.38,17.58,22.63,17.58,22.11
15/08/2019,21.58,24.1,20.78,21.18,25.93,27.27,24.66,24.79,22.11,22.89,20.98,21.19
16/08/2019,20.48,20.5,18.41,18.47,23.55,23.55,21.4,21.51,21.12,21.12,17.31,18.87
19/08/2019,17.93,18.22,16.52,16.88,21.51,21.51,20.04,20.43,18.87,18.87,17.1,17.39
20/08/2019,16.78,17.7,16.45,17.5,20.39,21.82,20.07,21.27,17.36,17.94,16.98,17.9
21/08/2019,17.01,17.04,15.51,15.8,19.66,20.16,19.35,19.81,17.89,17.89,15.84,16.02
22/08/2019,16.12,17.68,15.63,16.68,19.79,21.81,19.57,20.83,16.02,18.02,15.68,17.13
23/08/2019,16.15,21.07,16.04,19.87,20.83,24.66,20.23,23.66,17.13,21.39,16.86,20.58
26/08/2019,20.34,21.33,19.06,19.32,23.68,24.74,22.99,23.24,20.54,23.64,19.76,19.81
27/08/2019,20.18,21.04,18.49,20.31,22.6,25.07,22.47,24.11,19.81,21.81,19.07,20.44
28/08/2019,20.55,21.64,19.1,19.35,24.84,26.2,22.8,23.12,20.44,24.04,19.27,19.46
29/08/2019,19.02,19.2,17.6,17.88,21.75,22.53,21.07,21.25,19.46,19.46,17.53,17.67
30/08/2019,17.94,19.18,17.09,18.98,20.82,22.58,20.82,22.39,17.67,26.85,16.77,18.41
03/09/2019,20.96,21.15,19.41,19.66,23.86,24.31,23.04,23.37,18.41,24.8,18.41,19.57
04/09/2019,18.23,18.83,17.26,17.33,22.04,22.44,21.29,21.44,19.57,21.49,16.15,18.02
05/09/2019,16.92,17.05,15.45,16.27,20.51,21.01,19.55,19.91,18.02,18.33,16.22,17.0
06/09/2019,15.92,16.06,14.91,15.0,19.91,20.11,18.57,18.82,17.0,21.11,15.74,15.75
09/09/2019,15.26,16.13,14.95,15.27,19.22,20.05,18.97,19.42,15.73,16.47,15.69,15.95
10/09/2019,15.53,16.52,15.11,15.2,20.02,20.73,19.46,19.57,15.95,16.92,15.26,15.38
11/09/2019,15.33,15.52,14.55,14.61,19.58,19.8,18.15,18.6,15.38,15.45,14.02,14.13
12/09/2019,14.69,14.94,13.85,14.22,18.6,19.34,17.39,17.88,14.13,17.06,13.36,13.96
13/09/2019,14.16,14.31,13.51,13.74,18.07,18.49,17.58,18.13,13.93,17.02,13.49,13.75
16/09/2019,14.89,15.29,14.5,14.67,19.35,19.61,18.7,19.04,13.75,17.5,13.75,14.59
17/09/2019,14.92,15.03,14.4,14.44,19.04,19.47,18.49,18.58,14.59,20.67,14.37,14.82
18/09/2019,14.61,15.8,13.8,13.95,18.6,19.92,17.88,18.04,14.83,22.41,14.03,14.18
19/09/2019,14.66,14.66,13.31,14.05,18.04,18.04,17.03,17.55,14.17,16.4,13.19,13.97
20/09/2019,13.94,15.84,13.35,15.32,17.54,19.46,16.93,19.11,13.97,21.11,13.61,15.88
23/09/2019,15.35,16.0,14.71,14.91,19.11,20.11,18.47,18.64,15.88,16.42,15.88,16.4
24/09/2019,14.77,17.62,14.33,17.05,18.46,21.09,18.46,20.45,16.4,21.97,15.1,16.91
25/09/2019,17.05,18.45,15.69,15.96,20.45,22.11,18.68,19.14,16.91,18.81,15.86,15.98
26/09/2019,16.23,17.09,15.35,16.07,19.44,20.26,19.03,19.41,15.98,18.16,15.98,16.45
27/09/2019,15.77,18.69,15.15,17.22,19.28,22.33,18.88,20.89,16.45,19.94,15.92,17.33
30/09/2019,17.23,17.35,16.2,16.24,20.89,21.19,19.94,20.03,17.33,20.07,16.32,16.36
01/10/2019,16.02,18.62,15.79,18.56,19.81,22.19,19.44,21.95,16.36,22.83,15.84,18.66
02/10/2019,18.75,21.46,18.75,20.56,23.02,24.4,22.95,23.71,18.66,21.41,18.66,20.11
03/10/2019,20.11,21.44,19.03,19.12,23.58,25.27,22.28,22.33,20.11,21.65,17.03,18.94
04/10/2019,19.42,19.97,16.97,17.04,22.33,22.33,20.15,20.24,18.94,18.94,16.55,16.71
07/10/2019,18.27,18.52,16.44,17.86,20.25,21.83,20.25,21.63,16.73,17.99,16.37,17.34
08/10/2019,17.61,20.38,17.42,20.28,22.76,23.59,21.67,23.4,17.3,20.39,17.3,19.31
09/10/2019,19.94,20.0,17.77,18.64,22.63,23.0,21.47,21.88,19.31,28.21,17.61,17.92
10/10/2019,19.28,19.8,17.56,17.57,22.39,22.39,20.95,21.0,17.92,23.03,17.01,17.33
11/10/2019,17.35,17.44,15.11,15.58,20.04,21.62,18.97,19.44,17.32,17.32,13.62,15.75
14/10/2019,15.66,16.5,14.51,14.57,19.9,20.03,18.51,18.61,15.75,15.78,14.31,14.5
15/10/2019,13.94,14.43,13.39,13.54,18.61,18.61,17.04,17.18,14.5,15.91,13.21,13.31
16/10/2019,13.94,14.26,13.6,13.68,17.94,18.11,17.43,17.58,13.31,18.49,13.29,13.49
17/10/2019,13.79,14.18,13.31,13.79,17.58,17.99,17.25,17.39,13.49,16.01,13.13,13.43
18/10/2019,14.2,15.16,13.78,14.25,17.65,18.89,17.36,17.82,13.42,14.79,13.42,14.57
21/10/2019,14.24,14.63,14.0,14.0,18.17,18.4,17.38,17.39,14.57,16.93,14.57,14.62
22/10/2019,13.99,14.61,13.7,14.46,17.22,18.46,17.11,18.34,14.62,17.87,13.8,14.52
23/10/2019,14.83,15.12,14.01,14.01,18.34,18.56,17.31,17.78,14.52,18.14,14.07,14.14
24/10/2019,13.98,14.34,13.4,13.71,17.78,18.08,16.37,17.35,14.14,19.23,13.58,13.71
25/10/2019,13.53,13.79,12.62,12.65,17.38,17.4,16.17,16.17,13.71,14.77,13.25,13.36
28/10/2019,13.01,13.14,12.66,13.11,16.17,17.39,16.17,16.81,13.36,13.96,13.36,13.64
29/10/2019,13.16,13.52,13.07,13.2,17.02,17.87,16.85,17.47,13.67,17.2,13.67,14.17
30/10/2019,13.23,13.77,12.27,12.33,17.47,18.13,16.36,16.71,14.17,19.82,13.46,13.52
31/10/2019,12.21,13.95,12.19,13.22,17.16,18.23,17.16,17.36,13.52,15.6,13.52,14.09
01/11/2019,12.99,13.12,12.25,12.3,17.02,17.04,16.13,16.27,14.09,14.09,12.92,12.94
04/11/2019,12.68,13.13,12.44,12.83,16.27,17.14,16.27,16.56,12.94,15.18,12.94,13.26
05/11/2019,12.85,13.28,12.25,13.1,16.81,17.12,16.63,17.08,13.27,16.46,9.87,13.43
06/11/2019,13.18,13.39,12.6,12.62,17.28,17.46,16.4,16.45,13.43,13.87,13.36,13.44
07/11/2019,12.59,12.89,12.26,12.73,16.45,16.76,16.2,16.66,13.44,15.62,11.88,13.08
08/11/2019,12.98,13.05,12.0,12.07,16.76,17.35,16.11,16.17,13.09,14.04,12.98,13.12
11/11/2019,13.15,13.49,12.66,12.69,16.92,16.98,15.93,16.04,13.12,15.48,7.2,12.67
12/11/2019,12.64,13.1,12.36,12.68,16.14,16.4,15.74,15.86,12.67,14.12,6.0,12.66
13/11/2019,12.91,13.9,12.88,13.0,16.49,16.69,15.99,16.24,12.66,30.37,12.65,12.92
14/11/2019,13.16,13.81,12.93,13.05,16.24,16.72,15.74,15.85,12.92,21.46,12.9,13.14
15/11/2019,12.95,12.97,11.92,12.05,15.46,15.65,14.55,14.57,13.06,13.06,10.33,11.88
18/11/2019,12.39,13.1,12.32,12.46,15.57,15.79,14.82,14.94,11.88,13.15,11.88,13.08
19/11/2019,12.33,13.01,12.16,12.86,14.94,15.49,14.82,15.25,13.08,14.1,10.24,12.81
20/11/2019,13.42,14.17,12.61,12.78,15.72,17.27,15.34,15.61,12.82,16.66,12.23,13.19
21/11/2019,13.35,13.86,12.49,13.13,15.61,16.69,15.61,16.07,13.19,20.0,13.19,13.53
22/11/2019,12.82,13.25,12.33,12.34,15.91,16.82,15.52,15.6,13.54,13.54,12.66,12.69
25/11/2019,12.51,12.59,11.73,11.87,15.6,15.74,15.03,15.08,12.69,12.85,12.13,12.46
26/11/2019,11.88,12.04,11.42,11.54,15.08,15.27,14.63,14.78,12.46,13.82,12.14,12.16
27/11/2019,11.55,11.79,11.44,11.75,14.78,14.97,14.53,14.86,12.16,20.15,12.16,12.36
29/11/2019,12.5,12.83,12.12,12.62,15.62,15.93,15.55,15.84,12.39,13.57,12.39,13.48
02/12/2019,12.69,15.27,12.55,14.91,16.7,18.79,16.7,18.07,13.48,16.49,13.48,15.11
03/12/2019,14.68,17.99,14.61,15.96,18.07,21.18,18.07,19.16,15.11,18.26,15.11,16.39
04/12/2019,16.38,16.4,14.12,14.8,18.43,18.58,17.72,18.33,16.39,16.39,14.09,15.34
05/12/2019,14.46,15.37,14.17,14.52,18.12,18.9,17.89,17.97,15.34,17.9,14.75,14.79
06/12/2019,14.37,14.47,13.19,13.62,16.99,17.06,16.28,16.44,14.79,14.79,13.38,13.81
09/12/2019,14.25,16.07,12.25,15.86,17.18,18.22,16.88,18.15,13.81,14.73,13.81,14.67
10/12/2019,15.8,16.9,14.93,15.68,18.15,18.75,17.6,18.02,14.67,17.0,14.41,14.92
11/12/2019,15.57,15.97,14.98,14.99,17.99,18.23,17.38,17.41,14.9,20.22,14.39,14.55
12/12/2019,14.94,15.55,13.6,13.94,17.86,18.02,16.2,16.55,14.55,16.16,13.19,13.77
13/12/2019,13.18,14.35,12.54,12.63,16.55,16.95,14.98,15.09,13.77,13.86,12.25,12.28
16/12/2019,12.47,12.53,11.71,12.14,14.34,14.34,13.58,14.02,12.28,12.28,11.27,11.64
17/12/2019,12.23,12.47,11.9,12.29,14.02,14.51,13.74,14.42,11.64,11.67,11.32,11.48
18/12/2019,12.24,12.7,11.93,12.58,14.32,14.84,14.13,14.75,11.49,12.62,11.27,11.61
19/12/2019,12.55,12.78,12.43,12.5,14.75,14.89,14.33,14.42,11.61,11.78,11.4,11.48
20/12/2019,12.55,12.61,12.04,12.51,14.26,14.78,14.02,14.47,11.48,24.52,11.24,11.63
23/12/2019,12.81,12.9,12.41,12.61,14.47,15.18,14.47,15.16,11.63,15.34,11.63,12.22
24/12/2019,12.65,12.84,12.56,12.67,15.16,15.5,14.89,15.14,12.22,12.22,11.91,12.06
26/12/2019,12.74,12.75,11.72,12.65,15.14,15.58,14.91,15.07,12.06,12.29,11.96,11.97
27/12/2019,12.61,13.72,11.89,13.43,15.07,16.88,15.07,16.36,11.96,12.72,11.96,12.64
30/12/2019,13.74,15.14,13.44,14.82,16.37,18.51,16.37,17.9,12.61,17.54,12.61,14.08
31/12/2019,14.84,15.39,13.75,13.78,17.91,18.51,16.78,16.89,14.08,17.4,13.29,13.29
02/01/2020,13.46,13.72,12.42,12.47,16.9,17.07,15.77,16.0,13.27,16.41,12.26,12.27
03/01/2020,15.01,16.2,13.13,14.02,17.47,17.55,16.21,16.95,12.27,14.28,12.27,14.09
06/01/2020,15.45,16.39,13.54,13.85,16.95,18.38,16.93,17.19,14.09,15.46,13.79,14.04
07/01/2020,13.84,14.46,13.39,13.79,17.25,17.88,16.86,17.15,14.03,14.51,9.96,13.96
08/01/2020,15.16,15.24,12.83,13.45,17.15,17.47,16.11,16.93,13.96,21.48,11.74,13.44
09/01/2020,12.95,13.24,12.53,12.54,16.21,16.94,16.03,16.04,13.43,20.13,11.68,12.86
10/01/2020,12.42,12.87,12.09,12.56,16.04,16.6,15.86,16.48,12.86,15.46,12.52,13.49
13/01/2020,12.84,13.09,12.32,12.32,16.47,17.26,15.26,15.57,13.49,15.27,11.71,12.04
14/01/2020,12.72,13.82,12.05,12.39,15.82,16.65,15.03,15.83,12.07,15.04,8.52,12.09
15/01/2020,12.79,12.83,11.95,12.42,15.83,16.17,15.54,15.54,12.09,14.32,2.47,11.82
16/01/2020,12.2,12.42,11.78,12.32,15.54,15.54,14.71,14.95,11.82,12.14,7.2,11.46
17/01/2020,12.21,12.48,11.75,12.1,14.84,15.43,14.7,14.97,11.47,12.44,11.47,11.9
21/01/2020,13.23,13.33,12.32,12.85,14.97,17.0,14.97,16.22,11.9,14.7,10.13,13.28
22/01/2020,12.45,13.01,12.31,12.91,16.23,16.61,15.5,16.49,13.32,13.72,9.56,13.69
23/01/2020,13.26,14.15,12.94,12.98,16.88,17.56,16.11,16.23,13.69,17.17,13.39,13.39
24/01/2020,12.75,15.98,12.62,14.56,16.23,19.21,15.97,18.07,13.39,16.07,13.19,14.8
27/01/2020,17.42,19.02,16.82,18.23,21.43,21.87,20.37,21.46,14.8,18.57,14.8,17.58
28/01/2020,16.94,18.03,15.69,16.28,21.46,21.46,18.89,19.61,17.58,17.58,13.39,15.87
29/01/2020,15.68,16.65,14.94,16.39,19.62,20.52,18.63,19.57,15.78,20.5,11.55,15.73
30/01/2020,17.82,18.39,15.3,15.49,19.4,21.5,17.51,17.75,15.73,22.69,10.65,15.35
31/01/2020,16.25,19.99,16.18,18.84,19.54,22.44,19.54,21.33,15.35,18.77,14.02,17.95
03/02/2020,18.64,18.88,17.1,17.97,21.33,21.33,19.72,20.4,17.95,19.11,14.49,17.47
04/02/2020,16.45,16.46,15.63,16.05,20.35,20.35,18.03,18.45,17.46,17.46,11.67,15.72
05/02/2020,16.29,16.32,15.02,15.15,18.5,19.21,17.85,18.52,15.72,16.7,14.46,14.82
06/02/2020,15.13,15.66,14.7,14.96,18.84,19.03,18.25,18.41,14.81,15.06,14.55,14.56
07/02/2020,15.07,16.16,14.81,15.47,18.41,19.95,18.41,19.42,14.56,15.58,14.56,15.4
10/02/2020,15.88,16.43,15.01,15.04,20.41,20.42,19.19,19.31,15.4,16.14,15.0,15.03
11/02/2020,14.91,15.27,14.38,15.18,19.31,19.84,18.68,19.66,15.03,15.3,14.68,15.19
12/02/2020,14.86,14.88,13.73,13.74,19.67,19.67,17.97,18.04,15.19,15.19,14.02,14.05
13/02/2020,14.43,15.44,14.0,14.15,18.03,19.49,17.97,18.46,14.03,15.91,14.03,14.64
14/02/2020,14.12,14.54,13.38,13.68,18.45,18.81,17.95,17.95,14.63,14.82,14.3,14.3
18/02/2020,14.98,15.49,14.53,14.83,17.96,20.02,17.96,19.12,14.29,15.92,14.29,15.24
19/02/2020,14.66,14.74,14.21,14.38,19.13,19.13,18.06,18.58,15.26,15.26,14.58,14.88
20/02/2020,14.54,17.21,14.49,15.56,18.57,21.89,18.57,20.33,14.88,31.77,11.72,16.26
21/02/2020,17.33,18.21,16.19,17.08,21.08,23.64,20.7,22.46,16.27,18.43,14.72,17.7
24/02/2020,22.25,26.35,22.0,25.03,22.46,31.29,22.46,29.23,17.7,25.3,17.7,24.03
25/02/2020,22.19,30.25,22.19,27.85,29.18,32.48,26.21,31.03,23.93,34.73,19.98,27.49
26/02/2020,26.63,29.57,24.76,27.56,30.99,32.0,27.6,30.38,27.45,27.45,23.44,27.01
27/02/2020,28.95,39.31,27.79,39.16,30.38,41.03,30.38,41.0,27.01,37.65,27.01,37.65
28/02/2020,42.02,49.48,39.37,40.11,40.91,49.16,40.91,43.13,37.6,54.16,33.47,42.67
02/03/2020,34.86,43.77,31.5,33.42,39.79,41.32,33.4,35.1,48.05,48.05,30.96,34.19
03/03/2020,33.64,41.06,24.93,36.82,35.1,41.83,30.33,39.33,34.19,40.57,29.49,37.29
04/03/2020,34.44,35.58,30.3,31.99,39.33,39.33,32.5,33.54,37.26,37.26,30.27,31.33
05/03/2020,33.61,42.84,33.54,39.62,37.64,44.55,36.05,41.4,31.33,41.17,31.33,38.65
06/03/2020,41.46,54.39,40.84,41.94,48.47,50.89,43.51,43.97,38.65,49.86,38.65,42.3
09/03/2020,41.94,62.12,41.94,54.46,44.16,57.29,44.16,53.68,42.3,59.64,42.3,52.03
10/03/2020,49.68,55.66,43.56,47.3,53.68,54.71,46.47,47.43,52.03,52.27,45.53,47.78
11/03/2020,52.24,55.82,49.98,53.9,47.14,53.52,47.14,50.7,47.71,57.39,47.71,53.63
12/03/2020,61.46,76.83,59.91,75.47,50.72,68.15,50.65,67.83,53.67,68.55,53.67,64.74
13/03/2020,71.31,77.57,55.17,57.83,67.95,68.66,50.35,51.84,64.3,65.25,53.84,55.14
16/03/2020,57.83,83.56,57.83,82.69,51.01,82.47,51.01,80.08,55.21,66.24,55.21,63.81
17/03/2020,82.69,84.83,70.37,75.91,75.49,79.84,67.44,71.55,63.83,64.29,58.14,61.93
18/03/2020,69.37,85.47,69.37,76.45,71.55,84.67,69.06,74.22,60.64,71.05,60.64,67.07
19/03/2020,80.62,84.26,68.57,72.0,74.08,79.95,65.87,69.12,67.07,67.36,62.12,63.31
20/03/2020,67.86,69.51,57.42,66.04,68.44,68.44,54.94,63.85,63.31,63.31,53.8,54.26
23/03/2020,74.08,76.74,60.46,61.59,63.85,67.28,57.37,58.36,54.26,54.26,50.26,50.49
24/03/2020,58.76,61.88,36.24,61.67,58.42,58.42,49.04,56.95,50.49,61.2,48.28,58.38
25/03/2020,61.44,68.86,58.03,63.95,57.24,62.64,57.24,60.99,58.38,66.7,58.38,65.22
26/03/2020,65.67,67.06,57.66,61.0,60.93,60.93,55.8,57.6,65.22,65.22,60.77,61.33
27/03/2020,64.95,69.1,61.8,65.54,57.6,62.52,57.6,61.38,61.33,66.77,61.33,63.51
30/03/2020,66.3,67.69,56.6,57.08,61.52,61.52,54.78,55.04,63.51,63.51,59.65,59.72
31/03/2020,56.69,58.75,50.88,53.54,55.02,55.02,50.16,51.29,59.72,59.72,53.89,54.6
01/04/2020,57.38,60.59,52.76,57.06,51.26,55.69,51.1,54.29,54.6,56.87,54.6,55.8
02/04/2020,54.46,57.24,50.45,50.91,54.04,54.04,48.18,48.91,55.8,58.8,51.83,52.15
03/04/2020,51.11,52.29,46.74,46.8,48.69,48.69,44.74,44.87,52.15,52.15,48.49,48.49
06/04/2020,44.17,45.73,43.45,45.24,44.87,44.87,40.78,42.93,48.49,48.49,40.52,45.97
07/04/2020,44.83,47.51,43.51,46.7,42.92,45.53,42.33,44.69,45.88,53.99,44.8,48.15
08/04/2020,45.9,47.28,42.53,43.35,44.69,44.88,41.92,42.34,48.15,54.01,44.17,46.31
09/04/2020,43.0,45.73,41.39,41.67,42.37,43.5,41.12,41.36,46.31,52.81,45.42,46.03
13/04/2020,44.6,45.04,41.17,41.17,41.36,44.72,41.18,41.34,46.03,48.58,45.31,46.05
14/04/2020,40.24,40.57,37.31,37.76,41.26,41.26,37.76,38.33,46.02,46.02,36.31,41.32
15/04/2020,39.4,43.23,39.34,40.84,38.35,42.22,38.35,40.85,41.32,45.11,41.32,43.83
16/04/2020,41.92,43.02,39.87,40.11,40.84,42.77,39.26,40.36,43.83,45.12,43.02,44.19
17/04/2020,39.5,40.26,37.63,38.15,40.34,40.4,38.16,38.37,44.18,46.7,41.42,41.65
20/04/2020,40.68,43.83,39.88,43.83,38.39,43.88,38.36,43.85,41.65,48.34,41.65,45.54
21/04/2020,44.28,47.77,43.77,45.41,43.93,47.88,43.93,45.37,45.55,52.95,45.55,48.0
22/04/2020,44.91,45.07,41.41,41.98,45.31,45.31,41.83,42.37,48.0,48.0,43.86,44.77
23/04/2020,41.3,42.47,39.06,41.38,40.99,42.21,39.95,41.66,44.77,47.15,42.11,43.67
24/04/2020,41.91,42.08,35.6,35.93,41.66,41.66,36.28,36.5,43.67,43.67,36.67,38.99
27/04/2020,36.29,36.44,32.51,33.29,36.51,36.51,34.77,35.26,38.99,40.32,36.1,36.76
28/04/2020,33.21,35.39,30.54,33.57,35.26,37.41,34.26,36.61,36.76,48.61,32.41,36.8
29/04/2020,32.48,33.19,30.71,31.23,36.61,36.67,32.82,32.85,36.8,44.2,31.66,34.31
30/04/2020,30.99,35.94,30.93,34.15,32.91,38.12,32.91,35.28,34.31,38.12,34.31,36.55
01/05/2020,38.17,39.57,36.59,37.19,35.28,39.46,35.28,37.76,36.55,42.15,36.55,38.46
04/05/2020,39.13,40.32,35.53,35.97,37.79,40.13,36.59,36.86,38.46,40.71,37.47,37.54
05/05/2020,34.82,36.22,31.95,33.61,36.83,36.86,33.42,35.37,37.54,38.96,34.07,35.08
06/05/2020,32.69,35.69,31.68,34.12,35.36,35.82,33.86,35.6,35.08,36.65,34.15,35.37
07/05/2020,32.12,32.28,30.37,31.44,35.6,35.6,32.87,33.58,35.37,39.45,32.98,33.64
08/05/2020,30.14,30.39,27.89,27.98,33.53,33.62,30.47,30.64,33.65,33.65,30.86,30.91
11/05/2020,28.46,31.46,26.97,27.57,30.71,31.79,28.52,28.82,30.91,34.63,25.86,31.98
12/05/2020,28.47,33.04,26.0,33.04,28.82,33.3,26.91,33.3,31.94,38.38,29.64,35.71
13/05/2020,32.74,37.42,30.77,35.28,33.3,38.54,31.71,36.12,35.71,41.68,35.27,38.19
14/05/2020,35.16,39.28,32.33,32.61,36.07,39.83,33.23,33.79,38.19,42.84,12.05,35.89
15/05/2020,32.5,35.13,31.04,31.89,34.96,36.45,31.94,33.49,35.77,37.39,20.18,34.86
18/05/2020,30.71,31.08,28.35,29.3,33.49,33.49,29.17,30.22,34.86,34.86,27.91,32.65
19/05/2020,28.73,30.74,28.37,30.53,29.94,31.05,29.11,30.74,32.65,36.14,31.62,33.29
20/05/2020,29.52,29.83,27.83,27.99,30.77,30.77,28.52,29.12,33.27,37.97,28.74,30.62
21/05/2020,28.97,30.2,27.67,29.53,29.08,31.55,28.58,30.73,30.62,35.59,24.91,30.92
22/05/2020,31.36,31.55,28.03,28.16,30.73,31.34,29.09,29.36,30.93,32.59,29.82,29.89
26/05/2020,27.72,28.58,27.18,28.01,29.11,29.68,28.58,29.42,29.89,30.3,28.05,29.63
27/05/2020,27.62,30.53,25.92,27.62,29.37,32.81,28.92,29.52,29.62,31.47,28.19,28.85
28/05/2020,27.82,29.89,27.43,28.59,29.46,30.89,28.9,29.68,28.92,39.52,26.27,30.39
29/05/2020,29.3,30.16,27.29,27.51,30.33,31.16,27.75,27.96,30.33,40.36,27.93,28.73
01/06/2020,28.94,30.6,28.11,28.23,30.46,30.77,28.76,28.99,28.73,36.09,28.73,29.43
02/06/2020,28.4,28.52,26.66,26.84,28.99,29.85,27.46,27.68,29.43,29.43,28.4,28.45
03/06/2020,26.75,26.98,25.04,25.66,27.7,28.13,26.68,27.45,28.44,28.44,26.57,27.25
04/06/2020,26.23,26.43,24.38,25.81,27.21,27.93,26.58,27.43,27.25,27.64,25.97,26.7
05/06/2020,24.79,25.09,23.54,24.52,27.43,27.43,25.26,25.53,26.7,28.31,24.36,26.55
08/06/2020,25.56,25.98,24.65,25.81,25.53,27.37,25.53,26.8,26.55,28.24,17.26,28.16
09/06/2020,25.93,27.7,25.71,27.57,26.8,28.78,26.65,28.7,28.16,31.07,28.16,29.47
10/06/2020,26.73,29.01,26.06,27.57,27.19,29.86,27.19,29.32,29.48,31.76,26.05,30.35
11/06/2020,30.45,42.58,29.49,40.79,32.34,37.8,30.2,36.81,30.35,40.99,30.35,40.79
12/06/2020,37.68,44.16,34.97,36.09,33.59,40.61,33.19,35.49,40.79,50.12,36.38,39.18
15/06/2020,44.09,44.44,34.28,34.4,35.49,39.89,32.58,33.67,39.18,43.8,23.07,36.35
16/06/2020,34.28,37.45,31.73,33.67,30.52,34.63,30.52,32.69,36.3,43.78,22.72,35.76
17/06/2020,33.28,35.17,32.25,33.47,31.69,33.56,31.69,32.91,35.76,44.79,34.31,35.6
18/06/2020,33.83,36.25,32.24,32.94,32.91,33.94,31.09,31.57,35.6,38.89,27.98,34.96
19/06/2020,32.07,35.12,30.4,35.12,31.61,32.9,29.74,32.54,34.97,39.06,28.6,36.3
22/06/2020,35.22,35.39,31.64,31.77,32.11,33.4,31.1,31.38,36.3,37.53,29.51,34.7
23/06/2020,31.71,31.71,29.26,31.37,31.38,31.5,29.64,31.23,34.7,35.18,31.53,33.64
24/06/2020,31.05,37.12,30.95,33.84,31.2,35.5,31.2,33.58,33.7,38.0,31.1,35.38
25/06/2020,36.59,36.93,31.59,32.22,33.56,36.01,31.51,31.81,35.38,37.27,33.18,33.48
26/06/2020,33.01,36.25,31.04,34.73,31.81,35.38,30.9,33.81,33.52,36.63,31.28,35.71
29/06/2020,35.05,36.31,31.78,31.78,33.85,36.04,32.2,32.3,35.68,36.55,31.75,33.13
30/06/2020,32.54,32.94,29.56,30.43,32.29,32.94,30.23,30.75,33.1,33.81,24.09,31.14
01/07/2020,30.96,31.76,28.2,28.62,30.82,31.54,29.15,29.51,31.12,31.46,26.3,30.81
02/07/2020,28.33,28.44,25.9,27.68,29.5,29.5,24.96,28.6,30.81,33.18,26.83,28.59
06/07/2020,27.76,28.33,24.92,27.94,28.61,30.43,28.61,30.2,28.59,30.59,28.59,29.04
07/07/2020,28.77,29.63,27.25,29.43,30.22,32.1,29.76,31.72,29.36,34.69,29.29,30.68
08/07/2020,28.95,30.2,27.24,28.08,31.71,32.44,30.53,31.05,30.66,31.77,29.59,29.62
09/07/2020,28.18,31.48,26.11,29.26,31.03,34.23,30.83,32.68,29.62,32.48,29.47,31.37
10/07/2020,30.86,30.91,27.13,27.29,32.57,34.5,31.79,32.02,31.36,31.45,29.38,29.46
13/07/2020,27.85,32.45,26.87,32.19,31.34,38.03,31.29,37.6,29.48,51.68,29.43,33.12
14/07/2020,31.14,33.67,29.21,29.52,37.6,41.17,37.0,37.61,33.12,33.7,19.72,31.34
15/07/2020,29.15,30.09,27.17,27.76,37.67,38.85,35.3,35.84,31.34,31.98,29.31,30.1
16/07/2020,28.41,29.29,26.98,28.0,35.89,38.46,33.18,34.42,30.1,31.02,22.68,29.83
17/07/2020,27.15,27.54,25.41,25.68,34.51,34.51,30.17,30.77,29.83,30.74,15.85,27.93
20/07/2020,26.94,27.08,24.35,24.46,30.78,31.74,29.71,30.91,27.9,28.69,26.71,26.72
21/07/2020,24.08,25.65,23.61,24.84,30.94,32.61,29.97,30.91,26.75,26.95,23.08,26.79
22/07/2020,24.56,26.26,24.13,24.32,30.9,32.57,30.2,30.46,26.8,30.07,20.69,26.46
23/07/2020,23.97,26.95,23.6,26.08,30.44,33.38,29.87,32.75,26.46,28.66,25.38,27.08
24/07/2020,27.96,28.58,25.53,25.84,32.77,35.73,31.45,32.61,27.09,38.55,26.61,26.79
27/07/2020,26.6,26.94,24.55,24.74,32.69,33.41,31.16,31.55,26.77,27.78,21.88,26.09
28/07/2020,24.86,25.85,24.05,25.44,31.57,33.11,30.92,31.83,26.08,26.76,18.64,25.81
29/07/2020,25.16,25.42,23.73,24.1,31.86,31.86,30.13,30.13,25.8,26.04,24.12,24.85
30/07/2020,25.04,28.29,24.64,24.76,31.07,33.0,30.07,30.2,24.84,27.8,23.62,25.37
31/07/2020,24.79,26.41,23.55,24.46,28.01,31.24,27.83,27.93,25.38,26.69,18.29,23.87
03/08/2020,25.75,26.01,22.17,24.28,27.9,30.35,27.8,29.27,23.88,27.02,21.41,24.16
04/08/2020,24.01,24.76,22.92,23.76,29.27,30.25,28.26,29.12,24.17,24.47,22.62,23.16
05/08/2020,23.44,23.61,22.86,22.99,28.32,29.3,28.02,28.5,23.15,29.38,21.55,22.88
06/08/2020,23.03,24.11,20.97,22.65,28.5,29.53,27.94,28.53,22.88,23.28,22.09,22.85
07/08/2020,23.45,24.02,22.02,22.21,28.48,30.86,28.27,29.76,22.85,23.81,22.51,23.34
10/08/2020,22.88,23.52,21.46,22.13,29.93,31.77,29.56,29.86,23.33,23.88,23.2,23.35
11/08/2020,21.85,24.93,20.28,24.03,29.86,32.31,28.79,31.87,23.35,25.66,22.52,25.41
12/08/2020,22.82,22.88,21.54,22.28,31.91,31.91,29.23,30.16,25.41,25.41,22.7,23.97
13/08/2020,22.2,22.92,21.45,22.13,30.16,30.84,28.81,29.84,23.98,24.19,23.24,23.88
14/08/2020,22.27,23.55,21.79,22.05,29.83,30.53,28.94,29.15,23.88,24.48,23.1,23.5
17/08/2020,22.52,22.82,21.34,21.35,29.12,29.47,27.66,27.73,23.5,23.63,22.52,22.57
18/08/2020,21.69,22.55,21.18,21.51,27.69,28.41,26.54,26.9,22.56,23.3,21.93,22.25
19/08/2020,21.6,22.98,20.99,22.54,26.9,30.63,26.9,28.88,22.25,26.73,13.58,22.93
20/08/2020,24.1,24.6,22.37,22.72,28.91,30.21,27.99,28.44,22.93,23.98,18.05,22.8
21/08/2020,22.58,24.47,22.06,22.54,28.41,29.5,28.17,28.62,22.81,24.4,18.7,21.83
24/08/2020,22.87,23.18,21.25,22.37,28.64,31.5,28.12,29.83,21.82,22.91,21.82,22.68
25/08/2020,22.16,23.43,21.53,22.03,29.81,30.66,29.05,29.11,22.68,24.1,22.29,22.36
26/08/2020,22.14,23.27,20.92,23.27,28.91,32.13,28.84,32.1,22.35,28.36,22.35,23.4
27/08/2020,23.42,27.09,21.44,24.47,32.1,35.09,30.92,33.32,23.4,25.35,20.75,24.43
28/08/2020,24.59,26.3,22.64,22.96,32.84,35.1,32.45,32.8,24.43,26.16,21.98,23.84
31/08/2020,23.91,26.5,21.77,26.41,32.8,35.54,32.8,34.55,23.84,26.14,23.84,26.01
01/09/2020,25.86,26.59,25.02,26.12,34.4,35.64,32.93,34.67,26.01,29.25,23.59,26.2
02/09/2020,26.01,27.07,25.53,26.57,34.67,37.25,34.08,36.8,26.19,28.29,23.43,26.64
03/09/2020,26.28,35.94,25.66,33.6,36.79,44.34,36.63,42.09,26.64,40.15,23.92,31.47
04/09/2020,34.62,38.28,29.5,30.75,41.71,47.63,39.79,41.74,31.49,45.91,24.3,29.43
08/09/2020,30.61,35.93,30.52,31.46,41.74,46.47,39.57,41.02,29.43,33.36,29.43,30.15
09/09/2020,31.68,31.78,28.12,28.81,41.13,41.13,36.58,38.25,30.14,30.14,25.91,27.7
10/09/2020,28.67,30.56,27.59,29.71,36.74,38.73,36.33,37.92,27.71,28.8,24.06,27.62
11/09/2020,28.63,29.73,26.51,26.87,38.11,38.49,34.86,35.27,27.62,33.61,24.43,26.0
14/09/2020,25.86,26.79,25.38,25.85,35.32,35.32,33.18,33.56,26.0,33.67,22.39,24.2
15/09/2020,25.92,26.0,24.92,25.59,32.92,34.76,32.55,33.79,24.22,27.63,18.99,23.6
16/09/2020,25.31,26.59,24.84,26.04,33.79,35.85,33.79,35.48,23.6,36.7,20.41,22.57
17/09/2020,28.22,28.92,26.26,26.46,35.53,38.11,35.51,36.27,22.57,27.61,22.57,23.42
18/09/2020,26.65,28.1,25.28,25.83,36.29,38.15,35.0,36.04,23.42,24.41,17.26,23.53
21/09/2020,28.04,31.18,27.39,27.78,36.03,40.01,36.03,36.43,23.53,28.11,23.53,26.46
22/09/2020,28.61,28.78,26.48,26.86,36.44,37.27,35.06,35.24,26.46,27.07,25.54,25.75
23/09/2020,27.02,29.73,25.19,28.58,35.29,37.82,34.22,37.25,25.75,30.21,21.41,27.39
24/09/2020,29.54,30.49,27.94,28.51,37.25,38.45,36.7,36.99,27.39,32.53,26.57,27.4
25/09/2020,28.17,30.43,26.02,26.38,36.99,37.85,34.56,34.93,27.36,28.02,26.2,26.39
28/09/2020,27.15,27.19,24.9,26.19,34.92,35.84,34.49,34.66,26.39,34.46,26.17,26.25
29/09/2020,26.81,27.43,25.98,26.27,34.58,36.49,34.58,35.25,26.25,27.35,25.37,26.69
30/09/2020,26.69,27.12,25.06,26.37,35.25,35.44,34.07,35.42,26.69,34.38,21.53,26.7
01/10/2020,25.78,27.11,25.33,26.7,35.4,36.36,34.23,34.99,26.7,34.12,24.29,27.18
02/10/2020,28.87,29.9,26.93,27.63,36.89,37.18,35.68,36.44,27.18,30.39,26.37,27.59
05/10/2020,29.52,29.69,27.27,27.96,36.44,37.06,35.36,35.67,27.59,30.69,26.68,27.46
06/10/2020,28.05,30.0,26.01,29.48,35.67,37.12,34.83,36.67,27.46,43.99,24.64,28.01
07/10/2020,29.26,29.76,27.94,28.06,35.99,36.14,35.17,35.61,28.01,31.57,22.73,26.71
08/10/2020,27.65,27.99,24.88,26.36,35.61,35.61,34.31,34.43,26.71,26.71,21.99,25.86
09/10/2020,26.2,26.22,24.03,25.0,34.42,34.42,32.34,32.6,25.85,26.16,24.25,24.26
12/10/2020,25.65,25.65,24.14,25.07,32.58,34.74,32.1,33.44,24.27,24.5,7.84,24.06
13/10/2020,25.67,26.93,25.16,26.07,33.3,35.19,33.3,34.48,24.1,27.38,23.98,25.05
14/10/2020,25.72,27.23,25.53,26.4,34.49,35.33,33.67,34.04,25.05,30.59,24.21,25.21
15/10/2020,27.1,29.06,26.82,26.97,35.19,35.7,34.34,34.54,25.21,26.49,25.21,25.46
19/10/2020,27.36,29.69,27.04,29.18,35.02,36.52,35.02,36.14,25.65,38.41,25.65,27.4
20/10/2020,28.81,29.6,28.29,29.35,36.16,36.47,34.61,35.25,27.4,30.94,25.32,27.71
21/10/2020,29.12,30.55,28.37,28.65,35.24,35.8,34.45,35.08,27.7,34.41,26.33,27.18
22/10/2020,30.1,30.12,27.68,28.11,35.06,36.14,33.95,34.28,27.13,38.41,25.83,26.33
23/10/2020,28.47,28.67,27.26,27.55,34.29,34.64,33.4,33.45,26.35,28.58,25.32,25.56
26/10/2020,29.38,33.68,29.22,32.46,33.46,38.8,33.46,37.41,25.56,47.53,25.56,30.18
27/10/2020,32.04,33.77,31.85,33.35,37.43,37.64,36.04,36.56,30.18,31.31,27.71,30.3
28/10/2020,34.69,40.77,34.68,40.28,36.54,43.45,36.54,43.39,30.3,46.19,30.3,35.48
29/10/2020,38.8,41.16,35.63,37.59,43.42,43.42,39.12,40.08,35.49,36.6,29.06,34.93
30/10/2020,40.81,41.09,36.5,38.02,40.69,43.01,39.94,41.3,34.94,45.53,30.51,35.18
02/11/2020,38.57,38.78,36.13,37.13,41.3,42.92,39.95,40.9,35.18,37.31,27.82,34.06
03/11/2020,36.44,36.44,34.19,35.55,40.87,40.88,37.62,38.38,34.06,34.06,27.58,32.56
04/11/2020,36.79,36.85,28.03,29.57,38.36,38.36,31.71,33.36,32.55,32.55,21.6,27.43
05/11/2020,27.56,28.14,26.04,27.58,33.36,34.15,31.81,32.82,27.43,31.64,23.6,25.97
06/11/2020,27.87,29.44,24.56,24.86,32.74,33.57,30.01,30.01,25.97,31.74,21.16,25.07
09/11/2020,24.8,25.82,22.41,25.75,30.06,31.33,28.75,31.32,25.08,27.17,18.88,24.99
10/11/2020,25.36,26.77,24.35,24.8,31.64,33.58,31.08,32.53,25.08,25.59,20.92,25.29
11/11/2020,25.01,25.12,22.57,23.45,32.53,32.53,30.1,30.29,25.29,25.29,22.67,24.11
12/11/2020,24.39,27.27,23.53,25.35,30.27,32.62,30.15,30.91,24.11,30.43,24.01,25.52
13/11/2020,24.94,25.03,22.74,23.1,30.87,30.87,29.03,29.03,25.52,25.52,23.35,23.96
16/11/2020,23.66,24.08,22.43,22.45,29.98,30.04,27.29,27.37,23.96,24.08,23.06,23.26
17/11/2020,22.84,24.09,22.34,22.71,27.87,29.02,27.08,27.31,23.26,24.18,18.37,22.86
18/11/2020,22.86,23.92,21.66,23.84,27.23,27.53,26.05,27.47,22.86,23.66,21.91,23.47
19/11/2020,23.62,24.52,22.56,23.11,27.45,28.05,26.62,26.81,23.47,23.99,21.5,22.21
20/11/2020,23.43,23.73,22.13,23.7,26.8,27.3,25.97,26.91,22.21,24.18,22.0,22.69
23/11/2020,23.66,23.96,22.45,22.66,27.17,28.34,26.33,26.64,22.69,23.21,15.35,22.3
24/11/2020,22.04,22.48,20.8,21.64,26.58,27.2,25.87,25.99,22.3,22.48,19.86,22.22
25/11/2020,21.65,22.5,21.13,21.25,25.99,26.47,25.5,25.69,22.22,26.8,19.65,22.35
27/11/2020,21.52,21.6,19.51,20.84,25.72,26.93,25.72,26.12,22.35,22.57,22.0,22.27
30/11/2020,22.64,22.89,20.48,20.57,27.21,28.75,26.61,26.68,22.27,24.04,19.86,22.88
01/12/2020,20.21,20.92,20.0,20.77,26.67,27.6,26.5,27.41,22.88,22.96,21.92,22.95
02/12/2020,21.0,21.25,20.04,21.17,27.41,28.0,27.25,27.55,22.95,23.33,17.98,23.04
03/12/2020,21.24,21.88,20.72,21.28,27.53,27.81,26.96,27.39,23.04,23.8,21.88,22.21
04/12/2020,21.05,21.15,19.97,20.79,27.4,27.44,26.72,27.02,22.21,24.41,21.18,21.21
07/12/2020,22.04,22.62,21.17,21.3,27.01,28.1,26.94,27.2,21.21,24.29,21.21,21.94
08/12/2020,21.65,22.25,20.52,20.68,27.31,27.6,26.07,26.08,21.94,22.23,21.37,21.55
09/12/2020,20.66,22.93,20.1,22.27,26.08,29.78,25.46,29.32,21.55,22.51,19.71,21.96
10/12/2020,22.12,23.46,21.53,22.52,29.33,30.26,28.24,29.15,21.96,23.17,21.72,21.78
11/12/2020,22.49,25.14,22.48,23.31,29.16,31.32,28.91,29.0,21.78,22.88,18.12,22.58
14/12/2020,22.67,24.82,21.95,24.72,28.6,29.47,27.83,29.44,22.58,23.2,21.55,23.07
15/12/2020,24.0,24.07,22.73,22.89,29.47,29.47,27.64,28.1,23.07,25.69,17.61,21.68
16/12/2020,22.51,23.67,22.29,22.5,28.1,28.65,27.32,27.85,21.68,23.26,20.9,21.88
17/12/2020,21.98,22.27,21.52,21.93,27.87,27.87,26.92,27.04,21.88,22.99,20.4,20.41
18/12/2020,22.15,23.77,21.57,21.57,27.17,28.68,26.88,26.91,20.41,21.71,19.9,20.05
21/12/2020,24.25,31.46,24.23,25.16,30.17,32.29,27.92,28.35,20.05,26.03,20.05,22.75
22/12/2020,25.24,25.56,23.53,24.23,28.35,30.0,27.83,27.94,22.75,24.36,22.54,22.8
23/12/2020,23.49,23.68,22.13,23.31,27.63,27.88,26.38,27.33,22.8,26.02,20.3,21.29
24/12/2020,22.47,22.83,21.39,21.53,27.33,27.33,25.94,25.94,21.29,21.29,20.38,20.49
28/12/2020,22.11,22.12,21.15,21.7,26.77,26.84,25.64,25.91,20.49,22.63,19.51,20.12
29/12/2020,21.61,23.72,20.99,23.08,25.75,27.59,25.48,26.82,20.12,21.46,17.34,20.93
30/12/2020,22.58,23.15,22.41,22.77,26.83,27.07,26.26,26.29,20.93,24.41,18.3,20.71
31/12/2020,22.99,23.25,21.24,22.75,26.28,27.2,26.03,26.93,20.71,20.96,17.72,20.53
04/01/2021,23.04,29.19,22.56,26.97,27.64,32.65,27.62,30.13,20.53,26.12,20.53,24.01
05/01/2021,26.94,28.6,24.8,25.34,30.12,30.85,28.35,28.42,24.01,24.58,20.9,23.73
06/01/2021,25.48,26.77,22.14,25.07,28.48,30.21,25.95,29.27,23.73,39.46,19.88,23.79
07/01/2021,23.67,23.91,22.25,22.37,29.25,29.25,26.34,26.99,23.79,23.79,20.36,21.64
08/01/2021,22.43,23.34,21.42,21.56,27.03,28.54,26.49,27.93,21.64,22.09,20.98,21.0
11/01/2021,23.31,24.81,23.23,24.08,29.6,29.93,28.02,28.92,21.0,31.26,20.46,22.86
12/01/2021,23.49,25.15,22.83,23.33,28.19,29.81,27.79,28.33,22.86,32.17,18.19,22.07
13/01/2021,23.07,24.18,21.92,22.21,28.27,28.54,26.83,27.36,22.07,34.2,18.18,21.61
14/01/2021,22.22,23.47,21.66,23.25,27.32,28.55,26.65,28.55,21.61,29.87,17.78,21.65
15/01/2021,23.52,25.8,23.08,24.34,28.63,31.11,28.07,29.17,21.65,23.26,18.67,22.14
19/01/2021,23.03,23.56,22.53,23.24,28.15,29.22,27.59,27.71,22.14,22.62,21.88,22.38
20/01/2021,22.82,22.86,21.37,21.58,26.26,27.4,26.23,26.79,22.38,25.54,20.58,21.0
21/01/2021,21.34,22.22,21.09,21.32,26.27,27.96,26.23,27.01,21.0,21.86,19.83,20.31
22/01/2021,22.24,23.73,21.27,21.91,27.76,28.42,27.3,28.07,20.31,26.19,20.05,20.46
25/01/2021,22.31,26.63,22.2,23.19,28.17,31.45,28.05,28.73,20.46,29.64,20.05,22.1
26/01/2021,23.91,23.94,22.55,23.02,28.56,29.79,28.51,29.2,22.1,22.54,21.68,22.49
27/01/2021,23.82,37.21,23.71,37.21,32.22,39.61,31.0,39.61,22.49,45.68,22.49,27.58
28/01/2021,33.25,36.29,27.39,30.21,39.61,39.61,32.09,35.05,27.58,27.58,17.69,24.91
29/01/2021,35.16,37.51,29.24,33.09,35.02,40.53,34.07,37.44,24.91,40.8,22.79,28.68
01/02/2021,31.45,33.96,29.03,30.24,33.98,37.02,32.81,34.24,28.68,34.48,24.11,26.82
02/02/2021,28.01,28.08,25.31,25.56,32.0,32.0,29.16,29.49,26.82,30.66,22.33,23.34
03/02/2021,24.59,25.43,22.91,22.91,28.03,29.93,28.03,29.03,23.34,25.06,20.78,21.3
04/02/2021,23.44,23.44,21.68,21.77,29.05,29.05,26.82,27.09,21.3,28.77,19.9,19.97
05/02/2021,21.99,22.16,20.86,20.87,27.09,27.58,25.34,25.46,19.97,24.71,19.67,20.16
08/02/2021,21.89,22.07,21.23,21.24,26.23,26.66,25.98,26.18,20.16,23.53,19.87,19.87
09/02/2021,21.57,22.26,20.65,21.63,26.16,27.07,25.96,26.6,19.87,20.19,19.01,19.69
10/02/2021,21.64,23.85,19.69,21.99,26.6,28.89,26.3,27.41,19.69,22.59,18.88,20.38
11/02/2021,22.09,23.25,21.11,21.25,27.41,28.75,26.58,27.07,20.38,21.25,18.52,20.24
12/02/2021,21.6,22.45,19.95,19.97,27.11,27.75,25.61,26.36,20.24,27.21,19.34,19.36
16/02/2021,21.13,22.46,20.88,21.46,26.97,30.08,26.6,28.52,19.36,21.45,19.36,19.69
17/02/2021,22.02,23.44,21.09,21.5,28.52,30.8,27.74,28.26,19.69,25.24,19.58,19.67
18/02/2021,21.98,24.23,21.8,22.49,28.25,30.63,27.04,27.59,19.67,22.74,17.06,20.01
19/02/2021,23.1,23.19,20.84,22.05,27.73,28.58,25.8,27.74,20.01,34.48,17.66,20.29
22/02/2021,24.46,25.09,21.96,23.45,27.67,31.02,27.67,31.02,20.29,21.73,20.17,20.75
23/02/2021,22.82,27.01,22.5,23.11,30.95,35.93,29.48,30.62,20.75,30.8,18.38,20.63
24/02/2021,23.76,25.04,21.31,21.34,32.28,33.14,28.67,28.67,20.63,26.89,19.11,19.96
25/02/2021,21.73,31.16,21.52,28.89,28.67,37.17,28.67,36.16,19.96,28.19,19.96,23.47
26/02/2021,28.73,30.82,25.23,27.95,35.93,37.06,31.58,34.06,23.47,32.2,22.98,24.1
01/03/2021,25.2,25.39,23.17,23.35,33.84,33.84,28.66,28.67,24.1,26.98,20.82,21.2
02/03/2021,23.58,24.6,22.8,24.1,28.66,30.57,28.54,30.11,21.2,23.96,20.38,21.08
03/03/2021,22.8,26.79,22.45,26.67,30.11,34.8,30.11,33.92,21.08,31.8,19.43,22.29
04/03/2021,26.52,31.9,24.93,28.57,33.92,37.86,32.2,34.83,22.29,38.03,21.61,24.15
05/03/2021,29.48,30.03,24.33,24.66,34.83,37.34,31.39,31.89,24.15,39.58,18.11,21.98
08/03/2021,27.61,28.39,24.07,25.47,31.86,34.8,31.86,33.87,21.98,27.48,20.47,24.4
09/03/2021,25.11,25.25,22.9,24.03,33.87,33.87,30.95,32.15,24.4,28.98,21.81,22.19
10/03/2021,23.76,23.87,22.38,22.56,32.17,32.39,30.57,31.52,22.19,29.97,20.95,22.02
11/03/2021,22.5,22.5,21.45,21.91,31.51,31.51,29.72,30.04,22.02,27.06,20.37,20.69
12/03/2021,22.57,22.99,20.63,20.69,30.06,32.25,30.03,30.1,20.69,23.71,19.52,19.52
15/03/2021,21.84,21.86,19.87,20.03,30.72,30.99,28.52,28.72,19.52,27.36,17.8,19.12
16/03/2021,20.14,20.31,19.33,19.79,27.11,29.87,27.11,29.27,19.12,32.31,12.94,18.8
17/03/2021,20.1,20.95,19.18,19.23,30.53,31.29,27.98,27.98,18.8,23.77,16.45,18.58
18/03/2021,18.95,22.6,18.95,21.58,27.98,32.2,27.98,30.61,18.58,27.22,18.58,19.83
19/03/2021,21.43,23.17,19.9,20.95,30.64,32.64,29.06,29.65,19.83,34.34,17.29,19.1
22/03/2021,21.91,22.29,18.87,18.88,29.8,29.8,26.7,26.7,19.1,26.47,18.04,18.37
23/03/2021,19.46,21.58,18.8,20.3,26.7,28.34,26.33,27.83,18.37,26.42,17.64,18.9
24/03/2021,20.64,21.49,19.3,21.2,27.86,29.3,26.98,28.97,18.9,22.62,17.25,19.4
25/03/2021,20.8,23.55,19.81,19.81,29.77,30.58,27.61,27.63,19.4,28.17,18.39,18.56
26/03/2021,19.32,21.49,18.68,18.86,27.66,28.7,25.27,25.64,18.56,24.97,17.58,17.66
29/03/2021,20.4,21.6,19.42,20.74,26.96,28.29,26.57,26.94,17.66,29.84,17.66,21.89
30/03/2021,20.76,21.75,19.47,19.61,26.94,28.8,26.34,26.39,21.89,26.55,17.77,17.99
31/03/2021,19.8,20.11,18.85,19.4,26.39,26.49,24.7,24.89,17.99,29.73,17.63,17.82
01/04/2021,18.6,18.64,17.29,17.33,24.85,24.85,23.16,23.21,17.82,19.29,15.48,17.17
05/04/2021,18.16,18.4,17.35,17.91,23.2,24.69,23.2,23.93,17.17,19.89,16.96,17.15
06/04/2021,18.07,18.3,17.37,18.12,23.93,24.4,23.51,23.86,17.15,19.11,16.7,16.77
07/04/2021,17.99,18.17,16.87,17.16,23.87,24.06,23.39,23.43,16.77,18.01,16.5,16.54
08/04/2021,16.92,17.36,16.55,16.95,23.44,24.24,23.06,23.49,16.54,20.07,16.34,16.35
09/04/2021,17.05,17.34,16.2,16.69,23.49,24.13,23.02,23.23,16.35,20.51,16.05,16.21
12/04/2021,17.43,17.91,16.81,16.91,23.25,23.73,22.29,22.49,16.21,20.65,14.34,15.74
13/04/2021,16.99,17.86,16.43,16.65,22.49,22.69,21.98,22.11,15.74,27.15,15.08,16.08
14/04/2021,16.71,17.69,15.38,16.99,22.46,23.31,22.21,22.64,16.08,19.58,15.18,15.9
15/04/2021,16.78,16.92,15.94,16.57,22.68,22.78,21.29,21.68,15.9,26.69,15.42,15.43
16/04/2021,16.65,16.88,16.05,16.25,21.68,22.05,20.21,20.51,15.43,19.03,9.96,14.41
19/04/2021,17.04,18.61,16.78,17.29,20.51,23.93,20.51,22.82,14.44,20.1,11.76,15.32
20/04/2021,17.36,19.7,17.24,18.68,22.82,25.4,22.82,24.37,15.32,26.0,15.32,16.7
21/04/2021,18.48,19.29,16.91,17.5,24.36,25.34,22.55,22.82,16.7,21.02,15.83,16.13
22/04/2021,17.28,19.9,16.99,18.71,22.81,24.85,22.07,24.0,16.13,21.79,16.0,17.38
23/04/2021,18.56,18.78,16.8,17.33,23.97,23.97,21.99,22.32,17.38,21.92,16.14,16.36
26/04/2021,17.94,18.17,16.87,17.64,22.34,23.59,22.31,22.57,16.36,20.42,16.36,16.6
27/04/2021,17.62,18.16,16.97,17.56,22.57,23.3,21.83,22.71,16.6,22.44,16.44,16.73
28/04/2021,17.47,17.84,16.67,17.28,22.71,23.3,22.09,22.36,16.73,20.77,16.26,16.59
29/04/2021,16.88,18.87,16.77,17.61,22.37,23.84,22.15,22.42,16.59,24.81,16.09,16.26
30/04/2021,17.67,19.25,17.64,18.61,22.44,23.67,22.44,22.9,16.26,24.59,15.87,16.21
03/05/2021,18.65,19.12,17.8,18.31,22.89,23.78,22.65,23.34,16.21,19.18,14.6,16.09
04/05/2021,18.16,21.85,18.11,19.48,23.34,27.47,23.34,25.7,16.09,21.53,16.09,16.9
05/05/2021,18.84,19.58,17.89,19.15,25.7,26.16,24.01,25.66,16.9,22.2,15.54,16.12
06/05/2021,18.41,20.6,18.21,18.39,25.63,27.2,24.66,24.83,16.12,18.03,15.24,18.03
07/05/2021,18.45,18.57,16.68,16.69,24.82,24.91,22.71,22.79,18.03,18.03,14.82,15.19
10/05/2021,17.34,19.75,17.07,19.66,22.73,26.62,22.73,26.59,15.19,26.17,15.19,17.19
11/05/2021,21.17,23.73,20.71,21.84,26.61,30.26,26.61,27.86,17.19,24.69,13.91,19.3
12/05/2021,22.42,28.38,21.66,27.59,27.86,32.72,27.86,31.87,19.3,25.68,13.15,25.36
13/05/2021,26.03,28.93,22.23,23.13,31.91,31.91,28.02,29.02,25.36,25.36,19.47,19.97
14/05/2021,21.77,22.1,18.66,18.81,29.02,29.02,24.74,24.99,19.97,19.97,16.73,17.31
17/05/2021,19.89,21.58,19.67,19.72,26.53,27.21,25.48,25.59,17.31,19.58,17.31,17.61
18/05/2021,18.89,21.45,18.81,21.34,25.71,26.42,24.73,26.14,17.61,22.77,17.07,18.24
19/05/2021,22.46,25.96,21.88,22.18,28.63,29.53,25.99,26.66,18.24,22.43,18.24,19.42
20/05/2021,22.33,23.5,20.19,20.67,25.81,25.85,24.08,24.24,19.42,19.94,18.05,18.28
21/05/2021,20.42,20.89,19.53,20.15,24.33,24.54,23.45,24.3,18.28,21.57,17.39,17.56
24/05/2021,20.5,20.51,18.38,18.4,24.37,24.49,22.4,22.76,17.56,19.94,16.88,16.88
25/05/2021,18.35,19.29,16.87,18.84,22.36,23.96,22.33,23.4,16.88,21.98,16.32,16.61
26/05/2021,18.37,18.92,17.35,17.36,23.31,23.56,22.31,22.35,16.61,16.67,15.69,15.81
27/05/2021,18.03,18.17,16.52,16.74,22.37,22.62,21.37,22.12,15.81,16.28,13.96,15.46
28/05/2021,16.8,16.86,15.9,16.76,22.08,22.08,20.86,21.44,15.46,16.14,14.67,14.82
01/06/2021,17.24,18.53,15.68,17.9,22.37,23.38,22.34,22.68,14.82,18.37,14.04,17.95
02/06/2021,17.86,18.31,16.74,17.48,22.68,22.68,21.68,22.01,17.95,20.88,15.11,15.3
03/06/2021,17.73,19.27,17.45,18.04,22.8,23.68,22.14,23.25,15.3,17.91,14.45,15.88
04/06/2021,18.09,18.42,16.18,16.42,23.34,23.34,21.17,21.22,15.88,15.88,14.8,14.84
07/06/2021,17.34,17.35,15.78,16.42,22.29,22.48,21.37,21.37,14.84,17.16,14.84,15.22
08/06/2021,16.58,17.75,15.15,17.07,21.37,22.51,21.06,21.58,15.22,16.59,14.93,15.23
09/06/2021,17.18,17.96,15.55,17.89,21.33,22.23,21.29,22.01,15.23,17.87,15.17,15.6
10/06/2021,18.18,18.29,16.01,16.1,21.19,21.33,19.91,19.98,15.6,17.61,14.39,14.78
11/06/2021,16.18,16.2,15.15,15.65,19.98,20.04,19.08,19.16,14.78,14.78,12.65,14.14
14/06/2021,16.04,17.04,15.04,16.39,19.56,20.34,19.53,20.06,14.14,14.7,13.99,14.43
15/06/2021,16.27,17.35,16.14,17.02,20.31,21.21,20.26,20.93,14.43,19.3,14.43,14.59
16/06/2021,16.99,19.11,16.42,18.15,20.79,22.71,20.44,21.46,14.59,18.38,12.46,15.17
17/06/2021,18.49,19.22,16.71,17.75,21.58,22.03,19.86,20.35,15.17,20.83,13.62,15.74
18/06/2021,16.96,21.04,16.92,20.7,22.04,23.04,21.4,22.43,15.74,26.33,15.74,19.09
21/06/2021,21.74,21.82,17.81,17.89,22.94,23.73,20.77,20.78,19.09,19.71,17.11,17.13
22/06/2021,17.91,18.32,15.76,16.66,20.76,21.09,19.85,20.0,17.13,20.82,16.33,16.34
23/06/2021,16.25,16.84,14.86,16.32,19.99,20.24,19.51,19.82,16.34,18.24,13.94,16.26
24/06/2021,15.99,16.05,14.19,15.97,19.82,19.82,19.03,19.6,16.26,16.26,14.84,15.33
25/06/2021,16.04,16.17,15.21,15.62,19.6,19.72,19.0,19.31,15.32,21.33,14.32,14.49
28/06/2021,16.07,16.46,15.39,15.76,19.62,20.15,19.49,19.58,14.49,15.57,14.33,15.11
29/06/2021,15.69,16.31,14.1,16.02,19.58,20.17,19.34,20.09,15.11,15.67,14.65,15.32
30/06/2021,16.18,17.31,15.58,15.83,20.09,20.81,20.04,20.14,15.34,18.71,14.48,14.76
01/07/2021,15.62,16.01,15.31,15.48,20.12,20.18,19.73,20.07,14.76,16.05,11.59,14.06
02/07/2021,15.53,15.54,14.25,15.07,19.59,19.59,18.73,19.28,14.06,15.93,10.98,13.66
06/07/2021,15.77,17.94,15.73,16.44,20.38,21.87,20.28,21.0,13.66,19.34,13.66,17.89
07/07/2021,16.43,17.64,16.08,16.2,21.0,22.94,20.53,21.11,17.89,18.04,13.28,14.27
08/07/2021,17.74,21.29,17.74,19.0,21.1,24.0,21.1,23.6,14.27,19.57,14.27,17.34
09/07/2021,17.88,18.13,16.08,16.18,22.43,22.43,21.13,21.23,17.34,17.34,12.45,12.45
12/07/2021,16.85,17.52,16.14,16.17,20.56,20.68,19.17,19.68,12.45,17.28,10.73,14.86
13/07/2021,16.39,17.23,15.94,17.12,20.19,21.11,19.38,20.87,14.86,17.81,2.67,2.71
14/07/2021,17.34,17.51,15.95,16.33,20.34,20.75,19.52,19.99,2.71,16.9,2.71,15.51
15/07/2021,16.7,18.09,16.56,17.01,19.99,21.33,19.81,20.11,15.51,17.12,14.13,15.47
16/07/2021,16.8,18.7,16.03,18.45,19.5,21.14,19.48,21.06,15.47,16.56,13.45,15.3
19/07/2021,19.61,25.09,19.27,22.5,23.95,25.1,22.97,23.44,15.3,29.15,15.3,21.27
20/07/2021,20.89,22.97,19.37,19.73,23.4,23.94,21.37,21.68,21.27,26.53,15.37,18.97
21/07/2021,19.73,19.82,17.81,17.91,21.35,21.42,20.2,20.4,18.97,21.92,17.54,17.91
22/07/2021,17.59,18.45,17.4,17.69,20.4,20.73,19.75,19.78,17.91,18.2,17.07,17.48
23/07/2021,16.98,17.48,16.33,17.2,19.88,19.91,18.77,19.06,17.48,20.94,16.59,19.73
26/07/2021,18.67,19.39,17.53,17.58,20.62,20.89,19.92,20.37,12.99,19.73,12.99,17.55
27/07/2021,18.62,20.44,18.25,19.36,21.05,23.85,20.74,22.84,17.55,19.9,16.96,18.88
28/07/2021,19.41,19.62,17.52,18.31,21.94,22.65,20.45,20.96,18.88,21.83,17.44,17.89
29/07/2021,17.91,18.01,17.19,17.7,20.54,20.66,20.03,20.55,17.89,25.66,17.02,17.11
30/07/2021,19.69,19.72,17.53,18.24,20.55,21.54,20.55,20.81,17.11,24.94,16.68,17.88
02/08/2021,18.16,19.87,17.99,19.46,21.08,21.87,20.81,21.49,17.88,19.97,17.73,18.54
03/08/2021,19.17,20.44,17.7,18.04,21.49,22.37,20.39,20.52,18.54,21.1,16.84,17.52
04/08/2021,18.23,18.9,17.67,17.97,20.52,21.31,20.36,20.68,17.52,21.07,17.52,17.96
05/08/2021,17.73,17.84,17.23,17.28,20.68,20.81,20.0,20.19,17.95,19.43,16.93,16.93
06/08/2021,17.46,17.5,16.14,16.15,20.18,20.2,19.41,19.61,16.93,16.93,16.0,16.39
09/08/2021,17.12,17.39,16.59,16.72,20.32,20.74,19.27,19.69,16.39,21.07,16.39,17.32
10/08/2021,16.82,17.05,16.34,16.79,19.55,20.78,19.26,20.38,17.32,17.35,16.7,17.17
11/08/2021,16.81,17.09,15.87,16.06,20.38,20.47,19.19,20.45,17.17,17.17,16.1,16.33
12/08/2021,16.33,16.42,15.49,15.59,20.45,20.9,19.34,19.4,16.33,16.9,15.79,15.79
13/08/2021,15.68,15.72,15.19,15.45,19.39,19.49,18.41,18.52,15.79,16.01,15.55,15.77
16/08/2021,17.05,17.71,16.02,16.12,19.49,20.55,18.91,19.05,15.77,20.72,15.77,16.51
17/08/2021,17.31,19.56,16.71,17.91,20.76,22.59,20.06,21.17,16.51,19.7,16.51,17.91
18/08/2021,17.56,21.64,17.31,21.57,21.17,24.4,20.95,24.35,17.91,31.05,16.02,20.41
19/08/2021,23.12,24.74,20.37,21.67,25.33,25.36,22.93,23.52,20.41,22.1,17.3,19.55
20/08/2021,22.74,23.9,18.18,18.56,23.52,23.59,20.54,20.97,19.55,21.12,18.44,18.6
23/08/2021,18.83,18.95,16.95,17.15,21.35,21.35,19.68,19.8,18.62,18.62,16.36,16.57
24/08/2021,16.96,17.51,16.94,17.22,19.8,20.27,19.54,19.86,16.57,16.63,15.96,16.12
25/08/2021,17.42,17.5,16.46,16.79,19.87,20.13,19.42,19.6,16.12,21.13,15.44,15.48
26/08/2021,17.46,19.27,17.16,18.84,19.69,21.54,19.69,21.37,15.48,19.14,15.48,17.21
27/08/2021,17.95,18.22,16.11,16.39,21.36,21.36,18.49,18.54,17.21,17.21,12.79,15.07
30/08/2021,16.77,16.8,15.98,16.19,19.09,19.33,18.69,19.08,15.08,15.82,14.68,14.98
31/08/2021,15.98,17.07,15.91,16.48,19.08,19.97,19.03,19.48,14.98,15.7,12.07,14.88
01/09/2021,16.06,16.71,15.68,16.11,19.48,20.1,19.1,19.84,14.88,16.74,14.43,14.97
02/09/2021,16.27,16.98,15.73,16.41,19.82,20.53,19.59,20.03,14.96,22.09,14.38,14.78
03/09/2021,16.27,17.06,16.08,16.41,19.9,20.47,19.47,19.75,14.78,19.87,14.2,14.56
07/09/2021,16.94,18.39,16.89,18.14,19.8,21.31,19.8,20.96,14.56,16.69,14.56,15.49
08/09/2021,18.97,19.64,17.78,17.96,20.96,22.11,20.63,20.81,15.49,17.87,15.49,16.73
09/09/2021,19.44,19.54,17.17,18.8,20.68,21.54,20.1,21.45,16.73,17.4,15.39,17.21
10/09/2021,17.94,21.13,16.99,20.95,21.45,23.28,19.76,22.75,17.21,18.27,15.94,17.98
13/09/2021,19.64,21.18,18.76,19.37,21.4,23.17,21.03,21.6,18.04,18.79,17.06,17.52
14/09/2021,19.58,20.47,18.39,19.46,21.6,22.66,20.38,21.68,17.52,20.4,17.13,18.72
15/09/2021,19.3,20.27,18.01,18.18,21.68,22.53,19.88,20.12,18.72,19.3,16.5,17.36
16/09/2021,18.41,19.76,17.65,18.69,20.12,21.86,19.66,20.17,17.35,19.33,17.23,17.59
17/09/2021,18.37,21.51,18.35,20.81,20.2,22.69,20.2,22.27,17.59,22.18,13.8,18.81
20/09/2021,24.25,28.79,23.9,25.71,26.53,30.24,24.71,27.23,18.81,26.27,18.81,23.78
21/09/2021,23.41,25.6,21.71,24.36,27.23,27.44,24.53,26.42,23.78,24.02,21.43,23.12
22/09/2021,22.72,23.4,20.75,20.87,26.39,26.39,22.56,22.97,23.11,23.94,19.48,20.06
23/09/2021,19.91,20.21,18.42,18.63,23.02,23.02,21.05,21.22,20.08,20.08,17.74,17.9
24/09/2021,19.33,20.41,17.63,17.75,21.22,22.85,20.17,20.93,17.84,19.69,17.28,17.39
27/09/2021,17.78,19.32,17.74,18.76,22.69,23.56,21.26,21.83,17.28,18.57,16.29,18.4
28/09/2021,19.74,24.82,19.71,23.25,21.83,27.45,21.83,27.35,18.4,22.55,18.4,21.73
29/09/2021,22.07,23.79,21.45,22.56,27.26,27.59,25.35,26.71,24.63,31.16,19.89,21.57
30/09/2021,21.48,24.71,20.6,23.14,26.7,27.91,25.1,26.65,21.57,24.84,20.68,23.14
01/10/2021,24.78,24.89,20.64,21.15,26.56,27.17,24.3,24.84,23.14,30.32,20.39,20.64
04/10/2021,22.9,24.58,21.88,22.96,24.83,28.83,24.83,27.72,20.66,26.49,20.66,22.85
05/10/2021,22.92,23.17,20.62,21.3,27.72,27.72,24.92,25.45,22.85,25.08,19.9,21.85
06/10/2021,22.95,24.4,20.99,21.0,25.46,28.05,24.7,24.87,21.87,24.82,21.33,21.33
07/10/2021,20.54,20.76,19.07,19.54,24.87,24.87,22.88,23.22,21.34,22.65,19.22,19.83
08/10/2021,19.46,19.94,18.2,18.77,23.22,23.59,22.59,23.16,19.84,19.84,18.79,19.34
11/10/2021,19.93,20.45,18.11,20.0,23.71,23.83,21.51,23.49,19.35,19.35,16.83,19.16
12/10/2021,20.62,20.81,18.97,19.85,23.49,23.9,22.28,23.41,19.16,21.87,18.13,18.94
13/10/2021,20.14,20.23,18.44,18.64,23.39,23.39,21.08,21.23,18.94,19.97,12.63,17.79
14/10/2021,18.01,18.08,16.8,16.86,21.23,21.23,18.84,19.09,17.79,17.79,15.21,15.53
15/10/2021,16.64,16.85,15.72,16.3,19.08,19.24,18.01,18.51,15.53,19.32,12.95,14.9
18/10/2021,17.29,17.93,16.27,16.31,18.5,20.34,18.5,18.83,14.9,17.04,14.9,16.07
19/10/2021,16.09,16.31,15.57,15.7,18.83,19.02,18.21,18.31,16.07,16.07,15.17,15.23
20/10/2021,15.82,15.89,15.29,15.49,18.31,18.81,18.05,18.73,15.23,15.27,12.68,14.97
21/10/2021,16.06,16.11,14.92,15.01,18.74,19.36,18.3,18.63,14.97,15.58,14.17,14.41
22/10/2021,15.35,16.39,14.84,15.43,18.67,19.7,18.12,19.12,14.35,15.91,13.87,14.94
25/10/2021,16.14,16.33,15.1,15.24,19.67,20.3,18.43,18.8,14.94,16.04,14.94,15.34
26/10/2021,15.02,16.71,14.9,15.98,18.8,20.05,18.46,19.38,15.34,19.89,14.96,16.0
27/10/2021,15.79,17.29,15.54,16.98,19.36,20.27,19.05,20.12,16.0,18.6,15.61,16.08
28/10/2021,17.06,17.16,16.23,16.53,20.11,20.14,19.21,19.75,16.08,17.84,14.68,15.42
29/10/2021,17.4,18.06,16.13,16.26,19.75,20.61,19.47,19.64,15.42,16.19,15.27,15.76
01/11/2021,16.85,17.7,16.32,16.41,20.46,20.94,19.61,19.73,15.76,17.15,15.76,16.1
02/11/2021,16.54,16.65,15.89,16.03,19.73,20.0,19.54,19.73,16.1,16.13,14.47,15.56
03/11/2021,16.11,16.39,14.9,15.1,19.72,20.33,19.04,19.43,15.56,21.22,14.82,14.86
04/11/2021,15.06,16.14,14.73,15.44,19.4,20.55,19.0,20.26,14.86,15.1,14.62,14.65
05/11/2021,15.59,17.02,14.95,16.48,20.26,21.85,20.26,21.57,14.65,14.65,14.65,14.65
08/11/2021,17.23,17.69,16.44,17.22,21.95,22.32,21.61,21.88,14.65,16.04,14.65,15.76
09/11/2021,17.43,18.57,17.21,17.78,21.88,23.28,21.72,22.69,15.76,16.89,15.44,16.58
10/11/2021,17.74,19.9,17.22,18.73,22.69,24.22,22.03,23.27,16.58,17.65,16.39,17.49
11/11/2021,18.34,18.39,17.27,17.66,23.26,23.26,21.87,22.37,17.49,17.49,16.21,16.28
12/11/2021,17.49,17.69,16.15,16.29,22.38,22.46,21.32,21.42,16.29,16.29,15.5,15.9
15/11/2021,17.03,17.46,16.49,16.49,21.74,22.76,21.57,21.71,15.9,16.23,15.45,15.45
16/11/2021,16.86,17.08,16.03,16.37,21.71,22.11,20.74,21.28,15.45,16.76,14.66,14.95
17/11/2021,16.36,17.19,16.28,17.11,21.28,21.87,20.87,21.56,14.95,15.99,14.95,15.99
18/11/2021,16.81,18.15,16.38,17.59,21.57,22.3,21.09,21.39,16.01,16.4,15.56,16.2
19/11/2021,17.36,19.01,17.23,17.91,21.39,22.1,21.01,21.75,16.21,17.51,16.21,17.45
22/11/2021,18.2,19.59,17.35,19.17,21.98,23.88,21.61,23.5,17.45,19.08,16.34,17.4
23/11/2021,20.24,20.91,19.03,19.38,23.5,26.06,23.5,24.43,17.4,19.38,15.77,17.86
24/11/2021,19.17,20.96,18.52,18.58,24.43,26.23,23.64,23.82,17.86,18.98,14.56,17.5
26/11/2021,26.62,28.99,23.88,28.62,23.82,29.47,23.82,28.45,17.5,31.15,17.5,24.49
29/11/2021,25.31,25.69,21.71,22.96,25.74,26.82,24.37,24.63,24.49,25.91,22.4,22.78
30/11/2021,26.23,28.56,23.71,27.19,24.63,28.97,24.63,27.39,22.78,31.7,22.78,26.22
01/12/2021,24.92,32.61,22.38,31.12,27.41,31.78,24.64,30.95,26.28,28.47,22.29,28.09
02/12/2021,29.44,30.68,27.15,27.95,30.96,31.94,28.86,29.78,28.13,31.67,22.63,27.81
03/12/2021,26.95,35.32,25.89,30.67,29.81,36.64,28.25,33.41,27.8,33.06,24.75,29.85
06/12/2021,28.99,30.82,26.75,27.18,32.49,34.82,30.06,30.17,29.85,33.16,25.77,26.5
07/12/2021,24.58,24.69,21.58,21.89,30.17,30.17,25.46,25.79,26.5,26.5,21.11,22.77
08/12/2021,21.74,23.11,19.85,19.9,25.8,26.44,24.52,24.82,22.76,23.13,20.38,21.46
09/12/2021,20.31,22.12,19.94,21.58,24.81,26.7,24.71,26.42,21.46,21.46,19.92,21.0
10/12/2021,21.27,21.3,18.69,18.69,26.4,26.4,23.94,23.95,21.0,21.0,18.79,18.79
13/12/2021,19.29,21.18,18.96,20.31,23.01,24.37,22.84,24.04,18.79,26.78,18.28,18.71
14/12/2021,19.67,23.0,19.67,21.89,24.04,27.29,24.04,25.31,18.71,21.93,18.01,20.0
15/12/2021,21.6,23.47,19.02,19.29,25.31,27.8,23.19,23.42,20.0,27.71,15.48,20.45
16/12/2021,18.56,22.13,18.19,20.57,23.4,27.43,23.11,25.24,20.44,21.11,17.94,19.87
17/12/2021,20.7,23.26,20.49,21.57,25.24,28.25,25.17,26.55,19.87,28.06,19.87,21.67
20/12/2021,25.89,27.39,22.85,22.87,26.61,31.04,26.61,27.88,21.68,29.04,20.95,22.91
21/12/2021,22.28,22.68,20.9,21.01,27.88,27.96,24.92,24.96,22.91,22.91,19.84,20.5
22/12/2021,21.04,21.36,18.59,18.63,24.96,25.24,22.15,22.15,20.5,20.5,17.95,18.09
23/12/2021,18.81,18.93,17.62,17.96,22.16,22.43,20.92,21.32,18.09,18.09,16.74,17.29
27/12/2021,19.37,19.41,17.55,17.68,22.13,22.84,21.57,21.72,17.29,19.18,17.29,17.62
28/12/2021,17.78,18.47,17.51,17.54,21.72,22.47,21.51,21.54,17.62,18.92,17.23,18.13
29/12/2021,17.63,18.0,16.71,16.95,21.55,22.6,21.1,21.28,18.13,23.1,17.25,17.53
30/12/2021,17.3,17.79,16.62,17.33,21.27,21.77,20.98,21.38,17.53,21.48,16.7,17.7
31/12/2021,17.63,18.27,16.99,17.22,21.38,21.83,21.03,21.2,17.7,18.07,17.41,17.57
03/01/2022,17.6,18.54,16.56,16.6,21.2,22.37,20.96,21.17,17.57,19.58,17.38,17.41
04/01/2022,16.57,17.81,16.34,16.91,21.18,23.39,21.18,22.32,17.41,18.15,17.26,17.52
05/01/2022,17.07,20.17,16.58,19.73,22.33,26.56,22.33,25.98,17.52,19.97,16.35,19.1
06/01/2022,20.29,21.06,19.08,19.61,25.95,28.37,25.52,25.81,19.09,21.36,18.14,19.87
07/01/2022,19.85,20.8,18.57,18.76,25.83,27.71,25.14,25.65,19.89,20.26,18.65,18.68
10/01/2022,19.58,23.33,19.29,19.4,28.2,30.49,25.49,25.83,18.68,22.03,18.29,18.73
11/01/2022,19.62,21.0,18.2,18.41,25.83,27.23,23.94,24.28,18.73,21.08,16.78,17.27
12/01/2022,18.17,18.69,17.36,17.62,24.29,24.94,23.13,23.44,17.27,17.61,16.38,16.4
13/01/2022,18.06,20.61,17.45,20.31,23.48,27.42,22.98,27.05,16.4,18.88,15.82,18.37
14/01/2022,20.11,22.07,19.05,19.19,27.05,28.34,25.31,25.72,18.37,19.83,13.41,17.95
18/01/2022,21.18,23.2,21.18,22.79,28.76,30.03,28.17,29.36,17.95,21.35,17.95,21.35
19/01/2022,23.12,23.99,21.85,23.85,29.36,29.73,27.6,29.02,21.35,22.37,20.07,21.87
20/01/2022,23.46,25.89,21.68,25.59,29.05,30.62,26.96,30.61,21.87,24.0,16.37,23.99
21/01/2022,25.38,29.79,25.31,28.85,30.57,34.68,29.73,34.06,23.99,28.15,19.44,25.49
24/01/2022,28.2,38.94,28.02,29.9,38.14,44.05,35.13,35.55,25.49,37.91,23.56,26.89
25/01/2022,32.29,35.85,29.13,31.16,35.55,41.39,35.54,38.2,26.89,36.99,24.79,28.2
26/01/2022,29.35,33.04,26.9,31.96,38.27,39.01,33.54,38.1,28.2,38.94,19.02,29.22
27/01/2022,32.19,33.0,28.42,30.49,38.11,38.15,34.64,36.64,29.18,30.03,25.59,27.87
28/01/2022,30.27,32.82,27.28,27.66,36.67,38.14,32.47,33.31,28.24,29.36,21.01,24.51
31/01/2022,28.36,29.41,24.71,24.83,33.29,34.38,29.85,30.16,24.51,26.17,22.96,23.27
01/02/2022,24.57,25.33,21.96,21.96,30.16,31.09,27.7,28.0,23.21,23.47,20.15,20.57
02/02/2022,21.56,22.73,20.46,22.09,27.98,29.78,27.27,29.58,20.57,21.39,17.44,20.16
03/02/2022,22.63,25.81,22.3,24.35,29.46,33.55,29.46,31.24,20.1,24.78,18.97,22.57
04/02/2022,23.77,26.26,22.07,23.22,31.26,33.05,29.3,30.32,22.58,24.06,19.89,21.62
07/02/2022,24.09,24.82,22.02,22.86,31.31,31.33,29.01,30.02,21.62,22.65,19.62,21.96
08/02/2022,23.09,23.48,21.32,21.44,30.02,31.35,28.22,28.33,21.96,22.61,19.39,20.38
09/02/2022,21.27,21.3,19.93,19.96,28.36,28.36,26.62,26.87,20.37,20.37,17.63,19.44
10/02/2022,20.37,24.77,20.18,23.91,26.87,30.74,26.84,30.07,19.44,22.57,19.04,22.36
11/02/2022,24.39,30.99,23.33,27.36,30.05,36.35,29.53,34.16,22.36,26.76,21.57,25.67
14/02/2022,29.17,32.04,28.33,28.33,34.9,36.64,33.32,34.07,25.67,29.07,24.63,26.88
15/02/2022,28.09,28.09,25.33,25.7,34.07,34.07,30.82,31.16,26.88,26.88,23.15,23.15
16/02/2022,25.19,27.09,23.88,24.29,31.16,32.76,29.15,29.45,23.18,24.95,22.11,22.39
17/02/2022,24.83,28.37,24.76,28.11,29.45,33.5,29.45,33.21,22.39,26.45,22.39,26.1
18/02/2022,26.66,29.71,26.38,27.75,33.15,34.83,32.05,33.05,26.1,27.18,21.55,26.08
22/02/2022,31.8,32.04,28.4,28.81,33.05,35.45,32.85,33.13,26.08,28.34,26.08,26.82
23/02/2022,28.04,31.07,27.2,31.02,33.13,35.49,32.01,35.27,26.82,29.12,25.89,27.73
24/02/2022,37.5,37.79,29.45,30.32,35.27,39.99,33.15,34.02,27.73,45.37,27.25,27.49
25/02/2022,31.68,32.0,26.93,27.59,34.05,34.37,30.75,31.19,27.56,27.56,24.67,25.07
28/02/2022,32.44,33.51,28.43,30.15,34.3,35.14,31.76,32.72,25.11,28.31,24.58,27.34
01/03/2022,29.45,35.19,29.44,33.32,32.72,36.77,32.72,35.22,27.34,31.01,24.91,30.08
02/03/2022,34.2,34.41,30.12,30.74,35.27,35.71,32.32,33.05,30.07,30.07,22.8,26.91
03/03/2022,30.52,32.01,29.31,30.48,33.02,34.76,32.31,33.34,26.91,29.45,24.84,27.2
04/03/2022,31.9,34.65,31.47,31.98,33.33,37.26,33.33,34.89,27.19,32.58,27.19,27.91
07/03/2022,35.88,36.55,32.59,36.45,34.89,38.8,34.88,38.73,27.91,33.91,27.91,32.07
08/03/2022,36.19,37.52,32.78,35.13,38.7,39.62,35.56,38.02,32.08,38.4,26.47,31.69
09/03/2022,33.74,34.12,31.39,32.45,38.07,38.07,34.6,35.34,31.69,31.69,28.07,28.86
10/03/2022,33.03,34.03,30.23,30.23,35.33,36.73,34.23,34.23,28.85,29.58,23.09,27.34
11/03/2022,30.43,31.04,28.84,30.75,34.22,35.05,33.17,34.85,27.33,27.65,22.67,27.35
14/03/2022,31.03,33.18,30.06,31.77,35.83,37.7,34.67,36.55,27.37,32.48,27.16,28.69
15/03/2022,33.13,33.83,29.57,29.83,36.55,37.03,34.53,34.65,28.69,28.75,26.52,26.69
16/03/2022,29.02,29.8,26.29,26.67,34.68,34.68,30.63,30.81,26.71,26.71,21.3,23.07
17/03/2022,26.51,27.47,25.25,25.67,30.81,31.64,28.95,29.51,23.06,25.72,21.28,21.91
18/03/2022,26.36,26.82,23.85,23.87,29.44,30.21,27.46,27.76,21.91,24.64,18.02,21.07
21/03/2022,25.14,25.36,22.99,23.53,28.97,29.96,28.22,28.66,21.07,22.85,20.09,21.16
22/03/2022,24.02,24.02,22.7,22.94,28.66,28.87,27.42,27.71,21.16,21.16,19.66,19.92
23/03/2022,23.04,24.03,22.64,23.57,27.72,29.26,27.72,28.84,19.94,22.57,19.94,20.86
24/03/2022,23.61,23.79,21.49,21.67,28.83,29.47,27.62,27.89,20.86,20.98,18.52,19.31
25/03/2022,21.87,22.86,20.8,20.81,27.9,29.4,27.0,27.34,19.31,19.8,15.96,18.83
28/03/2022,22.14,23.33,19.54,19.63,28.26,28.67,26.53,26.53,18.8,21.06,15.5,18.13
29/03/2022,19.7,19.73,18.67,18.9,26.53,26.92,25.52,25.87,18.13,22.21,16.85,17.7
30/03/2022,19.38,20.51,18.72,19.33,25.87,27.33,25.81,26.4,17.72,18.65,16.12,17.96
31/03/2022,19.68,21.48,19.54,20.56,26.38,27.54,26.24,26.99,17.96,21.18,17.5,18.8
01/04/2022,20.62,20.86,19.41,19.63,26.96,27.32,25.74,25.91,18.83,19.28,15.58,18.27
04/04/2022,20.75,20.78,18.45,18.57,26.63,26.75,24.83,24.93,17.81,19.31,16.42,17.38
05/04/2022,18.79,21.57,18.55,21.03,24.93,27.8,24.93,27.4,17.38,19.88,16.59,19.62
06/04/2022,21.27,24.78,21.24,22.1,27.41,30.76,27.41,28.91,19.62,27.18,17.71,20.1
07/04/2022,21.97,23.82,21.12,21.55,28.92,30.33,28.06,28.48,20.08,21.89,15.64,20.04
08/04/2022,21.25,22.34,20.28,21.16,28.49,29.91,27.39,28.06,20.03,22.48,16.18,19.53
11/04/2022,23.09,24.42,22.09,24.37,29.38,30.85,28.84,30.75,19.53,25.72,17.23,21.1
12/04/2022,24.94,25.38,22.27,24.26,30.75,31.07,28.28,30.38,21.1,22.88,15.77,22.77
13/04/2022,23.52,24.45,21.37,21.82,30.37,30.75,26.52,26.85,22.77,30.01,17.93,23.34
14/04/2022,21.72,22.7,20.85,22.7,26.86,28.97,26.26,28.86,23.34,23.34,3.27,20.23
18/04/2022,24.52,24.6,21.98,22.17,30.47,30.91,29.16,29.53,20.23,23.22,15.9,19.41
19/04/2022,22.55,22.92,20.36,21.37,29.53,30.5,27.82,29.1,19.41,20.09,15.63,18.78
20/04/2022,21.13,21.32,19.75,20.32,29.12,29.82,28.03,28.47,18.69,18.69,15.39,17.6
21/04/2022,20.24,23.28,19.81,22.68,28.52,31.92,27.57,31.37,17.61,20.34,16.22,20.0
22/04/2022,22.71,28.27,22.62,28.21,31.35,35.43,31.35,35.39,20.0,24.74,17.81,24.63
25/04/2022,30.04,31.6,26.8,27.02,36.68,37.52,33.54,33.83,24.63,27.25,23.56,23.64
26/04/2022,27.38,33.81,27.06,33.52,33.83,40.0,33.83,38.93,23.64,28.3,22.33,28.17
27/04/2022,31.11,32.77,29.82,31.6,39.17,39.17,35.76,36.91,28.18,30.63,21.19,24.18
28/04/2022,29.91,32.0,28.0,29.99,36.91,37.42,34.11,35.49,24.18,29.5,15.46,20.93
29/04/2022,28.97,34.34,28.54,33.4,35.26,39.45,34.1,38.25,20.93,27.05,15.5,24.51
02/05/2022,33.35,36.64,31.74,32.34,39.57,40.81,37.56,37.81,24.51,29.18,22.35,23.64
03/05/2022,31.76,32.82,29.06,29.25,37.81,38.29,35.76,36.0,23.64,27.49,21.27,23.86
04/05/2022,29.12,29.42,24.94,25.42,35.99,36.83,31.62,31.98,23.86,26.27,14.12,15.57
05/05/2022,25.97,33.2,25.78,31.2,32.0,39.2,32.0,37.19,15.55,25.0,15.55,24.37
06/05/2022,32.23,35.34,29.83,30.19,37.21,41.01,36.41,37.4,24.37,27.35,23.51,24.25
09/05/2022,31.9,35.48,31.9,34.75,40.15,41.91,39.24,41.43,24.26,29.05,24.26,24.78
10/05/2022,33.66,34.84,32.24,32.99,41.43,41.91,38.93,40.08,24.78,27.81,23.43,23.79
11/05/2022,32.87,34.39,30.69,32.56,40.1,41.64,38.02,40.67,23.79,26.98,22.43,24.22
12/05/2022,33.74,34.76,31.7,31.77,40.66,44.02,40.66,41.36,24.22,29.55,22.19,24.62
13/05/2022,31.09,31.2,28.78,28.87,41.32,41.32,37.04,37.61,24.62,27.74,23.46,24.83
16/05/2022,30.01,30.23,27.36,27.47,39.26,39.82,36.69,37.44,24.83,27.89,22.7,24.82
17/05/2022,27.07,27.17,25.51,26.1,37.44,37.44,33.73,33.88,24.82,26.06,20.05,23.3
18/05/2022,26.74,31.49,26.21,30.96,33.88,39.1,33.88,38.81,23.3,28.84,21.95,28.71
19/05/2022,31.24,33.11,29.06,29.35,38.82,39.83,35.98,36.15,28.73,28.73,20.79,23.42
20/05/2022,28.78,32.91,28.06,29.43,36.12,39.77,34.62,36.18,23.03,26.11,19.74,23.62
23/05/2022,28.98,30.39,28.29,28.48,36.98,37.62,34.97,35.18,23.62,24.43,21.69,22.86
24/05/2022,29.43,31.07,29.04,29.45,35.18,38.97,35.18,36.17,22.86,25.94,20.21,24.66
25/05/2022,29.33,30.23,28.16,28.37,36.16,37.31,34.83,35.38,24.66,25.32,21.1,22.11
26/05/2022,28.42,28.46,27.11,27.5,35.43,35.48,33.34,33.63,22.12,22.84,18.2,21.7
27/05/2022,27.5,27.54,25.57,25.72,33.66,33.66,31.77,32.0,21.69,21.86,18.67,21.1
31/05/2022,27.47,28.35,25.94,26.19,33.89,34.92,32.4,33.01,21.04,25.0,17.65,19.3
01/06/2022,26.05,27.73,25.38,25.69,33.01,34.28,31.95,32.6,19.3,22.29,18.45,21.31
02/06/2022,25.73,26.5,24.33,24.72,32.59,33.56,30.81,31.44,21.31,21.76,19.4,20.44
03/06/2022,24.91,25.96,24.76,24.79,31.44,32.77,31.44,31.75,20.44,21.01,17.79,20.68
06/06/2022,25.37,25.81,24.82,25.07,31.47,32.87,31.33,32.16,18.74,21.11,16.45,20.57
07/06/2022,25.54,26.24,23.88,24.02,33.05,33.34,30.39,31.03,21.64,21.84,19.52,19.73
08/06/2022,24.37,24.78,23.74,23.96,31.56,31.71,30.3,30.69,20.5,21.1,19.2,19.81
09/06/2022,24.29,26.24,23.82,26.09,31.33,32.87,30.61,32.73,18.76,22.83,18.76,21.72
10/06/2022,26.26,29.63,26.05,27.75,34.46,35.52,33.45,33.97,21.72,24.06,17.71,21.37
13/06/2022,31.37,35.05,31.29,34.02,38.28,41.12,37.54,40.36,25.69,30.31,22.06,26.48
14/06/2022,33.01,34.0,32.06,32.69,39.94,40.64,38.12,38.51,27.31,37.57,23.14,27.31
15/06/2022,32.39,32.77,27.76,29.62,38.04,38.04,19.81,35.35,25.85,32.05,20.49,24.9
16/06/2022,30.35,34.82,30.35,32.95,37.78,40.53,37.11,38.67,27.1,32.49,20.66,27.85
17/06/2022,32.84,33.31,30.47,31.13,38.49,38.75,32.59,36.66,25.61,31.27,20.76,25.84
21/06/2022,30.63,30.65,29.33,30.19,36.68,36.73,35.26,36.06,25.22,25.86,20.64,25.73
22/06/2022,31.45,31.57,28.78,28.95,37.17,37.17,35.25,35.94,25.18,26.86,22.04,25.02
23/06/2022,29.29,29.77,28.74,29.05,35.79,36.45,34.66,35.3,25.23,26.04,23.94,25.05
24/06/2022,29.07,29.72,26.83,27.23,34.96,35.04,33.04,33.77,24.42,24.5,22.74,22.82
27/06/2022,28.3,28.66,26.93,26.95,34.06,35.2,33.47,33.56,22.06,24.45,20.99,21.09
28/06/2022,26.9,28.68,26.47,28.36,33.57,35.78,32.92,35.43,22.9,25.38,22.33,25.38
29/06/2022,28.8,29.36,27.85,28.16,35.22,36.03,34.57,35.33,23.79,24.68,20.72,23.74
30/06/2022,29.42,30.22,28.28,28.71,36.43,37.46,35.65,36.21,24.37,25.36,17.8,17.81
01/07/2022,29.53,29.59,26.69,26.7,36.07,36.62,34.11,34.27,21.02,24.82,18.66,18.66
05/07/2022,27.37,29.82,27.3,27.54,37.47,37.89,34.51,34.86,25.72,25.91,22.64,23.46
06/07/2022,27.84,28.07,26.43,26.73,35.07,35.61,33.34,33.75,23.6,24.24,21.85,23.08
07/07/2022,26.73,26.79,25.66,26.08,34.05,34.2,32.2,32.81,22.68,23.02,21.38,22.87
08/07/2022,26.41,26.61,24.43,24.64,33.11,33.18,30.68,31.18,22.61,22.68,20.03,20.83
11/07/2022,26.42,26.74,25.79,26.17,33.52,33.65,32.54,32.93,22.73,22.85,18.11,22.21
12/07/2022,27.14,27.75,25.82,27.29,33.31,34.45,32.75,33.97,22.85,23.89,18.05,23.52
13/07/2022,27.35,29.06,26.23,26.82,35.2,35.72,33.1,33.67,21.04,29.91,21.04,23.72
14/07/2022,27.47,28.45,26.2,26.4,34.49,34.91,32.38,32.64,25.06,26.07,15.6,23.59
15/07/2022,26.72,26.72,24.13,24.23,31.74,32.15,30.33,30.39,21.85,25.76,17.6,21.12
18/07/2022,24.83,25.91,24.38,25.3,31.09,32.18,30.47,31.58,20.43,23.12,18.19,22.0
19/07/2022,25.12,25.41,24.23,24.5,30.72,31.24,30.28,30.66,20.44,22.26,19.67,21.34
20/07/2022,24.23,24.73,23.4,23.88,30.79,31.07,30.08,30.58,21.14,21.66,16.58,21.06
21/07/2022,24.07,24.67,22.92,23.11,30.64,31.32,28.87,29.31,20.96,21.63,18.79,19.38
22/07/2022,23.3,23.81,22.41,23.03,29.29,29.9,28.23,29.19,19.55,21.32,18.98,19.49
25/07/2022,24.33,24.57,23.19,23.36,30.52,30.93,29.33,29.42,19.79,21.6,17.75,19.6
26/07/2022,23.95,25.31,23.82,24.69,30.26,31.87,30.26,30.91,19.08,22.25,19.08,21.08
27/07/2022,24.27,24.41,23.02,23.24,30.47,30.66,26.04,29.59,20.58,20.7,16.77,19.61
28/07/2022,23.33,23.54,22.22,22.33,29.48,30.26,27.83,28.48,19.14,21.67,17.68,18.5
29/07/2022,22.13,22.16,21.21,21.33,28.01,28.14,26.87,27.25,17.87,21.04,16.26,17.84
01/08/2022,22.41,23.27,22.26,22.84,28.55,28.97,27.95,28.75,19.04,19.76,17.15,18.95
02/08/2022,24.08,24.68,22.67,23.93,29.82,30.55,28.5,30.0,20.15,21.59,18.28,20.19
03/08/2022,23.86,23.92,21.68,21.95,29.14,29.36,27.77,27.98,19.39,20.21,17.19,18.33
04/08/2022,22.06,22.66,21.44,21.44,28.46,28.97,27.81,27.81,18.8,20.2,16.62,18.0
05/08/2022,21.5,22.58,20.76,21.15,28.84,28.87,26.82,27.13,18.0,21.44,15.59,17.54
08/08/2022,21.74,22.01,20.83,21.29,27.94,28.22,26.97,27.65,17.8,21.94,15.96,18.25
09/08/2022,21.41,22.23,21.41,21.77,28.43,28.81,28.06,28.41,18.39,19.14,17.57,18.41
10/08/2022,22.28,22.34,19.54,19.74,27.03,27.23,25.47,25.72,16.88,18.52,16.28,16.52
11/08/2022,19.84,20.85,19.71,20.2,25.77,26.87,25.58,26.13,16.56,18.54,16.06,16.97
12/08/2022,20.34,20.35,19.12,19.53,25.93,26.24,24.91,25.18,16.72,18.0,16.19,16.52
15/08/2022,20.74,21.16,19.81,19.95,26.38,26.5,25.31,25.4,17.38,17.79,16.49,16.82
16/08/2022,20.23,20.39,19.5,19.69,25.71,25.93,25.13,25.55,16.95,17.79,13.24,16.69
17/08/2022,19.74,20.63,19.41,19.9,26.39,26.87,25.7,26.33,17.3,18.06,15.04,17.26
18/08/2022,20.51,20.61,19.43,19.56,26.58,26.83,25.31,25.52,17.36,19.73,16.08,19.73
19/08/2022,20.16,21.27,20.08,20.6,26.65,27.22,26.02,26.74,17.59,18.09,14.91,17.44
22/08/2022,22.41,24.62,22.39,23.8,29.26,30.22,29.05,29.65,19.28,22.14,15.16,20.18
23/08/2022,24.13,24.21,23.07,24.11,29.83,29.97,29.05,29.69,20.31,22.13,17.28,20.6
24/08/2022,24.37,24.86,22.73,22.82,29.84,30.15,28.66,28.96,20.48,23.46,17.72,19.9
25/08/2022,22.41,23.13,21.77,21.78,28.94,29.39,27.97,28.08,20.06,22.58,18.1,18.83
26/08/2022,22.07,25.9,21.67,25.56,28.34,31.77,24.88,31.72,18.84,22.62,15.56,22.36
29/08/2022,26.86,27.67,25.47,26.21,33.16,33.23,31.72,32.3,23.92,23.92,21.84,23.43
30/08/2022,25.75,27.69,25.13,26.21,31.95,33.56,31.91,32.12,22.98,27.64,22.22,23.16
31/08/2022,25.86,26.62,25.31,25.87,32.0,32.41,31.34,32.19,22.98,27.59,20.24,23.02
01/09/2022,26.88,27.45,25.25,25.56,32.92,33.81,32.08,32.26,23.61,24.09,21.25,22.24
02/09/2022,25.51,26.28,23.19,25.47,31.03,33.01,30.17,32.32,20.47,23.71,18.11,22.39
06/09/2022,25.46,27.8,25.33,26.91,32.76,34.47,32.75,33.59,22.81,24.8,22.08,23.58
07/09/2022,26.93,27.15,24.54,24.64,33.49,33.49,31.38,31.56,23.61,25.38,20.03,21.79
08/09/2022,24.7,25.9,23.56,23.61,32.23,32.38,29.8,30.48,21.79,23.23,18.95,20.64
09/09/2022,23.49,23.57,22.64,22.79,29.95,30.11,28.98,29.23,20.05,20.78,19.45,20.12
12/09/2022,23.58,24.23,23.16,23.87,29.79,30.18,29.54,29.81,19.45,24.76,19.1,20.12
13/09/2022,23.67,28.15,23.53,27.27,30.95,33.95,30.52,33.18,20.86,29.18,20.45,23.03
14/09/2022,26.73,27.56,26.16,26.16,33.16,33.64,32.34,32.57,23.07,24.3,14.07,22.57
15/09/2022,26.1,26.93,25.42,26.27,33.08,33.35,31.78,32.65,22.92,29.38,21.76,23.14
16/09/2022,27.47,28.45,26.14,26.3,34.17,34.82,32.76,32.83,24.25,25.64,15.39,22.78
19/09/2022,27.69,27.95,25.56,25.76,34.51,34.51,31.97,32.36,24.08,27.68,21.34,22.65
20/09/2022,25.65,27.81,25.61,27.16,33.34,34.05,32.72,33.3,23.56,27.69,22.65,23.61
21/09/2022,28.03,30.18,25.55,27.99,33.47,34.13,15.7,33.87,23.41,26.81,14.77,24.19
22/09/2022,28.16,28.38,26.71,27.35,33.56,34.17,32.48,32.92,24.26,25.15,22.63,23.56
23/09/2022,27.68,32.31,27.58,29.92,34.16,36.66,33.02,34.88,24.48,27.48,23.4,25.46
26/09/2022,31.74,32.88,29.83,32.26,36.48,37.12,34.89,36.93,23.05,28.17,23.05,27.18
27/09/2022,31.2,34.14,30.3,32.6,35.98,38.61,35.33,37.15,26.92,29.38,23.47,27.82
28/09/2022,34.5,34.88,30.03,30.18,37.56,38.31,33.23,35.51,25.93,28.89,25.26,26.16
29/09/2022,31.67,33.46,31.16,31.84,36.62,38.25,36.57,36.91,27.52,33.93,25.75,27.24
30/09/2022,31.61,33.25,29.39,31.62,37.67,38.14,35.25,36.61,25.33,29.03,22.55,26.41
03/10/2022,33.0,33.06,29.63,30.1,37.05,37.48,35.5,35.56,24.64,27.17,24.64,25.97
04/10/2022,29.52,29.62,28.56,29.07,34.86,34.96,33.95,34.42,25.1,26.82,24.93,26.2
05/10/2022,29.36,30.11,28.5,28.55,35.23,35.55,34.07,34.33,27.0,27.09,18.34,25.86
06/10/2022,28.6,30.74,28.56,30.52,34.59,35.96,34.47,35.84,26.24,27.35,25.19,26.96
07/10/2022,30.37,32.02,29.88,31.36,36.19,37.41,36.12,36.86,26.88,28.31,26.2,27.86
10/10/2022,32.93,33.99,32.05,32.45,38.25,39.77,38.04,38.57,28.69,30.15,27.83,28.7
11/10/2022,33.56,34.43,32.45,33.63,39.45,39.87,34.83,39.38,29.34,34.27,28.67,32.15
12/10/2022,33.54,34.53,33.11,33.57,39.85,40.2,39.11,39.51,29.94,31.78,26.86,29.41
13/10/2022,33.6,33.87,31.63,31.94,39.1,39.45,25.52,38.27,29.31,33.31,26.4,28.31
14/10/2022,31.89,32.98,31.14,32.02,37.87,39.12,35.0,37.75,27.91,32.08,24.52,27.99
17/10/2022,32.27,32.59,30.7,31.37,37.79,37.94,37.03,37.07,27.9,29.03,26.74,27.53
18/10/2022,31.1,31.93,30.42,30.5,36.63,37.24,36.09,36.11,27.15,29.76,25.48,27.13
19/10/2022,30.94,31.9,30.76,30.76,36.81,37.4,35.63,36.37,27.96,34.44,22.81,27.24
20/10/2022,31.3,31.32,29.76,29.98,36.48,36.73,34.22,35.77,27.21,31.88,26.48,26.72
21/10/2022,30.21,30.44,29.24,29.69,35.97,36.44,33.83,35.25,26.08,28.85,23.86,26.26
24/10/2022,30.65,30.95,29.78,29.85,36.13,36.67,24.37,35.5,27.46,31.3,22.73,27.08
25/10/2022,29.8,30.0,28.22,28.46,35.37,35.62,16.05,34.14,27.08,27.31,22.95,25.72
26/10/2022,28.44,28.52,27.27,27.28,34.45,34.45,28.21,33.28,25.69,28.1,24.25,24.93
27/10/2022,27.51,27.67,26.94,27.39,33.56,33.99,18.21,33.82,24.9,25.87,23.15,24.71
28/10/2022,27.43,27.59,25.75,25.75,33.22,33.26,16.81,31.86,24.01,25.42,23.25,23.47
31/10/2022,26.91,27.07,25.84,25.88,33.23,33.69,31.16,31.16,24.89,24.96,23.63,23.78
01/11/2022,25.96,26.35,25.66,25.81,31.63,32.16,31.08,31.99,23.69,25.69,22.9,24.28
02/11/2022,26.04,26.62,25.39,25.86,32.53,32.82,9.94,32.1,24.77,27.12,21.52,24.35
03/11/2022,25.98,26.87,25.1,25.3,33.12,33.19,31.68,31.79,25.04,25.6,22.71,23.66
04/11/2022,25.63,25.71,24.0,24.55,31.13,31.73,30.33,30.86,23.02,24.05,21.95,23.05
07/11/2022,25.67,25.67,24.34,24.35,31.83,32.18,28.78,30.84,23.74,24.19,23.03,23.23
08/11/2022,24.71,26.16,24.24,25.54,30.92,32.73,30.65,31.53,23.22,25.66,22.89,24.86
09/11/2022,25.34,26.35,25.02,26.09,31.86,32.62,31.41,32.49,25.14,26.13,23.5,24.76
10/11/2022,26.51,26.59,22.84,23.53,29.29,30.38,29.01,30.35,22.05,23.0,21.76,22.77
11/11/2022,23.89,23.91,22.37,22.52,30.46,30.68,28.38,28.97,22.64,23.79,21.06,21.66
14/11/2022,23.99,24.33,22.86,23.73,30.69,30.73,29.36,30.02,22.43,28.78,18.62,21.87
15/11/2022,23.77,26.22,23.18,24.54,29.64,32.21,29.37,30.3,21.46,23.69,17.75,22.2
16/11/2022,24.29,24.72,23.99,24.11,30.61,30.72,29.67,30.05,22.08,22.53,20.41,21.56
17/11/2022,24.05,25.18,23.81,23.93,31.03,31.2,29.51,30.02,22.52,22.79,20.59,21.45
18/11/2022,24.03,24.12,22.98,23.12,29.6,30.03,29.01,29.25,21.25,22.43,20.1,20.91
21/11/2022,24.05,24.12,22.3,22.36,30.23,30.33,28.65,29.0,21.7,21.91,19.08,20.61
22/11/2022,22.59,22.71,21.28,21.29,28.96,29.01,27.27,27.79,20.34,20.77,18.12,19.72
23/11/2022,21.49,21.78,20.32,20.35,28.06,28.2,26.2,26.66,19.88,20.57,17.79,19.4
25/11/2022,20.61,21.11,20.46,20.5,27.18,27.54,26.76,26.79,20.64,27.36,19.8,20.36
28/11/2022,22.09,22.5,21.65,22.21,28.49,28.63,27.89,28.31,22.03,23.4,20.0,21.49
29/11/2022,22.09,22.57,21.83,21.89,28.37,29.08,27.76,28.36,21.47,23.92,18.1,20.7
30/11/2022,21.7,22.63,20.31,20.58,28.68,28.95,26.17,26.46,20.9,22.26,18.16,19.25
01/12/2022,20.83,21.06,19.8,19.84,26.82,27.33,25.49,26.09,19.35,22.48,17.74,19.97
02/12/2022,20.42,20.96,18.95,19.06,26.44,26.65,24.25,24.78,20.3,21.43,18.67,18.7
05/12/2022,20.3,21.29,19.78,20.75,26.09,26.61,25.48,26.16,19.96,22.9,17.15,19.86
06/12/2022,20.69,22.6,20.38,22.17,26.07,28.06,25.92,27.53,19.84,25.99,19.78,20.42
07/12/2022,22.32,23.01,22.18,22.68,28.07,28.63,27.85,28.11,20.92,22.26,20.46,20.94
08/12/2022,22.81,23.28,22.06,22.29,28.25,28.83,27.54,27.59,21.03,23.24,19.96,20.35
09/12/2022,22.55,23.21,22.18,22.83,28.28,28.54,27.45,27.94,20.6,22.23,18.88,20.88
12/12/2022,24.4,25.05,24.18,25.0,29.7,30.22,29.59,30.06,20.47,24.06,18.65,20.99
13/12/2022,25.24,25.84,21.46,22.55,27.76,28.47,26.24,26.91,17.69,22.57,16.44,18.61
14/12/2022,22.83,23.47,21.07,21.14,27.55,27.87,11.92,25.75,18.54,20.53,13.65,16.71
15/12/2022,21.52,23.67,21.25,22.83,26.29,28.45,26.14,27.34,18.21,21.75,17.72,18.63
16/12/2022,23.26,23.83,22.09,22.62,27.88,27.92,22.8,27.33,19.19,20.9,14.98,18.8
19/12/2022,22.63,22.86,21.61,22.42,27.64,27.78,26.65,27.41,19.51,24.3,11.88,19.24
20/12/2022,23.17,23.39,21.35,21.48,27.79,28.0,26.26,26.65,19.45,20.82,17.94,18.46
21/12/2022,21.25,21.29,19.94,20.07,26.02,26.23,25.14,25.15,17.74,21.79,14.25,17.72
22/12/2022,20.08,24.3,20.01,21.97,25.76,29.56,25.75,27.35,18.23,24.04,16.49,19.09
23/12/2022,22.17,22.64,20.78,20.87,27.53,28.33,26.12,26.33,19.13,20.04,15.36,18.27
27/12/2022,21.67,22.8,21.59,21.65,28.12,28.81,27.75,27.78,19.7,22.31,18.55,19.43
28/12/2022,21.47,22.26,20.96,22.14,28.11,28.66,27.31,28.38,19.75,21.91,18.77,20.2
29/12/2022,22.25,22.31,21.36,21.44,28.11,28.28,27.01,27.36,19.97,21.45,18.95,19.63
30/12/2022,21.83,22.4,21.59,21.67,28.2,28.64,27.16,27.6,20.08,22.72,15.79,19.39
03/01/2023,23.09,23.76,22.73,22.9,29.06,30.08,28.69,29.11,20.44,26.99,14.7,20.14
04/01/2023,22.93,23.27,21.94,22.01,29.0,29.55,5.85,28.36,19.98,21.21,16.44,19.22
05/01/2023,22.2,22.92,21.97,22.46,28.67,29.46,28.38,28.81,19.44,22.16,18.79,19.61
06/01/2023,22.69,22.9,21.0,21.13,28.45,28.79,26.47,26.96,19.07,27.12,15.96,18.32
09/01/2023,21.75,21.98,21.27,21.97,27.55,28.0,27.25,27.86,18.92,19.4,18.57,19.34
10/01/2023,22.22,22.46,20.58,20.58,28.18,28.29,26.75,26.94,19.36,20.84,18.02,18.02
11/01/2023,20.8,21.25,20.62,21.09,27.16,27.47,26.87,27.34,17.73,19.24,17.73,18.58
12/01/2023,21.56,21.8,18.83,18.83,25.87,26.4,24.54,24.76,17.38,18.25,16.17,16.18
13/01/2023,19.0,19.41,18.01,18.35,25.19,25.19,23.14,23.82,16.5,17.08,14.37,15.78
17/01/2023,19.89,20.22,19.21,19.36,25.45,25.75,24.42,24.75,16.86,17.71,14.22,16.51
18/01/2023,19.28,20.58,18.71,20.34,24.51,25.79,24.26,25.51,16.44,18.34,16.31,17.98
19/01/2023,20.43,21.71,20.17,20.52,25.92,26.3,24.77,25.28,18.81,21.81,17.73,18.15
20/01/2023,20.28,20.7,19.41,19.85,25.1,25.31,24.04,24.54,18.31,20.6,13.97,17.44
23/01/2023,20.21,20.33,19.55,19.81,25.01,25.18,24.45,24.61,17.95,24.24,15.05,17.56
24/01/2023,19.89,20.47,18.91,19.2,24.97,25.48,24.08,24.55,18.04,25.1,17.0,17.11
25/01/2023,19.56,20.9,18.99,19.08,24.75,26.77,24.19,24.54,18.14,22.86,15.53,17.12
26/01/2023,19.05,19.48,18.67,18.73,24.47,25.05,24.42,25.01,17.09,21.87,16.87,16.94
27/01/2023,18.9,19.0,17.97,18.51,24.94,24.94,23.93,24.57,17.05,24.73,13.58,16.81
30/01/2023,19.76,20.25,19.54,19.94,25.9,26.56,25.74,26.25,17.3,21.99,14.43,18.23
31/01/2023,20.12,20.7,19.13,19.4,26.36,26.67,25.38,25.79,17.99,23.16,16.72,17.77
01/02/2023,19.62,20.04,17.7,17.87,26.11,26.28,23.08,24.04,17.96,24.09,15.25,16.55
02/02/2023,17.74,19.25,17.06,18.73,24.06,25.86,23.3,25.06,16.66,22.69,14.9,17.31
03/02/2023,18.57,19.3,17.93,18.33,24.31,25.74,21.95,25.4,17.09,26.42,16.04,16.89
06/02/2023,19.23,19.81,19.21,19.43,26.48,26.67,25.6,25.89,17.75,17.92,15.26,17.21
07/02/2023,19.54,19.99,18.43,18.66,26.16,26.35,20.97,25.46,17.58,23.12,15.64,16.63
08/02/2023,18.88,20.12,18.55,19.63,25.73,26.78,19.74,26.45,16.64,18.1,15.35,17.52
09/02/2023,19.24,21.08,19.02,20.71,26.13,28.44,26.09,27.64,17.24,18.96,14.89,18.78
10/02/2023,20.74,21.94,20.44,20.53,28.14,28.48,26.84,27.09,19.05,24.75,18.26,18.49
13/02/2023,21.66,21.69,20.33,20.34,28.28,28.35,26.89,27.26,19.0,20.98,15.37,17.97
14/02/2023,20.72,20.75,18.48,18.91,25.84,26.17,24.44,25.06,17.94,22.0,16.7,17.01
15/02/2023,19.37,19.41,18.11,18.23,25.13,25.21,23.64,24.09,16.84,21.42,16.23,16.3
16/02/2023,18.26,20.27,18.23,20.17,25.53,26.13,24.08,26.06,16.98,28.0,15.84,17.74
17/02/2023,20.94,21.3,19.82,20.02,26.87,27.12,25.57,25.82,18.3,20.32,15.12,17.31
21/02/2023,21.8,23.34,21.8,22.87,28.49,29.21,27.97,28.57,18.59,25.15,17.29,19.56
22/02/2023,23.03,23.63,22.02,22.29,28.98,29.09,27.59,28.02,19.66,27.35,14.38,19.35
23/02/2023,21.96,22.43,20.89,21.14,27.39,28.26,26.41,26.83,18.71,24.14,16.76,18.15
24/02/2023,21.35,22.9,21.32,21.67,27.98,28.56,27.02,27.18,19.02,24.73,18.43,18.47
27/02/2023,21.99,22.02,20.68,20.95,27.08,27.2,26.43,26.65,18.27,19.96,15.39,18.02
28/02/2023,21.3,21.37,20.1,20.7,26.94,27.08,25.75,26.4,18.14,22.53,16.95,17.9
01/03/2023,20.39,21.32,20.22,20.58,26.44,27.07,25.57,26.48,17.73,20.1,16.7,18.06
02/03/2023,21.41,21.42,19.55,19.59,27.03,27.12,25.25,25.7,18.36,23.94,17.07,17.13
03/03/2023,19.76,19.76,18.16,18.49,25.44,25.44,23.94,24.36,17.0,21.42,16.13,17.99
06/03/2023,19.05,19.19,18.49,18.61,24.76,24.79,23.82,24.25,16.73,19.4,14.56,16.6
07/03/2023,18.64,19.74,18.51,19.59,24.39,25.02,23.82,24.65,16.85,20.26,16.54,17.55
08/03/2023,19.71,20.01,19.0,19.11,24.8,25.08,23.86,24.08,17.56,19.32,16.1,17.26
09/03/2023,19.33,23.14,18.88,22.61,24.33,27.26,23.96,26.55,17.02,24.98,16.57,23.01
10/03/2023,23.34,28.97,21.79,24.8,26.35,31.2,26.09,27.94,19.89,26.03,19.89,21.22
13/03/2023,24.05,30.81,23.85,26.52,31.71,32.6,27.88,29.39,24.68,25.31,15.85,22.66
14/03/2023,26.85,27.24,22.27,23.73,26.89,27.85,16.85,26.72,20.35,27.01,15.75,20.1
15/03/2023,23.21,29.91,23.19,26.14,28.85,31.38,27.72,28.69,22.14,29.87,16.76,22.0
16/03/2023,26.19,27.49,22.97,22.99,29.47,29.72,26.23,26.62,23.02,25.94,18.13,19.4
17/03/2023,22.92,26.14,22.58,25.51,27.11,29.49,26.39,28.35,19.62,26.55,19.53,22.47
20/03/2023,27.77,28.91,24.0,24.15,29.23,29.65,27.22,27.55,23.05,27.42,18.79,21.34
21/03/2023,24.16,24.16,21.29,21.38,26.22,26.5,25.31,25.68,19.86,22.79,18.31,18.87
22/03/2023,21.8,22.38,19.94,22.26,25.53,26.67,24.13,26.6,19.24,21.07,14.89,20.44
23/03/2023,21.54,24.91,20.16,22.61,25.35,28.14,24.47,26.56,19.19,22.97,18.34,20.41
24/03/2023,22.11,25.21,21.6,21.74,27.34,28.59,23.96,25.78,21.31,26.02,18.82,20.2
27/03/2023,22.05,22.93,20.57,20.6,25.85,26.11,24.68,25.07,19.29,24.5,16.95,19.2
28/03/2023,20.53,21.4,19.91,19.97,25.63,25.85,24.47,24.5,19.54,26.24,16.94,18.87
29/03/2023,19.39,19.45,19.09,19.12,23.86,24.26,23.36,23.99,17.97,21.34,16.24,18.05
30/03/2023,19.12,20.08,18.85,19.02,23.81,24.78,23.57,23.99,17.64,19.86,16.63,17.98
31/03/2023,19.21,19.43,18.52,18.7,23.96,24.08,23.06,23.6,17.76,20.44,14.71,17.55
03/04/2023,19.79,19.83,18.54,18.55,24.96,24.96,23.44,23.67,17.42,20.9,14.01,16.63
04/04/2023,18.79,20.03,18.58,19.0,23.93,25.03,23.7,24.28,16.75,21.84,16.7,16.9
05/04/2023,19.42,20.08,19.0,19.08,24.89,25.48,24.25,24.62,17.18,20.38,16.67,16.72
06/04/2023,19.3,19.88,18.35,18.4,25.24,25.5,23.5,23.86,16.92,23.14,16.56,16.63
10/04/2023,19.39,20.05,18.93,18.97,25.5,25.7,24.31,24.56,18.0,19.25,15.82,15.82
11/04/2023,19.08,19.28,18.56,19.1,24.9,24.97,24.18,24.71,16.69,20.6,16.16,16.62
12/04/2023,19.38,19.98,18.25,19.09,24.54,25.1,23.68,24.49,15.96,18.9,15.61,16.47
13/04/2023,18.83,19.06,17.77,17.8,23.97,24.23,22.79,23.28,15.77,20.73,13.8,15.38
14/04/2023,17.94,18.12,17.07,17.07,23.5,23.53,19.49,22.22,15.05,16.32,14.15,14.7
17/04/2023,17.58,17.79,16.9,16.95,23.05,23.1,21.4,21.91,14.66,15.93,12.92,14.32
18/04/2023,16.94,17.34,16.58,16.83,21.86,22.22,20.94,21.41,14.51,21.91,13.92,14.33
19/04/2023,17.3,17.72,16.17,16.46,21.75,21.89,20.82,21.24,14.53,21.32,12.94,14.48
20/04/2023,16.85,17.69,16.33,17.17,22.13,22.26,20.88,21.77,15.19,20.72,10.88,15.37
21/04/2023,17.51,17.71,16.58,16.77,21.92,22.27,21.06,21.29,15.34,21.88,14.39,17.32
24/04/2023,18.22,18.24,16.74,16.89,22.29,22.33,21.22,21.52,14.96,21.75,12.94,15.91
25/04/2023,17.62,19.86,17.33,18.76,22.43,24.05,19.82,22.97,15.16,23.8,15.16,16.86
26/04/2023,18.66,19.61,17.87,18.84,23.2,23.52,22.25,22.77,16.85,20.75,14.93,17.31
27/04/2023,18.43,18.43,16.72,17.03,21.93,21.95,20.58,21.05,16.78,21.36,13.37,15.27
28/04/2023,17.21,17.65,15.72,15.78,21.08,21.14,19.97,20.12,15.36,19.03,14.26,14.26
01/05/2023,16.41,16.62,15.53,16.08,20.77,20.78,19.73,20.19,15.09,20.65,14.16,14.84
02/05/2023,16.27,19.81,16.26,17.78,20.59,23.22,20.41,21.63,15.21,23.24,14.84,16.72
03/05/2023,17.82,18.83,17.19,18.34,21.75,22.43,12.19,22.03,16.84,26.21,15.64,17.42
04/05/2023,19.17,21.33,18.67,20.09,22.85,24.12,22.44,23.14,18.05,27.92,16.78,19.03
05/05/2023,19.5,19.63,16.69,17.19,21.57,21.57,19.9,20.36,17.25,27.36,15.76,15.92
08/05/2023,17.73,17.88,16.83,16.98,21.14,21.26,19.87,20.31,16.28,22.4,16.13,16.33
09/05/2023,17.29,17.86,17.22,17.71,21.02,21.11,20.35,20.85,16.6,20.62,15.12,17.18
10/05/2023,17.58,18.31,16.36,16.94,19.76,21.1,19.26,19.76,16.31,22.28,16.21,16.6
11/05/2023,16.8,18.19,16.63,16.93,20.35,20.84,18.85,19.4,17.15,25.94,16.08,16.38
12/05/2023,16.83,17.92,16.38,17.03,19.2,20.46,18.49,19.53,15.9,23.78,15.8,16.18
15/05/2023,17.44,18.16,17.08,17.12,20.38,20.71,19.1,19.55,16.32,24.59,15.13,15.87
16/05/2023,17.54,18.3,17.26,17.99,19.93,20.28,19.24,19.84,16.26,26.42,15.48,16.68
17/05/2023,17.96,18.26,16.68,16.87,19.43,19.95,18.35,19.16,16.01,24.25,13.78,15.19
18/05/2023,16.92,17.15,16.05,16.05,19.12,19.56,18.74,19.32,15.4,24.21,14.69,14.82
19/05/2023,16.13,17.36,15.85,16.81,19.25,20.31,19.25,19.68,14.4,26.08,14.3,15.15
22/05/2023,17.45,18.13,16.82,17.21,20.0,20.35,19.36,19.97,14.83,23.97,11.61,15.33
23/05/2023,17.35,19.31,17.3,18.53,20.39,21.57,19.76,20.99,15.89,22.18,15.1,16.46
24/05/2023,18.8,20.81,18.8,20.03,22.1,22.9,21.54,22.4,17.26,27.47,17.11,17.67
25/05/2023,19.54,19.95,18.7,19.14,22.02,22.78,21.3,21.69,14.36,24.58,14.36,16.74
26/05/2023,19.07,19.56,17.27,17.95,21.66,22.62,20.83,22.21,16.0,21.78,15.72,16.82
30/05/2023,17.56,18.34,16.98,17.46,21.89,23.19,21.73,22.42,13.94,24.69,13.92,16.62
31/05/2023,18.04,18.4,17.12,17.94,22.58,22.85,21.13,22.12,16.73,26.63,15.66,16.3
01/06/2023,17.24,17.59,15.58,15.65,21.66,21.8,19.95,20.46,16.1,23.61,12.93,14.88
02/06/2023,15.65,15.65,14.42,14.6,20.2,20.29,19.26,19.29,13.49,23.37,13.49,13.8
05/06/2023,15.28,15.29,14.66,14.73,19.92,20.21,18.98,19.42,14.17,21.52,14.0,14.12
06/06/2023,14.91,14.97,13.95,13.96,18.87,19.64,18.05,18.54,14.3,22.32,13.47,13.64
07/06/2023,14.14,14.29,13.77,13.94,18.58,19.42,18.33,19.21,13.63,17.64,13.32,13.43
08/06/2023,14.14,14.21,13.53,13.65,19.32,19.58,18.14,18.66,13.24,19.49,12.06,13.1
09/06/2023,13.78,14.14,13.5,13.83,18.73,19.12,18.18,18.89,13.17,19.38,12.29,12.96
12/06/2023,14.44,15.02,14.32,15.01,19.61,20.5,19.48,20.46,13.5,28.08,9.39,15.02
13/06/2023,14.99,15.06,14.47,14.61,20.09,20.56,19.37,20.06,14.54,26.05,8.53,14.0
14/06/2023,14.48,14.73,13.83,13.88,20.02,20.69,19.25,19.72,12.31,24.59,6.48,14.91
15/06/2023,14.09,14.52,13.79,14.5,19.95,20.54,19.66,20.28,14.91,21.97,3.1,14.21
16/06/2023,14.49,14.54,13.48,13.54,20.4,20.72,19.25,19.55,13.63,22.31,11.31,13.22
20/06/2023,14.36,14.67,13.86,13.88,20.54,20.63,19.47,19.95,12.62,18.74,10.1,13.05
21/06/2023,13.88,13.89,13.1,13.2,20.0,20.02,18.63,19.29,12.49,22.92,12.08,12.22
22/06/2023,13.88,13.98,12.73,12.91,19.91,20.07,18.36,18.82,11.99,21.04,11.66,11.66
23/06/2023,13.24,13.8,12.88,13.44,19.57,19.86,18.61,19.29,12.03,17.47,9.54,12.14
26/06/2023,14.43,14.71,13.78,14.25,20.6,20.62,13.67,20.37,12.12,22.41,11.14,11.87
27/06/2023,14.11,14.34,13.59,13.74,20.47,20.59,19.65,20.08,11.66,17.14,10.3,11.12
28/06/2023,13.9,13.96,13.36,13.43,20.4,20.42,19.55,20.02,10.7,19.37,10.21,11.75
29/06/2023,13.64,13.85,13.41,13.54,20.13,20.58,19.47,19.98,11.79,18.04,9.82,12.49
30/06/2023,13.51,13.59,12.96,13.59,20.0,20.14,19.0,19.55,10.0,16.55,9.79,10.27
03/07/2023,13.85,13.85,13.47,13.57,20.17,20.17,19.4,19.87,10.8,13.91,9.09,13.46
05/07/2023,14.19,14.74,14.05,14.18,19.87,20.55,19.52,19.91,14.0,15.82,9.2,12.07
06/07/2023,14.85,17.08,14.79,15.44,20.67,21.86,20.44,21.11,12.09,16.81,9.86,11.64
07/07/2023,15.97,16.06,14.33,14.83,20.78,21.12,19.79,20.6,11.89,18.73,9.41,12.28
10/07/2023,16.08,16.21,15.04,15.07,21.15,21.51,20.6,21.08,13.81,14.45,9.96,13.38
11/07/2023,15.02,15.25,14.63,14.84,21.11,21.21,20.41,20.9,13.17,14.37,11.4,13.86
12/07/2023,14.82,14.82,13.51,13.54,20.36,20.44,18.91,19.48,12.41,17.68,9.82,12.7
13/07/2023,13.44,13.61,13.12,13.61,19.36,19.86,18.79,19.78,12.32,18.8,12.07,12.74
14/07/2023,13.72,13.76,13.22,13.34,19.89,20.2,18.87,19.65,12.09,17.34,8.74,12.39
17/07/2023,13.78,14.0,13.43,13.48,20.07,20.23,19.03,19.43,12.67,20.74,9.77,12.84
18/07/2023,13.61,13.67,13.29,13.3,19.27,19.53,18.76,19.29,12.4,18.94,9.06,12.84
19/07/2023,13.32,13.84,13.12,13.76,19.27,19.8,19.06,19.68,12.25,19.75,11.7,11.9
20/07/2023,13.96,14.23,13.58,13.99,20.09,20.73,19.41,20.2,12.36,22.13,9.65,12.54
21/07/2023,13.87,13.89,13.37,13.6,20.19,20.3,18.99,19.61,12.49,12.95,10.54,11.31
24/07/2023,14.29,14.3,13.73,13.91,20.21,20.4,19.47,19.83,12.68,18.87,11.6,12.97
25/07/2023,14.02,14.09,13.82,13.86,20.12,20.15,14.86,19.71,12.9,14.65,9.77,12.57
26/07/2023,13.86,14.16,13.15,13.19,19.87,19.91,18.41,18.99,12.93,14.52,11.34,12.7
27/07/2023,13.14,15.02,12.74,14.41,18.61,20.53,18.15,19.83,11.8,16.59,10.33,12.77
28/07/2023,14.03,14.18,13.27,13.33,19.28,19.57,18.42,18.92,12.16,14.52,10.24,11.86
31/07/2023,13.98,14.09,13.57,13.63,19.2,19.78,18.88,19.32,12.58,13.81,11.99,12.0
01/08/2023,13.75,14.3,13.75,13.93,19.8,19.85,19.02,19.67,12.52,13.59,9.45,12.16
02/08/2023,15.7,16.48,14.95,16.09,20.77,22.55,20.76,22.13,13.53,14.14,10.56,13.71
03/08/2023,16.77,17.42,15.72,15.92,22.66,23.31,21.73,22.08,14.38,16.2,11.67,11.68
04/08/2023,16.01,17.39,14.57,17.1,21.52,22.2,19.98,22.02,13.11,17.0,10.4,13.1
07/08/2023,16.9,17.36,15.77,15.77,21.6,22.14,20.69,20.82,14.03,15.81,12.4,13.74
08/08/2023,16.28,18.14,15.96,15.99,21.54,22.82,20.87,21.07,12.56,15.95,11.75,14.07
09/08/2023,15.81,16.87,15.38,15.96,20.97,22.09,20.8,21.5,13.92,15.55,13.62,14.49
10/08/2023,15.58,16.86,14.6,15.85,20.93,21.62,18.31,21.03,13.28,21.25,12.03,12.72
11/08/2023,15.53,16.51,14.84,14.84,21.66,21.92,20.33,20.45,14.3,14.69,10.44,13.49
14/08/2023,15.88,16.06,14.77,14.82,21.9,21.94,19.74,20.2,13.95,15.05,9.78,12.6
15/08/2023,14.95,16.57,14.91,16.46,20.82,21.52,20.2,21.37,13.44,15.85,10.67,14.34
16/08/2023,16.54,16.93,15.8,16.78,21.34,22.13,20.86,22.08,14.25,22.32,10.99,15.5
17/08/2023,16.96,18.13,16.4,17.89,21.79,23.12,21.63,22.71,14.3,15.42,10.65,15.32
18/08/2023,17.8,18.88,17.14,17.3,23.33,23.54,21.32,22.01,15.97,16.01,14.28,14.44
21/08/2023,18.03,18.11,16.88,17.13,22.54,22.6,21.5,21.89,14.9,15.2,14.09,14.42
22/08/2023,16.96,17.58,16.61,16.97,21.76,22.3,21.61,21.82,14.35,15.54,14.33,14.54
23/08/2023,16.64,17.1,15.91,15.98,21.74,21.8,20.89,21.36,14.18,14.38,11.56,13.48
24/08/2023,15.57,17.32,15.48,17.2,20.85,22.63,20.84,22.58,13.4,14.58,10.89,14.41
25/08/2023,17.21,17.36,15.45,15.68,22.2,22.92,19.19,20.88,14.11,15.54,13.09,13.7
28/08/2023,16.24,16.28,15.0,15.08,21.32,21.47,19.98,20.39,13.41,17.76,12.65,12.65
29/08/2023,15.08,15.3,14.34,14.45,20.52,20.56,15.7,19.33,12.75,13.08,11.74,12.27
30/08/2023,14.53,14.7,13.83,13.88,19.38,19.65,18.36,19.07,12.13,14.87,11.44,11.99
31/08/2023,13.98,14.0,13.44,13.57,19.04,19.22,17.96,18.74,11.54,13.97,11.16,12.15
01/09/2023,13.56,13.56,13.02,13.09,18.53,18.93,17.91,18.41,11.57,12.03,11.37,11.64
05/09/2023,14.15,14.47,13.7,14.01,19.82,19.86,18.61,19.4,12.41,14.79,11.67,12.09
06/09/2023,14.27,15.3,14.13,14.45,19.66,20.36,18.93,19.79,12.49,15.59,12.32,12.94
07/09/2023,14.81,15.69,14.4,14.4,21.03,21.35,19.55,19.95,13.72,14.05,12.17,12.84
08/09/2023,14.22,14.87,13.58,13.84,19.99,19.99,18.9,19.15,12.78,13.37,11.96,11.97
11/09/2023,14.17,14.33,13.74,13.8,19.49,19.57,18.46,18.84,11.46,13.97,7.02,11.99
12/09/2023,14.02,14.42,13.71,14.23,19.21,19.31,18.69,19.21,11.79,13.23,9.32,12.25
13/09/2023,14.42,14.68,13.41,13.48,18.97,18.99,17.94,18.07,11.56,13.35,9.15,11.73
14/09/2023,13.39,13.46,12.79,12.82,18.24,18.3,17.01,17.25,10.92,11.69,6.51,10.37
15/09/2023,12.7,14.17,12.68,13.79,17.56,19.03,17.44,18.69,10.63,13.47,8.49,11.52
18/09/2023,14.4,14.75,13.86,14.0,19.86,19.88,18.43,18.96,11.95,15.86,10.63,11.96
19/09/2023,14.11,14.88,13.86,14.11,19.59,20.11,18.6,19.21,12.18,14.75,11.56,12.27
20/09/2023,14.18,15.15,13.57,15.14,19.29,20.52,18.4,20.46,12.07,17.75,11.77,13.11
21/09/2023,15.49,17.54,15.1,17.54,21.07,22.48,21.07,22.48,13.65,19.9,11.07,14.48
22/09/2023,17.31,17.41,15.93,17.2,21.74,22.02,20.72,22.01,13.91,18.96,12.12,14.14
25/09/2023,17.25,18.41,16.79,16.9,22.72,22.89,21.57,21.65,15.14,16.59,11.58,12.96
26/09/2023,18.03,19.5,17.17,18.94,22.23,23.47,22.09,22.87,14.95,21.92,13.32,15.32
27/09/2023,18.29,19.71,18.03,18.22,22.36,23.54,22.25,22.34,15.11,19.25,13.17,15.29
28/09/2023,18.22,18.77,17.06,17.34,22.95,23.08,21.23,21.53,15.8,18.76,12.09,12.44
29/09/2023,16.87,17.74,15.83,17.52,20.82,21.7,20.18,21.28,13.51,18.32,11.52,15.48
02/10/2023,17.31,18.55,16.93,17.61,22.18,22.31,21.2,21.51,15.28,17.15,12.05,14.45
03/10/2023,17.81,20.48,17.52,19.78,22.42,24.37,22.21,23.77,15.64,20.63,12.75,16.12
04/10/2023,20.72,20.88,18.3,18.58,23.62,23.88,22.51,22.68,16.49,18.44,14.76,15.37
05/10/2023,18.67,19.58,18.26,18.49,22.78,23.9,22.5,22.76,15.79,21.38,11.99,15.02
06/10/2023,18.73,19.93,17.19,17.45,23.35,23.68,21.31,21.41,16.36,24.62,11.15,12.44
09/10/2023,19.54,19.6,17.56,17.7,22.85,23.12,21.75,21.82,15.86,22.7,13.15,14.87
10/10/2023,17.7,17.86,16.51,17.03,21.85,21.88,20.83,21.13,14.79,21.62,10.52,14.02
11/10/2023,16.95,17.78,16.09,16.09,20.67,21.49,20.16,20.16,14.0,23.45,12.78,13.18
12/10/2023,16.08,18.08,15.44,16.69,20.22,22.07,19.54,20.63,13.53,25.84,11.91,13.25
13/10/2023,16.53,20.78,16.5,19.32,20.74,24.26,20.53,22.75,13.9,23.0,11.24,15.07
16/10/2023,19.1,19.57,17.14,17.21,22.53,22.6,20.89,21.39,15.23,26.05,8.29,13.98
17/10/2023,17.41,18.54,16.97,17.88,22.64,23.15,21.42,21.96,15.33,25.69,9.75,14.51
18/10/2023,18.36,20.15,17.88,19.22,22.72,24.15,22.42,23.44,15.33,25.03,11.43,15.19
19/10/2023,19.73,21.4,18.55,21.4,23.12,24.89,22.34,24.74,17.57,27.77,14.02,16.7
20/10/2023,21.59,21.83,20.42,21.71,24.54,25.42,23.86,25.31,17.23,24.49,12.49,16.55
23/10/2023,21.83,23.08,19.48,20.37,25.46,25.89,23.26,23.97,17.71,26.17,14.22,16.26
24/10/2023,20.03,20.24,18.65,18.97,23.48,23.68,20.72,22.34,16.18,25.63,13.52,16.15
25/10/2023,19.39,21.24,18.86,20.19,22.71,24.84,22.71,24.34,15.6,24.64,13.34,15.88
26/10/2023,21.78,21.96,20.22,20.68,24.72,26.1,24.51,24.85,17.08,26.1,15.42,16.97
27/10/2023,20.39,22.07,19.72,21.27,24.25,25.14,23.55,24.44,17.0,24.5,14.84,17.12
30/10/2023,21.13,21.16,19.55,19.75,24.38,24.57,23.33,23.61,17.11,24.96,15.42,16.17
31/10/2023,19.86,19.86,17.97,18.14,23.65,24.05,22.23,22.46,16.35,26.14,14.65,14.79
01/11/2023,18.02,18.42,16.63,16.87,22.24,22.3,20.43,20.68,14.98,27.67,13.51,13.6
02/11/2023,16.59,16.62,15.58,15.66,20.07,20.11,19.16,19.54,13.73,18.8,12.8,13.57
03/11/2023,15.7,15.83,14.91,14.91,19.15,19.21,18.32,18.62,13.75,21.07,12.58,12.58
06/11/2023,15.39,15.58,14.84,14.89,19.33,19.4,18.55,18.65,13.33,18.53,12.25,12.25
07/11/2023,15.1,15.17,14.71,14.81,18.66,18.98,18.06,18.45,13.11,18.69,11.97,11.99
08/11/2023,14.91,15.09,14.3,14.45,18.46,18.92,17.74,18.16,12.6,17.95,11.78,11.78
09/11/2023,14.61,15.57,14.13,15.29,18.19,19.26,18.02,19.01,12.49,25.37,12.37,12.37
10/11/2023,15.09,15.45,14.16,14.17,18.77,18.84,17.55,17.95,12.81,23.42,11.33,11.41
13/11/2023,15.16,15.19,14.58,14.76,19.13,19.18,18.17,18.82,13.04,27.4,10.63,11.88
14/11/2023,14.83,14.86,13.91,14.16,18.15,18.2,17.27,17.89,11.57,16.59,8.08,10.75
15/11/2023,14.21,14.35,13.97,14.18,17.95,18.24,17.06,18.09,11.67,18.25,9.78,10.9
16/11/2023,14.12,14.42,13.68,14.32,18.01,18.31,17.05,17.83,11.66,18.67,10.52,11.55
17/11/2023,14.18,14.19,13.67,13.8,17.85,17.87,16.89,17.41,11.31,20.53,11.06,11.38
20/11/2023,14.26,14.31,13.39,13.41,17.8,17.8,16.64,17.14,11.9,18.56,10.97,11.15
21/11/2023,13.45,14.31,13.13,13.35,17.43,17.56,16.76,17.55,11.68,22.89,10.17,11.37
22/11/2023,13.08,13.25,12.82,12.85,16.91,17.14,16.12,16.66,11.24,18.78,9.53,10.93
24/11/2023,13.03,13.17,12.45,12.46,17.03,17.05,16.12,16.12,11.33,14.6,9.08,10.56
27/11/2023,13.14,13.28,12.64,12.69,16.77,16.9,15.9,16.44,11.38,15.9,8.54,11.05
28/11/2023,12.78,14.3,12.56,12.69,16.52,16.6,15.67,16.15,11.51,17.48,8.62,10.84
29/11/2023,12.71,13.1,12.48,12.98,16.14,16.58,15.58,16.52,11.04,16.45,10.12,10.45
30/11/2023,13.07,13.39,12.82,12.92,16.64,17.0,16.1,16.72,11.01,17.4,9.1,15.24
01/12/2023,12.94,12.96,12.48,12.63,16.93,16.97,15.88,16.21,15.24,15.24,10.69,11.88
04/12/2023,13.28,13.7,12.98,13.08,17.1,17.63,16.71,17.21,11.88,12.99,11.44,12.99
05/12/2023,13.26,13.76,12.81,12.85,17.36,17.53,16.75,16.99,12.99,18.18,12.99,13.9
06/12/2023,12.78,13.03,12.64,12.97,16.98,17.18,16.49,17.03,13.9,13.9,10.57,10.57
07/12/2023,13.17,13.28,12.95,13.06,17.14,17.38,16.77,17.08,10.57,10.57,10.57,10.57
08/12/2023,13.14,13.24,12.35,12.35,16.83,16.93,15.69,15.94,10.57,13.92,10.57,13.54
11/12/2023,13.05,13.14,12.61,12.63,16.8,16.83,13.56,16.27,13.54,13.54,13.54,13.54
12/12/2023,12.69,12.74,11.81,12.07,16.29,16.34,15.09,15.38,13.54,13.54,13.54,13.54
13/12/2023,12.2,12.46,11.82,12.19,15.67,15.87,14.17,15.35,13.54,13.54,13.54,13.54
14/12/2023,11.96,12.74,11.84,12.48,15.28,15.8,14.89,15.42,13.54,13.54,13.54,13.54
15/12/2023,12.12,12.54,12.01,12.28,15.32,15.82,14.61,15.47,10.28,26.05,4.59,10.61
18/12/2023,12.62,12.64,12.4,12.56,15.89,16.02,15.05,15.87,10.85,31.86,8.76,11.34
19/12/2023,12.6,12.6,12.33,12.53,15.67,15.88,15.05,15.8,11.25,28.31,10.63,11.53
20/12/2023,12.63,13.93,12.29,13.67,15.84,17.16,15.66,16.98,11.52,28.31,11.11,12.24
21/12/2023,13.4,14.49,13.34,13.65,16.71,17.87,16.44,17.18,12.02,22.29,12.02,12.13
22/12/2023,13.72,13.96,13.0,13.03,17.14,17.29,16.25,16.62,12.62,30.0,11.92,11.94
26/12/2023,13.77,13.8,12.96,12.99,17.56,17.59,16.6,17.0,13.01,21.85,11.91,11.91
27/12/2023,13.02,13.04,12.37,12.43,16.92,16.95,16.02,16.22,13.05,21.45,10.45,10.46
28/12/2023,12.44,12.65,12.38,12.47,16.34,16.52,15.89,16.36,11.89,25.05,11.53,18.26
29/12/2023,12.55,13.19,12.36,12.45,16.5,16.87,15.81,16.2,11.93,23.43,10.87,11.71
02/01/2024,13.22,14.23,13.1,13.2,17.62,18.36,17.25,17.59,12.87,23.45,10.9,12.18
03/01/2024,13.35,14.22,13.33,14.04,18.16,18.47,17.4,18.02,13.14,22.3,10.43,11.52
04/01/2024,13.93,14.2,13.64,14.13,18.23,18.25,17.47,17.89,12.97,25.58,9.72,14.76
05/01/2024,14.24,14.58,13.29,13.35,17.51,17.53,17.0,17.13,12.48,22.78,9.48,11.76
08/01/2024,14.0,14.18,13.02,13.08,17.6,17.71,16.81,16.86,12.7,21.21,11.12,11.79
09/01/2024,13.2,13.45,12.74,12.76,17.17,17.23,16.52,16.55,12.45,21.36,10.09,11.79
10/01/2024,12.86,12.95,12.67,12.69,16.65,16.68,16.32,16.6,11.86,20.07,10.57,11.53
11/01/2024,12.64,13.31,12.35,12.44,16.52,17.19,16.22,16.4,13.59,21.53,9.25,10.91
12/01/2024,12.66,13.08,12.47,12.7,16.62,16.93,16.14,16.54,11.18,20.85,11.18,19.09
16/01/2024,14.12,14.35,13.52,13.84,17.87,18.33,17.41,17.87,12.16,20.19,10.62,11.86
17/01/2024,14.59,15.4,14.38,14.79,18.93,19.41,18.21,18.7,13.07,24.05,11.59,12.13
18/01/2024,14.85,14.89,13.89,14.13,18.22,18.44,17.56,17.95,12.64,25.46,11.74,11.78
19/01/2024,13.8,14.58,13.28,13.3,17.82,18.01,17.18,17.4,12.15,25.85,11.39,11.39
22/01/2024,13.77,13.84,13.17,13.19,18.05,18.13,16.98,17.2,13.48,24.57,11.81,11.98
23/01/2024,13.2,13.29,12.53,12.55,17.27,17.37,16.23,16.55,11.92,23.82,10.84,11.01
24/01/2024,12.66,13.18,12.41,13.14,16.39,17.0,16.09,16.96,11.38,25.44,10.99,11.29
25/01/2024,13.18,13.58,13.06,13.45,17.11,17.42,15.86,17.26,12.09,23.66,10.96,11.27
26/01/2024,13.73,14.1,13.2,13.26,17.53,17.55,16.78,17.03,11.94,27.84,11.48,11.88
29/01/2024,13.98,15.35,13.59,13.6,17.73,17.74,17.16,17.39,12.34,26.8,11.82,12.17
30/01/2024,13.69,13.74,13.23,13.31,17.53,17.93,11.34,17.57,12.2,24.56,10.95,12.03
31/01/2024,13.42,14.61,13.18,14.35,17.58,18.41,17.39,18.25,12.1,28.09,12.08,12.61
01/02/2024,14.21,14.63,13.87,13.88,18.19,18.24,11.2,11.2,12.6,28.68,11.36,11.36
02/02/2024,13.95,14.23,13.39,13.85,17.67,17.8,17.11,17.22,12.46,23.98,11.07,12.06
05/02/2024,14.37,14.53,13.58,13.67,17.85,18.03,17.24,17.57,12.39,27.44,11.82,12.04
06/02/2024,13.57,13.78,12.98,13.06,17.61,17.87,17.04,17.31,11.92,27.32,10.86,11.87
07/02/2024,13.06,13.13,12.81,12.83,17.29,17.34,16.93,16.94,11.82,28.99,10.62,11.64
08/02/2024,12.95,13.17,12.74,12.79,17.29,17.3,11.83,16.96,11.74,28.67,11.43,11.51
09/02/2024,12.79,13.01,12.69,12.93,17.15,17.15,16.7,16.86,11.65,26.37,11.38,11.44
12/02/2024,13.48,13.94,13.34,13.93,17.59,18.97,17.46,18.09,11.44,11.44,11.44,11.44
13/02/2024,13.96,17.94,13.43,15.85,18.97,20.59,18.71,19.49,11.44,11.44,11.44,11.44
14/02/2024,15.38,15.47,14.22,14.38,18.84,19.13,18.1,18.26,11.44,11.44,11.44,11.44
15/02/2024,14.27,14.64,13.94,14.01,18.25,18.57,17.57,17.85,11.44,11.44,11.44,11.44
16/02/2024,13.94,14.71,13.75,14.24,18.19,18.64,17.9,18.6,11.44,11.44,11.44,11.44
20/02/2024,15.09,15.91,15.07,15.42,19.52,20.25,19.41,19.78,14.7,29.86,12.61,13.85
21/02/2024,15.54,16.12,15.22,15.34,20.15,20.21,19.53,19.6,15.01,28.91,11.23,13.54
22/02/2024,14.28,14.64,14.12,14.54,18.37,18.52,18.1,18.39,23.48,28.05,11.3,13.45
23/02/2024,14.31,14.31,13.64,13.75,18.27,18.41,17.7,17.7,12.46,26.37,9.88,11.62
26/02/2024,14.17,14.2,13.66,13.74,18.21,18.29,17.7,17.83,13.56,25.97,12.06,12.08
27/02/2024,13.63,13.75,13.41,13.43,17.85,18.01,17.24,17.58,12.93,27.75,11.69,11.69
28/02/2024,13.52,13.9,13.44,13.84,17.82,17.88,17.5,17.86,14.21,24.69,10.48,14.24
29/02/2024,14.14,14.15,13.3,13.4,17.48,17.8,16.13,17.21,15.65,26.99,9.28,11.73
01/03/2024,13.34,13.66,13.08,13.11,17.21,17.46,16.96,17.2,10.56,23.14,10.56,11.35
04/03/2024,13.49,13.58,13.32,13.49,17.62,17.64,17.32,17.6,15.74,24.38,10.16,11.77
05/03/2024,13.75,15.1,13.75,14.46,18.06,19.02,17.97,18.46,12.3,24.21,9.75,15.84
06/03/2024,14.27,14.93,13.89,14.5,17.99,18.72,17.98,18.54,11.92,24.49,8.67,14.94
07/03/2024,14.98,14.98,14.25,14.44,18.38,18.82,18.35,18.61,14.81,25.8,12.13,14.89
08/03/2024,14.22,15.53,13.97,14.74,18.39,19.64,18.23,19.04,12.13,25.85,9.59,12.34
11/03/2024,15.51,16.04,15.13,15.22,20.05,20.31,19.34,19.37,17.12,31.7,9.3,12.3
12/03/2024,14.97,15.2,13.81,13.84,18.9,19.18,7.12,18.13,13.29,28.71,5.82,11.99
13/03/2024,13.89,14.04,13.67,13.75,18.33,18.41,17.76,17.91,11.22,23.78,7.64,11.15
14/03/2024,13.62,15.33,13.42,14.4,17.93,18.94,17.93,18.61,10.85,25.45,9.03,11.0
15/03/2024,14.33,15.53,14.14,14.41,19.06,19.99,18.8,19.25,16.44,27.2,10.29,11.08
18/03/2024,14.75,14.85,14.26,14.33,19.64,19.85,19.23,19.4,12.23,22.95,9.91,11.62
19/03/2024,14.5,14.86,13.8,13.82,19.65,19.77,18.73,18.78,11.13,23.71,8.82,11.23
20/03/2024,13.83,14.17,13.01,13.04,19.1,19.16,15.36,17.55,11.57,24.42,9.96,10.81
21/03/2024,12.98,13.08,12.4,12.92,17.23,17.63,16.6,17.38,14.27,22.93,10.06,22.91
22/03/2024,12.92,13.15,12.58,13.06,17.47,17.48,16.85,17.04,12.39,23.55,10.54,10.91
25/03/2024,13.67,13.67,13.11,13.19,17.65,17.67,17.1,17.23,14.38,17.4,10.21,12.53
26/03/2024,13.12,13.43,12.84,13.24,17.33,17.33,16.78,17.1,11.55,27.23,10.33,11.29
27/03/2024,13.13,13.34,12.66,12.78,17.0,17.4,16.6,16.61,11.22,16.97,9.64,10.66
28/03/2024,12.93,13.1,12.84,13.01,16.79,16.89,16.49,16.66,11.28,21.46,10.52,11.17
01/04/2024,13.61,14.15,13.55,13.65,17.59,18.05,17.44,17.56,12.0,18.73,9.35,14.85
02/04/2024,13.74,15.43,13.68,14.61,18.49,18.98,18.06,18.18,12.93,21.12,10.19,12.57
03/04/2024,15.0,15.18,14.25,14.33,18.76,18.78,17.93,18.04,12.83,24.33,10.04,12.57
04/04/2024,14.29,16.92,13.74,16.35,17.74,20.1,17.62,19.95,12.49,24.67,10.83,13.4
05/04/2024,16.45,16.75,15.53,16.03,19.59,19.8,16.34,19.23,14.16,20.85,12.47,13.19
08/04/2024,16.24,16.5,15.11,15.19,19.45,19.76,18.77,18.77,15.71,22.5,8.8,13.84
09/04/2024,15.34,16.63,14.94,14.98,18.76,19.89,18.56,18.56,13.83,31.84,13.43,13.82
10/04/2024,15.24,16.62,14.59,15.8,19.25,19.5,17.24,18.99,14.23,16.32,13.64,14.53
11/04/2024,16.02,17.61,14.91,14.91,19.24,19.77,18.4,18.4,14.21,33.97,13.6,14.17
12/04/2024,14.91,19.2,14.91,17.31,19.78,21.63,19.34,20.39,21.68,21.99,14.86,15.93
15/04/2024,16.94,19.46,16.26,19.23,20.25,22.86,20.02,22.84,19.62,24.46,13.64,17.27
16/04/2024,19.49,19.56,17.64,18.4,22.89,23.21,21.39,22.01,16.95,36.88,10.97,16.09
17/04/2024,18.24,19.11,17.54,18.21,21.86,22.82,21.4,22.21,15.75,29.53,13.98,15.89
18/04/2024,17.91,18.37,17.21,18.0,21.73,22.36,20.89,21.64,15.6,16.79,14.76,15.45
19/04/2024,21.33,21.36,18.17,18.71,22.57,23.34,21.78,22.95,15.86,27.85,14.83,15.74
22/04/2024,18.59,18.72,16.69,16.94,22.24,22.33,20.9,21.11,15.35,29.01,14.24,14.45
23/04/2024,16.72,16.76,15.69,15.69,20.92,20.92,19.78,19.84,14.14,23.57,12.76,13.5
24/04/2024,15.76,16.38,15.58,15.97,20.27,20.66,20.07,20.43,13.55,22.23,13.17,13.62
25/04/2024,16.25,17.55,15.27,15.37,21.14,21.61,20.28,20.37,14.47,27.14,10.74,10.74
26/04/2024,15.49,16.06,14.92,15.03,19.95,20.01,19.19,19.33,13.19,32.32,11.68,13.01
29/04/2024,15.37,15.42,14.63,14.67,19.29,19.8,19.22,19.22,13.19,15.13,12.23,13.08
30/04/2024,14.82,15.9,14.67,15.65,19.46,20.23,18.43,18.43,13.23,16.75,12.99,13.56
01/05/2024,15.75,16.22,14.35,15.39,20.15,20.23,15.01,19.43,14.18,23.85,12.93,13.84
02/05/2024,15.14,16.09,14.6,14.68,19.27,20.01,18.63,18.73,13.49,32.41,12.37,12.8
03/05/2024,14.51,14.58,13.48,13.49,17.95,18.03,17.39,17.4,11.92,28.52,11.89,12.11
06/05/2024,13.98,14.02,13.44,13.49,17.85,17.89,17.4,17.42,12.24,13.2,11.02,12.19
07/05/2024,13.52,13.64,13.16,13.23,17.43,17.52,16.91,16.91,12.13,26.37,11.76,11.84
08/05/2024,13.24,13.51,12.94,13.0,17.28,17.29,16.69,16.8,12.55,18.89,10.84,11.76
09/05/2024,13.08,13.29,12.68,12.69,16.85,17.0,16.61,16.67,11.82,17.68,11.54,11.7
10/05/2024,12.77,12.96,12.5,12.55,16.8,16.88,16.38,16.46,11.68,12.67,11.29,11.66
13/05/2024,13.26,13.66,13.25,13.6,17.3,17.55,17.3,17.4,11.94,13.58,4.48,12.29
14/05/2024,13.71,14.03,13.27,13.42,17.57,17.64,16.96,17.29,11.79,19.79,5.89,12.21
15/05/2024,13.73,13.94,12.38,12.45,16.79,16.83,16.06,16.34,10.8,12.09,3.74,10.15
16/05/2024,12.52,12.67,12.33,12.42,16.33,16.44,15.9,16.26,10.23,16.56,5.35,10.17
17/05/2024,12.28,12.48,11.91,11.99,16.3,16.32,15.77,15.85,10.06,16.46,9.36,10.82
20/05/2024,12.27,12.59,12.07,12.15,16.27,16.32,15.92,15.92,10.34,21.39,8.31,9.64
21/05/2024,12.3,12.56,11.84,11.86,16.13,16.13,15.48,15.51,10.51,18.21,9.68,9.68
22/05/2024,12.05,12.81,11.78,12.29,15.87,16.69,15.21,16.4,9.82,17.83,8.43,8.67
23/05/2024,11.53,13.37,11.52,12.77,15.13,17.03,14.67,16.46,9.95,21.31,9.37,9.37
24/05/2024,12.86,12.89,11.89,11.93,16.22,16.28,15.48,15.66,10.99,18.88,10.41,10.9
28/05/2024,12.51,13.44,12.36,12.92,16.32,17.1,15.93,16.57,12.12,19.99,10.74,10.75
29/05/2024,13.75,14.32,13.69,14.28,17.61,17.81,16.86,17.49,12.45,28.33,12.35,12.81
30/05/2024,14.82,14.88,13.67,14.47,17.51,18.06,16.59,17.77,12.92,29.49,12.19,13.1
31/05/2024,14.5,14.87,12.84,12.92,17.31,18.59,16.1,16.7,12.76,15.3,10.5,11.57
